mass_MeV,substrate,kind,closure,n1,n2,n3,n4,n5,tube_dim,sigma_eff
7.797748e-09,"Ma(d1,d5)",2D,closed,-2,0,0,0,-1,d5,2.0000
7.797748e-09,"Ma(d2,d5)",2D,closed,0,-2,0,0,-1,d5,2.0000
7.797748e-09,"Ma(d3,d5)",2D,closed,0,0,-2,0,-1,d5,2.0000
7.797748e-09,Ma(d5),1D,closed,0,0,0,0,-1,,
7.797748e-09,Ma(d5),1D,closed,0,0,0,0,1,,
7.797748e-09,"Ma(d3,d5)",2D,closed,0,0,2,0,1,d5,2.0000
7.797748e-09,"Ma(d2,d5)",2D,closed,0,2,0,0,1,d5,2.0000
7.797748e-09,"Ma(d1,d5)",2D,closed,2,0,0,0,1,d5,2.0000
1.559550e-08,"Ma(d1,d5)",2D,closed,-4,0,0,0,-2,d5,2.0000
1.559550e-08,"Ma(d2,d5)",2D,closed,0,-4,0,0,-2,d5,2.0000
1.559550e-08,"Ma(d3,d5)",2D,closed,0,0,-4,0,-2,d5,2.0000
1.559550e-08,Ma(d5),1D,closed,0,0,0,0,-2,,
1.559550e-08,Ma(d5),1D,closed,0,0,0,0,2,,
1.559550e-08,"Ma(d3,d5)",2D,closed,0,0,4,0,2,d5,2.0000
1.559550e-08,"Ma(d2,d5)",2D,closed,0,4,0,0,2,d5,2.0000
1.559550e-08,"Ma(d1,d5)",2D,closed,4,0,0,0,2,d5,2.0000
2.339324e-08,"Ma(d1,d5)",2D,closed,-6,0,0,0,-3,d5,2.0000
2.339324e-08,"Ma(d2,d5)",2D,closed,0,-6,0,0,-3,d5,2.0000
2.339324e-08,"Ma(d3,d5)",2D,closed,0,0,-6,0,-3,d5,2.0000
2.339324e-08,Ma(d5),1D,closed,0,0,0,0,-3,,
2.339324e-08,Ma(d5),1D,closed,0,0,0,0,3,,
2.339324e-08,"Ma(d3,d5)",2D,closed,0,0,6,0,3,d5,2.0000
2.339324e-08,"Ma(d2,d5)",2D,closed,0,6,0,0,3,d5,2.0000
2.339324e-08,"Ma(d1,d5)",2D,closed,6,0,0,0,3,d5,2.0000
3.002012e-08,"Ma(d4,d5)",2D,closed,0,0,0,-1,-1,d5,0.0507
3.002012e-08,"Ma(d4,d5)",2D,closed,0,0,0,1,1,d5,0.0507
3.053798e-08,"Ma(d2,d4)",2D,closed,0,-2,0,-1,0,d4,2.0000
3.053798e-08,Ma(d4),1D,closed,0,0,0,-1,0,,
3.053798e-08,Ma(d4),1D,closed,0,0,0,1,0,,
3.053798e-08,"Ma(d2,d4)",2D,closed,0,2,0,1,0,d4,2.0000
3.119099e-08,"Ma(d1,d5)",2D,closed,-8,0,0,0,-4,d5,2.0000
3.119099e-08,"Ma(d2,d5)",2D,closed,0,-8,0,0,-4,d5,2.0000
3.119099e-08,"Ma(d3,d5)",2D,closed,0,0,-8,0,-4,d5,2.0000
3.119099e-08,Ma(d5),1D,closed,0,0,0,0,-4,,
3.119099e-08,Ma(d5),1D,closed,0,0,0,0,4,,
3.119099e-08,"Ma(d3,d5)",2D,closed,0,0,8,0,4,d5,2.0000
3.119099e-08,"Ma(d2,d5)",2D,closed,0,8,0,0,4,d5,2.0000
3.119099e-08,"Ma(d1,d5)",2D,closed,8,0,0,0,4,d5,2.0000
3.142235e-08,"Ma(d4,d5)",2D,closed,0,0,0,-1,-1,d4,0.0507
3.142235e-08,"Ma(d4,d5)",2D,closed,0,0,0,1,1,d4,0.0507
3.161795e-08,"Ma(d4,d5)",2D,closed,0,0,0,-1,1,d4,0.0507
3.161795e-08,"Ma(d4,d5)",2D,closed,0,0,0,1,-1,d4,0.0507
3.302019e-08,"Ma(d4,d5)",2D,closed,0,0,0,-1,1,d5,0.0507
3.302019e-08,"Ma(d4,d5)",2D,closed,0,0,0,1,-1,d5,0.0507
3.411177e-08,"Ma(d4,d5)",2D,closed,0,0,0,-1,-2,d4,0.0507
3.411177e-08,"Ma(d4,d5)",2D,closed,0,0,0,1,2,d4,0.0507
3.447137e-08,"Ma(d4,d5)",2D,closed,0,0,0,-1,2,d4,0.0507
3.447137e-08,"Ma(d4,d5)",2D,closed,0,0,0,1,-2,d4,0.0507
3.822920e-08,"Ma(d4,d5)",2D,closed,0,0,0,-1,-3,d4,0.0507
3.822920e-08,"Ma(d4,d5)",2D,closed,0,0,0,1,3,d4,0.0507
3.871002e-08,"Ma(d4,d5)",2D,closed,0,0,0,-1,3,d4,0.0507
3.871002e-08,"Ma(d4,d5)",2D,closed,0,0,0,1,-3,d4,0.0507
3.898874e-08,"Ma(d1,d5)",2D,closed,-10,0,0,0,-5,d5,2.0000
3.898874e-08,"Ma(d2,d5)",2D,closed,0,-10,0,0,-5,d5,2.0000
3.898874e-08,"Ma(d3,d5)",2D,closed,0,0,-10,0,-5,d5,2.0000
3.898874e-08,"Ma(d3,d5)",2D,closed,0,0,10,0,5,d5,2.0000
3.898874e-08,"Ma(d2,d5)",2D,closed,0,10,0,0,5,d5,2.0000
3.898874e-08,"Ma(d1,d5)",2D,closed,10,0,0,0,5,d5,2.0000
3.898874e-08,Ma(d5),1D,closed,0,0,0,0,-5,,
3.898874e-08,Ma(d5),1D,closed,0,0,0,0,5,,
4.336981e-08,"Ma(d4,d5)",2D,closed,0,0,0,-1,-4,d4,0.0507
4.336981e-08,"Ma(d4,d5)",2D,closed,0,0,0,1,4,d4,0.0507
4.393478e-08,"Ma(d4,d5)",2D,closed,0,0,0,-1,4,d4,0.0507
4.393478e-08,"Ma(d4,d5)",2D,closed,0,0,0,1,-4,d4,0.0507
4.678649e-08,"Ma(d1,d5)",2D,closed,-12,0,0,0,-6,d5,2.0000
4.678649e-08,"Ma(d2,d5)",2D,closed,0,-12,0,0,-6,d5,2.0000
4.678649e-08,"Ma(d3,d5)",2D,closed,0,0,-12,0,-6,d5,2.0000
4.678649e-08,Ma(d5),1D,closed,0,0,0,0,-6,,
4.678649e-08,Ma(d5),1D,closed,0,0,0,0,6,,
4.678649e-08,"Ma(d3,d5)",2D,closed,0,0,12,0,6,d5,2.0000
4.678649e-08,"Ma(d2,d5)",2D,closed,0,12,0,0,6,d5,2.0000
4.678649e-08,"Ma(d1,d5)",2D,closed,12,0,0,0,6,d5,2.0000
4.921401e-08,"Ma(d4,d5)",2D,closed,0,0,0,-1,-5,d4,0.0507
4.921401e-08,"Ma(d4,d5)",2D,closed,0,0,0,1,5,d4,0.0507
4.983648e-08,"Ma(d4,d5)",2D,closed,0,0,0,-1,5,d4,0.0507
4.983648e-08,"Ma(d4,d5)",2D,closed,0,0,0,1,-5,d4,0.0507
5.458424e-08,"Ma(d1,d5)",2D,closed,-14,0,0,0,-7,d5,2.0000
5.458424e-08,"Ma(d2,d5)",2D,closed,0,-14,0,0,-7,d5,2.0000
5.458424e-08,"Ma(d3,d5)",2D,closed,0,0,-14,0,-7,d5,2.0000
5.458424e-08,"Ma(d3,d5)",2D,closed,0,0,14,0,7,d5,2.0000
5.458424e-08,"Ma(d2,d5)",2D,closed,0,14,0,0,7,d5,2.0000
5.458424e-08,"Ma(d1,d5)",2D,closed,14,0,0,0,7,d5,2.0000
5.458424e-08,Ma(d5),1D,closed,0,0,0,0,-7,,
5.458424e-08,Ma(d5),1D,closed,0,0,0,0,7,,
5.554013e-08,"Ma(d4,d5)",2D,closed,0,0,0,-1,-6,d4,0.0507
5.554013e-08,"Ma(d4,d5)",2D,closed,0,0,0,1,6,d4,0.0507
5.620226e-08,"Ma(d4,d5)",2D,closed,0,0,0,-1,6,d4,0.0507
5.620226e-08,"Ma(d4,d5)",2D,closed,0,0,0,1,-6,d4,0.0507
6.003624e-08,"Ma(d4,d5)",2D,closed,0,0,0,-2,-1,d5,0.0507
6.003624e-08,"Ma(d4,d5)",2D,closed,0,0,0,2,1,d5,0.0507
6.004025e-08,"Ma(d4,d5)",2D,closed,0,0,0,-2,-2,d5,0.0507
6.004025e-08,"Ma(d4,d5)",2D,closed,0,0,0,2,2,d5,0.0507
6.107596e-08,"Ma(d2,d4)",2D,closed,0,-4,0,-2,0,d4,2.0000
6.107596e-08,Ma(d4),1D,closed,0,0,0,-2,0,,
6.107596e-08,Ma(d4),1D,closed,0,0,0,2,0,,
6.107596e-08,"Ma(d2,d4)",2D,closed,0,4,0,2,0,d4,2.0000
6.220132e-08,"Ma(d4,d5)",2D,closed,0,0,0,-1,-7,d4,0.0507
6.220132e-08,"Ma(d4,d5)",2D,closed,0,0,0,1,7,d4,0.0507
6.238199e-08,"Ma(d1,d5)",2D,closed,-16,0,0,0,-8,d5,2.0000
6.238199e-08,"Ma(d2,d5)",2D,closed,0,-16,0,0,-8,d5,2.0000
6.238199e-08,"Ma(d3,d5)",2D,closed,0,0,-16,0,-8,d5,2.0000
6.238199e-08,Ma(d5),1D,closed,0,0,0,0,-8,,
6.238199e-08,Ma(d5),1D,closed,0,0,0,0,8,,
6.238199e-08,"Ma(d3,d5)",2D,closed,0,0,16,0,8,d5,2.0000
6.238199e-08,"Ma(d2,d5)",2D,closed,0,16,0,0,8,d5,2.0000
6.238199e-08,"Ma(d1,d5)",2D,closed,16,0,0,0,8,d5,2.0000
6.284469e-08,"Ma(d4,d5)",2D,closed,0,0,0,-2,-2,d4,0.0507
6.284469e-08,"Ma(d4,d5)",2D,closed,0,0,0,2,2,d4,0.0507
6.289136e-08,"Ma(d4,d5)",2D,closed,0,0,0,-1,7,d4,0.0507
6.289136e-08,"Ma(d4,d5)",2D,closed,0,0,0,1,-7,d4,0.0507
6.310784e-08,"Ma(d4,d5)",2D,closed,0,0,0,-2,1,d5,0.0507
6.310784e-08,"Ma(d4,d5)",2D,closed,0,0,0,2,-1,d5,0.0507
6.323591e-08,"Ma(d4,d5)",2D,closed,0,0,0,-2,2,d4,0.0507
6.323591e-08,"Ma(d4,d5)",2D,closed,0,0,0,2,-2,d4,0.0507
6.604037e-08,"Ma(d4,d5)",2D,closed,0,0,0,-2,2,d5,0.0507
6.604037e-08,"Ma(d4,d5)",2D,closed,0,0,0,2,-2,d5,0.0507
6.822354e-08,"Ma(d4,d5)",2D,closed,0,0,0,-2,-4,d4,0.0507
6.822354e-08,"Ma(d4,d5)",2D,closed,0,0,0,2,4,d4,0.0507
6.894274e-08,"Ma(d4,d5)",2D,closed,0,0,0,-2,4,d4,0.0507
6.894274e-08,"Ma(d4,d5)",2D,closed,0,0,0,2,-4,d4,0.0507
6.910074e-08,"Ma(d4,d5)",2D,closed,0,0,0,-1,-8,d4,0.0507
6.910074e-08,"Ma(d4,d5)",2D,closed,0,0,0,1,8,d4,0.0507
6.981090e-08,"Ma(d4,d5)",2D,closed,0,0,0,-1,8,d4,0.0507
6.981090e-08,"Ma(d4,d5)",2D,closed,0,0,0,1,-8,d4,0.0507
7.017973e-08,"Ma(d1,d5)",2D,closed,-18,0,0,0,-9,d5,2.0000
7.017973e-08,"Ma(d2,d5)",2D,closed,0,-18,0,0,-9,d5,2.0000
7.017973e-08,"Ma(d3,d5)",2D,closed,0,0,-18,0,-9,d5,2.0000
7.017973e-08,Ma(d5),1D,closed,0,0,0,0,-9,,
7.017973e-08,Ma(d5),1D,closed,0,0,0,0,9,,
7.017973e-08,"Ma(d3,d5)",2D,closed,0,0,18,0,9,d5,2.0000
7.017973e-08,"Ma(d2,d5)",2D,closed,0,18,0,0,9,d5,2.0000
7.017973e-08,"Ma(d1,d5)",2D,closed,18,0,0,0,9,d5,2.0000
7.617368e-08,"Ma(d4,d5)",2D,closed,0,0,0,-1,-9,d4,0.0507
7.617368e-08,"Ma(d4,d5)",2D,closed,0,0,0,1,9,d4,0.0507
7.645840e-08,"Ma(d4,d5)",2D,closed,0,0,0,-2,-6,d4,0.0507
7.645840e-08,"Ma(d4,d5)",2D,closed,0,0,0,2,6,d4,0.0507
7.689870e-08,"Ma(d4,d5)",2D,closed,0,0,0,-1,9,d4,0.0507
7.689870e-08,"Ma(d4,d5)",2D,closed,0,0,0,1,-9,d4,0.0507
7.742003e-08,"Ma(d4,d5)",2D,closed,0,0,0,-2,6,d4,0.0507
7.742003e-08,"Ma(d4,d5)",2D,closed,0,0,0,2,-6,d4,0.0507
7.797748e-08,"Ma(d1,d5)",2D,closed,-20,0,0,0,-10,d5,2.0000
7.797748e-08,"Ma(d2,d5)",2D,closed,0,-20,0,0,-10,d5,2.0000
7.797748e-08,"Ma(d3,d5)",2D,closed,0,0,-20,0,-10,d5,2.0000
7.797748e-08,"Ma(d3,d5)",2D,closed,0,0,20,0,10,d5,2.0000
7.797748e-08,"Ma(d2,d5)",2D,closed,0,20,0,0,10,d5,2.0000
7.797748e-08,"Ma(d1,d5)",2D,closed,20,0,0,0,10,d5,2.0000
7.797748e-08,Ma(d5),1D,closed,0,0,0,0,-10,,
7.797748e-08,Ma(d5),1D,closed,0,0,0,0,10,,
8.337599e-08,"Ma(d4,d5)",2D,closed,0,0,0,-1,-10,d4,0.0507
8.337599e-08,"Ma(d4,d5)",2D,closed,0,0,0,1,10,d4,0.0507
8.411224e-08,"Ma(d4,d5)",2D,closed,0,0,0,-1,10,d4,0.0507
8.411224e-08,"Ma(d4,d5)",2D,closed,0,0,0,1,-10,d4,0.0507
8.577523e-08,Ma(d5),1D,closed,0,0,0,0,-11,,
8.577523e-08,Ma(d5),1D,closed,0,0,0,0,11,,
8.673961e-08,"Ma(d4,d5)",2D,closed,0,0,0,-2,-8,d4,0.0507
8.673961e-08,"Ma(d4,d5)",2D,closed,0,0,0,2,8,d4,0.0507
8.786956e-08,"Ma(d4,d5)",2D,closed,0,0,0,-2,8,d4,0.0507
8.786956e-08,"Ma(d4,d5)",2D,closed,0,0,0,2,-8,d4,0.0507
9.006037e-08,"Ma(d4,d5)",2D,closed,0,0,0,-3,-3,d5,0.0507
9.006037e-08,"Ma(d4,d5)",2D,closed,0,0,0,3,3,d5,0.0507
9.040259e-08,"Ma(d4,d5)",2D,closed,0,0,0,-3,-1,d5,0.0507
9.040259e-08,"Ma(d4,d5)",2D,closed,0,0,0,3,1,d5,0.0507
9.067686e-08,"Ma(d4,d5)",2D,closed,0,0,0,-1,-11,d4,0.0507
9.067686e-08,"Ma(d4,d5)",2D,closed,0,0,0,1,11,d4,0.0507
9.142175e-08,"Ma(d4,d5)",2D,closed,0,0,0,-1,11,d4,0.0507
9.142175e-08,"Ma(d4,d5)",2D,closed,0,0,0,1,-11,d4,0.0507
9.161394e-08,Ma(d4),1D,closed,0,0,0,-3,0,,
9.161394e-08,Ma(d4),1D,closed,0,0,0,3,0,,
9.161394e-08,"Ma(d2,d4)",2D,closed,0,-6,0,-3,0,d4,2.0000
9.161394e-08,"Ma(d2,d4)",2D,closed,0,6,0,3,0,d4,2.0000
9.348798e-08,"Ma(d4,d5)",2D,closed,0,0,0,-3,1,d5,0.0507
9.348798e-08,"Ma(d4,d5)",2D,closed,0,0,0,3,-1,d5,0.0507
9.357298e-08,Ma(d5),1D,closed,0,0,0,0,-12,,
9.357298e-08,Ma(d5),1D,closed,0,0,0,0,12,,
9.426704e-08,"Ma(d4,d5)",2D,closed,0,0,0,-3,-3,d4,0.0507
9.426704e-08,"Ma(d4,d5)",2D,closed,0,0,0,3,3,d4,0.0507
9.485386e-08,"Ma(d4,d5)",2D,closed,0,0,0,-3,3,d4,0.0507
9.485386e-08,"Ma(d4,d5)",2D,closed,0,0,0,3,-3,d4,0.0507
9.805427e-08,"Ma(d4,d5)",2D,closed,0,0,0,-1,-12,d4,0.0507
9.805427e-08,"Ma(d4,d5)",2D,closed,0,0,0,1,12,d4,0.0507
9.842801e-08,"Ma(d4,d5)",2D,closed,0,0,0,-2,-10,d4,0.0507
9.842801e-08,"Ma(d4,d5)",2D,closed,0,0,0,2,10,d4,0.0507
9.880594e-08,"Ma(d4,d5)",2D,closed,0,0,0,-1,12,d4,0.0507
9.880594e-08,"Ma(d4,d5)",2D,closed,0,0,0,1,-12,d4,0.0507
9.906056e-08,"Ma(d4,d5)",2D,closed,0,0,0,-3,3,d5,0.0507
9.906056e-08,"Ma(d4,d5)",2D,closed,0,0,0,3,-3,d5,0.0507
9.967296e-08,"Ma(d4,d5)",2D,closed,0,0,0,-2,10,d4,0.0507
9.967296e-08,"Ma(d4,d5)",2D,closed,0,0,0,2,-10,d4,0.0507
1.013707e-07,Ma(d5),1D,closed,0,0,0,0,-13,,
1.013707e-07,Ma(d5),1D,closed,0,0,0,0,13,,
1.023353e-07,"Ma(d4,d5)",2D,closed,0,0,0,-3,-6,d4,0.0507
1.023353e-07,"Ma(d4,d5)",2D,closed,0,0,0,3,6,d4,0.0507
1.034141e-07,"Ma(d4,d5)",2D,closed,0,0,0,-3,6,d4,0.0507
1.034141e-07,"Ma(d4,d5)",2D,closed,0,0,0,3,-6,d4,0.0507
1.054922e-07,"Ma(d4,d5)",2D,closed,0,0,0,-1,-13,d4,0.0507
1.054922e-07,"Ma(d4,d5)",2D,closed,0,0,0,1,13,d4,0.0507
1.062492e-07,"Ma(d4,d5)",2D,closed,0,0,0,-1,13,d4,0.0507
1.062492e-07,"Ma(d4,d5)",2D,closed,0,0,0,1,-13,d4,0.0507
1.091685e-07,Ma(d5),1D,closed,0,0,0,0,-14,,
1.091685e-07,Ma(d5),1D,closed,0,0,0,0,14,,
1.110803e-07,"Ma(d4,d5)",2D,closed,0,0,0,-2,-12,d4,0.0507
1.110803e-07,"Ma(d4,d5)",2D,closed,0,0,0,2,12,d4,0.0507
1.124045e-07,"Ma(d4,d5)",2D,closed,0,0,0,-2,12,d4,0.0507
1.124045e-07,"Ma(d4,d5)",2D,closed,0,0,0,2,-12,d4,0.0507
1.129786e-07,"Ma(d4,d5)",2D,closed,0,0,0,-1,-14,d4,0.0507
1.129786e-07,"Ma(d4,d5)",2D,closed,0,0,0,1,14,d4,0.0507
1.137401e-07,"Ma(d4,d5)",2D,closed,0,0,0,-1,14,d4,0.0507
1.137401e-07,"Ma(d4,d5)",2D,closed,0,0,0,1,-14,d4,0.0507
1.146876e-07,"Ma(d4,d5)",2D,closed,0,0,0,-3,-9,d4,0.0507
1.146876e-07,"Ma(d4,d5)",2D,closed,0,0,0,3,9,d4,0.0507
1.161300e-07,"Ma(d4,d5)",2D,closed,0,0,0,-3,9,d4,0.0507
1.161300e-07,"Ma(d4,d5)",2D,closed,0,0,0,3,-9,d4,0.0507
1.169662e-07,Ma(d5),1D,closed,0,0,0,0,-15,,
1.169662e-07,Ma(d5),1D,closed,0,0,0,0,15,,
1.200725e-07,"Ma(d4,d5)",2D,closed,0,0,0,-4,-2,d5,0.0507
1.200725e-07,"Ma(d4,d5)",2D,closed,0,0,0,4,2,d5,0.0507
1.200805e-07,"Ma(d4,d5)",2D,closed,0,0,0,-4,-4,d5,0.0507
1.200805e-07,"Ma(d4,d5)",2D,closed,0,0,0,4,4,d5,0.0507
1.205045e-07,"Ma(d4,d5)",2D,closed,0,0,0,-1,-15,d4,0.0507
1.205045e-07,"Ma(d4,d5)",2D,closed,0,0,0,1,15,d4,0.0507
1.208555e-07,"Ma(d4,d5)",2D,closed,0,0,0,-4,-1,d5,0.0507
1.208555e-07,"Ma(d4,d5)",2D,closed,0,0,0,4,1,d5,0.0507
1.212696e-07,"Ma(d4,d5)",2D,closed,0,0,0,-1,15,d4,0.0507
1.212696e-07,"Ma(d4,d5)",2D,closed,0,0,0,1,-15,d4,0.0507
1.221519e-07,"Ma(d2,d4)",2D,closed,0,-8,0,-4,0,d4,2.0000
1.221519e-07,Ma(d4),1D,closed,0,0,0,-4,0,,
1.221519e-07,Ma(d4),1D,closed,0,0,0,4,0,,
1.221519e-07,"Ma(d2,d4)",2D,closed,0,8,0,4,0,d4,2.0000
1.239457e-07,"Ma(d4,d5)",2D,closed,0,0,0,-4,1,d5,0.0507
1.239457e-07,"Ma(d4,d5)",2D,closed,0,0,0,4,-1,d5,0.0507
1.244026e-07,"Ma(d4,d5)",2D,closed,0,0,0,-2,-14,d4,0.0507
1.244026e-07,"Ma(d4,d5)",2D,closed,0,0,0,2,14,d4,0.0507
1.247640e-07,Ma(d5),1D,closed,0,0,0,0,-16,,
1.247640e-07,Ma(d5),1D,closed,0,0,0,0,16,,
1.256894e-07,"Ma(d4,d5)",2D,closed,0,0,0,-4,-4,d4,0.0507
1.256894e-07,"Ma(d4,d5)",2D,closed,0,0,0,4,4,d4,0.0507
1.257827e-07,"Ma(d4,d5)",2D,closed,0,0,0,-2,14,d4,0.0507
1.257827e-07,"Ma(d4,d5)",2D,closed,0,0,0,2,-14,d4,0.0507
1.262157e-07,"Ma(d4,d5)",2D,closed,0,0,0,-4,2,d5,0.0507
1.262157e-07,"Ma(d4,d5)",2D,closed,0,0,0,4,-2,d5,0.0507
1.264718e-07,"Ma(d4,d5)",2D,closed,0,0,0,-4,4,d4,0.0507
1.264718e-07,"Ma(d4,d5)",2D,closed,0,0,0,4,-4,d4,0.0507
1.280630e-07,"Ma(d4,d5)",2D,closed,0,0,0,-1,-16,d4,0.0507
1.280630e-07,"Ma(d4,d5)",2D,closed,0,0,0,1,16,d4,0.0507
1.288310e-07,"Ma(d4,d5)",2D,closed,0,0,0,-1,16,d4,0.0507
1.288310e-07,"Ma(d4,d5)",2D,closed,0,0,0,1,-16,d4,0.0507
1.301094e-07,"Ma(d4,d5)",2D,closed,0,0,0,-3,-12,d4,0.0507
1.301094e-07,"Ma(d4,d5)",2D,closed,0,0,0,3,12,d4,0.0507
1.318043e-07,"Ma(d4,d5)",2D,closed,0,0,0,-3,12,d4,0.0507
1.318043e-07,"Ma(d4,d5)",2D,closed,0,0,0,3,-12,d4,0.0507
1.320807e-07,"Ma(d4,d5)",2D,closed,0,0,0,-4,4,d5,0.0507
1.320807e-07,"Ma(d4,d5)",2D,closed,0,0,0,4,-4,d5,0.0507
1.325617e-07,Ma(d5),1D,closed,0,0,0,0,-17,,
1.325617e-07,Ma(d5),1D,closed,0,0,0,0,17,,
1.356485e-07,"Ma(d4,d5)",2D,closed,0,0,0,-1,-17,d4,0.0507
1.356485e-07,"Ma(d4,d5)",2D,closed,0,0,0,1,17,d4,0.0507
1.364190e-07,"Ma(d4,d5)",2D,closed,0,0,0,-1,17,d4,0.0507
1.364190e-07,"Ma(d4,d5)",2D,closed,0,0,0,1,-17,d4,0.0507
1.364471e-07,"Ma(d4,d5)",2D,closed,0,0,0,-4,-8,d4,0.0507
1.364471e-07,"Ma(d4,d5)",2D,closed,0,0,0,4,8,d4,0.0507
1.378855e-07,"Ma(d4,d5)",2D,closed,0,0,0,-4,8,d4,0.0507
1.378855e-07,"Ma(d4,d5)",2D,closed,0,0,0,4,-8,d4,0.0507
1.382015e-07,"Ma(d4,d5)",2D,closed,0,0,0,-2,-16,d4,0.0507
1.382015e-07,"Ma(d4,d5)",2D,closed,0,0,0,2,16,d4,0.0507
1.396218e-07,"Ma(d4,d5)",2D,closed,0,0,0,-2,16,d4,0.0507
1.396218e-07,"Ma(d4,d5)",2D,closed,0,0,0,2,-16,d4,0.0507
1.403595e-07,Ma(d5),1D,closed,0,0,0,0,-18,,
1.403595e-07,Ma(d5),1D,closed,0,0,0,0,18,,
1.432568e-07,"Ma(d4,d5)",2D,closed,0,0,0,-1,-18,d4,0.0507
1.432568e-07,"Ma(d4,d5)",2D,closed,0,0,0,1,18,d4,0.0507
1.440295e-07,"Ma(d4,d5)",2D,closed,0,0,0,-1,18,d4,0.0507
1.440295e-07,"Ma(d4,d5)",2D,closed,0,0,0,1,-18,d4,0.0507
1.476420e-07,"Ma(d4,d5)",2D,closed,0,0,0,-3,-15,d4,0.0507
1.476420e-07,"Ma(d4,d5)",2D,closed,0,0,0,3,15,d4,0.0507
1.481572e-07,Ma(d5),1D,closed,0,0,0,0,-19,,
1.481572e-07,Ma(d5),1D,closed,0,0,0,0,19,,
1.495094e-07,"Ma(d4,d5)",2D,closed,0,0,0,-3,15,d4,0.0507
1.495094e-07,"Ma(d4,d5)",2D,closed,0,0,0,3,-15,d4,0.0507
1.501006e-07,"Ma(d4,d5)",2D,closed,0,0,0,-5,-5,d5,0.0507
1.501006e-07,"Ma(d4,d5)",2D,closed,0,0,0,5,5,d5,0.0507
1.508845e-07,"Ma(d4,d5)",2D,closed,0,0,0,-1,-19,d4,0.0507
1.508845e-07,"Ma(d4,d5)",2D,closed,0,0,0,1,19,d4,0.0507
1.513426e-07,"Ma(d4,d5)",2D,closed,0,0,0,-5,-1,d5,0.0507
1.513426e-07,"Ma(d4,d5)",2D,closed,0,0,0,5,1,d5,0.0507
1.516589e-07,"Ma(d4,d5)",2D,closed,0,0,0,-1,19,d4,0.0507
1.516589e-07,"Ma(d4,d5)",2D,closed,0,0,0,1,-19,d4,0.0507
1.523474e-07,"Ma(d4,d5)",2D,closed,0,0,0,-2,-18,d4,0.0507
1.523474e-07,"Ma(d4,d5)",2D,closed,0,0,0,2,18,d4,0.0507
1.526899e-07,"Ma(d2,d4)",2D,closed,0,-10,0,-5,0,d4,2.0000
1.526899e-07,"Ma(d2,d4)",2D,closed,0,10,0,5,0,d4,2.0000
1.526899e-07,Ma(d4),1D,closed,0,0,0,-5,0,,
1.526899e-07,Ma(d4),1D,closed,0,0,0,5,0,,
1.529168e-07,"Ma(d4,d5)",2D,closed,0,0,0,-4,-12,d4,0.0507
1.529168e-07,"Ma(d4,d5)",2D,closed,0,0,0,4,12,d4,0.0507
1.537974e-07,"Ma(d4,d5)",2D,closed,0,0,0,-2,18,d4,0.0507
1.537974e-07,"Ma(d4,d5)",2D,closed,0,0,0,2,-18,d4,0.0507
1.544352e-07,"Ma(d4,d5)",2D,closed,0,0,0,-5,1,d5,0.0507
1.544352e-07,"Ma(d4,d5)",2D,closed,0,0,0,5,-1,d5,0.0507
1.548401e-07,"Ma(d4,d5)",2D,closed,0,0,0,-4,12,d4,0.0507
1.548401e-07,"Ma(d4,d5)",2D,closed,0,0,0,4,-12,d4,0.0507
1.559550e-07,Ma(d5),1D,closed,0,0,0,0,-20,,
1.559550e-07,Ma(d5),1D,closed,0,0,0,0,20,,
1.571117e-07,"Ma(d4,d5)",2D,closed,0,0,0,-5,-5,d4,0.0507
1.571117e-07,"Ma(d4,d5)",2D,closed,0,0,0,5,5,d4,0.0507
1.580898e-07,"Ma(d4,d5)",2D,closed,0,0,0,-5,5,d4,0.0507
1.580898e-07,"Ma(d4,d5)",2D,closed,0,0,0,5,-5,d4,0.0507
1.585287e-07,"Ma(d4,d5)",2D,closed,0,0,0,-1,-20,d4,0.0507
1.585287e-07,"Ma(d4,d5)",2D,closed,0,0,0,1,20,d4,0.0507
1.593047e-07,"Ma(d4,d5)",2D,closed,0,0,0,-1,20,d4,0.0507
1.593047e-07,"Ma(d4,d5)",2D,closed,0,0,0,1,-20,d4,0.0507
1.651009e-07,"Ma(d4,d5)",2D,closed,0,0,0,-5,5,d5,0.0507
1.651009e-07,"Ma(d4,d5)",2D,closed,0,0,0,5,-5,d5,0.0507
1.666204e-07,"Ma(d4,d5)",2D,closed,0,0,0,-3,-18,d4,0.0507
1.666204e-07,"Ma(d4,d5)",2D,closed,0,0,0,3,18,d4,0.0507
1.667520e-07,"Ma(d4,d5)",2D,closed,0,0,0,-2,-20,d4,0.0507
1.667520e-07,"Ma(d4,d5)",2D,closed,0,0,0,2,20,d4,0.0507
1.682245e-07,"Ma(d4,d5)",2D,closed,0,0,0,-2,20,d4,0.0507
1.682245e-07,"Ma(d4,d5)",2D,closed,0,0,0,2,-20,d4,0.0507
1.686068e-07,"Ma(d4,d5)",2D,closed,0,0,0,-3,18,d4,0.0507
1.686068e-07,"Ma(d4,d5)",2D,closed,0,0,0,3,-18,d4,0.0507
1.705588e-07,"Ma(d4,d5)",2D,closed,0,0,0,-5,-10,d4,0.0507
1.705588e-07,"Ma(d4,d5)",2D,closed,0,0,0,5,10,d4,0.0507
1.723568e-07,"Ma(d4,d5)",2D,closed,0,0,0,-5,10,d4,0.0507
1.723568e-07,"Ma(d4,d5)",2D,closed,0,0,0,5,-10,d4,0.0507
1.734792e-07,"Ma(d4,d5)",2D,closed,0,0,0,-4,-16,d4,0.0507
1.734792e-07,"Ma(d4,d5)",2D,closed,0,0,0,4,16,d4,0.0507
1.757391e-07,"Ma(d4,d5)",2D,closed,0,0,0,-4,16,d4,0.0507
1.757391e-07,"Ma(d4,d5)",2D,closed,0,0,0,4,-16,d4,0.0507
1.801087e-07,"Ma(d4,d5)",2D,closed,0,0,0,-6,-3,d5,0.0507
1.801087e-07,"Ma(d4,d5)",2D,closed,0,0,0,6,3,d5,0.0507
1.801207e-07,"Ma(d4,d5)",2D,closed,0,0,0,-6,-6,d5,0.0507
1.801207e-07,"Ma(d4,d5)",2D,closed,0,0,0,6,6,d5,0.0507
1.808052e-07,"Ma(d4,d5)",2D,closed,0,0,0,-6,-2,d5,0.0507
1.808052e-07,"Ma(d4,d5)",2D,closed,0,0,0,6,2,d5,0.0507
1.818469e-07,"Ma(d4,d5)",2D,closed,0,0,0,-6,-1,d5,0.0507
1.818469e-07,"Ma(d4,d5)",2D,closed,0,0,0,6,1,d5,0.0507
1.832279e-07,Ma(d4),1D,closed,0,0,0,-6,0,,
1.832279e-07,Ma(d4),1D,closed,0,0,0,6,0,,
1.832279e-07,"Ma(d2,d4)",2D,closed,0,-12,0,-6,0,d4,2.0000
1.832279e-07,"Ma(d2,d4)",2D,closed,0,12,0,6,0,d4,2.0000
1.849406e-07,"Ma(d4,d5)",2D,closed,0,0,0,-6,1,d5,0.0507
1.849406e-07,"Ma(d4,d5)",2D,closed,0,0,0,6,-1,d5,0.0507
1.869760e-07,"Ma(d4,d5)",2D,closed,0,0,0,-6,2,d5,0.0507
1.869760e-07,"Ma(d4,d5)",2D,closed,0,0,0,6,-2,d5,0.0507
1.885341e-07,"Ma(d4,d5)",2D,closed,0,0,0,-6,-6,d4,0.0507
1.885341e-07,"Ma(d4,d5)",2D,closed,0,0,0,6,6,d4,0.0507
1.893235e-07,"Ma(d4,d5)",2D,closed,0,0,0,-6,3,d5,0.0507
1.893235e-07,"Ma(d4,d5)",2D,closed,0,0,0,6,-3,d5,0.0507
1.897077e-07,"Ma(d4,d5)",2D,closed,0,0,0,-6,6,d4,0.0507
1.897077e-07,"Ma(d4,d5)",2D,closed,0,0,0,6,-6,d4,0.0507
1.911460e-07,"Ma(d4,d5)",2D,closed,0,0,0,-5,-15,d4,0.0507
1.911460e-07,"Ma(d4,d5)",2D,closed,0,0,0,5,15,d4,0.0507
1.935501e-07,"Ma(d4,d5)",2D,closed,0,0,0,-5,15,d4,0.0507
1.935501e-07,"Ma(d4,d5)",2D,closed,0,0,0,5,-15,d4,0.0507
1.968560e-07,"Ma(d4,d5)",2D,closed,0,0,0,-4,-20,d4,0.0507
1.968560e-07,"Ma(d4,d5)",2D,closed,0,0,0,4,20,d4,0.0507
1.981211e-07,"Ma(d4,d5)",2D,closed,0,0,0,-6,6,d5,0.0507
1.981211e-07,"Ma(d4,d5)",2D,closed,0,0,0,6,-6,d5,0.0507
1.993459e-07,"Ma(d4,d5)",2D,closed,0,0,0,-4,20,d4,0.0507
1.993459e-07,"Ma(d4,d5)",2D,closed,0,0,0,4,-20,d4,0.0507
2.046706e-07,"Ma(d4,d5)",2D,closed,0,0,0,-6,-12,d4,0.0507
2.046706e-07,"Ma(d4,d5)",2D,closed,0,0,0,6,12,d4,0.0507
2.068282e-07,"Ma(d4,d5)",2D,closed,0,0,0,-6,12,d4,0.0507
2.068282e-07,"Ma(d4,d5)",2D,closed,0,0,0,6,-12,d4,0.0507
2.101409e-07,"Ma(d4,d5)",2D,closed,0,0,0,-7,-7,d5,0.0507
2.101409e-07,"Ma(d4,d5)",2D,closed,0,0,0,7,7,d5,0.0507
2.123608e-07,"Ma(d4,d5)",2D,closed,0,0,0,-7,-1,d5,0.0507
2.123608e-07,"Ma(d4,d5)",2D,closed,0,0,0,7,1,d5,0.0507
2.137659e-07,"Ma(d2,d4)",2D,closed,0,-14,0,-7,0,d4,2.0000
2.137659e-07,Ma(d4),1D,closed,0,0,0,-7,0,,
2.137659e-07,Ma(d4),1D,closed,0,0,0,7,0,,
2.137659e-07,"Ma(d2,d4)",2D,closed,0,14,0,7,0,d4,2.0000
2.154553e-07,"Ma(d4,d5)",2D,closed,0,0,0,-7,1,d5,0.0507
2.154553e-07,"Ma(d4,d5)",2D,closed,0,0,0,7,-1,d5,0.0507
2.168490e-07,"Ma(d4,d5)",2D,closed,0,0,0,-5,-20,d4,0.0507
2.168490e-07,"Ma(d4,d5)",2D,closed,0,0,0,5,20,d4,0.0507
2.196739e-07,"Ma(d4,d5)",2D,closed,0,0,0,-5,20,d4,0.0507
2.196739e-07,"Ma(d4,d5)",2D,closed,0,0,0,5,-20,d4,0.0507
2.199564e-07,"Ma(d4,d5)",2D,closed,0,0,0,-7,-7,d4,0.0507
2.199564e-07,"Ma(d4,d5)",2D,closed,0,0,0,7,7,d4,0.0507
2.213257e-07,"Ma(d4,d5)",2D,closed,0,0,0,-7,7,d4,0.0507
2.213257e-07,"Ma(d4,d5)",2D,closed,0,0,0,7,-7,d4,0.0507
2.293752e-07,"Ma(d4,d5)",2D,closed,0,0,0,-6,-18,d4,0.0507
2.293752e-07,"Ma(d4,d5)",2D,closed,0,0,0,6,18,d4,0.0507
2.311413e-07,"Ma(d4,d5)",2D,closed,0,0,0,-7,7,d5,0.0507
2.311413e-07,"Ma(d4,d5)",2D,closed,0,0,0,7,-7,d5,0.0507
2.322601e-07,"Ma(d4,d5)",2D,closed,0,0,0,-6,18,d4,0.0507
2.322601e-07,"Ma(d4,d5)",2D,closed,0,0,0,6,-18,d4,0.0507
2.387824e-07,"Ma(d4,d5)",2D,closed,0,0,0,-7,-14,d4,0.0507
2.387824e-07,"Ma(d4,d5)",2D,closed,0,0,0,7,14,d4,0.0507
2.401450e-07,"Ma(d4,d5)",2D,closed,0,0,0,-8,-4,d5,0.0507
2.401450e-07,"Ma(d4,d5)",2D,closed,0,0,0,8,4,d5,0.0507
2.401610e-07,"Ma(d4,d5)",2D,closed,0,0,0,-8,-8,d5,0.0507
2.401610e-07,"Ma(d4,d5)",2D,closed,0,0,0,8,8,d5,0.0507
2.412996e-07,"Ma(d4,d5)",2D,closed,0,0,0,-7,14,d4,0.0507
2.412996e-07,"Ma(d4,d5)",2D,closed,0,0,0,7,-14,d4,0.0507
2.417109e-07,"Ma(d4,d5)",2D,closed,0,0,0,-8,-2,d5,0.0507
2.417109e-07,"Ma(d4,d5)",2D,closed,0,0,0,8,2,d5,0.0507
2.428808e-07,"Ma(d4,d5)",2D,closed,0,0,0,-8,-1,d5,0.0507
2.428808e-07,"Ma(d4,d5)",2D,closed,0,0,0,8,1,d5,0.0507
2.443038e-07,"Ma(d2,d4)",2D,closed,0,-16,0,-8,0,d4,2.0000
2.443038e-07,Ma(d4),1D,closed,0,0,0,-8,0,,
2.443038e-07,Ma(d4),1D,closed,0,0,0,8,0,,
2.443038e-07,"Ma(d2,d4)",2D,closed,0,16,0,8,0,d4,2.0000
2.459757e-07,"Ma(d4,d5)",2D,closed,0,0,0,-8,1,d5,0.0507
2.459757e-07,"Ma(d4,d5)",2D,closed,0,0,0,8,-1,d5,0.0507
2.478915e-07,"Ma(d4,d5)",2D,closed,0,0,0,-8,2,d5,0.0507
2.478915e-07,"Ma(d4,d5)",2D,closed,0,0,0,8,-2,d5,0.0507
2.513788e-07,"Ma(d4,d5)",2D,closed,0,0,0,-8,-8,d4,0.0507
2.513788e-07,"Ma(d4,d5)",2D,closed,0,0,0,8,8,d4,0.0507
2.524314e-07,"Ma(d4,d5)",2D,closed,0,0,0,-8,4,d5,0.0507
2.524314e-07,"Ma(d4,d5)",2D,closed,0,0,0,8,-4,d5,0.0507
2.529436e-07,"Ma(d4,d5)",2D,closed,0,0,0,-8,8,d4,0.0507
2.529436e-07,"Ma(d4,d5)",2D,closed,0,0,0,8,-8,d4,0.0507
2.641615e-07,"Ma(d4,d5)",2D,closed,0,0,0,-8,8,d5,0.0507
2.641615e-07,"Ma(d4,d5)",2D,closed,0,0,0,8,-8,d5,0.0507
2.701811e-07,"Ma(d4,d5)",2D,closed,0,0,0,-9,-9,d5,0.0507
2.701811e-07,"Ma(d4,d5)",2D,closed,0,0,0,9,9,d5,0.0507
2.712078e-07,"Ma(d4,d5)",2D,closed,0,0,0,-9,-3,d5,0.0507
2.712078e-07,"Ma(d4,d5)",2D,closed,0,0,0,9,3,d5,0.0507
2.728942e-07,"Ma(d4,d5)",2D,closed,0,0,0,-8,-16,d4,0.0507
2.728942e-07,"Ma(d4,d5)",2D,closed,0,0,0,8,16,d4,0.0507
2.734048e-07,"Ma(d4,d5)",2D,closed,0,0,0,-9,-1,d5,0.0507
2.734048e-07,"Ma(d4,d5)",2D,closed,0,0,0,9,1,d5,0.0507
2.748418e-07,"Ma(d2,d4)",2D,closed,0,-18,0,-9,0,d4,2.0000
2.748418e-07,Ma(d4),1D,closed,0,0,0,-9,0,,
2.748418e-07,Ma(d4),1D,closed,0,0,0,9,0,,
2.748418e-07,"Ma(d2,d4)",2D,closed,0,18,0,9,0,d4,2.0000
2.757709e-07,"Ma(d4,d5)",2D,closed,0,0,0,-8,16,d4,0.0507
2.757709e-07,"Ma(d4,d5)",2D,closed,0,0,0,8,-16,d4,0.0507
2.765001e-07,"Ma(d4,d5)",2D,closed,0,0,0,-9,1,d5,0.0507
2.765001e-07,"Ma(d4,d5)",2D,closed,0,0,0,9,-1,d5,0.0507
2.804640e-07,"Ma(d4,d5)",2D,closed,0,0,0,-9,3,d5,0.0507
2.804640e-07,"Ma(d4,d5)",2D,closed,0,0,0,9,-3,d5,0.0507
2.828011e-07,"Ma(d4,d5)",2D,closed,0,0,0,-9,-9,d4,0.0507
2.828011e-07,"Ma(d4,d5)",2D,closed,0,0,0,9,9,d4,0.0507
2.845616e-07,"Ma(d4,d5)",2D,closed,0,0,0,-9,9,d4,0.0507
2.845616e-07,"Ma(d4,d5)",2D,closed,0,0,0,9,-9,d4,0.0507
2.971817e-07,"Ma(d4,d5)",2D,closed,0,0,0,-9,9,d5,0.0507
2.971817e-07,"Ma(d4,d5)",2D,closed,0,0,0,9,-9,d5,0.0507
3.001812e-07,"Ma(d4,d5)",2D,closed,0,0,0,-10,-5,d5,0.0507
3.001812e-07,"Ma(d4,d5)",2D,closed,0,0,0,10,5,d5,0.0507
3.002012e-07,"Ma(d4,d5)",2D,closed,0,0,0,-10,-10,d5,0.0507
3.002012e-07,"Ma(d4,d5)",2D,closed,0,0,0,10,10,d5,0.0507
3.026853e-07,"Ma(d4,d5)",2D,closed,0,0,0,-10,-2,d5,0.0507
3.026853e-07,"Ma(d4,d5)",2D,closed,0,0,0,10,2,d5,0.0507
3.039316e-07,"Ma(d4,d5)",2D,closed,0,0,0,-10,-1,d5,0.0507
3.039316e-07,"Ma(d4,d5)",2D,closed,0,0,0,10,1,d5,0.0507
3.053798e-07,"Ma(d2,d4)",2D,closed,0,-20,0,-10,0,d4,2.0000
3.053798e-07,"Ma(d2,d4)",2D,closed,0,20,0,10,0,d4,2.0000
3.053798e-07,Ma(d4),1D,closed,0,0,0,-10,0,,
3.053798e-07,Ma(d4),1D,closed,0,0,0,10,0,,
3.070059e-07,"Ma(d4,d5)",2D,closed,0,0,0,-9,-18,d4,0.0507
3.070059e-07,"Ma(d4,d5)",2D,closed,0,0,0,9,18,d4,0.0507
3.070271e-07,"Ma(d4,d5)",2D,closed,0,0,0,-10,1,d5,0.0507
3.070271e-07,"Ma(d4,d5)",2D,closed,0,0,0,10,-1,d5,0.0507
3.088703e-07,"Ma(d4,d5)",2D,closed,0,0,0,-10,2,d5,0.0507
3.088703e-07,"Ma(d4,d5)",2D,closed,0,0,0,10,-2,d5,0.0507
3.102423e-07,"Ma(d4,d5)",2D,closed,0,0,0,-9,18,d4,0.0507
3.102423e-07,"Ma(d4,d5)",2D,closed,0,0,0,9,-18,d4,0.0507
3.142235e-07,"Ma(d4,d5)",2D,closed,0,0,0,-10,-10,d4,0.0507
3.142235e-07,"Ma(d4,d5)",2D,closed,0,0,0,10,10,d4,0.0507
3.155392e-07,"Ma(d4,d5)",2D,closed,0,0,0,-10,5,d5,0.0507
3.155392e-07,"Ma(d4,d5)",2D,closed,0,0,0,10,-5,d5,0.0507
3.161795e-07,"Ma(d4,d5)",2D,closed,0,0,0,-10,10,d4,0.0507
3.161795e-07,"Ma(d4,d5)",2D,closed,0,0,0,10,-10,d4,0.0507
3.302019e-07,"Ma(d4,d5)",2D,closed,0,0,0,-10,10,d5,0.0507
3.302019e-07,"Ma(d4,d5)",2D,closed,0,0,0,10,-10,d5,0.0507
3.302214e-07,"Ma(d4,d5)",2D,closed,0,0,0,-11,-11,d5,0.0507
3.302214e-07,"Ma(d4,d5)",2D,closed,0,0,0,11,11,d5,0.0507
3.344604e-07,"Ma(d4,d5)",2D,closed,0,0,0,-11,-1,d5,0.0507
3.344604e-07,"Ma(d4,d5)",2D,closed,0,0,0,11,1,d5,0.0507
3.359178e-07,Ma(d4),1D,closed,0,0,0,-11,0,,
3.359178e-07,Ma(d4),1D,closed,0,0,0,11,0,,
3.375561e-07,"Ma(d4,d5)",2D,closed,0,0,0,-11,1,d5,0.0507
3.375561e-07,"Ma(d4,d5)",2D,closed,0,0,0,11,-1,d5,0.0507
3.411177e-07,"Ma(d4,d5)",2D,closed,0,0,0,-10,-20,d4,0.0507
3.411177e-07,"Ma(d4,d5)",2D,closed,0,0,0,10,20,d4,0.0507
3.447137e-07,"Ma(d4,d5)",2D,closed,0,0,0,-10,20,d4,0.0507
3.447137e-07,"Ma(d4,d5)",2D,closed,0,0,0,10,-20,d4,0.0507
3.456458e-07,"Ma(d4,d5)",2D,closed,0,0,0,-11,-11,d4,0.0507
3.456458e-07,"Ma(d4,d5)",2D,closed,0,0,0,11,11,d4,0.0507
3.477975e-07,"Ma(d4,d5)",2D,closed,0,0,0,-11,11,d4,0.0507
3.477975e-07,"Ma(d4,d5)",2D,closed,0,0,0,11,-11,d4,0.0507
3.602174e-07,"Ma(d4,d5)",2D,closed,0,0,0,-12,-6,d5,0.0507
3.602174e-07,"Ma(d4,d5)",2D,closed,0,0,0,12,6,d5,0.0507
3.602415e-07,"Ma(d4,d5)",2D,closed,0,0,0,-12,-12,d5,0.0507
3.602415e-07,"Ma(d4,d5)",2D,closed,0,0,0,12,12,d5,0.0507
3.616104e-07,"Ma(d4,d5)",2D,closed,0,0,0,-12,-4,d5,0.0507
3.616104e-07,"Ma(d4,d5)",2D,closed,0,0,0,12,4,d5,0.0507
3.625664e-07,"Ma(d4,d5)",2D,closed,0,0,0,-12,-3,d5,0.0507
3.625664e-07,"Ma(d4,d5)",2D,closed,0,0,0,12,3,d5,0.0507
3.632220e-07,"Ma(d4,d5)",2D,closed,0,0,0,-11,11,d5,0.0507
3.632220e-07,"Ma(d4,d5)",2D,closed,0,0,0,11,-11,d5,0.0507
3.636937e-07,"Ma(d4,d5)",2D,closed,0,0,0,-12,-2,d5,0.0507
3.636937e-07,"Ma(d4,d5)",2D,closed,0,0,0,12,2,d5,0.0507
3.649908e-07,"Ma(d4,d5)",2D,closed,0,0,0,-12,-1,d5,0.0507
3.649908e-07,"Ma(d4,d5)",2D,closed,0,0,0,12,1,d5,0.0507
3.664558e-07,Ma(d4),1D,closed,0,0,0,-12,0,,
3.664558e-07,Ma(d4),1D,closed,0,0,0,12,0,,
3.680866e-07,"Ma(d4,d5)",2D,closed,0,0,0,-12,1,d5,0.0507
3.680866e-07,"Ma(d4,d5)",2D,closed,0,0,0,12,-1,d5,0.0507
3.698812e-07,"Ma(d4,d5)",2D,closed,0,0,0,-12,2,d5,0.0507
3.698812e-07,"Ma(d4,d5)",2D,closed,0,0,0,12,-2,d5,0.0507
3.718372e-07,"Ma(d4,d5)",2D,closed,0,0,0,-12,3,d5,0.0507
3.718372e-07,"Ma(d4,d5)",2D,closed,0,0,0,12,-3,d5,0.0507
3.739519e-07,"Ma(d4,d5)",2D,closed,0,0,0,-12,4,d5,0.0507
3.739519e-07,"Ma(d4,d5)",2D,closed,0,0,0,12,-4,d5,0.0507
3.770681e-07,"Ma(d4,d5)",2D,closed,0,0,0,-12,-12,d4,0.0507
3.770681e-07,"Ma(d4,d5)",2D,closed,0,0,0,12,12,d4,0.0507
3.786471e-07,"Ma(d4,d5)",2D,closed,0,0,0,-12,6,d5,0.0507
3.786471e-07,"Ma(d4,d5)",2D,closed,0,0,0,12,-6,d5,0.0507
3.794154e-07,"Ma(d4,d5)",2D,closed,0,0,0,-12,12,d4,0.0507
3.794154e-07,"Ma(d4,d5)",2D,closed,0,0,0,12,-12,d4,0.0507
3.902616e-07,"Ma(d4,d5)",2D,closed,0,0,0,-13,-13,d5,0.0507
3.902616e-07,"Ma(d4,d5)",2D,closed,0,0,0,13,13,d5,0.0507
3.955223e-07,"Ma(d4,d5)",2D,closed,0,0,0,-13,-1,d5,0.0507
3.955223e-07,"Ma(d4,d5)",2D,closed,0,0,0,13,1,d5,0.0507
3.962422e-07,"Ma(d4,d5)",2D,closed,0,0,0,-12,12,d5,0.0507
3.962422e-07,"Ma(d4,d5)",2D,closed,0,0,0,12,-12,d5,0.0507
3.969937e-07,Ma(d4),1D,closed,0,0,0,-13,0,,
3.969937e-07,Ma(d4),1D,closed,0,0,0,13,0,,
3.986183e-07,"Ma(d4,d5)",2D,closed,0,0,0,-13,1,d5,0.0507
3.986183e-07,"Ma(d4,d5)",2D,closed,0,0,0,13,-1,d5,0.0507
4.084905e-07,"Ma(d4,d5)",2D,closed,0,0,0,-13,-13,d4,0.0507
4.084905e-07,"Ma(d4,d5)",2D,closed,0,0,0,13,13,d4,0.0507
4.110334e-07,"Ma(d4,d5)",2D,closed,0,0,0,-13,13,d4,0.0507
4.110334e-07,"Ma(d4,d5)",2D,closed,0,0,0,13,-13,d4,0.0507
4.202537e-07,"Ma(d4,d5)",2D,closed,0,0,0,-14,-7,d5,0.0507
4.202537e-07,"Ma(d4,d5)",2D,closed,0,0,0,14,7,d5,0.0507
4.202817e-07,"Ma(d4,d5)",2D,closed,0,0,0,-14,-14,d5,0.0507
4.202817e-07,"Ma(d4,d5)",2D,closed,0,0,0,14,14,d5,0.0507
4.247216e-07,"Ma(d4,d5)",2D,closed,0,0,0,-14,-2,d5,0.0507
4.247216e-07,"Ma(d4,d5)",2D,closed,0,0,0,14,2,d5,0.0507
4.260548e-07,"Ma(d4,d5)",2D,closed,0,0,0,-14,-1,d5,0.0507
4.260548e-07,"Ma(d4,d5)",2D,closed,0,0,0,14,1,d5,0.0507
4.275317e-07,Ma(d4),1D,closed,0,0,0,-14,0,,
4.275317e-07,Ma(d4),1D,closed,0,0,0,14,0,,
4.291508e-07,"Ma(d4,d5)",2D,closed,0,0,0,-14,1,d5,0.0507
4.291508e-07,"Ma(d4,d5)",2D,closed,0,0,0,14,-1,d5,0.0507
4.292624e-07,"Ma(d4,d5)",2D,closed,0,0,0,-13,13,d5,0.0507
4.292624e-07,"Ma(d4,d5)",2D,closed,0,0,0,13,-13,d5,0.0507
4.309106e-07,"Ma(d4,d5)",2D,closed,0,0,0,-14,2,d5,0.0507
4.309106e-07,"Ma(d4,d5)",2D,closed,0,0,0,14,-2,d5,0.0507
4.399128e-07,"Ma(d4,d5)",2D,closed,0,0,0,-14,-14,d4,0.0507
4.399128e-07,"Ma(d4,d5)",2D,closed,0,0,0,14,14,d4,0.0507
4.417549e-07,"Ma(d4,d5)",2D,closed,0,0,0,-14,7,d5,0.0507
4.417549e-07,"Ma(d4,d5)",2D,closed,0,0,0,14,-7,d5,0.0507
4.426514e-07,"Ma(d4,d5)",2D,closed,0,0,0,-14,14,d4,0.0507
4.426514e-07,"Ma(d4,d5)",2D,closed,0,0,0,14,-14,d4,0.0507
4.503019e-07,"Ma(d4,d5)",2D,closed,0,0,0,-15,-15,d5,0.0507
4.503019e-07,"Ma(d4,d5)",2D,closed,0,0,0,15,15,d5,0.0507
4.520130e-07,"Ma(d4,d5)",2D,closed,0,0,0,-15,-5,d5,0.0507
4.520130e-07,"Ma(d4,d5)",2D,closed,0,0,0,15,5,d5,0.0507
4.540279e-07,"Ma(d4,d5)",2D,closed,0,0,0,-15,-3,d5,0.0507
4.540279e-07,"Ma(d4,d5)",2D,closed,0,0,0,15,3,d5,0.0507
4.565880e-07,"Ma(d4,d5)",2D,closed,0,0,0,-15,-1,d5,0.0507
4.565880e-07,"Ma(d4,d5)",2D,closed,0,0,0,15,1,d5,0.0507
4.580697e-07,Ma(d4),1D,closed,0,0,0,-15,0,,
4.580697e-07,Ma(d4),1D,closed,0,0,0,15,0,,
4.596841e-07,"Ma(d4,d5)",2D,closed,0,0,0,-15,1,d5,0.0507
4.596841e-07,"Ma(d4,d5)",2D,closed,0,0,0,15,-1,d5,0.0507
4.622826e-07,"Ma(d4,d5)",2D,closed,0,0,0,-14,14,d5,0.0507
4.622826e-07,"Ma(d4,d5)",2D,closed,0,0,0,14,-14,d5,0.0507
4.633055e-07,"Ma(d4,d5)",2D,closed,0,0,0,-15,3,d5,0.0507
4.633055e-07,"Ma(d4,d5)",2D,closed,0,0,0,15,-3,d5,0.0507
4.674399e-07,"Ma(d4,d5)",2D,closed,0,0,0,-15,5,d5,0.0507
4.674399e-07,"Ma(d4,d5)",2D,closed,0,0,0,15,-5,d5,0.0507
4.713352e-07,"Ma(d4,d5)",2D,closed,0,0,0,-15,-15,d4,0.0507
4.713352e-07,"Ma(d4,d5)",2D,closed,0,0,0,15,15,d4,0.0507
4.742693e-07,"Ma(d4,d5)",2D,closed,0,0,0,-15,15,d4,0.0507
4.742693e-07,"Ma(d4,d5)",2D,closed,0,0,0,15,-15,d4,0.0507
4.802899e-07,"Ma(d4,d5)",2D,closed,0,0,0,-16,-8,d5,0.0507
4.802899e-07,"Ma(d4,d5)",2D,closed,0,0,0,16,8,d5,0.0507
4.803220e-07,"Ma(d4,d5)",2D,closed,0,0,0,-16,-16,d5,0.0507
4.803220e-07,"Ma(d4,d5)",2D,closed,0,0,0,16,16,d5,0.0507
4.834219e-07,"Ma(d4,d5)",2D,closed,0,0,0,-16,-4,d5,0.0507
4.834219e-07,"Ma(d4,d5)",2D,closed,0,0,0,16,4,d5,0.0507
4.857615e-07,"Ma(d4,d5)",2D,closed,0,0,0,-16,-2,d5,0.0507
4.857615e-07,"Ma(d4,d5)",2D,closed,0,0,0,16,2,d5,0.0507
4.871218e-07,"Ma(d4,d5)",2D,closed,0,0,0,-16,-1,d5,0.0507
4.871218e-07,"Ma(d4,d5)",2D,closed,0,0,0,16,1,d5,0.0507
4.886077e-07,Ma(d4),1D,closed,0,0,0,-16,0,,
4.886077e-07,Ma(d4),1D,closed,0,0,0,16,0,,
4.902180e-07,"Ma(d4,d5)",2D,closed,0,0,0,-16,1,d5,0.0507
4.902180e-07,"Ma(d4,d5)",2D,closed,0,0,0,16,-1,d5,0.0507
4.919515e-07,"Ma(d4,d5)",2D,closed,0,0,0,-16,2,d5,0.0507
4.919515e-07,"Ma(d4,d5)",2D,closed,0,0,0,16,-2,d5,0.0507
4.953028e-07,"Ma(d4,d5)",2D,closed,0,0,0,-15,15,d5,0.0507
4.953028e-07,"Ma(d4,d5)",2D,closed,0,0,0,15,-15,d5,0.0507
4.957829e-07,"Ma(d4,d5)",2D,closed,0,0,0,-16,4,d5,0.0507
4.957829e-07,"Ma(d4,d5)",2D,closed,0,0,0,16,-4,d5,0.0507
5.027575e-07,"Ma(d4,d5)",2D,closed,0,0,0,-16,-16,d4,0.0507
5.027575e-07,"Ma(d4,d5)",2D,closed,0,0,0,16,16,d4,0.0507
5.048627e-07,"Ma(d4,d5)",2D,closed,0,0,0,-16,8,d5,0.0507
5.048627e-07,"Ma(d4,d5)",2D,closed,0,0,0,16,-8,d5,0.0507
5.058873e-07,"Ma(d4,d5)",2D,closed,0,0,0,-16,16,d4,0.0507
5.058873e-07,"Ma(d4,d5)",2D,closed,0,0,0,16,-16,d4,0.0507
5.103421e-07,"Ma(d4,d5)",2D,closed,0,0,0,-17,-17,d5,0.0507
5.103421e-07,"Ma(d4,d5)",2D,closed,0,0,0,17,17,d5,0.0507
5.176561e-07,"Ma(d4,d5)",2D,closed,0,0,0,-17,-1,d5,0.0507
5.176561e-07,"Ma(d4,d5)",2D,closed,0,0,0,17,1,d5,0.0507
5.191457e-07,Ma(d4),1D,closed,0,0,0,-17,0,,
5.191457e-07,Ma(d4),1D,closed,0,0,0,17,0,,
5.207523e-07,"Ma(d4,d5)",2D,closed,0,0,0,-17,1,d5,0.0507
5.207523e-07,"Ma(d4,d5)",2D,closed,0,0,0,17,-1,d5,0.0507
5.283230e-07,"Ma(d4,d5)",2D,closed,0,0,0,-16,16,d5,0.0507
5.283230e-07,"Ma(d4,d5)",2D,closed,0,0,0,16,-16,d5,0.0507
5.341799e-07,"Ma(d4,d5)",2D,closed,0,0,0,-17,-17,d4,0.0507
5.341799e-07,"Ma(d4,d5)",2D,closed,0,0,0,17,17,d4,0.0507
5.375052e-07,"Ma(d4,d5)",2D,closed,0,0,0,-17,17,d4,0.0507
5.375052e-07,"Ma(d4,d5)",2D,closed,0,0,0,17,-17,d4,0.0507
5.403262e-07,"Ma(d4,d5)",2D,closed,0,0,0,-18,-9,d5,0.0507
5.403262e-07,"Ma(d4,d5)",2D,closed,0,0,0,18,9,d5,0.0507
5.403622e-07,"Ma(d4,d5)",2D,closed,0,0,0,-18,-18,d5,0.0507
5.403622e-07,"Ma(d4,d5)",2D,closed,0,0,0,18,18,d5,0.0507
5.424156e-07,"Ma(d4,d5)",2D,closed,0,0,0,-18,-6,d5,0.0507
5.424156e-07,"Ma(d4,d5)",2D,closed,0,0,0,18,6,d5,0.0507
5.455406e-07,"Ma(d4,d5)",2D,closed,0,0,0,-18,-3,d5,0.0507
5.455406e-07,"Ma(d4,d5)",2D,closed,0,0,0,18,3,d5,0.0507
5.468095e-07,"Ma(d4,d5)",2D,closed,0,0,0,-18,-2,d5,0.0507
5.468095e-07,"Ma(d4,d5)",2D,closed,0,0,0,18,2,d5,0.0507
5.481908e-07,"Ma(d4,d5)",2D,closed,0,0,0,-18,-1,d5,0.0507
5.481908e-07,"Ma(d4,d5)",2D,closed,0,0,0,18,1,d5,0.0507
5.496836e-07,Ma(d4),1D,closed,0,0,0,-18,0,,
5.496836e-07,Ma(d4),1D,closed,0,0,0,18,0,,
5.512871e-07,"Ma(d4,d5)",2D,closed,0,0,0,-18,1,d5,0.0507
5.512871e-07,"Ma(d4,d5)",2D,closed,0,0,0,18,-1,d5,0.0507
5.530001e-07,"Ma(d4,d5)",2D,closed,0,0,0,-18,2,d5,0.0507
5.530001e-07,"Ma(d4,d5)",2D,closed,0,0,0,18,-2,d5,0.0507
5.548219e-07,"Ma(d4,d5)",2D,closed,0,0,0,-18,3,d5,0.0507
5.548219e-07,"Ma(d4,d5)",2D,closed,0,0,0,18,-3,d5,0.0507
5.609279e-07,"Ma(d4,d5)",2D,closed,0,0,0,-18,6,d5,0.0507
5.609279e-07,"Ma(d4,d5)",2D,closed,0,0,0,18,-6,d5,0.0507
5.613432e-07,"Ma(d4,d5)",2D,closed,0,0,0,-17,17,d5,0.0507
5.613432e-07,"Ma(d4,d5)",2D,closed,0,0,0,17,-17,d5,0.0507
5.656022e-07,"Ma(d4,d5)",2D,closed,0,0,0,-18,-18,d4,0.0507
5.656022e-07,"Ma(d4,d5)",2D,closed,0,0,0,18,18,d4,0.0507
5.679706e-07,"Ma(d4,d5)",2D,closed,0,0,0,-18,9,d5,0.0507
5.679706e-07,"Ma(d4,d5)",2D,closed,0,0,0,18,-9,d5,0.0507
5.691232e-07,"Ma(d4,d5)",2D,closed,0,0,0,-18,18,d4,0.0507
5.691232e-07,"Ma(d4,d5)",2D,closed,0,0,0,18,-18,d4,0.0507
5.703824e-07,"Ma(d4,d5)",2D,closed,0,0,0,-19,-19,d5,0.0507
5.703824e-07,"Ma(d4,d5)",2D,closed,0,0,0,19,19,d5,0.0507
5.787259e-07,"Ma(d4,d5)",2D,closed,0,0,0,-19,-1,d5,0.0507
5.787259e-07,"Ma(d4,d5)",2D,closed,0,0,0,19,1,d5,0.0507
5.802216e-07,Ma(d4),1D,closed,0,0,0,-19,0,,
5.802216e-07,Ma(d4),1D,closed,0,0,0,19,0,,
5.818221e-07,"Ma(d4,d5)",2D,closed,0,0,0,-19,1,d5,0.0507
5.818221e-07,"Ma(d4,d5)",2D,closed,0,0,0,19,-1,d5,0.0507
5.943633e-07,"Ma(d4,d5)",2D,closed,0,0,0,-18,18,d5,0.0507
5.943633e-07,"Ma(d4,d5)",2D,closed,0,0,0,18,-18,d5,0.0507
5.970246e-07,"Ma(d4,d5)",2D,closed,0,0,0,-19,-19,d4,0.0507
5.970246e-07,"Ma(d4,d5)",2D,closed,0,0,0,19,19,d4,0.0507
6.003624e-07,"Ma(d4,d5)",2D,closed,0,0,0,-20,-10,d5,0.0507
6.003624e-07,"Ma(d4,d5)",2D,closed,0,0,0,20,10,d5,0.0507
6.004025e-07,"Ma(d4,d5)",2D,closed,0,0,0,-20,-20,d5,0.0507
6.004025e-07,"Ma(d4,d5)",2D,closed,0,0,0,20,20,d5,0.0507
6.007411e-07,"Ma(d4,d5)",2D,closed,0,0,0,-19,19,d4,0.0507
6.007411e-07,"Ma(d4,d5)",2D,closed,0,0,0,19,-19,d4,0.0507
6.042773e-07,"Ma(d4,d5)",2D,closed,0,0,0,-20,-5,d5,0.0507
6.042773e-07,"Ma(d4,d5)",2D,closed,0,0,0,20,5,d5,0.0507
6.053706e-07,"Ma(d4,d5)",2D,closed,0,0,0,-20,-4,d5,0.0507
6.053706e-07,"Ma(d4,d5)",2D,closed,0,0,0,20,4,d5,0.0507
6.078631e-07,"Ma(d4,d5)",2D,closed,0,0,0,-20,-2,d5,0.0507
6.078631e-07,"Ma(d4,d5)",2D,closed,0,0,0,20,2,d5,0.0507
6.092612e-07,"Ma(d4,d5)",2D,closed,0,0,0,-20,-1,d5,0.0507
6.092612e-07,"Ma(d4,d5)",2D,closed,0,0,0,20,1,d5,0.0507
6.107596e-07,Ma(d4),1D,closed,0,0,0,-20,0,,
6.107596e-07,Ma(d4),1D,closed,0,0,0,20,0,,
6.123575e-07,"Ma(d4,d5)",2D,closed,0,0,0,-20,1,d5,0.0507
6.123575e-07,"Ma(d4,d5)",2D,closed,0,0,0,20,-1,d5,0.0507
6.140542e-07,"Ma(d4,d5)",2D,closed,0,0,0,-20,2,d5,0.0507
6.140542e-07,"Ma(d4,d5)",2D,closed,0,0,0,20,-2,d5,0.0507
6.177407e-07,"Ma(d4,d5)",2D,closed,0,0,0,-20,4,d5,0.0507
6.177407e-07,"Ma(d4,d5)",2D,closed,0,0,0,20,-4,d5,0.0507
6.197286e-07,"Ma(d4,d5)",2D,closed,0,0,0,-20,5,d5,0.0507
6.197286e-07,"Ma(d4,d5)",2D,closed,0,0,0,20,-5,d5,0.0507
6.273835e-07,"Ma(d4,d5)",2D,closed,0,0,0,-19,19,d5,0.0507
6.273835e-07,"Ma(d4,d5)",2D,closed,0,0,0,19,-19,d5,0.0507
6.284469e-07,"Ma(d4,d5)",2D,closed,0,0,0,-20,-20,d4,0.0507
6.284469e-07,"Ma(d4,d5)",2D,closed,0,0,0,20,20,d4,0.0507
6.310784e-07,"Ma(d4,d5)",2D,closed,0,0,0,-20,10,d5,0.0507
6.310784e-07,"Ma(d4,d5)",2D,closed,0,0,0,20,-10,d5,0.0507
6.323591e-07,"Ma(d4,d5)",2D,closed,0,0,0,-20,20,d4,0.0507
6.323591e-07,"Ma(d4,d5)",2D,closed,0,0,0,20,-20,d4,0.0507
6.604037e-07,"Ma(d4,d5)",2D,closed,0,0,0,-20,20,d5,0.0507
6.604037e-07,"Ma(d4,d5)",2D,closed,0,0,0,20,-20,d5,0.0507
2.164586e+00,"Ma(d3,d4)",2D,closed,0,0,-2,-1,0,d4,1.6840
2.164586e+00,"Ma(d3,d4)",2D,closed,0,0,2,1,0,d4,1.6840
4.329172e+00,"Ma(d3,d4)",2D,closed,0,0,-4,-2,0,d4,1.6840
4.329172e+00,"Ma(d3,d4)",2D,closed,0,0,4,2,0,d4,1.6840
4.685370e+00,"Ma(d3,d4)",2D,closed,0,0,-1,-1,0,d4,1.6840
4.685370e+00,"Ma(d3,d4)",2D,closed,0,0,1,1,0,d4,1.6840
6.493758e+00,"Ma(d3,d4)",2D,closed,0,0,-6,-3,0,d4,1.6840
6.493758e+00,"Ma(d3,d4)",2D,closed,0,0,6,3,0,d4,1.6840
6.849956e+00,"Ma(d3,d5)",2D,closed,0,0,-3,0,-1,d5,2.0000
6.849956e+00,"Ma(d3,d4)",2D,closed,0,0,-1,-4,0,d3,1.6840
6.849956e+00,"Ma(d3,d4)",2D,closed,0,0,-1,-3,0,d3,1.6840
6.849956e+00,"Ma(d3,d4)",2D,closed,0,0,-1,-2,0,d3,1.6840
6.849956e+00,"Ma(d3,d4)",2D,closed,0,0,-1,-1,0,d3,1.6840
6.849956e+00,"Ma(d3,d5)",2D,closed,0,0,-1,0,-11,d3,2.0000
6.849956e+00,"Ma(d3,d5)",2D,closed,0,0,-1,0,-10,d3,2.0000
6.849956e+00,"Ma(d3,d5)",2D,closed,0,0,-1,0,-9,d3,2.0000
6.849956e+00,"Ma(d3,d5)",2D,closed,0,0,-1,0,-8,d3,2.0000
6.849956e+00,"Ma(d3,d5)",2D,closed,0,0,-1,0,-7,d3,2.0000
6.849956e+00,"Ma(d3,d5)",2D,closed,0,0,-1,0,-6,d3,2.0000
6.849956e+00,"Ma(d3,d5)",2D,closed,0,0,-1,0,-5,d3,2.0000
6.849956e+00,"Ma(d3,d5)",2D,closed,0,0,-1,0,-4,d3,2.0000
6.849956e+00,"Ma(d3,d5)",2D,closed,0,0,-1,0,-3,d3,2.0000
6.849956e+00,"Ma(d3,d5)",2D,closed,0,0,-1,0,-2,d3,2.0000
6.849956e+00,"Ma(d3,d5)",2D,closed,0,0,-1,0,-1,d3,2.0000
6.849956e+00,"Ma(d3,d5)",2D,closed,0,0,-1,0,-1,d5,2.0000
6.849956e+00,Ma(d3),1D,closed,0,0,-1,0,0,,
6.849956e+00,"Ma(d3,d5)",2D,closed,0,0,-1,0,1,d3,2.0000
6.849956e+00,"Ma(d3,d5)",2D,closed,0,0,-1,0,2,d3,2.0000
6.849956e+00,"Ma(d3,d5)",2D,closed,0,0,-1,0,3,d3,2.0000
6.849956e+00,"Ma(d3,d5)",2D,closed,0,0,-1,0,4,d3,2.0000
6.849956e+00,"Ma(d3,d5)",2D,closed,0,0,-1,0,5,d3,2.0000
6.849956e+00,"Ma(d3,d5)",2D,closed,0,0,-1,0,6,d3,2.0000
6.849956e+00,"Ma(d3,d5)",2D,closed,0,0,-1,0,7,d3,2.0000
6.849956e+00,"Ma(d3,d5)",2D,closed,0,0,1,0,-7,d3,2.0000
6.849956e+00,"Ma(d3,d5)",2D,closed,0,0,1,0,-6,d3,2.0000
6.849956e+00,"Ma(d3,d5)",2D,closed,0,0,1,0,-5,d3,2.0000
6.849956e+00,"Ma(d3,d5)",2D,closed,0,0,1,0,-4,d3,2.0000
6.849956e+00,"Ma(d3,d5)",2D,closed,0,0,1,0,-3,d3,2.0000
6.849956e+00,"Ma(d3,d5)",2D,closed,0,0,1,0,-2,d3,2.0000
6.849956e+00,"Ma(d3,d5)",2D,closed,0,0,1,0,-1,d3,2.0000
6.849956e+00,Ma(d3),1D,closed,0,0,1,0,0,,
6.849956e+00,"Ma(d3,d5)",2D,closed,0,0,1,0,1,d3,2.0000
6.849956e+00,"Ma(d3,d5)",2D,closed,0,0,1,0,1,d5,2.0000
6.849956e+00,"Ma(d3,d5)",2D,closed,0,0,1,0,2,d3,2.0000
6.849956e+00,"Ma(d3,d5)",2D,closed,0,0,1,0,3,d3,2.0000
6.849956e+00,"Ma(d3,d5)",2D,closed,0,0,1,0,4,d3,2.0000
6.849956e+00,"Ma(d3,d5)",2D,closed,0,0,1,0,5,d3,2.0000
6.849956e+00,"Ma(d3,d5)",2D,closed,0,0,1,0,6,d3,2.0000
6.849956e+00,"Ma(d3,d5)",2D,closed,0,0,1,0,7,d3,2.0000
6.849956e+00,"Ma(d3,d5)",2D,closed,0,0,1,0,8,d3,2.0000
6.849956e+00,"Ma(d3,d5)",2D,closed,0,0,1,0,9,d3,2.0000
6.849956e+00,"Ma(d3,d5)",2D,closed,0,0,1,0,10,d3,2.0000
6.849956e+00,"Ma(d3,d5)",2D,closed,0,0,1,0,11,d3,2.0000
6.849956e+00,"Ma(d3,d4)",2D,closed,0,0,1,1,0,d3,1.6840
6.849956e+00,"Ma(d3,d4)",2D,closed,0,0,1,2,0,d3,1.6840
6.849956e+00,"Ma(d3,d4)",2D,closed,0,0,1,3,0,d3,1.6840
6.849956e+00,"Ma(d3,d4)",2D,closed,0,0,1,4,0,d3,1.6840
6.849956e+00,"Ma(d3,d5)",2D,closed,0,0,3,0,1,d5,2.0000
6.849956e+00,"Ma(d3,d4)",2D,closed,0,0,-1,-6,0,d3,1.6840
6.849956e+00,"Ma(d3,d4)",2D,closed,0,0,-1,-5,0,d3,1.6840
6.849956e+00,"Ma(d3,d5)",2D,closed,0,0,-1,0,-20,d3,2.0000
6.849956e+00,"Ma(d3,d5)",2D,closed,0,0,-1,0,-19,d3,2.0000
6.849956e+00,"Ma(d3,d5)",2D,closed,0,0,-1,0,-18,d3,2.0000
6.849956e+00,"Ma(d3,d5)",2D,closed,0,0,-1,0,-17,d3,2.0000
6.849956e+00,"Ma(d3,d5)",2D,closed,0,0,-1,0,-16,d3,2.0000
6.849956e+00,"Ma(d3,d5)",2D,closed,0,0,-1,0,-15,d3,2.0000
6.849956e+00,"Ma(d3,d5)",2D,closed,0,0,-1,0,-14,d3,2.0000
6.849956e+00,"Ma(d3,d5)",2D,closed,0,0,-1,0,-13,d3,2.0000
6.849956e+00,"Ma(d3,d5)",2D,closed,0,0,-1,0,-12,d3,2.0000
6.849956e+00,"Ma(d3,d5)",2D,closed,0,0,-1,0,8,d3,2.0000
6.849956e+00,"Ma(d3,d5)",2D,closed,0,0,-1,0,9,d3,2.0000
6.849956e+00,"Ma(d3,d5)",2D,closed,0,0,-1,0,10,d3,2.0000
6.849956e+00,"Ma(d3,d5)",2D,closed,0,0,-1,0,11,d3,2.0000
6.849956e+00,"Ma(d3,d5)",2D,closed,0,0,-1,0,12,d3,2.0000
6.849956e+00,"Ma(d3,d5)",2D,closed,0,0,-1,0,13,d3,2.0000
6.849956e+00,"Ma(d3,d5)",2D,closed,0,0,-1,0,14,d3,2.0000
6.849956e+00,"Ma(d3,d5)",2D,closed,0,0,-1,0,15,d3,2.0000
6.849956e+00,"Ma(d3,d5)",2D,closed,0,0,-1,0,16,d3,2.0000
6.849956e+00,"Ma(d3,d5)",2D,closed,0,0,-1,0,17,d3,2.0000
6.849956e+00,"Ma(d3,d5)",2D,closed,0,0,-1,0,18,d3,2.0000
6.849956e+00,"Ma(d3,d4)",2D,closed,0,0,-1,1,0,d3,1.6840
6.849956e+00,"Ma(d3,d4)",2D,closed,0,0,-1,2,0,d3,1.6840
6.849956e+00,"Ma(d3,d4)",2D,closed,0,0,-1,3,0,d3,1.6840
6.849956e+00,"Ma(d3,d4)",2D,closed,0,0,1,-3,0,d3,1.6840
6.849956e+00,"Ma(d3,d4)",2D,closed,0,0,1,-2,0,d3,1.6840
6.849956e+00,"Ma(d3,d4)",2D,closed,0,0,1,-1,0,d3,1.6840
6.849956e+00,"Ma(d3,d5)",2D,closed,0,0,1,0,-18,d3,2.0000
6.849956e+00,"Ma(d3,d5)",2D,closed,0,0,1,0,-17,d3,2.0000
6.849956e+00,"Ma(d3,d5)",2D,closed,0,0,1,0,-16,d3,2.0000
6.849956e+00,"Ma(d3,d5)",2D,closed,0,0,1,0,-15,d3,2.0000
6.849956e+00,"Ma(d3,d5)",2D,closed,0,0,1,0,-14,d3,2.0000
6.849956e+00,"Ma(d3,d5)",2D,closed,0,0,1,0,-13,d3,2.0000
6.849956e+00,"Ma(d3,d5)",2D,closed,0,0,1,0,-12,d3,2.0000
6.849956e+00,"Ma(d3,d5)",2D,closed,0,0,1,0,-11,d3,2.0000
6.849956e+00,"Ma(d3,d5)",2D,closed,0,0,1,0,-10,d3,2.0000
6.849956e+00,"Ma(d3,d5)",2D,closed,0,0,1,0,-9,d3,2.0000
6.849956e+00,"Ma(d3,d5)",2D,closed,0,0,1,0,-8,d3,2.0000
6.849956e+00,"Ma(d3,d5)",2D,closed,0,0,1,0,12,d3,2.0000
6.849956e+00,"Ma(d3,d5)",2D,closed,0,0,1,0,13,d3,2.0000
6.849956e+00,"Ma(d3,d5)",2D,closed,0,0,1,0,14,d3,2.0000
6.849956e+00,"Ma(d3,d5)",2D,closed,0,0,1,0,15,d3,2.0000
6.849956e+00,"Ma(d3,d5)",2D,closed,0,0,1,0,16,d3,2.0000
6.849956e+00,"Ma(d3,d5)",2D,closed,0,0,1,0,17,d3,2.0000
6.849956e+00,"Ma(d3,d5)",2D,closed,0,0,1,0,18,d3,2.0000
6.849956e+00,"Ma(d3,d5)",2D,closed,0,0,1,0,19,d3,2.0000
6.849956e+00,"Ma(d3,d5)",2D,closed,0,0,1,0,20,d3,2.0000
6.849956e+00,"Ma(d3,d4)",2D,closed,0,0,1,5,0,d3,1.6840
6.849956e+00,"Ma(d3,d4)",2D,closed,0,0,1,6,0,d3,1.6840
6.849956e+00,"Ma(d3,d4)",2D,closed,0,0,-1,-7,0,d3,1.6840
6.849956e+00,"Ma(d3,d5)",2D,closed,0,0,-1,0,19,d3,2.0000
6.849956e+00,"Ma(d3,d5)",2D,closed,0,0,-1,0,20,d3,2.0000
6.849956e+00,"Ma(d3,d4)",2D,closed,0,0,-1,4,0,d3,1.6840
6.849956e+00,"Ma(d3,d4)",2D,closed,0,0,1,-4,0,d3,1.6840
6.849956e+00,"Ma(d3,d5)",2D,closed,0,0,1,0,-20,d3,2.0000
6.849956e+00,"Ma(d3,d5)",2D,closed,0,0,1,0,-19,d3,2.0000
6.849956e+00,"Ma(d3,d4)",2D,closed,0,0,1,7,0,d3,1.6840
6.849956e+00,"Ma(d3,d4)",2D,closed,0,0,-1,-8,0,d3,1.6840
6.849956e+00,"Ma(d3,d4)",2D,closed,0,0,-1,5,0,d3,1.6840
6.849956e+00,"Ma(d3,d4)",2D,closed,0,0,1,-5,0,d3,1.6840
6.849956e+00,"Ma(d3,d4)",2D,closed,0,0,1,8,0,d3,1.6840
6.849956e+00,"Ma(d3,d4)",2D,closed,0,0,-1,-10,0,d3,1.6840
6.849956e+00,"Ma(d3,d4)",2D,closed,0,0,-1,-9,0,d3,1.6840
6.849956e+00,"Ma(d3,d4)",2D,closed,0,0,-1,6,0,d3,1.6840
6.849956e+00,"Ma(d3,d4)",2D,closed,0,0,1,-6,0,d3,1.6840
6.849956e+00,"Ma(d3,d4)",2D,closed,0,0,1,9,0,d3,1.6840
6.849956e+00,"Ma(d3,d4)",2D,closed,0,0,1,10,0,d3,1.6840
6.849956e+00,"Ma(d3,d4)",2D,closed,0,0,-1,7,0,d3,1.6840
6.849956e+00,"Ma(d3,d4)",2D,closed,0,0,1,-7,0,d3,1.6840
6.849956e+00,"Ma(d3,d4)",2D,closed,0,0,-1,-11,0,d3,1.6840
6.849956e+00,"Ma(d3,d4)",2D,closed,0,0,-1,8,0,d3,1.6840
6.849956e+00,"Ma(d3,d4)",2D,closed,0,0,1,-8,0,d3,1.6840
6.849956e+00,"Ma(d3,d4)",2D,closed,0,0,1,11,0,d3,1.6840
6.849956e+00,"Ma(d3,d4)",2D,closed,0,0,-1,-12,0,d3,1.6840
6.849956e+00,"Ma(d3,d4)",2D,closed,0,0,-1,9,0,d3,1.6840
6.849956e+00,"Ma(d3,d4)",2D,closed,0,0,1,-9,0,d3,1.6840
6.849956e+00,"Ma(d3,d4)",2D,closed,0,0,1,12,0,d3,1.6840
6.849956e+00,"Ma(d3,d4)",2D,closed,0,0,-1,-13,0,d3,1.6840
6.849956e+00,"Ma(d3,d4)",2D,closed,0,0,-1,10,0,d3,1.6840
6.849956e+00,"Ma(d3,d4)",2D,closed,0,0,1,-10,0,d3,1.6840
6.849956e+00,"Ma(d3,d4)",2D,closed,0,0,1,13,0,d3,1.6840
6.849956e+00,"Ma(d3,d4)",2D,closed,0,0,-1,-14,0,d3,1.6840
6.849956e+00,"Ma(d3,d4)",2D,closed,0,0,-1,11,0,d3,1.6840
6.849956e+00,"Ma(d3,d4)",2D,closed,0,0,1,-11,0,d3,1.6840
6.849956e+00,"Ma(d3,d4)",2D,closed,0,0,1,14,0,d3,1.6840
6.849956e+00,"Ma(d3,d4)",2D,closed,0,0,-1,-15,0,d3,1.6840
6.849956e+00,"Ma(d3,d4)",2D,closed,0,0,1,15,0,d3,1.6840
6.849956e+00,"Ma(d3,d4)",2D,closed,0,0,-1,12,0,d3,1.6840
6.849956e+00,"Ma(d3,d4)",2D,closed,0,0,1,-12,0,d3,1.6840
6.849956e+00,"Ma(d3,d4)",2D,closed,0,0,-1,-16,0,d3,1.6840
6.849956e+00,"Ma(d3,d4)",2D,closed,0,0,-1,13,0,d3,1.6840
6.849956e+00,"Ma(d3,d4)",2D,closed,0,0,1,-13,0,d3,1.6840
6.849956e+00,"Ma(d3,d4)",2D,closed,0,0,1,16,0,d3,1.6840
6.849956e+00,"Ma(d3,d4)",2D,closed,0,0,-1,-17,0,d3,1.6840
6.849956e+00,"Ma(d3,d4)",2D,closed,0,0,1,17,0,d3,1.6840
6.849956e+00,"Ma(d3,d4)",2D,closed,0,0,-1,14,0,d3,1.6840
6.849956e+00,"Ma(d3,d4)",2D,closed,0,0,1,-14,0,d3,1.6840
6.849956e+00,"Ma(d3,d4)",2D,closed,0,0,-1,-18,0,d3,1.6840
6.849956e+00,"Ma(d3,d4)",2D,closed,0,0,1,18,0,d3,1.6840
6.849956e+00,"Ma(d3,d4)",2D,closed,0,0,-1,15,0,d3,1.6840
6.849956e+00,"Ma(d3,d4)",2D,closed,0,0,1,-15,0,d3,1.6840
6.849956e+00,"Ma(d3,d4)",2D,closed,0,0,-1,-19,0,d3,1.6840
6.849956e+00,"Ma(d3,d4)",2D,closed,0,0,1,19,0,d3,1.6840
6.849956e+00,"Ma(d3,d4)",2D,closed,0,0,-1,16,0,d3,1.6840
6.849956e+00,"Ma(d3,d4)",2D,closed,0,0,1,-16,0,d3,1.6840
6.849956e+00,"Ma(d3,d4)",2D,closed,0,0,-1,-20,0,d3,1.6840
6.849956e+00,"Ma(d3,d4)",2D,closed,0,0,1,20,0,d3,1.6840
6.849956e+00,"Ma(d3,d4)",2D,closed,0,0,-1,17,0,d3,1.6840
6.849956e+00,"Ma(d3,d4)",2D,closed,0,0,1,-17,0,d3,1.6840
6.849956e+00,"Ma(d3,d4)",2D,closed,0,0,-1,18,0,d3,1.6840
6.849956e+00,"Ma(d3,d4)",2D,closed,0,0,1,-18,0,d3,1.6840
6.849956e+00,"Ma(d3,d4)",2D,closed,0,0,-1,19,0,d3,1.6840
6.849956e+00,"Ma(d3,d4)",2D,closed,0,0,1,-19,0,d3,1.6840
6.849956e+00,"Ma(d3,d4)",2D,closed,0,0,-1,20,0,d3,1.6840
6.849956e+00,"Ma(d3,d4)",2D,closed,0,0,1,-20,0,d3,1.6840
8.658344e+00,"Ma(d3,d4)",2D,closed,0,0,-8,-4,0,d4,1.6840
8.658344e+00,"Ma(d3,d4)",2D,closed,0,0,8,4,0,d4,1.6840
9.014542e+00,"Ma(d3,d4)",2D,closed,0,0,-3,-1,0,d4,1.6840
9.014542e+00,"Ma(d3,d4)",2D,closed,0,0,3,1,0,d4,1.6840
9.370739e+00,"Ma(d3,d4)",2D,closed,0,0,-2,-2,0,d4,1.6840
9.370739e+00,"Ma(d3,d4)",2D,closed,0,0,2,2,0,d4,1.6840
1.082293e+01,"Ma(d3,d4)",2D,closed,0,0,-10,-5,0,d4,1.6840
1.082293e+01,"Ma(d3,d4)",2D,closed,0,0,10,5,0,d4,1.6840
1.298752e+01,"Ma(d3,d4)",2D,closed,0,0,-12,-6,0,d4,1.6840
1.298752e+01,"Ma(d3,d4)",2D,closed,0,0,12,6,0,d4,1.6840
1.369991e+01,"Ma(d3,d5)",2D,closed,0,0,-6,0,-2,d5,2.0000
1.369991e+01,"Ma(d3,d5)",2D,closed,0,0,-4,0,-1,d5,2.0000
1.369991e+01,"Ma(d3,d4)",2D,closed,0,0,-2,-8,0,d3,1.6840
1.369991e+01,"Ma(d3,d4)",2D,closed,0,0,-2,-6,0,d3,1.6840
1.369991e+01,"Ma(d3,d4)",2D,closed,0,0,-2,-4,0,d3,1.6840
1.369991e+01,"Ma(d3,d4)",2D,closed,0,0,-2,-2,0,d3,1.6840
1.369991e+01,"Ma(d3,d5)",2D,closed,0,0,-2,0,-20,d3,2.0000
1.369991e+01,"Ma(d3,d5)",2D,closed,0,0,-2,0,-18,d3,2.0000
1.369991e+01,"Ma(d3,d5)",2D,closed,0,0,-2,0,-16,d3,2.0000
1.369991e+01,"Ma(d3,d5)",2D,closed,0,0,-2,0,-14,d3,2.0000
1.369991e+01,"Ma(d3,d5)",2D,closed,0,0,-2,0,-12,d3,2.0000
1.369991e+01,"Ma(d3,d5)",2D,closed,0,0,-2,0,-10,d3,2.0000
1.369991e+01,"Ma(d3,d5)",2D,closed,0,0,-2,0,-8,d3,2.0000
1.369991e+01,"Ma(d3,d5)",2D,closed,0,0,-2,0,-6,d3,2.0000
1.369991e+01,"Ma(d3,d5)",2D,closed,0,0,-2,0,-4,d3,2.0000
1.369991e+01,"Ma(d3,d5)",2D,closed,0,0,-2,0,-2,d3,2.0000
1.369991e+01,"Ma(d3,d5)",2D,closed,0,0,-2,0,-2,d5,2.0000
1.369991e+01,Ma(d3),1D,closed,0,0,-2,0,0,,
1.369991e+01,"Ma(d3,d5)",2D,closed,0,0,-2,0,2,d3,2.0000
1.369991e+01,"Ma(d3,d5)",2D,closed,0,0,-2,0,4,d3,2.0000
1.369991e+01,"Ma(d3,d5)",2D,closed,0,0,-2,0,6,d3,2.0000
1.369991e+01,"Ma(d3,d5)",2D,closed,0,0,-2,0,8,d3,2.0000
1.369991e+01,"Ma(d3,d5)",2D,closed,0,0,-2,0,10,d3,2.0000
1.369991e+01,"Ma(d3,d5)",2D,closed,0,0,-2,0,12,d3,2.0000
1.369991e+01,"Ma(d3,d5)",2D,closed,0,0,-2,0,14,d3,2.0000
1.369991e+01,"Ma(d3,d5)",2D,closed,0,0,2,0,-14,d3,2.0000
1.369991e+01,"Ma(d3,d5)",2D,closed,0,0,2,0,-12,d3,2.0000
1.369991e+01,"Ma(d3,d5)",2D,closed,0,0,2,0,-10,d3,2.0000
1.369991e+01,"Ma(d3,d5)",2D,closed,0,0,2,0,-8,d3,2.0000
1.369991e+01,"Ma(d3,d5)",2D,closed,0,0,2,0,-6,d3,2.0000
1.369991e+01,"Ma(d3,d5)",2D,closed,0,0,2,0,-4,d3,2.0000
1.369991e+01,"Ma(d3,d5)",2D,closed,0,0,2,0,-2,d3,2.0000
1.369991e+01,Ma(d3),1D,closed,0,0,2,0,0,,
1.369991e+01,"Ma(d3,d5)",2D,closed,0,0,2,0,2,d3,2.0000
1.369991e+01,"Ma(d3,d5)",2D,closed,0,0,2,0,2,d5,2.0000
1.369991e+01,"Ma(d3,d5)",2D,closed,0,0,2,0,4,d3,2.0000
1.369991e+01,"Ma(d3,d5)",2D,closed,0,0,2,0,6,d3,2.0000
1.369991e+01,"Ma(d3,d5)",2D,closed,0,0,2,0,8,d3,2.0000
1.369991e+01,"Ma(d3,d5)",2D,closed,0,0,2,0,10,d3,2.0000
1.369991e+01,"Ma(d3,d5)",2D,closed,0,0,2,0,12,d3,2.0000
1.369991e+01,"Ma(d3,d5)",2D,closed,0,0,2,0,14,d3,2.0000
1.369991e+01,"Ma(d3,d5)",2D,closed,0,0,2,0,16,d3,2.0000
1.369991e+01,"Ma(d3,d5)",2D,closed,0,0,2,0,18,d3,2.0000
1.369991e+01,"Ma(d3,d5)",2D,closed,0,0,2,0,20,d3,2.0000
1.369991e+01,"Ma(d3,d4)",2D,closed,0,0,2,2,0,d3,1.6840
1.369991e+01,"Ma(d3,d4)",2D,closed,0,0,2,4,0,d3,1.6840
1.369991e+01,"Ma(d3,d4)",2D,closed,0,0,2,6,0,d3,1.6840
1.369991e+01,"Ma(d3,d4)",2D,closed,0,0,2,8,0,d3,1.6840
1.369991e+01,"Ma(d3,d5)",2D,closed,0,0,4,0,1,d5,2.0000
1.369991e+01,"Ma(d3,d5)",2D,closed,0,0,6,0,2,d5,2.0000
1.369991e+01,"Ma(d3,d4)",2D,closed,0,0,-2,-12,0,d3,1.6840
1.369991e+01,"Ma(d3,d4)",2D,closed,0,0,-2,-10,0,d3,1.6840
1.369991e+01,"Ma(d3,d5)",2D,closed,0,0,-2,0,16,d3,2.0000
1.369991e+01,"Ma(d3,d5)",2D,closed,0,0,-2,0,18,d3,2.0000
1.369991e+01,"Ma(d3,d5)",2D,closed,0,0,-2,0,20,d3,2.0000
1.369991e+01,"Ma(d3,d4)",2D,closed,0,0,-2,2,0,d3,1.6840
1.369991e+01,"Ma(d3,d4)",2D,closed,0,0,-2,4,0,d3,1.6840
1.369991e+01,"Ma(d3,d4)",2D,closed,0,0,-2,6,0,d3,1.6840
1.369991e+01,"Ma(d3,d4)",2D,closed,0,0,2,-6,0,d3,1.6840
1.369991e+01,"Ma(d3,d4)",2D,closed,0,0,2,-4,0,d3,1.6840
1.369991e+01,"Ma(d3,d4)",2D,closed,0,0,2,-2,0,d3,1.6840
1.369991e+01,"Ma(d3,d5)",2D,closed,0,0,2,0,-20,d3,2.0000
1.369991e+01,"Ma(d3,d5)",2D,closed,0,0,2,0,-18,d3,2.0000
1.369991e+01,"Ma(d3,d5)",2D,closed,0,0,2,0,-16,d3,2.0000
1.369991e+01,"Ma(d3,d4)",2D,closed,0,0,2,10,0,d3,1.6840
1.369991e+01,"Ma(d3,d4)",2D,closed,0,0,2,12,0,d3,1.6840
1.369991e+01,"Ma(d3,d4)",2D,closed,0,0,-2,-14,0,d3,1.6840
1.369991e+01,"Ma(d3,d4)",2D,closed,0,0,-2,8,0,d3,1.6840
1.369991e+01,"Ma(d3,d4)",2D,closed,0,0,2,-8,0,d3,1.6840
1.369991e+01,"Ma(d3,d4)",2D,closed,0,0,2,14,0,d3,1.6840
1.369991e+01,"Ma(d3,d4)",2D,closed,0,0,-2,-16,0,d3,1.6840
1.369991e+01,"Ma(d3,d4)",2D,closed,0,0,-2,10,0,d3,1.6840
1.369991e+01,"Ma(d3,d4)",2D,closed,0,0,2,-10,0,d3,1.6840
1.369991e+01,"Ma(d3,d4)",2D,closed,0,0,2,16,0,d3,1.6840
1.369991e+01,"Ma(d3,d4)",2D,closed,0,0,-2,-20,0,d3,1.6840
1.369991e+01,"Ma(d3,d4)",2D,closed,0,0,-2,-18,0,d3,1.6840
1.369991e+01,"Ma(d3,d4)",2D,closed,0,0,-2,12,0,d3,1.6840
1.369991e+01,"Ma(d3,d4)",2D,closed,0,0,2,-12,0,d3,1.6840
1.369991e+01,"Ma(d3,d4)",2D,closed,0,0,2,18,0,d3,1.6840
1.369991e+01,"Ma(d3,d4)",2D,closed,0,0,2,20,0,d3,1.6840
1.369991e+01,"Ma(d3,d4)",2D,closed,0,0,-2,14,0,d3,1.6840
1.369991e+01,"Ma(d3,d4)",2D,closed,0,0,2,-14,0,d3,1.6840
1.369991e+01,"Ma(d3,d4)",2D,closed,0,0,-2,16,0,d3,1.6840
1.369991e+01,"Ma(d3,d4)",2D,closed,0,0,2,-16,0,d3,1.6840
1.369991e+01,"Ma(d3,d4)",2D,closed,0,0,-2,18,0,d3,1.6840
1.369991e+01,"Ma(d3,d4)",2D,closed,0,0,2,-18,0,d3,1.6840
1.369991e+01,"Ma(d3,d4)",2D,closed,0,0,-2,20,0,d3,1.6840
1.369991e+01,"Ma(d3,d4)",2D,closed,0,0,2,-20,0,d3,1.6840
1.405611e+01,"Ma(d3,d4)",2D,closed,0,0,-3,-3,0,d4,1.6840
1.405611e+01,"Ma(d3,d4)",2D,closed,0,0,3,3,0,d4,1.6840
1.515210e+01,"Ma(d3,d4)",2D,closed,0,0,-14,-7,0,d4,1.6840
1.515210e+01,"Ma(d3,d4)",2D,closed,0,0,14,7,0,d4,1.6840
1.586450e+01,"Ma(d3,d4)",2D,closed,0,0,-4,-1,0,d4,1.6840
1.586450e+01,"Ma(d3,d4)",2D,closed,0,0,4,1,0,d4,1.6840
1.731669e+01,"Ma(d3,d4)",2D,closed,0,0,-16,-8,0,d4,1.6840
1.731669e+01,"Ma(d3,d4)",2D,closed,0,0,16,8,0,d4,1.6840
1.802908e+01,"Ma(d3,d4)",2D,closed,0,0,-6,-2,0,d4,1.6840
1.802908e+01,"Ma(d3,d4)",2D,closed,0,0,6,2,0,d4,1.6840
1.838528e+01,"Ma(d3,d4)",2D,closed,0,0,-1,1,0,d4,1.6840
1.838528e+01,"Ma(d3,d4)",2D,closed,0,0,1,-1,0,d4,1.6840
1.874148e+01,"Ma(d3,d4)",2D,closed,0,0,-4,-4,0,d4,1.6840
1.874148e+01,"Ma(d3,d4)",2D,closed,0,0,4,4,0,d4,1.6840
1.948127e+01,"Ma(d3,d4)",2D,closed,0,0,-18,-9,0,d4,1.6840
1.948127e+01,"Ma(d3,d4)",2D,closed,0,0,18,9,0,d4,1.6840
2.054987e+01,Ma(d3),1D,closed,0,0,-3,0,0,,
2.054987e+01,Ma(d3),1D,closed,0,0,3,0,0,,
2.054987e+01,"Ma(d3,d5)",2D,closed,0,0,-9,0,-3,d5,2.0000
2.054987e+01,"Ma(d3,d5)",2D,closed,0,0,-5,0,-1,d5,2.0000
2.054987e+01,"Ma(d3,d4)",2D,closed,0,0,-3,-15,0,d3,1.6840
2.054987e+01,"Ma(d3,d4)",2D,closed,0,0,-3,-12,0,d3,1.6840
2.054987e+01,"Ma(d3,d4)",2D,closed,0,0,-3,-9,0,d3,1.6840
2.054987e+01,"Ma(d3,d4)",2D,closed,0,0,-3,-6,0,d3,1.6840
2.054987e+01,"Ma(d3,d4)",2D,closed,0,0,-3,-3,0,d3,1.6840
2.054987e+01,"Ma(d3,d5)",2D,closed,0,0,-3,0,-18,d3,2.0000
2.054987e+01,"Ma(d3,d5)",2D,closed,0,0,-3,0,-15,d3,2.0000
2.054987e+01,"Ma(d3,d5)",2D,closed,0,0,-3,0,-12,d3,2.0000
2.054987e+01,"Ma(d3,d5)",2D,closed,0,0,-3,0,-9,d3,2.0000
2.054987e+01,"Ma(d3,d5)",2D,closed,0,0,-3,0,-6,d3,2.0000
2.054987e+01,"Ma(d3,d5)",2D,closed,0,0,-3,0,-3,d3,2.0000
2.054987e+01,"Ma(d3,d5)",2D,closed,0,0,-3,0,-3,d5,2.0000
2.054987e+01,"Ma(d3,d5)",2D,closed,0,0,-3,0,3,d3,2.0000
2.054987e+01,"Ma(d3,d5)",2D,closed,0,0,-3,0,6,d3,2.0000
2.054987e+01,"Ma(d3,d5)",2D,closed,0,0,-3,0,9,d3,2.0000
2.054987e+01,"Ma(d3,d5)",2D,closed,0,0,-3,0,12,d3,2.0000
2.054987e+01,"Ma(d3,d5)",2D,closed,0,0,-3,0,15,d3,2.0000
2.054987e+01,"Ma(d3,d5)",2D,closed,0,0,-3,0,18,d3,2.0000
2.054987e+01,"Ma(d3,d4)",2D,closed,0,0,-3,3,0,d3,1.6840
2.054987e+01,"Ma(d3,d4)",2D,closed,0,0,-3,6,0,d3,1.6840
2.054987e+01,"Ma(d3,d5)",2D,closed,0,0,-1,0,1,d5,2.0000
2.054987e+01,"Ma(d3,d5)",2D,closed,0,0,1,0,-1,d5,2.0000
2.054987e+01,"Ma(d3,d4)",2D,closed,0,0,3,-6,0,d3,1.6840
2.054987e+01,"Ma(d3,d4)",2D,closed,0,0,3,-3,0,d3,1.6840
2.054987e+01,"Ma(d3,d5)",2D,closed,0,0,3,0,-18,d3,2.0000
2.054987e+01,"Ma(d3,d5)",2D,closed,0,0,3,0,-15,d3,2.0000
2.054987e+01,"Ma(d3,d5)",2D,closed,0,0,3,0,-12,d3,2.0000
2.054987e+01,"Ma(d3,d5)",2D,closed,0,0,3,0,-9,d3,2.0000
2.054987e+01,"Ma(d3,d5)",2D,closed,0,0,3,0,-6,d3,2.0000
2.054987e+01,"Ma(d3,d5)",2D,closed,0,0,3,0,-3,d3,2.0000
2.054987e+01,"Ma(d3,d5)",2D,closed,0,0,3,0,3,d3,2.0000
2.054987e+01,"Ma(d3,d5)",2D,closed,0,0,3,0,3,d5,2.0000
2.054987e+01,"Ma(d3,d5)",2D,closed,0,0,3,0,6,d3,2.0000
2.054987e+01,"Ma(d3,d5)",2D,closed,0,0,3,0,9,d3,2.0000
2.054987e+01,"Ma(d3,d5)",2D,closed,0,0,3,0,12,d3,2.0000
2.054987e+01,"Ma(d3,d5)",2D,closed,0,0,3,0,15,d3,2.0000
2.054987e+01,"Ma(d3,d5)",2D,closed,0,0,3,0,18,d3,2.0000
2.054987e+01,"Ma(d3,d4)",2D,closed,0,0,3,3,0,d3,1.6840
2.054987e+01,"Ma(d3,d4)",2D,closed,0,0,3,6,0,d3,1.6840
2.054987e+01,"Ma(d3,d4)",2D,closed,0,0,3,9,0,d3,1.6840
2.054987e+01,"Ma(d3,d4)",2D,closed,0,0,3,12,0,d3,1.6840
2.054987e+01,"Ma(d3,d4)",2D,closed,0,0,3,15,0,d3,1.6840
2.054987e+01,"Ma(d3,d5)",2D,closed,0,0,5,0,1,d5,2.0000
2.054987e+01,"Ma(d3,d5)",2D,closed,0,0,9,0,3,d5,2.0000
2.054987e+01,"Ma(d3,d4)",2D,closed,0,0,-3,-18,0,d3,1.6840
2.054987e+01,"Ma(d3,d4)",2D,closed,0,0,-3,9,0,d3,1.6840
2.054987e+01,"Ma(d3,d4)",2D,closed,0,0,-3,12,0,d3,1.6840
2.054987e+01,"Ma(d3,d4)",2D,closed,0,0,3,-12,0,d3,1.6840
2.054987e+01,"Ma(d3,d4)",2D,closed,0,0,3,-9,0,d3,1.6840
2.054987e+01,"Ma(d3,d4)",2D,closed,0,0,3,18,0,d3,1.6840
2.054987e+01,"Ma(d3,d4)",2D,closed,0,0,-3,15,0,d3,1.6840
2.054987e+01,"Ma(d3,d4)",2D,closed,0,0,3,-15,0,d3,1.6840
2.054987e+01,"Ma(d3,d4)",2D,closed,0,0,-3,18,0,d3,1.6840
2.054987e+01,"Ma(d3,d4)",2D,closed,0,0,3,-18,0,d3,1.6840
2.164586e+01,"Ma(d3,d4)",2D,closed,0,0,-20,-10,0,d4,1.6840
2.164586e+01,"Ma(d3,d4)",2D,closed,0,0,20,10,0,d4,1.6840
2.271445e+01,"Ma(d3,d4)",2D,closed,0,0,-5,-1,0,d4,1.6840
2.271445e+01,"Ma(d3,d4)",2D,closed,0,0,5,1,0,d4,1.6840
2.342685e+01,"Ma(d3,d4)",2D,closed,0,0,-5,-5,0,d4,1.6840
2.342685e+01,"Ma(d3,d4)",2D,closed,0,0,5,5,0,d4,1.6840
2.523524e+01,"Ma(d3,d4)",2D,closed,0,0,-2,1,0,d4,1.6840
2.523524e+01,"Ma(d3,d4)",2D,closed,0,0,2,-1,0,d4,1.6840
2.704363e+01,"Ma(d3,d4)",2D,closed,0,0,-9,-3,0,d4,1.6840
2.704363e+01,"Ma(d3,d4)",2D,closed,0,0,9,3,0,d4,1.6840
2.739982e+01,"Ma(d3,d5)",2D,closed,0,0,-12,0,-4,d5,2.0000
2.739982e+01,"Ma(d3,d5)",2D,closed,0,0,-8,0,-2,d5,2.0000
2.739982e+01,"Ma(d3,d5)",2D,closed,0,0,-6,0,-1,d5,2.0000
2.739982e+01,"Ma(d3,d4)",2D,closed,0,0,-4,-16,0,d3,1.6840
2.739982e+01,"Ma(d3,d4)",2D,closed,0,0,-4,-12,0,d3,1.6840
2.739982e+01,"Ma(d3,d4)",2D,closed,0,0,-4,-8,0,d3,1.6840
2.739982e+01,"Ma(d3,d4)",2D,closed,0,0,-4,-4,0,d3,1.6840
2.739982e+01,"Ma(d3,d5)",2D,closed,0,0,-4,0,-20,d3,2.0000
2.739982e+01,"Ma(d3,d5)",2D,closed,0,0,-4,0,-16,d3,2.0000
2.739982e+01,"Ma(d3,d5)",2D,closed,0,0,-4,0,-12,d3,2.0000
2.739982e+01,"Ma(d3,d5)",2D,closed,0,0,-4,0,-8,d3,2.0000
2.739982e+01,"Ma(d3,d5)",2D,closed,0,0,-4,0,-4,d3,2.0000
2.739982e+01,"Ma(d3,d5)",2D,closed,0,0,-4,0,-4,d5,2.0000
2.739982e+01,Ma(d3),1D,closed,0,0,-4,0,0,,
2.739982e+01,"Ma(d3,d5)",2D,closed,0,0,-4,0,4,d3,2.0000
2.739982e+01,"Ma(d3,d5)",2D,closed,0,0,-4,0,8,d3,2.0000
2.739982e+01,"Ma(d3,d5)",2D,closed,0,0,-4,0,12,d3,2.0000
2.739982e+01,"Ma(d3,d5)",2D,closed,0,0,-4,0,16,d3,2.0000
2.739982e+01,"Ma(d3,d5)",2D,closed,0,0,-4,0,20,d3,2.0000
2.739982e+01,"Ma(d3,d5)",2D,closed,0,0,-2,0,1,d5,2.0000
2.739982e+01,"Ma(d3,d5)",2D,closed,0,0,2,0,-1,d5,2.0000
2.739982e+01,"Ma(d3,d5)",2D,closed,0,0,4,0,-20,d3,2.0000
2.739982e+01,"Ma(d3,d5)",2D,closed,0,0,4,0,-16,d3,2.0000
2.739982e+01,"Ma(d3,d5)",2D,closed,0,0,4,0,-12,d3,2.0000
2.739982e+01,"Ma(d3,d5)",2D,closed,0,0,4,0,-8,d3,2.0000
2.739982e+01,"Ma(d3,d5)",2D,closed,0,0,4,0,-4,d3,2.0000
2.739982e+01,Ma(d3),1D,closed,0,0,4,0,0,,
2.739982e+01,"Ma(d3,d5)",2D,closed,0,0,4,0,4,d3,2.0000
2.739982e+01,"Ma(d3,d5)",2D,closed,0,0,4,0,4,d5,2.0000
2.739982e+01,"Ma(d3,d5)",2D,closed,0,0,4,0,8,d3,2.0000
2.739982e+01,"Ma(d3,d5)",2D,closed,0,0,4,0,12,d3,2.0000
2.739982e+01,"Ma(d3,d5)",2D,closed,0,0,4,0,16,d3,2.0000
2.739982e+01,"Ma(d3,d5)",2D,closed,0,0,4,0,20,d3,2.0000
2.739982e+01,"Ma(d3,d4)",2D,closed,0,0,4,4,0,d3,1.6840
2.739982e+01,"Ma(d3,d4)",2D,closed,0,0,4,8,0,d3,1.6840
2.739982e+01,"Ma(d3,d4)",2D,closed,0,0,4,12,0,d3,1.6840
2.739982e+01,"Ma(d3,d4)",2D,closed,0,0,4,16,0,d3,1.6840
2.739982e+01,"Ma(d3,d5)",2D,closed,0,0,6,0,1,d5,2.0000
2.739982e+01,"Ma(d3,d5)",2D,closed,0,0,8,0,2,d5,2.0000
2.739982e+01,"Ma(d3,d5)",2D,closed,0,0,12,0,4,d5,2.0000
2.739982e+01,"Ma(d3,d4)",2D,closed,0,0,-4,-20,0,d3,1.6840
2.739982e+01,"Ma(d3,d4)",2D,closed,0,0,-4,4,0,d3,1.6840
2.739982e+01,"Ma(d3,d4)",2D,closed,0,0,-4,8,0,d3,1.6840
2.739982e+01,"Ma(d3,d4)",2D,closed,0,0,-4,12,0,d3,1.6840
2.739982e+01,"Ma(d3,d4)",2D,closed,0,0,4,-12,0,d3,1.6840
2.739982e+01,"Ma(d3,d4)",2D,closed,0,0,4,-8,0,d3,1.6840
2.739982e+01,"Ma(d3,d4)",2D,closed,0,0,4,-4,0,d3,1.6840
2.739982e+01,"Ma(d3,d4)",2D,closed,0,0,4,20,0,d3,1.6840
2.739982e+01,"Ma(d3,d4)",2D,closed,0,0,-4,16,0,d3,1.6840
2.739982e+01,"Ma(d3,d4)",2D,closed,0,0,4,-16,0,d3,1.6840
2.739982e+01,"Ma(d3,d4)",2D,closed,0,0,-4,20,0,d3,1.6840
2.739982e+01,"Ma(d3,d4)",2D,closed,0,0,4,-20,0,d3,1.6840
2.811222e+01,"Ma(d3,d4)",2D,closed,0,0,-6,-6,0,d4,1.6840
2.811222e+01,"Ma(d3,d4)",2D,closed,0,0,6,6,0,d4,1.6840
2.956441e+01,"Ma(d3,d4)",2D,closed,0,0,-6,-1,0,d4,1.6840
2.956441e+01,"Ma(d3,d4)",2D,closed,0,0,6,1,0,d4,1.6840
3.172899e+01,"Ma(d3,d4)",2D,closed,0,0,-8,-2,0,d4,1.6840
3.172899e+01,"Ma(d3,d4)",2D,closed,0,0,8,2,0,d4,1.6840
3.208519e+01,"Ma(d3,d4)",2D,closed,0,0,-3,1,0,d4,1.6840
3.208519e+01,"Ma(d3,d4)",2D,closed,0,0,3,-1,0,d4,1.6840
3.279759e+01,"Ma(d3,d4)",2D,closed,0,0,-7,-7,0,d4,1.6840
3.279759e+01,"Ma(d3,d4)",2D,closed,0,0,7,7,0,d4,1.6840
3.340891e+01,"Ma(d2,d3)",2D,closed,0,-2,-1,0,0,d3,1.9760
3.340891e+01,"Ma(d2,d3)",2D,closed,0,2,1,0,0,d3,1.9760
3.424978e+01,"Ma(d3,d5)",2D,closed,0,0,-15,0,-5,d5,2.0000
3.424978e+01,"Ma(d3,d5)",2D,closed,0,0,-7,0,-1,d5,2.0000
3.424978e+01,"Ma(d3,d4)",2D,closed,0,0,-5,-15,0,d3,1.6840
3.424978e+01,"Ma(d3,d4)",2D,closed,0,0,-5,-10,0,d3,1.6840
3.424978e+01,"Ma(d3,d4)",2D,closed,0,0,-5,-5,0,d3,1.6840
3.424978e+01,"Ma(d3,d5)",2D,closed,0,0,-5,0,-20,d3,2.0000
3.424978e+01,"Ma(d3,d5)",2D,closed,0,0,-5,0,-15,d3,2.0000
3.424978e+01,"Ma(d3,d5)",2D,closed,0,0,-5,0,-10,d3,2.0000
3.424978e+01,"Ma(d3,d5)",2D,closed,0,0,-5,0,-5,d3,2.0000
3.424978e+01,"Ma(d3,d5)",2D,closed,0,0,-5,0,-5,d5,2.0000
3.424978e+01,"Ma(d3,d5)",2D,closed,0,0,-5,0,5,d3,2.0000
3.424978e+01,"Ma(d3,d5)",2D,closed,0,0,-5,0,10,d3,2.0000
3.424978e+01,"Ma(d3,d5)",2D,closed,0,0,-5,0,15,d3,2.0000
3.424978e+01,"Ma(d3,d5)",2D,closed,0,0,-5,0,20,d3,2.0000
3.424978e+01,"Ma(d3,d5)",2D,closed,0,0,-3,0,1,d5,2.0000
3.424978e+01,"Ma(d3,d5)",2D,closed,0,0,3,0,-1,d5,2.0000
3.424978e+01,"Ma(d3,d5)",2D,closed,0,0,5,0,-20,d3,2.0000
3.424978e+01,"Ma(d3,d5)",2D,closed,0,0,5,0,-15,d3,2.0000
3.424978e+01,"Ma(d3,d5)",2D,closed,0,0,5,0,-10,d3,2.0000
3.424978e+01,"Ma(d3,d5)",2D,closed,0,0,5,0,-5,d3,2.0000
3.424978e+01,"Ma(d3,d5)",2D,closed,0,0,5,0,5,d3,2.0000
3.424978e+01,"Ma(d3,d5)",2D,closed,0,0,5,0,5,d5,2.0000
3.424978e+01,"Ma(d3,d5)",2D,closed,0,0,5,0,10,d3,2.0000
3.424978e+01,"Ma(d3,d5)",2D,closed,0,0,5,0,15,d3,2.0000
3.424978e+01,"Ma(d3,d5)",2D,closed,0,0,5,0,20,d3,2.0000
3.424978e+01,"Ma(d3,d4)",2D,closed,0,0,5,5,0,d3,1.6840
3.424978e+01,"Ma(d3,d4)",2D,closed,0,0,5,10,0,d3,1.6840
3.424978e+01,"Ma(d3,d4)",2D,closed,0,0,5,15,0,d3,1.6840
3.424978e+01,"Ma(d3,d5)",2D,closed,0,0,7,0,1,d5,2.0000
3.424978e+01,"Ma(d3,d5)",2D,closed,0,0,15,0,5,d5,2.0000
3.424978e+01,"Ma(d3,d4)",2D,closed,0,0,-5,-20,0,d3,1.6840
3.424978e+01,Ma(d3),1D,closed,0,0,-5,0,0,,
3.424978e+01,"Ma(d3,d4)",2D,closed,0,0,-5,5,0,d3,1.6840
3.424978e+01,"Ma(d3,d4)",2D,closed,0,0,-5,10,0,d3,1.6840
3.424978e+01,"Ma(d3,d4)",2D,closed,0,0,5,-10,0,d3,1.6840
3.424978e+01,"Ma(d3,d4)",2D,closed,0,0,5,-5,0,d3,1.6840
3.424978e+01,Ma(d3),1D,closed,0,0,5,0,0,,
3.424978e+01,"Ma(d3,d4)",2D,closed,0,0,5,20,0,d3,1.6840
3.424978e+01,"Ma(d3,d4)",2D,closed,0,0,-5,15,0,d3,1.6840
3.424978e+01,"Ma(d3,d4)",2D,closed,0,0,-5,20,0,d3,1.6840
3.424978e+01,"Ma(d3,d4)",2D,closed,0,0,5,-20,0,d3,1.6840
3.424978e+01,"Ma(d3,d4)",2D,closed,0,0,5,-15,0,d3,1.6840
3.605817e+01,"Ma(d3,d4)",2D,closed,0,0,-12,-4,0,d4,1.6840
3.605817e+01,"Ma(d3,d4)",2D,closed,0,0,12,4,0,d4,1.6840
3.641436e+01,"Ma(d3,d4)",2D,closed,0,0,-7,-1,0,d4,1.6840
3.641436e+01,"Ma(d3,d4)",2D,closed,0,0,7,1,0,d4,1.6840
3.677056e+01,"Ma(d3,d4)",2D,closed,0,0,-2,2,0,d4,1.6840
3.677056e+01,"Ma(d3,d4)",2D,closed,0,0,2,-2,0,d4,1.6840
3.748296e+01,"Ma(d3,d4)",2D,closed,0,0,-8,-8,0,d4,1.6840
3.748296e+01,"Ma(d3,d4)",2D,closed,0,0,8,8,0,d4,1.6840
3.893515e+01,"Ma(d3,d4)",2D,closed,0,0,-4,1,0,d4,1.6840
3.893515e+01,"Ma(d3,d4)",2D,closed,0,0,4,-1,0,d4,1.6840
4.109973e+01,Ma(d3),1D,closed,0,0,-6,0,0,,
4.109973e+01,Ma(d3),1D,closed,0,0,6,0,0,,
4.109973e+01,"Ma(d3,d5)",2D,closed,0,0,-18,0,-6,d5,2.0000
4.109973e+01,"Ma(d3,d5)",2D,closed,0,0,-12,0,-3,d5,2.0000
4.109973e+01,"Ma(d3,d5)",2D,closed,0,0,-10,0,-2,d5,2.0000
4.109973e+01,"Ma(d3,d5)",2D,closed,0,0,-8,0,-1,d5,2.0000
4.109973e+01,"Ma(d3,d4)",2D,closed,0,0,-6,-18,0,d3,1.6840
4.109973e+01,"Ma(d3,d4)",2D,closed,0,0,-6,-12,0,d3,1.6840
4.109973e+01,"Ma(d3,d4)",2D,closed,0,0,-6,-6,0,d3,1.6840
4.109973e+01,"Ma(d3,d5)",2D,closed,0,0,-6,0,-18,d3,2.0000
4.109973e+01,"Ma(d3,d5)",2D,closed,0,0,-6,0,-12,d3,2.0000
4.109973e+01,"Ma(d3,d5)",2D,closed,0,0,-6,0,-6,d3,2.0000
4.109973e+01,"Ma(d3,d5)",2D,closed,0,0,-6,0,-6,d5,2.0000
4.109973e+01,"Ma(d3,d5)",2D,closed,0,0,-6,0,6,d3,2.0000
4.109973e+01,"Ma(d3,d5)",2D,closed,0,0,-6,0,12,d3,2.0000
4.109973e+01,"Ma(d3,d5)",2D,closed,0,0,-6,0,18,d3,2.0000
4.109973e+01,"Ma(d3,d4)",2D,closed,0,0,-6,6,0,d3,1.6840
4.109973e+01,"Ma(d3,d4)",2D,closed,0,0,-6,12,0,d3,1.6840
4.109973e+01,"Ma(d3,d5)",2D,closed,0,0,-4,0,1,d5,2.0000
4.109973e+01,"Ma(d3,d5)",2D,closed,0,0,-2,0,2,d5,2.0000
4.109973e+01,"Ma(d3,d5)",2D,closed,0,0,2,0,-2,d5,2.0000
4.109973e+01,"Ma(d3,d5)",2D,closed,0,0,4,0,-1,d5,2.0000
4.109973e+01,"Ma(d3,d4)",2D,closed,0,0,6,-12,0,d3,1.6840
4.109973e+01,"Ma(d3,d4)",2D,closed,0,0,6,-6,0,d3,1.6840
4.109973e+01,"Ma(d3,d5)",2D,closed,0,0,6,0,-18,d3,2.0000
4.109973e+01,"Ma(d3,d5)",2D,closed,0,0,6,0,-12,d3,2.0000
4.109973e+01,"Ma(d3,d5)",2D,closed,0,0,6,0,-6,d3,2.0000
4.109973e+01,"Ma(d3,d5)",2D,closed,0,0,6,0,6,d3,2.0000
4.109973e+01,"Ma(d3,d5)",2D,closed,0,0,6,0,6,d5,2.0000
4.109973e+01,"Ma(d3,d5)",2D,closed,0,0,6,0,12,d3,2.0000
4.109973e+01,"Ma(d3,d5)",2D,closed,0,0,6,0,18,d3,2.0000
4.109973e+01,"Ma(d3,d4)",2D,closed,0,0,6,6,0,d3,1.6840
4.109973e+01,"Ma(d3,d4)",2D,closed,0,0,6,12,0,d3,1.6840
4.109973e+01,"Ma(d3,d4)",2D,closed,0,0,6,18,0,d3,1.6840
4.109973e+01,"Ma(d3,d5)",2D,closed,0,0,8,0,1,d5,2.0000
4.109973e+01,"Ma(d3,d5)",2D,closed,0,0,10,0,2,d5,2.0000
4.109973e+01,"Ma(d3,d5)",2D,closed,0,0,12,0,3,d5,2.0000
4.109973e+01,"Ma(d3,d5)",2D,closed,0,0,18,0,6,d5,2.0000
4.109973e+01,"Ma(d3,d4)",2D,closed,0,0,-6,18,0,d3,1.6840
4.109973e+01,"Ma(d3,d4)",2D,closed,0,0,6,-18,0,d3,1.6840
4.216833e+01,"Ma(d3,d4)",2D,closed,0,0,-9,-9,0,d4,1.6840
4.216833e+01,"Ma(d3,d4)",2D,closed,0,0,9,9,0,d4,1.6840
4.326432e+01,"Ma(d3,d4)",2D,closed,0,0,-8,-1,0,d4,1.6840
4.326432e+01,"Ma(d3,d4)",2D,closed,0,0,8,1,0,d4,1.6840
4.507271e+01,"Ma(d3,d4)",2D,closed,0,0,-15,-5,0,d4,1.6840
4.507271e+01,"Ma(d3,d4)",2D,closed,0,0,15,5,0,d4,1.6840
4.542891e+01,"Ma(d3,d4)",2D,closed,0,0,-10,-2,0,d4,1.6840
4.542891e+01,"Ma(d3,d4)",2D,closed,0,0,10,2,0,d4,1.6840
4.578510e+01,"Ma(d3,d4)",2D,closed,0,0,-5,1,0,d4,1.6840
4.578510e+01,"Ma(d3,d4)",2D,closed,0,0,5,-1,0,d4,1.6840
4.685370e+01,"Ma(d3,d4)",2D,closed,0,0,-10,-10,0,d4,1.6840
4.685370e+01,"Ma(d3,d4)",2D,closed,0,0,10,10,0,d4,1.6840
4.759349e+01,"Ma(d3,d4)",2D,closed,0,0,-12,-3,0,d4,1.6840
4.759349e+01,"Ma(d3,d4)",2D,closed,0,0,12,3,0,d4,1.6840
4.794969e+01,"Ma(d3,d5)",2D,closed,0,0,-9,0,-1,d5,2.0000
4.794969e+01,"Ma(d3,d4)",2D,closed,0,0,-7,-14,0,d3,1.6840
4.794969e+01,"Ma(d3,d4)",2D,closed,0,0,-7,-7,0,d3,1.6840
4.794969e+01,"Ma(d3,d5)",2D,closed,0,0,-7,0,-14,d3,2.0000
4.794969e+01,"Ma(d3,d5)",2D,closed,0,0,-7,0,-7,d3,2.0000
4.794969e+01,"Ma(d3,d5)",2D,closed,0,0,-7,0,-7,d5,2.0000
4.794969e+01,"Ma(d3,d5)",2D,closed,0,0,-7,0,7,d3,2.0000
4.794969e+01,"Ma(d3,d5)",2D,closed,0,0,-7,0,14,d3,2.0000
4.794969e+01,"Ma(d3,d4)",2D,closed,0,0,-7,7,0,d3,1.6840
4.794969e+01,"Ma(d3,d5)",2D,closed,0,0,-5,0,1,d5,2.0000
4.794969e+01,"Ma(d3,d5)",2D,closed,0,0,5,0,-1,d5,2.0000
4.794969e+01,"Ma(d3,d4)",2D,closed,0,0,7,-7,0,d3,1.6840
4.794969e+01,"Ma(d3,d5)",2D,closed,0,0,7,0,-14,d3,2.0000
4.794969e+01,"Ma(d3,d5)",2D,closed,0,0,7,0,-7,d3,2.0000
4.794969e+01,"Ma(d3,d5)",2D,closed,0,0,7,0,7,d3,2.0000
4.794969e+01,"Ma(d3,d5)",2D,closed,0,0,7,0,7,d5,2.0000
4.794969e+01,"Ma(d3,d5)",2D,closed,0,0,7,0,14,d3,2.0000
4.794969e+01,"Ma(d3,d4)",2D,closed,0,0,7,7,0,d3,1.6840
4.794969e+01,"Ma(d3,d4)",2D,closed,0,0,7,14,0,d3,1.6840
4.794969e+01,"Ma(d3,d5)",2D,closed,0,0,9,0,1,d5,2.0000
4.794969e+01,Ma(d3),1D,closed,0,0,-7,0,0,,
4.794969e+01,"Ma(d3,d4)",2D,closed,0,0,-7,14,0,d3,1.6840
4.794969e+01,"Ma(d3,d4)",2D,closed,0,0,7,-14,0,d3,1.6840
4.794969e+01,Ma(d3),1D,closed,0,0,7,0,0,,
5.011428e+01,"Ma(d3,d4)",2D,closed,0,0,-9,-1,0,d4,1.6840
5.011428e+01,"Ma(d3,d4)",2D,closed,0,0,9,1,0,d4,1.6840
5.047047e+01,"Ma(d3,d4)",2D,closed,0,0,-4,2,0,d4,1.6840
5.047047e+01,"Ma(d3,d4)",2D,closed,0,0,4,-2,0,d4,1.6840
5.153907e+01,"Ma(d3,d4)",2D,closed,0,0,-11,-11,0,d4,1.6840
5.153907e+01,"Ma(d3,d4)",2D,closed,0,0,11,11,0,d4,1.6840
5.263506e+01,"Ma(d3,d4)",2D,closed,0,0,-6,1,0,d4,1.6840
5.263506e+01,"Ma(d3,d4)",2D,closed,0,0,6,-1,0,d4,1.6840
5.408725e+01,"Ma(d3,d4)",2D,closed,0,0,-18,-6,0,d4,1.6840
5.408725e+01,"Ma(d3,d4)",2D,closed,0,0,18,6,0,d4,1.6840
5.479965e+01,"Ma(d3,d5)",2D,closed,0,0,-16,0,-4,d5,2.0000
5.479965e+01,"Ma(d3,d5)",2D,closed,0,0,-12,0,-2,d5,2.0000
5.479965e+01,"Ma(d3,d5)",2D,closed,0,0,-10,0,-1,d5,2.0000
5.479965e+01,"Ma(d3,d4)",2D,closed,0,0,-8,-16,0,d3,1.6840
5.479965e+01,"Ma(d3,d4)",2D,closed,0,0,-8,-8,0,d3,1.6840
5.479965e+01,"Ma(d3,d5)",2D,closed,0,0,-8,0,-16,d3,2.0000
5.479965e+01,"Ma(d3,d5)",2D,closed,0,0,-8,0,-8,d3,2.0000
5.479965e+01,"Ma(d3,d5)",2D,closed,0,0,-8,0,-8,d5,2.0000
5.479965e+01,Ma(d3),1D,closed,0,0,-8,0,0,,
5.479965e+01,"Ma(d3,d5)",2D,closed,0,0,-8,0,8,d3,2.0000
5.479965e+01,"Ma(d3,d5)",2D,closed,0,0,-8,0,16,d3,2.0000
5.479965e+01,"Ma(d3,d5)",2D,closed,0,0,-6,0,1,d5,2.0000
5.479965e+01,"Ma(d3,d5)",2D,closed,0,0,-4,0,2,d5,2.0000
5.479965e+01,"Ma(d3,d5)",2D,closed,0,0,4,0,-2,d5,2.0000
5.479965e+01,"Ma(d3,d5)",2D,closed,0,0,6,0,-1,d5,2.0000
5.479965e+01,"Ma(d3,d5)",2D,closed,0,0,8,0,-16,d3,2.0000
5.479965e+01,"Ma(d3,d5)",2D,closed,0,0,8,0,-8,d3,2.0000
5.479965e+01,Ma(d3),1D,closed,0,0,8,0,0,,
5.479965e+01,"Ma(d3,d5)",2D,closed,0,0,8,0,8,d3,2.0000
5.479965e+01,"Ma(d3,d5)",2D,closed,0,0,8,0,8,d5,2.0000
5.479965e+01,"Ma(d3,d5)",2D,closed,0,0,8,0,16,d3,2.0000
5.479965e+01,"Ma(d3,d4)",2D,closed,0,0,8,8,0,d3,1.6840
5.479965e+01,"Ma(d3,d4)",2D,closed,0,0,8,16,0,d3,1.6840
5.479965e+01,"Ma(d3,d5)",2D,closed,0,0,10,0,1,d5,2.0000
5.479965e+01,"Ma(d3,d5)",2D,closed,0,0,12,0,2,d5,2.0000
5.479965e+01,"Ma(d3,d5)",2D,closed,0,0,16,0,4,d5,2.0000
5.479965e+01,"Ma(d3,d4)",2D,closed,0,0,-8,8,0,d3,1.6840
5.479965e+01,"Ma(d3,d4)",2D,closed,0,0,-8,16,0,d3,1.6840
5.479965e+01,"Ma(d3,d4)",2D,closed,0,0,8,-16,0,d3,1.6840
5.479965e+01,"Ma(d3,d4)",2D,closed,0,0,8,-8,0,d3,1.6840
5.515584e+01,"Ma(d3,d4)",2D,closed,0,0,-3,3,0,d4,1.6840
5.515584e+01,"Ma(d3,d4)",2D,closed,0,0,3,-3,0,d4,1.6840
5.622444e+01,"Ma(d3,d4)",2D,closed,0,0,-12,-12,0,d4,1.6840
5.622444e+01,"Ma(d3,d4)",2D,closed,0,0,12,12,0,d4,1.6840
5.696423e+01,"Ma(d3,d4)",2D,closed,0,0,-10,-1,0,d4,1.6840
5.696423e+01,"Ma(d3,d4)",2D,closed,0,0,10,1,0,d4,1.6840
5.912882e+01,"Ma(d3,d4)",2D,closed,0,0,-12,-2,0,d4,1.6840
5.912882e+01,"Ma(d3,d4)",2D,closed,0,0,12,2,0,d4,1.6840
5.948502e+01,"Ma(d3,d4)",2D,closed,0,0,-7,1,0,d4,1.6840
5.948502e+01,"Ma(d3,d4)",2D,closed,0,0,7,-1,0,d4,1.6840
6.090981e+01,"Ma(d3,d4)",2D,closed,0,0,-13,-13,0,d4,1.6840
6.090981e+01,"Ma(d3,d4)",2D,closed,0,0,13,13,0,d4,1.6840
6.164960e+01,"Ma(d3,d5)",2D,closed,0,0,-15,0,-3,d5,2.0000
6.164960e+01,"Ma(d3,d5)",2D,closed,0,0,-11,0,-1,d5,2.0000
6.164960e+01,"Ma(d3,d4)",2D,closed,0,0,-9,-18,0,d3,1.6840
6.164960e+01,"Ma(d3,d4)",2D,closed,0,0,-9,-9,0,d3,1.6840
6.164960e+01,"Ma(d3,d5)",2D,closed,0,0,-9,0,-18,d3,2.0000
6.164960e+01,"Ma(d3,d5)",2D,closed,0,0,-9,0,-9,d3,2.0000
6.164960e+01,"Ma(d3,d5)",2D,closed,0,0,-9,0,-9,d5,2.0000
6.164960e+01,Ma(d3),1D,closed,0,0,-9,0,0,,
6.164960e+01,"Ma(d3,d5)",2D,closed,0,0,-9,0,9,d3,2.0000
6.164960e+01,"Ma(d3,d5)",2D,closed,0,0,-9,0,18,d3,2.0000
6.164960e+01,"Ma(d3,d4)",2D,closed,0,0,-9,9,0,d3,1.6840
6.164960e+01,"Ma(d3,d5)",2D,closed,0,0,-7,0,1,d5,2.0000
6.164960e+01,"Ma(d3,d5)",2D,closed,0,0,-3,0,3,d5,2.0000
6.164960e+01,"Ma(d3,d5)",2D,closed,0,0,3,0,-3,d5,2.0000
6.164960e+01,"Ma(d3,d5)",2D,closed,0,0,7,0,-1,d5,2.0000
6.164960e+01,"Ma(d3,d4)",2D,closed,0,0,9,-9,0,d3,1.6840
6.164960e+01,"Ma(d3,d5)",2D,closed,0,0,9,0,-18,d3,2.0000
6.164960e+01,"Ma(d3,d5)",2D,closed,0,0,9,0,-9,d3,2.0000
6.164960e+01,Ma(d3),1D,closed,0,0,9,0,0,,
6.164960e+01,"Ma(d3,d5)",2D,closed,0,0,9,0,9,d3,2.0000
6.164960e+01,"Ma(d3,d5)",2D,closed,0,0,9,0,9,d5,2.0000
6.164960e+01,"Ma(d3,d5)",2D,closed,0,0,9,0,18,d3,2.0000
6.164960e+01,"Ma(d3,d4)",2D,closed,0,0,9,9,0,d3,1.6840
6.164960e+01,"Ma(d3,d4)",2D,closed,0,0,9,18,0,d3,1.6840
6.164960e+01,"Ma(d3,d5)",2D,closed,0,0,11,0,1,d5,2.0000
6.164960e+01,"Ma(d3,d5)",2D,closed,0,0,15,0,3,d5,2.0000
6.164960e+01,"Ma(d3,d4)",2D,closed,0,0,-9,18,0,d3,1.6840
6.164960e+01,"Ma(d3,d4)",2D,closed,0,0,9,-18,0,d3,1.6840
6.345799e+01,"Ma(d3,d4)",2D,closed,0,0,-16,-4,0,d4,1.6840
6.345799e+01,"Ma(d3,d4)",2D,closed,0,0,16,4,0,d4,1.6840
6.381419e+01,"Ma(d3,d4)",2D,closed,0,0,-11,-1,0,d4,1.6840
6.381419e+01,"Ma(d3,d4)",2D,closed,0,0,11,1,0,d4,1.6840
6.417039e+01,"Ma(d3,d4)",2D,closed,0,0,-6,2,0,d4,1.6840
6.417039e+01,"Ma(d3,d4)",2D,closed,0,0,6,-2,0,d4,1.6840
6.559518e+01,"Ma(d3,d4)",2D,closed,0,0,-14,-14,0,d4,1.6840
6.559518e+01,"Ma(d3,d4)",2D,closed,0,0,14,14,0,d4,1.6840
6.633497e+01,"Ma(d3,d4)",2D,closed,0,0,-8,1,0,d4,1.6840
6.633497e+01,"Ma(d3,d4)",2D,closed,0,0,8,-1,0,d4,1.6840
6.681781e+01,"Ma(d2,d3)",2D,closed,0,-4,-2,0,0,d3,1.9760
6.681781e+01,"Ma(d2,d3)",2D,closed,0,4,2,0,0,d3,1.9760
6.793655e+01,"Ma(d1,d4)",2D,closed,-2,0,0,-1,0,d4,1.9996
6.793655e+01,"Ma(d1,d4)",2D,closed,2,0,0,1,0,d4,1.9996
6.814336e+01,"Ma(d3,d4)",2D,closed,0,0,-15,-3,0,d4,1.6840
6.814336e+01,"Ma(d3,d4)",2D,closed,0,0,15,3,0,d4,1.6840
6.849956e+01,"Ma(d3,d5)",2D,closed,0,0,-20,0,-5,d5,2.0000
6.849956e+01,"Ma(d3,d5)",2D,closed,0,0,-14,0,-2,d5,2.0000
6.849956e+01,"Ma(d3,d5)",2D,closed,0,0,-12,0,-1,d5,2.0000
6.849956e+01,"Ma(d3,d4)",2D,closed,0,0,-10,-20,0,d3,1.6840
6.849956e+01,"Ma(d3,d4)",2D,closed,0,0,-10,-10,0,d3,1.6840
6.849956e+01,"Ma(d3,d5)",2D,closed,0,0,-10,0,-20,d3,2.0000
6.849956e+01,"Ma(d3,d5)",2D,closed,0,0,-10,0,-10,d3,2.0000
6.849956e+01,"Ma(d3,d5)",2D,closed,0,0,-10,0,-10,d5,2.0000
6.849956e+01,"Ma(d3,d5)",2D,closed,0,0,-10,0,10,d3,2.0000
6.849956e+01,"Ma(d3,d5)",2D,closed,0,0,-10,0,20,d3,2.0000
6.849956e+01,"Ma(d3,d5)",2D,closed,0,0,-8,0,1,d5,2.0000
6.849956e+01,"Ma(d3,d5)",2D,closed,0,0,-6,0,2,d5,2.0000
6.849956e+01,"Ma(d3,d5)",2D,closed,0,0,6,0,-2,d5,2.0000
6.849956e+01,"Ma(d3,d5)",2D,closed,0,0,8,0,-1,d5,2.0000
6.849956e+01,"Ma(d3,d5)",2D,closed,0,0,10,0,-20,d3,2.0000
6.849956e+01,"Ma(d3,d5)",2D,closed,0,0,10,0,-10,d3,2.0000
6.849956e+01,"Ma(d3,d5)",2D,closed,0,0,10,0,10,d3,2.0000
6.849956e+01,"Ma(d3,d5)",2D,closed,0,0,10,0,10,d5,2.0000
6.849956e+01,"Ma(d3,d5)",2D,closed,0,0,10,0,20,d3,2.0000
6.849956e+01,"Ma(d3,d4)",2D,closed,0,0,10,10,0,d3,1.6840
6.849956e+01,"Ma(d3,d4)",2D,closed,0,0,10,20,0,d3,1.6840
6.849956e+01,"Ma(d3,d5)",2D,closed,0,0,12,0,1,d5,2.0000
6.849956e+01,"Ma(d3,d5)",2D,closed,0,0,14,0,2,d5,2.0000
6.849956e+01,"Ma(d3,d5)",2D,closed,0,0,20,0,5,d5,2.0000
6.849956e+01,Ma(d3),1D,closed,0,0,-10,0,0,,
6.849956e+01,"Ma(d3,d4)",2D,closed,0,0,-10,10,0,d3,1.6840
6.849956e+01,"Ma(d3,d4)",2D,closed,0,0,-10,20,0,d3,1.6840
6.849956e+01,"Ma(d3,d4)",2D,closed,0,0,10,-20,0,d3,1.6840
6.849956e+01,"Ma(d3,d4)",2D,closed,0,0,10,-10,0,d3,1.6840
6.849956e+01,Ma(d3),1D,closed,0,0,10,0,0,,
7.028055e+01,"Ma(d3,d4)",2D,closed,0,0,-15,-15,0,d4,1.6840
7.028055e+01,"Ma(d3,d4)",2D,closed,0,0,15,15,0,d4,1.6840
7.066414e+01,"Ma(d3,d4)",2D,closed,0,0,-12,-1,0,d4,1.6840
7.066414e+01,"Ma(d3,d4)",2D,closed,0,0,12,1,0,d4,1.6840
7.282873e+01,"Ma(d3,d4)",2D,closed,0,0,-14,-2,0,d4,1.6840
7.282873e+01,"Ma(d3,d4)",2D,closed,0,0,14,2,0,d4,1.6840
7.318493e+01,"Ma(d3,d4)",2D,closed,0,0,-9,1,0,d4,1.6840
7.318493e+01,"Ma(d3,d4)",2D,closed,0,0,9,-1,0,d4,1.6840
7.354112e+01,"Ma(d3,d4)",2D,closed,0,0,-4,4,0,d4,1.6840
7.354112e+01,"Ma(d3,d4)",2D,closed,0,0,4,-4,0,d4,1.6840
7.496592e+01,"Ma(d3,d4)",2D,closed,0,0,-16,-16,0,d4,1.6840
7.496592e+01,"Ma(d3,d4)",2D,closed,0,0,16,16,0,d4,1.6840
7.534951e+01,"Ma(d3,d5)",2D,closed,0,0,-13,0,-1,d5,2.0000
7.534951e+01,"Ma(d3,d4)",2D,closed,0,0,-11,-11,0,d3,1.6840
7.534951e+01,"Ma(d3,d5)",2D,closed,0,0,-11,0,-11,d3,2.0000
7.534951e+01,"Ma(d3,d5)",2D,closed,0,0,-11,0,-11,d5,2.0000
7.534951e+01,"Ma(d3,d5)",2D,closed,0,0,-11,0,11,d3,2.0000
7.534951e+01,"Ma(d3,d5)",2D,closed,0,0,-9,0,1,d5,2.0000
7.534951e+01,"Ma(d3,d5)",2D,closed,0,0,9,0,-1,d5,2.0000
7.534951e+01,"Ma(d3,d5)",2D,closed,0,0,11,0,-11,d3,2.0000
7.534951e+01,"Ma(d3,d5)",2D,closed,0,0,11,0,11,d3,2.0000
7.534951e+01,"Ma(d3,d5)",2D,closed,0,0,11,0,11,d5,2.0000
7.534951e+01,"Ma(d3,d4)",2D,closed,0,0,11,11,0,d3,1.6840
7.534951e+01,"Ma(d3,d5)",2D,closed,0,0,13,0,1,d5,2.0000
7.534951e+01,Ma(d3),1D,closed,0,0,-11,0,0,,
7.534951e+01,"Ma(d3,d4)",2D,closed,0,0,-11,11,0,d3,1.6840
7.534951e+01,"Ma(d3,d4)",2D,closed,0,0,11,-11,0,d3,1.6840
7.534951e+01,Ma(d3),1D,closed,0,0,11,0,0,,
7.570571e+01,"Ma(d3,d4)",2D,closed,0,0,-6,3,0,d4,1.6840
7.570571e+01,"Ma(d3,d4)",2D,closed,0,0,6,-3,0,d4,1.6840
7.751410e+01,"Ma(d3,d4)",2D,closed,0,0,-13,-1,0,d4,1.6840
7.751410e+01,"Ma(d3,d4)",2D,closed,0,0,13,1,0,d4,1.6840
7.787030e+01,"Ma(d3,d4)",2D,closed,0,0,-8,2,0,d4,1.6840
7.787030e+01,"Ma(d3,d4)",2D,closed,0,0,8,-2,0,d4,1.6840
7.932249e+01,"Ma(d3,d4)",2D,closed,0,0,-20,-5,0,d4,1.6840
7.932249e+01,"Ma(d3,d4)",2D,closed,0,0,20,5,0,d4,1.6840
7.965129e+01,"Ma(d3,d4)",2D,closed,0,0,-17,-17,0,d4,1.6840
7.965129e+01,"Ma(d3,d4)",2D,closed,0,0,17,17,0,d4,1.6840
8.003488e+01,"Ma(d3,d4)",2D,closed,0,0,-10,1,0,d4,1.6840
8.003488e+01,"Ma(d3,d4)",2D,closed,0,0,10,-1,0,d4,1.6840
8.219947e+01,Ma(d3),1D,closed,0,0,-12,0,0,,
8.219947e+01,Ma(d3),1D,closed,0,0,12,0,0,,
8.219947e+01,"Ma(d3,d5)",2D,closed,0,0,-20,0,-4,d5,2.0000
8.219947e+01,"Ma(d3,d5)",2D,closed,0,0,-18,0,-3,d5,2.0000
8.219947e+01,"Ma(d3,d5)",2D,closed,0,0,-16,0,-2,d5,2.0000
8.219947e+01,"Ma(d3,d5)",2D,closed,0,0,-14,0,-1,d5,2.0000
8.219947e+01,"Ma(d3,d4)",2D,closed,0,0,-12,-12,0,d3,1.6840
8.219947e+01,"Ma(d3,d5)",2D,closed,0,0,-12,0,-12,d3,2.0000
8.219947e+01,"Ma(d3,d5)",2D,closed,0,0,-12,0,-12,d5,2.0000
8.219947e+01,"Ma(d3,d5)",2D,closed,0,0,-12,0,12,d3,2.0000
8.219947e+01,"Ma(d3,d4)",2D,closed,0,0,-12,12,0,d3,1.6840
8.219947e+01,"Ma(d3,d5)",2D,closed,0,0,-10,0,1,d5,2.0000
8.219947e+01,"Ma(d3,d5)",2D,closed,0,0,-8,0,2,d5,2.0000
8.219947e+01,"Ma(d3,d5)",2D,closed,0,0,-6,0,3,d5,2.0000
8.219947e+01,"Ma(d3,d5)",2D,closed,0,0,-4,0,4,d5,2.0000
8.219947e+01,"Ma(d3,d5)",2D,closed,0,0,4,0,-4,d5,2.0000
8.219947e+01,"Ma(d3,d5)",2D,closed,0,0,6,0,-3,d5,2.0000
8.219947e+01,"Ma(d3,d5)",2D,closed,0,0,8,0,-2,d5,2.0000
8.219947e+01,"Ma(d3,d5)",2D,closed,0,0,10,0,-1,d5,2.0000
8.219947e+01,"Ma(d3,d4)",2D,closed,0,0,12,-12,0,d3,1.6840
8.219947e+01,"Ma(d3,d5)",2D,closed,0,0,12,0,-12,d3,2.0000
8.219947e+01,"Ma(d3,d5)",2D,closed,0,0,12,0,12,d3,2.0000
8.219947e+01,"Ma(d3,d5)",2D,closed,0,0,12,0,12,d5,2.0000
8.219947e+01,"Ma(d3,d4)",2D,closed,0,0,12,12,0,d3,1.6840
8.219947e+01,"Ma(d3,d5)",2D,closed,0,0,14,0,1,d5,2.0000
8.219947e+01,"Ma(d3,d5)",2D,closed,0,0,16,0,2,d5,2.0000
8.219947e+01,"Ma(d3,d5)",2D,closed,0,0,18,0,3,d5,2.0000
8.219947e+01,"Ma(d3,d5)",2D,closed,0,0,20,0,4,d5,2.0000
8.433665e+01,"Ma(d3,d4)",2D,closed,0,0,-18,-18,0,d4,1.6840
8.433665e+01,"Ma(d3,d4)",2D,closed,0,0,18,18,0,d4,1.6840
8.436405e+01,"Ma(d3,d4)",2D,closed,0,0,-14,-1,0,d4,1.6840
8.436405e+01,"Ma(d3,d4)",2D,closed,0,0,14,1,0,d4,1.6840
8.652864e+01,"Ma(d3,d4)",2D,closed,0,0,-16,-2,0,d4,1.6840
8.652864e+01,"Ma(d3,d4)",2D,closed,0,0,16,2,0,d4,1.6840
8.688484e+01,"Ma(d3,d4)",2D,closed,0,0,-11,1,0,d4,1.6840
8.688484e+01,"Ma(d3,d4)",2D,closed,0,0,11,-1,0,d4,1.6840
8.869323e+01,"Ma(d3,d4)",2D,closed,0,0,-18,-3,0,d4,1.6840
8.869323e+01,"Ma(d3,d4)",2D,closed,0,0,18,3,0,d4,1.6840
8.902202e+01,"Ma(d3,d4)",2D,closed,0,0,-19,-19,0,d4,1.6840
8.902202e+01,"Ma(d3,d4)",2D,closed,0,0,19,19,0,d4,1.6840
8.904942e+01,"Ma(d3,d5)",2D,closed,0,0,-15,0,-1,d5,2.0000
8.904942e+01,"Ma(d3,d4)",2D,closed,0,0,-13,-13,0,d3,1.6840
8.904942e+01,"Ma(d3,d5)",2D,closed,0,0,-13,0,-13,d3,2.0000
8.904942e+01,"Ma(d3,d5)",2D,closed,0,0,-13,0,-13,d5,2.0000
8.904942e+01,Ma(d3),1D,closed,0,0,-13,0,0,,
8.904942e+01,"Ma(d3,d5)",2D,closed,0,0,-13,0,13,d3,2.0000
8.904942e+01,"Ma(d3,d4)",2D,closed,0,0,-13,13,0,d3,1.6840
8.904942e+01,"Ma(d3,d5)",2D,closed,0,0,-11,0,1,d5,2.0000
8.904942e+01,"Ma(d3,d5)",2D,closed,0,0,11,0,-1,d5,2.0000
8.904942e+01,"Ma(d3,d4)",2D,closed,0,0,13,-13,0,d3,1.6840
8.904942e+01,"Ma(d3,d5)",2D,closed,0,0,13,0,-13,d3,2.0000
8.904942e+01,Ma(d3),1D,closed,0,0,13,0,0,,
8.904942e+01,"Ma(d3,d5)",2D,closed,0,0,13,0,13,d3,2.0000
8.904942e+01,"Ma(d3,d5)",2D,closed,0,0,13,0,13,d5,2.0000
8.904942e+01,"Ma(d3,d4)",2D,closed,0,0,13,13,0,d3,1.6840
8.904942e+01,"Ma(d3,d5)",2D,closed,0,0,15,0,1,d5,2.0000
9.085781e+01,"Ma(d3,d4)",2D,closed,0,0,-20,-4,0,d4,1.6840
9.085781e+01,"Ma(d3,d4)",2D,closed,0,0,20,4,0,d4,1.6840
9.121401e+01,"Ma(d3,d4)",2D,closed,0,0,-15,-1,0,d4,1.6840
9.121401e+01,"Ma(d3,d4)",2D,closed,0,0,15,1,0,d4,1.6840
9.157021e+01,"Ma(d3,d4)",2D,closed,0,0,-10,2,0,d4,1.6840
9.157021e+01,"Ma(d3,d4)",2D,closed,0,0,10,-2,0,d4,1.6840
9.192641e+01,"Ma(d3,d4)",2D,closed,0,0,-5,5,0,d4,1.6840
9.192641e+01,"Ma(d3,d4)",2D,closed,0,0,5,-5,0,d4,1.6840
9.370739e+01,"Ma(d3,d4)",2D,closed,0,0,-20,-20,0,d4,1.6840
9.370739e+01,"Ma(d3,d4)",2D,closed,0,0,20,20,0,d4,1.6840
9.373479e+01,"Ma(d3,d4)",2D,closed,0,0,-12,1,0,d4,1.6840
9.373479e+01,"Ma(d3,d4)",2D,closed,0,0,12,-1,0,d4,1.6840
9.589938e+01,"Ma(d3,d5)",2D,closed,0,0,-18,0,-2,d5,2.0000
9.589938e+01,"Ma(d3,d5)",2D,closed,0,0,-16,0,-1,d5,2.0000
9.589938e+01,"Ma(d3,d4)",2D,closed,0,0,-14,-14,0,d3,1.6840
9.589938e+01,"Ma(d3,d5)",2D,closed,0,0,-14,0,-14,d3,2.0000
9.589938e+01,"Ma(d3,d5)",2D,closed,0,0,-14,0,-14,d5,2.0000
9.589938e+01,"Ma(d3,d5)",2D,closed,0,0,-14,0,14,d3,2.0000
9.589938e+01,"Ma(d3,d4)",2D,closed,0,0,-14,14,0,d3,1.6840
9.589938e+01,"Ma(d3,d5)",2D,closed,0,0,-12,0,1,d5,2.0000
9.589938e+01,"Ma(d3,d5)",2D,closed,0,0,-10,0,2,d5,2.0000
9.589938e+01,"Ma(d3,d5)",2D,closed,0,0,10,0,-2,d5,2.0000
9.589938e+01,"Ma(d3,d5)",2D,closed,0,0,12,0,-1,d5,2.0000
9.589938e+01,"Ma(d3,d4)",2D,closed,0,0,14,-14,0,d3,1.6840
9.589938e+01,"Ma(d3,d5)",2D,closed,0,0,14,0,-14,d3,2.0000
9.589938e+01,"Ma(d3,d5)",2D,closed,0,0,14,0,14,d3,2.0000
9.589938e+01,"Ma(d3,d5)",2D,closed,0,0,14,0,14,d5,2.0000
9.589938e+01,"Ma(d3,d4)",2D,closed,0,0,14,14,0,d3,1.6840
9.589938e+01,"Ma(d3,d5)",2D,closed,0,0,16,0,1,d5,2.0000
9.589938e+01,"Ma(d3,d5)",2D,closed,0,0,18,0,2,d5,2.0000
9.589938e+01,Ma(d3),1D,closed,0,0,-14,0,0,,
9.589938e+01,Ma(d3),1D,closed,0,0,14,0,0,,
9.625558e+01,"Ma(d3,d4)",2D,closed,0,0,-9,3,0,d4,1.6840
9.625558e+01,"Ma(d3,d4)",2D,closed,0,0,9,-3,0,d4,1.6840
9.806397e+01,"Ma(d3,d4)",2D,closed,0,0,-16,-1,0,d4,1.6840
9.806397e+01,"Ma(d3,d4)",2D,closed,0,0,16,1,0,d4,1.6840
1.002267e+02,"Ma(d2,d3)",2D,closed,0,-6,-3,0,0,d3,1.9760
1.002267e+02,"Ma(d2,d3)",2D,closed,0,6,3,0,0,d3,1.9760
1.002286e+02,"Ma(d3,d4)",2D,closed,0,0,-18,-2,0,d4,1.6840
1.002286e+02,"Ma(d3,d4)",2D,closed,0,0,18,2,0,d4,1.6840
1.005847e+02,"Ma(d3,d4)",2D,closed,0,0,-13,1,0,d4,1.6840
1.005847e+02,"Ma(d3,d4)",2D,closed,0,0,13,-1,0,d4,1.6840
1.009409e+02,"Ma(d3,d4)",2D,closed,0,0,-8,4,0,d4,1.6840
1.009409e+02,"Ma(d3,d4)",2D,closed,0,0,8,-4,0,d4,1.6840
1.027493e+02,"Ma(d3,d5)",2D,closed,0,0,-17,0,-1,d5,2.0000
1.027493e+02,"Ma(d3,d4)",2D,closed,0,0,-15,-15,0,d3,1.6840
1.027493e+02,"Ma(d3,d5)",2D,closed,0,0,-15,0,-15,d3,2.0000
1.027493e+02,"Ma(d3,d5)",2D,closed,0,0,-15,0,-15,d5,2.0000
1.027493e+02,Ma(d3),1D,closed,0,0,-15,0,0,,
1.027493e+02,"Ma(d3,d5)",2D,closed,0,0,-15,0,15,d3,2.0000
1.027493e+02,"Ma(d3,d4)",2D,closed,0,0,-15,15,0,d3,1.6840
1.027493e+02,"Ma(d3,d5)",2D,closed,0,0,-13,0,1,d5,2.0000
1.027493e+02,"Ma(d3,d5)",2D,closed,0,0,-9,0,3,d5,2.0000
1.027493e+02,"Ma(d3,d5)",2D,closed,0,0,-5,0,5,d5,2.0000
1.027493e+02,"Ma(d3,d5)",2D,closed,0,0,5,0,-5,d5,2.0000
1.027493e+02,"Ma(d3,d5)",2D,closed,0,0,9,0,-3,d5,2.0000
1.027493e+02,"Ma(d3,d5)",2D,closed,0,0,13,0,-1,d5,2.0000
1.027493e+02,"Ma(d3,d4)",2D,closed,0,0,15,-15,0,d3,1.6840
1.027493e+02,"Ma(d3,d5)",2D,closed,0,0,15,0,-15,d3,2.0000
1.027493e+02,Ma(d3),1D,closed,0,0,15,0,0,,
1.027493e+02,"Ma(d3,d5)",2D,closed,0,0,15,0,15,d3,2.0000
1.027493e+02,"Ma(d3,d5)",2D,closed,0,0,15,0,15,d5,2.0000
1.027493e+02,"Ma(d3,d4)",2D,closed,0,0,15,15,0,d3,1.6840
1.027493e+02,"Ma(d3,d5)",2D,closed,0,0,17,0,1,d5,2.0000
1.049139e+02,"Ma(d3,d4)",2D,closed,0,0,-17,-1,0,d4,1.6840
1.049139e+02,"Ma(d3,d4)",2D,closed,0,0,17,1,0,d4,1.6840
1.052701e+02,"Ma(d3,d4)",2D,closed,0,0,-12,2,0,d4,1.6840
1.052701e+02,"Ma(d3,d4)",2D,closed,0,0,12,-2,0,d4,1.6840
1.074347e+02,"Ma(d3,d4)",2D,closed,0,0,-14,1,0,d4,1.6840
1.074347e+02,"Ma(d3,d4)",2D,closed,0,0,14,-1,0,d4,1.6840
1.095993e+02,"Ma(d3,d5)",2D,closed,0,0,-20,0,-2,d5,2.0000
1.095993e+02,"Ma(d3,d5)",2D,closed,0,0,-18,0,-1,d5,2.0000
1.095993e+02,"Ma(d3,d4)",2D,closed,0,0,-16,-16,0,d3,1.6840
1.095993e+02,"Ma(d3,d5)",2D,closed,0,0,-16,0,-16,d3,2.0000
1.095993e+02,"Ma(d3,d5)",2D,closed,0,0,-16,0,-16,d5,2.0000
1.095993e+02,Ma(d3),1D,closed,0,0,-16,0,0,,
1.095993e+02,"Ma(d3,d5)",2D,closed,0,0,-16,0,16,d3,2.0000
1.095993e+02,"Ma(d3,d5)",2D,closed,0,0,-14,0,1,d5,2.0000
1.095993e+02,"Ma(d3,d5)",2D,closed,0,0,-12,0,2,d5,2.0000
1.095993e+02,"Ma(d3,d5)",2D,closed,0,0,-8,0,4,d5,2.0000
1.095993e+02,"Ma(d3,d5)",2D,closed,0,0,8,0,-4,d5,2.0000
1.095993e+02,"Ma(d3,d5)",2D,closed,0,0,12,0,-2,d5,2.0000
1.095993e+02,"Ma(d3,d5)",2D,closed,0,0,14,0,-1,d5,2.0000
1.095993e+02,"Ma(d3,d5)",2D,closed,0,0,16,0,-16,d3,2.0000
1.095993e+02,Ma(d3),1D,closed,0,0,16,0,0,,
1.095993e+02,"Ma(d3,d5)",2D,closed,0,0,16,0,16,d3,2.0000
1.095993e+02,"Ma(d3,d5)",2D,closed,0,0,16,0,16,d5,2.0000
1.095993e+02,"Ma(d3,d4)",2D,closed,0,0,16,16,0,d3,1.6840
1.095993e+02,"Ma(d3,d5)",2D,closed,0,0,18,0,1,d5,2.0000
1.095993e+02,"Ma(d3,d5)",2D,closed,0,0,20,0,2,d5,2.0000
1.095993e+02,"Ma(d3,d4)",2D,closed,0,0,-16,16,0,d3,1.6840
1.095993e+02,"Ma(d3,d4)",2D,closed,0,0,16,-16,0,d3,1.6840
1.103117e+02,"Ma(d3,d4)",2D,closed,0,0,-6,6,0,d4,1.6840
1.103117e+02,"Ma(d3,d4)",2D,closed,0,0,6,-6,0,d4,1.6840
1.117639e+02,"Ma(d3,d4)",2D,closed,0,0,-18,-1,0,d4,1.6840
1.117639e+02,"Ma(d3,d4)",2D,closed,0,0,18,1,0,d4,1.6840
1.139285e+02,"Ma(d3,d4)",2D,closed,0,0,-20,-2,0,d4,1.6840
1.139285e+02,"Ma(d3,d4)",2D,closed,0,0,20,2,0,d4,1.6840
1.142847e+02,"Ma(d3,d4)",2D,closed,0,0,-15,1,0,d4,1.6840
1.142847e+02,"Ma(d3,d4)",2D,closed,0,0,15,-1,0,d4,1.6840
1.164492e+02,"Ma(d3,d5)",2D,closed,0,0,-19,0,-1,d5,2.0000
1.164492e+02,"Ma(d3,d4)",2D,closed,0,0,-17,-17,0,d3,1.6840
1.164492e+02,"Ma(d3,d5)",2D,closed,0,0,-17,0,-17,d3,2.0000
1.164492e+02,"Ma(d3,d5)",2D,closed,0,0,-17,0,-17,d5,2.0000
1.164492e+02,"Ma(d3,d5)",2D,closed,0,0,-17,0,17,d3,2.0000
1.164492e+02,"Ma(d3,d5)",2D,closed,0,0,-15,0,1,d5,2.0000
1.164492e+02,"Ma(d3,d5)",2D,closed,0,0,15,0,-1,d5,2.0000
1.164492e+02,"Ma(d3,d5)",2D,closed,0,0,17,0,-17,d3,2.0000
1.164492e+02,"Ma(d3,d5)",2D,closed,0,0,17,0,17,d3,2.0000
1.164492e+02,"Ma(d3,d5)",2D,closed,0,0,17,0,17,d5,2.0000
1.164492e+02,"Ma(d3,d4)",2D,closed,0,0,17,17,0,d3,1.6840
1.164492e+02,"Ma(d3,d5)",2D,closed,0,0,19,0,1,d5,2.0000
1.164492e+02,Ma(d3),1D,closed,0,0,-17,0,0,,
1.164492e+02,"Ma(d3,d4)",2D,closed,0,0,-17,17,0,d3,1.6840
1.164492e+02,"Ma(d3,d4)",2D,closed,0,0,17,-17,0,d3,1.6840
1.164492e+02,Ma(d3),1D,closed,0,0,17,0,0,,
1.168054e+02,"Ma(d3,d4)",2D,closed,0,0,-12,3,0,d4,1.6840
1.168054e+02,"Ma(d3,d4)",2D,closed,0,0,12,-3,0,d4,1.6840
1.186138e+02,"Ma(d3,d4)",2D,closed,0,0,-19,-1,0,d4,1.6840
1.186138e+02,"Ma(d3,d4)",2D,closed,0,0,19,1,0,d4,1.6840
1.189700e+02,"Ma(d3,d4)",2D,closed,0,0,-14,2,0,d4,1.6840
1.189700e+02,"Ma(d3,d4)",2D,closed,0,0,14,-2,0,d4,1.6840
1.211346e+02,"Ma(d3,d4)",2D,closed,0,0,-16,1,0,d4,1.6840
1.211346e+02,"Ma(d3,d4)",2D,closed,0,0,16,-1,0,d4,1.6840
1.232992e+02,"Ma(d3,d5)",2D,closed,0,0,-20,0,-1,d5,2.0000
1.232992e+02,"Ma(d3,d4)",2D,closed,0,0,-18,-18,0,d3,1.6840
1.232992e+02,"Ma(d3,d5)",2D,closed,0,0,-18,0,-18,d3,2.0000
1.232992e+02,"Ma(d3,d5)",2D,closed,0,0,-18,0,-18,d5,2.0000
1.232992e+02,Ma(d3),1D,closed,0,0,-18,0,0,,
1.232992e+02,"Ma(d3,d5)",2D,closed,0,0,-18,0,18,d3,2.0000
1.232992e+02,"Ma(d3,d4)",2D,closed,0,0,-18,18,0,d3,1.6840
1.232992e+02,"Ma(d3,d5)",2D,closed,0,0,-16,0,1,d5,2.0000
1.232992e+02,"Ma(d3,d5)",2D,closed,0,0,-14,0,2,d5,2.0000
1.232992e+02,"Ma(d3,d5)",2D,closed,0,0,-12,0,3,d5,2.0000
1.232992e+02,"Ma(d3,d5)",2D,closed,0,0,-6,0,6,d5,2.0000
1.232992e+02,"Ma(d3,d5)",2D,closed,0,0,6,0,-6,d5,2.0000
1.232992e+02,"Ma(d3,d5)",2D,closed,0,0,12,0,-3,d5,2.0000
1.232992e+02,"Ma(d3,d5)",2D,closed,0,0,14,0,-2,d5,2.0000
1.232992e+02,"Ma(d3,d5)",2D,closed,0,0,16,0,-1,d5,2.0000
1.232992e+02,"Ma(d3,d4)",2D,closed,0,0,18,-18,0,d3,1.6840
1.232992e+02,"Ma(d3,d5)",2D,closed,0,0,18,0,-18,d3,2.0000
1.232992e+02,Ma(d3),1D,closed,0,0,18,0,0,,
1.232992e+02,"Ma(d3,d5)",2D,closed,0,0,18,0,18,d3,2.0000
1.232992e+02,"Ma(d3,d5)",2D,closed,0,0,18,0,18,d5,2.0000
1.232992e+02,"Ma(d3,d4)",2D,closed,0,0,18,18,0,d3,1.6840
1.232992e+02,"Ma(d3,d5)",2D,closed,0,0,20,0,1,d5,2.0000
1.254638e+02,"Ma(d3,d4)",2D,closed,0,0,-20,-1,0,d4,1.6840
1.254638e+02,"Ma(d3,d4)",2D,closed,0,0,20,1,0,d4,1.6840
1.261762e+02,"Ma(d3,d4)",2D,closed,0,0,-10,5,0,d4,1.6840
1.261762e+02,"Ma(d3,d4)",2D,closed,0,0,10,-5,0,d4,1.6840
1.279846e+02,"Ma(d3,d4)",2D,closed,0,0,-17,1,0,d4,1.6840
1.279846e+02,"Ma(d3,d4)",2D,closed,0,0,17,-1,0,d4,1.6840
1.283408e+02,"Ma(d3,d4)",2D,closed,0,0,-12,4,0,d4,1.6840
1.283408e+02,"Ma(d3,d4)",2D,closed,0,0,12,-4,0,d4,1.6840
1.286970e+02,"Ma(d3,d4)",2D,closed,0,0,-7,7,0,d4,1.6840
1.286970e+02,"Ma(d3,d4)",2D,closed,0,0,7,-7,0,d4,1.6840
1.301492e+02,"Ma(d3,d4)",2D,closed,0,0,-19,-19,0,d3,1.6840
1.301492e+02,"Ma(d3,d5)",2D,closed,0,0,-19,0,-19,d3,2.0000
1.301492e+02,"Ma(d3,d5)",2D,closed,0,0,-19,0,-19,d5,2.0000
1.301492e+02,Ma(d3),1D,closed,0,0,-19,0,0,,
1.301492e+02,"Ma(d3,d5)",2D,closed,0,0,-19,0,19,d3,2.0000
1.301492e+02,"Ma(d3,d4)",2D,closed,0,0,-19,19,0,d3,1.6840
1.301492e+02,"Ma(d3,d5)",2D,closed,0,0,-17,0,1,d5,2.0000
1.301492e+02,"Ma(d3,d5)",2D,closed,0,0,17,0,-1,d5,2.0000
1.301492e+02,"Ma(d3,d4)",2D,closed,0,0,19,-19,0,d3,1.6840
1.301492e+02,"Ma(d3,d5)",2D,closed,0,0,19,0,-19,d3,2.0000
1.301492e+02,Ma(d3),1D,closed,0,0,19,0,0,,
1.301492e+02,"Ma(d3,d5)",2D,closed,0,0,19,0,19,d3,2.0000
1.301492e+02,"Ma(d3,d5)",2D,closed,0,0,19,0,19,d5,2.0000
1.301492e+02,"Ma(d3,d4)",2D,closed,0,0,19,19,0,d3,1.6840
1.326699e+02,"Ma(d3,d4)",2D,closed,0,0,-16,2,0,d4,1.6840
1.326699e+02,"Ma(d3,d4)",2D,closed,0,0,16,-2,0,d4,1.6840
1.336356e+02,"Ma(d2,d3)",2D,closed,0,-8,-4,0,0,d3,1.9760
1.336356e+02,"Ma(d2,d3)",2D,closed,0,8,4,0,0,d3,1.9760
1.348345e+02,"Ma(d3,d4)",2D,closed,0,0,-18,1,0,d4,1.6840
1.348345e+02,"Ma(d3,d4)",2D,closed,0,0,18,-1,0,d4,1.6840
1.358731e+02,"Ma(d1,d4)",2D,closed,-4,0,0,-2,0,d4,1.9996
1.358731e+02,"Ma(d1,d4)",2D,closed,4,0,0,2,0,d4,1.9996
1.369991e+02,"Ma(d3,d4)",2D,closed,0,0,-20,-20,0,d3,1.6840
1.369991e+02,"Ma(d3,d5)",2D,closed,0,0,-20,0,-20,d3,2.0000
1.369991e+02,"Ma(d3,d5)",2D,closed,0,0,-20,0,-20,d5,2.0000
1.369991e+02,"Ma(d3,d5)",2D,closed,0,0,-20,0,20,d3,2.0000
1.369991e+02,"Ma(d3,d5)",2D,closed,0,0,-18,0,1,d5,2.0000
1.369991e+02,"Ma(d3,d5)",2D,closed,0,0,-16,0,2,d5,2.0000
1.369991e+02,"Ma(d3,d5)",2D,closed,0,0,-12,0,4,d5,2.0000
1.369991e+02,"Ma(d3,d5)",2D,closed,0,0,-10,0,5,d5,2.0000
1.369991e+02,"Ma(d3,d5)",2D,closed,0,0,10,0,-5,d5,2.0000
1.369991e+02,"Ma(d3,d5)",2D,closed,0,0,12,0,-4,d5,2.0000
1.369991e+02,"Ma(d3,d5)",2D,closed,0,0,16,0,-2,d5,2.0000
1.369991e+02,"Ma(d3,d5)",2D,closed,0,0,18,0,-1,d5,2.0000
1.369991e+02,"Ma(d3,d5)",2D,closed,0,0,20,0,-20,d3,2.0000
1.369991e+02,"Ma(d3,d5)",2D,closed,0,0,20,0,20,d3,2.0000
1.369991e+02,"Ma(d3,d5)",2D,closed,0,0,20,0,20,d5,2.0000
1.369991e+02,"Ma(d3,d4)",2D,closed,0,0,20,20,0,d3,1.6840
1.369991e+02,Ma(d3),1D,closed,0,0,-20,0,0,,
1.369991e+02,"Ma(d3,d4)",2D,closed,0,0,-20,20,0,d3,1.6840
1.369991e+02,"Ma(d3,d4)",2D,closed,0,0,20,-20,0,d3,1.6840
1.369991e+02,Ma(d3),1D,closed,0,0,20,0,0,,
1.373553e+02,"Ma(d3,d4)",2D,closed,0,0,-15,3,0,d4,1.6840
1.373553e+02,"Ma(d3,d4)",2D,closed,0,0,15,-3,0,d4,1.6840
1.416845e+02,"Ma(d3,d4)",2D,closed,0,0,-19,1,0,d4,1.6840
1.416845e+02,"Ma(d3,d4)",2D,closed,0,0,19,-1,0,d4,1.6840
1.438491e+02,"Ma(d3,d5)",2D,closed,0,0,-19,0,1,d5,2.0000
1.438491e+02,"Ma(d3,d5)",2D,closed,0,0,-15,0,3,d5,2.0000
1.438491e+02,"Ma(d3,d5)",2D,closed,0,0,-7,0,7,d5,2.0000
1.438491e+02,"Ma(d3,d5)",2D,closed,0,0,7,0,-7,d5,2.0000
1.438491e+02,"Ma(d3,d5)",2D,closed,0,0,15,0,-3,d5,2.0000
1.438491e+02,"Ma(d3,d5)",2D,closed,0,0,19,0,-1,d5,2.0000
1.463699e+02,"Ma(d3,d4)",2D,closed,0,0,-18,2,0,d4,1.6840
1.463699e+02,"Ma(d3,d4)",2D,closed,0,0,18,-2,0,d4,1.6840
1.470822e+02,"Ma(d3,d4)",2D,closed,0,0,-8,8,0,d4,1.6840
1.470822e+02,"Ma(d3,d4)",2D,closed,0,0,8,-8,0,d4,1.6840
1.485344e+02,"Ma(d3,d4)",2D,closed,0,0,-20,1,0,d4,1.6840
1.485344e+02,"Ma(d3,d4)",2D,closed,0,0,20,-1,0,d4,1.6840
1.506990e+02,"Ma(d3,d5)",2D,closed,0,0,-20,0,1,d5,2.0000
1.506990e+02,"Ma(d3,d5)",2D,closed,0,0,-18,0,2,d5,2.0000
1.506990e+02,"Ma(d3,d5)",2D,closed,0,0,18,0,-2,d5,2.0000
1.506990e+02,"Ma(d3,d5)",2D,closed,0,0,20,0,-1,d5,2.0000
1.514114e+02,"Ma(d3,d4)",2D,closed,0,0,-12,6,0,d4,1.6840
1.514114e+02,"Ma(d3,d4)",2D,closed,0,0,12,-6,0,d4,1.6840
1.557406e+02,"Ma(d3,d4)",2D,closed,0,0,-16,4,0,d4,1.6840
1.557406e+02,"Ma(d3,d4)",2D,closed,0,0,16,-4,0,d4,1.6840
1.579052e+02,"Ma(d3,d4)",2D,closed,0,0,-18,3,0,d4,1.6840
1.579052e+02,"Ma(d3,d4)",2D,closed,0,0,18,-3,0,d4,1.6840
1.600698e+02,"Ma(d3,d4)",2D,closed,0,0,-20,2,0,d4,1.6840
1.600698e+02,"Ma(d3,d4)",2D,closed,0,0,20,-2,0,d4,1.6840
1.604260e+02,"Ma(d3,d4)",2D,closed,0,0,-15,5,0,d4,1.6840
1.604260e+02,"Ma(d3,d4)",2D,closed,0,0,15,-5,0,d4,1.6840
1.643989e+02,"Ma(d3,d5)",2D,closed,0,0,-20,0,2,d5,2.0000
1.643989e+02,"Ma(d3,d5)",2D,closed,0,0,-18,0,3,d5,2.0000
1.643989e+02,"Ma(d3,d5)",2D,closed,0,0,-16,0,4,d5,2.0000
1.643989e+02,"Ma(d3,d5)",2D,closed,0,0,-12,0,6,d5,2.0000
1.643989e+02,"Ma(d3,d5)",2D,closed,0,0,-8,0,8,d5,2.0000
1.643989e+02,"Ma(d3,d5)",2D,closed,0,0,8,0,-8,d5,2.0000
1.643989e+02,"Ma(d3,d5)",2D,closed,0,0,12,0,-6,d5,2.0000
1.643989e+02,"Ma(d3,d5)",2D,closed,0,0,16,0,-4,d5,2.0000
1.643989e+02,"Ma(d3,d5)",2D,closed,0,0,18,0,-3,d5,2.0000
1.643989e+02,"Ma(d3,d5)",2D,closed,0,0,20,0,-2,d5,2.0000
1.654675e+02,"Ma(d3,d4)",2D,closed,0,0,-9,9,0,d4,1.6840
1.654675e+02,"Ma(d3,d4)",2D,closed,0,0,9,-9,0,d4,1.6840
1.670445e+02,"Ma(d2,d3)",2D,closed,0,-10,-5,0,0,d3,1.9760
1.670445e+02,"Ma(d2,d3)",2D,closed,0,10,5,0,0,d3,1.9760
1.712489e+02,"Ma(d3,d5)",2D,closed,0,0,-15,0,5,d5,2.0000
1.712489e+02,"Ma(d3,d5)",2D,closed,0,0,15,0,-5,d5,2.0000
1.766467e+02,"Ma(d3,d4)",2D,closed,0,0,-14,7,0,d4,1.6840
1.766467e+02,"Ma(d3,d4)",2D,closed,0,0,14,-7,0,d4,1.6840
1.831404e+02,"Ma(d3,d4)",2D,closed,0,0,-20,4,0,d4,1.6840
1.831404e+02,"Ma(d3,d4)",2D,closed,0,0,20,-4,0,d4,1.6840
1.838528e+02,"Ma(d3,d4)",2D,closed,0,0,-10,10,0,d4,1.6840
1.838528e+02,"Ma(d3,d4)",2D,closed,0,0,10,-10,0,d4,1.6840
1.849488e+02,"Ma(d3,d5)",2D,closed,0,0,-9,0,9,d5,2.0000
1.849488e+02,"Ma(d3,d5)",2D,closed,0,0,9,0,-9,d5,2.0000
1.917988e+02,"Ma(d3,d5)",2D,closed,0,0,-20,0,4,d5,2.0000
1.917988e+02,"Ma(d3,d5)",2D,closed,0,0,-14,0,7,d5,2.0000
1.917988e+02,"Ma(d3,d5)",2D,closed,0,0,14,0,-7,d5,2.0000
1.917988e+02,"Ma(d3,d5)",2D,closed,0,0,20,0,-4,d5,2.0000
1.925112e+02,"Ma(d3,d4)",2D,closed,0,0,-18,6,0,d4,1.6840
1.925112e+02,"Ma(d3,d4)",2D,closed,0,0,18,-6,0,d4,1.6840
1.946757e+02,"Ma(d3,d4)",2D,closed,0,0,-20,5,0,d4,1.6840
1.946757e+02,"Ma(d3,d4)",2D,closed,0,0,20,-5,0,d4,1.6840
2.004534e+02,"Ma(d2,d3)",2D,closed,0,-12,-6,0,0,d3,1.9760
2.004534e+02,"Ma(d2,d3)",2D,closed,0,12,6,0,0,d3,1.9760
2.018819e+02,"Ma(d3,d4)",2D,closed,0,0,-16,8,0,d4,1.6840
2.018819e+02,"Ma(d3,d4)",2D,closed,0,0,16,-8,0,d4,1.6840
2.022381e+02,"Ma(d3,d4)",2D,closed,0,0,-11,11,0,d4,1.6840
2.022381e+02,"Ma(d3,d4)",2D,closed,0,0,11,-11,0,d4,1.6840
2.038096e+02,"Ma(d1,d4)",2D,closed,-6,0,0,-3,0,d4,1.9996
2.038096e+02,"Ma(d1,d4)",2D,closed,6,0,0,3,0,d4,1.9996
2.054987e+02,"Ma(d3,d5)",2D,closed,0,0,-20,0,5,d5,2.0000
2.054987e+02,"Ma(d3,d5)",2D,closed,0,0,-18,0,6,d5,2.0000
2.054987e+02,"Ma(d3,d5)",2D,closed,0,0,-10,0,10,d5,2.0000
2.054987e+02,"Ma(d3,d5)",2D,closed,0,0,10,0,-10,d5,2.0000
2.054987e+02,"Ma(d3,d5)",2D,closed,0,0,18,0,-6,d5,2.0000
2.054987e+02,"Ma(d3,d5)",2D,closed,0,0,20,0,-5,d5,2.0000
2.191986e+02,"Ma(d3,d5)",2D,closed,0,0,-16,0,8,d5,2.0000
2.191986e+02,"Ma(d3,d5)",2D,closed,0,0,16,0,-8,d5,2.0000
2.206234e+02,"Ma(d3,d4)",2D,closed,0,0,-12,12,0,d4,1.6840
2.206234e+02,"Ma(d3,d4)",2D,closed,0,0,12,-12,0,d4,1.6840
2.260485e+02,"Ma(d3,d5)",2D,closed,0,0,-11,0,11,d5,2.0000
2.260485e+02,"Ma(d3,d5)",2D,closed,0,0,11,0,-11,d5,2.0000
2.271171e+02,"Ma(d3,d4)",2D,closed,0,0,-18,9,0,d4,1.6840
2.271171e+02,"Ma(d3,d4)",2D,closed,0,0,18,-9,0,d4,1.6840
2.338623e+02,"Ma(d2,d3)",2D,closed,0,-14,-7,0,0,d3,1.9760
2.338623e+02,"Ma(d2,d3)",2D,closed,0,14,7,0,0,d3,1.9760
2.390087e+02,"Ma(d3,d4)",2D,closed,0,0,-13,13,0,d4,1.6840
2.390087e+02,"Ma(d3,d4)",2D,closed,0,0,13,-13,0,d4,1.6840
2.465984e+02,"Ma(d3,d5)",2D,closed,0,0,-18,0,9,d5,2.0000
2.465984e+02,"Ma(d3,d5)",2D,closed,0,0,-12,0,12,d5,2.0000
2.465984e+02,"Ma(d3,d5)",2D,closed,0,0,12,0,-12,d5,2.0000
2.465984e+02,"Ma(d3,d5)",2D,closed,0,0,18,0,-9,d5,2.0000
2.523524e+02,"Ma(d3,d4)",2D,closed,0,0,-20,10,0,d4,1.6840
2.523524e+02,"Ma(d3,d4)",2D,closed,0,0,20,-10,0,d4,1.6840
2.573939e+02,"Ma(d3,d4)",2D,closed,0,0,-14,14,0,d4,1.6840
2.573939e+02,"Ma(d3,d4)",2D,closed,0,0,14,-14,0,d4,1.6840
2.671483e+02,"Ma(d3,d5)",2D,closed,0,0,-13,0,13,d5,2.0000
2.671483e+02,"Ma(d3,d5)",2D,closed,0,0,13,0,-13,d5,2.0000
2.672712e+02,"Ma(d2,d3)",2D,closed,0,-16,-8,0,0,d3,1.9760
2.672712e+02,"Ma(d2,d3)",2D,closed,0,16,8,0,0,d3,1.9760
2.717462e+02,"Ma(d1,d4)",2D,closed,-8,0,0,-4,0,d4,1.9996
2.717462e+02,"Ma(d1,d4)",2D,closed,8,0,0,4,0,d4,1.9996
2.739982e+02,"Ma(d3,d5)",2D,closed,0,0,-20,0,10,d5,2.0000
2.739982e+02,"Ma(d3,d5)",2D,closed,0,0,20,0,-10,d5,2.0000
2.757792e+02,"Ma(d3,d4)",2D,closed,0,0,-15,15,0,d4,1.6840
2.757792e+02,"Ma(d3,d4)",2D,closed,0,0,15,-15,0,d4,1.6840
2.876981e+02,"Ma(d3,d5)",2D,closed,0,0,-14,0,14,d5,2.0000
2.876981e+02,"Ma(d3,d5)",2D,closed,0,0,14,0,-14,d5,2.0000
2.941645e+02,"Ma(d3,d4)",2D,closed,0,0,-16,16,0,d4,1.6840
2.941645e+02,"Ma(d3,d4)",2D,closed,0,0,16,-16,0,d4,1.6840
3.006801e+02,"Ma(d2,d3)",2D,closed,0,-18,-9,0,0,d3,1.9760
3.006801e+02,"Ma(d2,d3)",2D,closed,0,18,9,0,0,d3,1.9760
3.082480e+02,"Ma(d3,d5)",2D,closed,0,0,-15,0,15,d5,2.0000
3.082480e+02,"Ma(d3,d5)",2D,closed,0,0,15,0,-15,d5,2.0000
3.125498e+02,"Ma(d3,d4)",2D,closed,0,0,-17,17,0,d4,1.6840
3.125498e+02,"Ma(d3,d4)",2D,closed,0,0,17,-17,0,d4,1.6840
3.287979e+02,"Ma(d3,d5)",2D,closed,0,0,-16,0,16,d5,2.0000
3.287979e+02,"Ma(d3,d5)",2D,closed,0,0,16,0,-16,d5,2.0000
3.309351e+02,"Ma(d3,d4)",2D,closed,0,0,-18,18,0,d4,1.6840
3.309351e+02,"Ma(d3,d4)",2D,closed,0,0,18,-18,0,d4,1.6840
3.340891e+02,"Ma(d2,d3)",2D,closed,0,-20,-10,0,0,d3,1.9760
3.340891e+02,"Ma(d2,d3)",2D,closed,0,20,10,0,0,d3,1.9760
3.396827e+02,"Ma(d1,d4)",2D,closed,-10,0,0,-5,0,d4,1.9996
3.396827e+02,"Ma(d1,d4)",2D,closed,10,0,0,5,0,d4,1.9996
3.493203e+02,"Ma(d3,d4)",2D,closed,0,0,-19,19,0,d4,1.6840
3.493203e+02,"Ma(d3,d4)",2D,closed,0,0,19,-19,0,d4,1.6840
3.493477e+02,"Ma(d3,d5)",2D,closed,0,0,-17,0,17,d5,2.0000
3.493477e+02,"Ma(d3,d5)",2D,closed,0,0,17,0,-17,d5,2.0000
3.677056e+02,"Ma(d3,d4)",2D,closed,0,0,-20,20,0,d4,1.6840
3.677056e+02,"Ma(d3,d4)",2D,closed,0,0,20,-20,0,d4,1.6840
3.698976e+02,"Ma(d3,d5)",2D,closed,0,0,-18,0,18,d5,2.0000
3.698976e+02,"Ma(d3,d5)",2D,closed,0,0,18,0,-18,d5,2.0000
3.904475e+02,"Ma(d3,d5)",2D,closed,0,0,-19,0,19,d5,2.0000
3.904475e+02,"Ma(d3,d5)",2D,closed,0,0,19,0,-19,d5,2.0000
4.076193e+02,"Ma(d1,d4)",2D,closed,-12,0,0,-6,0,d4,1.9996
4.076193e+02,"Ma(d1,d4)",2D,closed,12,0,0,6,0,d4,1.9996
4.109973e+02,"Ma(d3,d5)",2D,closed,0,0,-20,0,20,d5,2.0000
4.109973e+02,"Ma(d3,d5)",2D,closed,0,0,20,0,-20,d5,2.0000
4.755558e+02,"Ma(d1,d4)",2D,closed,-14,0,0,-7,0,d4,1.9996
4.755558e+02,"Ma(d1,d4)",2D,closed,14,0,0,7,0,d4,1.9996
5.434924e+02,"Ma(d1,d4)",2D,closed,-16,0,0,-8,0,d4,1.9996
5.434924e+02,"Ma(d1,d4)",2D,closed,16,0,0,8,0,d4,1.9996
6.114289e+02,"Ma(d1,d4)",2D,closed,-18,0,0,-9,0,d4,1.9996
6.114289e+02,"Ma(d1,d4)",2D,closed,18,0,0,9,0,d4,1.9996
6.793655e+02,"Ma(d1,d4)",2D,closed,-20,0,0,-10,0,d4,1.9996
6.793655e+02,"Ma(d1,d4)",2D,closed,20,0,0,10,0,d4,1.9996
1.329782e+03,"Ma(d2,d3)",2D,closed,0,-1,-1,0,0,d3,1.9760
1.329782e+03,"Ma(d2,d3)",2D,closed,0,1,1,0,0,d3,1.9760
1.362464e+03,"Ma(d2,d4)",2D,closed,0,-3,0,-1,0,d4,2.0000
1.362464e+03,"Ma(d2,d5)",2D,closed,0,-3,0,0,-1,d5,2.0000
1.362464e+03,"Ma(d2,d4)",2D,closed,0,-1,0,-20,0,d2,2.0000
1.362464e+03,"Ma(d2,d4)",2D,closed,0,-1,0,-19,0,d2,2.0000
1.362464e+03,"Ma(d2,d4)",2D,closed,0,-1,0,-18,0,d2,2.0000
1.362464e+03,"Ma(d2,d4)",2D,closed,0,-1,0,-17,0,d2,2.0000
1.362464e+03,"Ma(d2,d4)",2D,closed,0,-1,0,-16,0,d2,2.0000
1.362464e+03,"Ma(d2,d4)",2D,closed,0,-1,0,-15,0,d2,2.0000
1.362464e+03,"Ma(d2,d4)",2D,closed,0,-1,0,-14,0,d2,2.0000
1.362464e+03,"Ma(d2,d4)",2D,closed,0,-1,0,-13,0,d2,2.0000
1.362464e+03,"Ma(d2,d4)",2D,closed,0,-1,0,-12,0,d2,2.0000
1.362464e+03,"Ma(d2,d4)",2D,closed,0,-1,0,-11,0,d2,2.0000
1.362464e+03,"Ma(d2,d4)",2D,closed,0,-1,0,-10,0,d2,2.0000
1.362464e+03,"Ma(d2,d4)",2D,closed,0,-1,0,-9,0,d2,2.0000
1.362464e+03,"Ma(d2,d4)",2D,closed,0,-1,0,-8,0,d2,2.0000
1.362464e+03,"Ma(d2,d4)",2D,closed,0,-1,0,-7,0,d2,2.0000
1.362464e+03,"Ma(d2,d4)",2D,closed,0,-1,0,-6,0,d2,2.0000
1.362464e+03,"Ma(d2,d4)",2D,closed,0,-1,0,-5,0,d2,2.0000
1.362464e+03,"Ma(d2,d4)",2D,closed,0,-1,0,-4,0,d2,2.0000
1.362464e+03,"Ma(d2,d4)",2D,closed,0,-1,0,-3,0,d2,2.0000
1.362464e+03,"Ma(d2,d4)",2D,closed,0,-1,0,-2,0,d2,2.0000
1.362464e+03,"Ma(d2,d4)",2D,closed,0,-1,0,-1,0,d2,2.0000
1.362464e+03,"Ma(d2,d4)",2D,closed,0,-1,0,-1,0,d4,2.0000
1.362464e+03,"Ma(d2,d5)",2D,closed,0,-1,0,0,-20,d2,2.0000
1.362464e+03,"Ma(d2,d5)",2D,closed,0,-1,0,0,-19,d2,2.0000
1.362464e+03,"Ma(d2,d5)",2D,closed,0,-1,0,0,-18,d2,2.0000
1.362464e+03,"Ma(d2,d5)",2D,closed,0,-1,0,0,-17,d2,2.0000
1.362464e+03,"Ma(d2,d5)",2D,closed,0,-1,0,0,-16,d2,2.0000
1.362464e+03,"Ma(d2,d5)",2D,closed,0,-1,0,0,-15,d2,2.0000
1.362464e+03,"Ma(d2,d5)",2D,closed,0,-1,0,0,-14,d2,2.0000
1.362464e+03,"Ma(d2,d5)",2D,closed,0,-1,0,0,-13,d2,2.0000
1.362464e+03,"Ma(d2,d5)",2D,closed,0,-1,0,0,-12,d2,2.0000
1.362464e+03,"Ma(d2,d5)",2D,closed,0,-1,0,0,-11,d2,2.0000
1.362464e+03,"Ma(d2,d5)",2D,closed,0,-1,0,0,-10,d2,2.0000
1.362464e+03,"Ma(d2,d5)",2D,closed,0,-1,0,0,-9,d2,2.0000
1.362464e+03,"Ma(d2,d5)",2D,closed,0,-1,0,0,-8,d2,2.0000
1.362464e+03,"Ma(d2,d5)",2D,closed,0,-1,0,0,-7,d2,2.0000
1.362464e+03,"Ma(d2,d5)",2D,closed,0,-1,0,0,-6,d2,2.0000
1.362464e+03,"Ma(d2,d5)",2D,closed,0,-1,0,0,-5,d2,2.0000
1.362464e+03,"Ma(d2,d5)",2D,closed,0,-1,0,0,-4,d2,2.0000
1.362464e+03,"Ma(d2,d5)",2D,closed,0,-1,0,0,-3,d2,2.0000
1.362464e+03,"Ma(d2,d5)",2D,closed,0,-1,0,0,-2,d2,2.0000
1.362464e+03,"Ma(d2,d5)",2D,closed,0,-1,0,0,-1,d2,2.0000
1.362464e+03,"Ma(d2,d5)",2D,closed,0,-1,0,0,-1,d5,2.0000
1.362464e+03,Ma(d2),1D,closed,0,-1,0,0,0,,
1.362464e+03,"Ma(d2,d5)",2D,closed,0,-1,0,0,1,d2,2.0000
1.362464e+03,"Ma(d2,d5)",2D,closed,0,-1,0,0,2,d2,2.0000
1.362464e+03,"Ma(d2,d5)",2D,closed,0,-1,0,0,3,d2,2.0000
1.362464e+03,"Ma(d2,d5)",2D,closed,0,-1,0,0,4,d2,2.0000
1.362464e+03,"Ma(d2,d5)",2D,closed,0,-1,0,0,5,d2,2.0000
1.362464e+03,"Ma(d2,d5)",2D,closed,0,-1,0,0,6,d2,2.0000
1.362464e+03,"Ma(d2,d5)",2D,closed,0,-1,0,0,7,d2,2.0000
1.362464e+03,"Ma(d2,d5)",2D,closed,0,-1,0,0,8,d2,2.0000
1.362464e+03,"Ma(d2,d5)",2D,closed,0,-1,0,0,9,d2,2.0000
1.362464e+03,"Ma(d2,d5)",2D,closed,0,-1,0,0,10,d2,2.0000
1.362464e+03,"Ma(d2,d5)",2D,closed,0,-1,0,0,11,d2,2.0000
1.362464e+03,"Ma(d2,d5)",2D,closed,0,-1,0,0,12,d2,2.0000
1.362464e+03,"Ma(d2,d5)",2D,closed,0,-1,0,0,13,d2,2.0000
1.362464e+03,"Ma(d2,d5)",2D,closed,0,-1,0,0,14,d2,2.0000
1.362464e+03,"Ma(d2,d5)",2D,closed,0,-1,0,0,15,d2,2.0000
1.362464e+03,"Ma(d2,d5)",2D,closed,0,-1,0,0,16,d2,2.0000
1.362464e+03,"Ma(d2,d5)",2D,closed,0,-1,0,0,17,d2,2.0000
1.362464e+03,"Ma(d2,d5)",2D,closed,0,-1,0,0,18,d2,2.0000
1.362464e+03,"Ma(d2,d5)",2D,closed,0,-1,0,0,19,d2,2.0000
1.362464e+03,"Ma(d2,d5)",2D,closed,0,-1,0,0,20,d2,2.0000
1.362464e+03,"Ma(d2,d4)",2D,closed,0,-1,0,1,0,d2,2.0000
1.362464e+03,"Ma(d2,d4)",2D,closed,0,-1,0,2,0,d2,2.0000
1.362464e+03,"Ma(d2,d4)",2D,closed,0,-1,0,3,0,d2,2.0000
1.362464e+03,"Ma(d2,d4)",2D,closed,0,-1,0,4,0,d2,2.0000
1.362464e+03,"Ma(d2,d4)",2D,closed,0,-1,0,5,0,d2,2.0000
1.362464e+03,"Ma(d2,d4)",2D,closed,0,-1,0,6,0,d2,2.0000
1.362464e+03,"Ma(d2,d4)",2D,closed,0,-1,0,7,0,d2,2.0000
1.362464e+03,"Ma(d2,d4)",2D,closed,0,-1,0,8,0,d2,2.0000
1.362464e+03,"Ma(d2,d4)",2D,closed,0,-1,0,9,0,d2,2.0000
1.362464e+03,"Ma(d2,d4)",2D,closed,0,-1,0,10,0,d2,2.0000
1.362464e+03,"Ma(d2,d4)",2D,closed,0,-1,0,11,0,d2,2.0000
1.362464e+03,"Ma(d2,d4)",2D,closed,0,-1,0,12,0,d2,2.0000
1.362464e+03,"Ma(d2,d4)",2D,closed,0,-1,0,13,0,d2,2.0000
1.362464e+03,"Ma(d2,d4)",2D,closed,0,-1,0,14,0,d2,2.0000
1.362464e+03,"Ma(d2,d4)",2D,closed,0,-1,0,15,0,d2,2.0000
1.362464e+03,"Ma(d2,d4)",2D,closed,0,-1,0,16,0,d2,2.0000
1.362464e+03,"Ma(d2,d4)",2D,closed,0,-1,0,17,0,d2,2.0000
1.362464e+03,"Ma(d2,d4)",2D,closed,0,-1,0,18,0,d2,2.0000
1.362464e+03,"Ma(d2,d4)",2D,closed,0,-1,0,19,0,d2,2.0000
1.362464e+03,"Ma(d2,d4)",2D,closed,0,-1,0,20,0,d2,2.0000
1.362464e+03,"Ma(d2,d4)",2D,closed,0,1,0,-20,0,d2,2.0000
1.362464e+03,"Ma(d2,d4)",2D,closed,0,1,0,-19,0,d2,2.0000
1.362464e+03,"Ma(d2,d4)",2D,closed,0,1,0,-18,0,d2,2.0000
1.362464e+03,"Ma(d2,d4)",2D,closed,0,1,0,-17,0,d2,2.0000
1.362464e+03,"Ma(d2,d4)",2D,closed,0,1,0,-16,0,d2,2.0000
1.362464e+03,"Ma(d2,d4)",2D,closed,0,1,0,-15,0,d2,2.0000
1.362464e+03,"Ma(d2,d4)",2D,closed,0,1,0,-14,0,d2,2.0000
1.362464e+03,"Ma(d2,d4)",2D,closed,0,1,0,-13,0,d2,2.0000
1.362464e+03,"Ma(d2,d4)",2D,closed,0,1,0,-12,0,d2,2.0000
1.362464e+03,"Ma(d2,d4)",2D,closed,0,1,0,-11,0,d2,2.0000
1.362464e+03,"Ma(d2,d4)",2D,closed,0,1,0,-10,0,d2,2.0000
1.362464e+03,"Ma(d2,d4)",2D,closed,0,1,0,-9,0,d2,2.0000
1.362464e+03,"Ma(d2,d4)",2D,closed,0,1,0,-8,0,d2,2.0000
1.362464e+03,"Ma(d2,d4)",2D,closed,0,1,0,-7,0,d2,2.0000
1.362464e+03,"Ma(d2,d4)",2D,closed,0,1,0,-6,0,d2,2.0000
1.362464e+03,"Ma(d2,d4)",2D,closed,0,1,0,-5,0,d2,2.0000
1.362464e+03,"Ma(d2,d4)",2D,closed,0,1,0,-4,0,d2,2.0000
1.362464e+03,"Ma(d2,d4)",2D,closed,0,1,0,-3,0,d2,2.0000
1.362464e+03,"Ma(d2,d4)",2D,closed,0,1,0,-2,0,d2,2.0000
1.362464e+03,"Ma(d2,d4)",2D,closed,0,1,0,-1,0,d2,2.0000
1.362464e+03,"Ma(d2,d5)",2D,closed,0,1,0,0,-20,d2,2.0000
1.362464e+03,"Ma(d2,d5)",2D,closed,0,1,0,0,-19,d2,2.0000
1.362464e+03,"Ma(d2,d5)",2D,closed,0,1,0,0,-18,d2,2.0000
1.362464e+03,"Ma(d2,d5)",2D,closed,0,1,0,0,-17,d2,2.0000
1.362464e+03,"Ma(d2,d5)",2D,closed,0,1,0,0,-16,d2,2.0000
1.362464e+03,"Ma(d2,d5)",2D,closed,0,1,0,0,-15,d2,2.0000
1.362464e+03,"Ma(d2,d5)",2D,closed,0,1,0,0,-14,d2,2.0000
1.362464e+03,"Ma(d2,d5)",2D,closed,0,1,0,0,-13,d2,2.0000
1.362464e+03,"Ma(d2,d5)",2D,closed,0,1,0,0,-12,d2,2.0000
1.362464e+03,"Ma(d2,d5)",2D,closed,0,1,0,0,-11,d2,2.0000
1.362464e+03,"Ma(d2,d5)",2D,closed,0,1,0,0,-10,d2,2.0000
1.362464e+03,"Ma(d2,d5)",2D,closed,0,1,0,0,-9,d2,2.0000
1.362464e+03,"Ma(d2,d5)",2D,closed,0,1,0,0,-8,d2,2.0000
1.362464e+03,"Ma(d2,d5)",2D,closed,0,1,0,0,-7,d2,2.0000
1.362464e+03,"Ma(d2,d5)",2D,closed,0,1,0,0,-6,d2,2.0000
1.362464e+03,"Ma(d2,d5)",2D,closed,0,1,0,0,-5,d2,2.0000
1.362464e+03,"Ma(d2,d5)",2D,closed,0,1,0,0,-4,d2,2.0000
1.362464e+03,"Ma(d2,d5)",2D,closed,0,1,0,0,-3,d2,2.0000
1.362464e+03,"Ma(d2,d5)",2D,closed,0,1,0,0,-2,d2,2.0000
1.362464e+03,"Ma(d2,d5)",2D,closed,0,1,0,0,-1,d2,2.0000
1.362464e+03,Ma(d2),1D,closed,0,1,0,0,0,,
1.362464e+03,"Ma(d2,d5)",2D,closed,0,1,0,0,1,d2,2.0000
1.362464e+03,"Ma(d2,d5)",2D,closed,0,1,0,0,1,d5,2.0000
1.362464e+03,"Ma(d2,d5)",2D,closed,0,1,0,0,2,d2,2.0000
1.362464e+03,"Ma(d2,d5)",2D,closed,0,1,0,0,3,d2,2.0000
1.362464e+03,"Ma(d2,d5)",2D,closed,0,1,0,0,4,d2,2.0000
1.362464e+03,"Ma(d2,d5)",2D,closed,0,1,0,0,5,d2,2.0000
1.362464e+03,"Ma(d2,d5)",2D,closed,0,1,0,0,6,d2,2.0000
1.362464e+03,"Ma(d2,d5)",2D,closed,0,1,0,0,7,d2,2.0000
1.362464e+03,"Ma(d2,d5)",2D,closed,0,1,0,0,8,d2,2.0000
1.362464e+03,"Ma(d2,d5)",2D,closed,0,1,0,0,9,d2,2.0000
1.362464e+03,"Ma(d2,d5)",2D,closed,0,1,0,0,10,d2,2.0000
1.362464e+03,"Ma(d2,d5)",2D,closed,0,1,0,0,11,d2,2.0000
1.362464e+03,"Ma(d2,d5)",2D,closed,0,1,0,0,12,d2,2.0000
1.362464e+03,"Ma(d2,d5)",2D,closed,0,1,0,0,13,d2,2.0000
1.362464e+03,"Ma(d2,d5)",2D,closed,0,1,0,0,14,d2,2.0000
1.362464e+03,"Ma(d2,d5)",2D,closed,0,1,0,0,15,d2,2.0000
1.362464e+03,"Ma(d2,d5)",2D,closed,0,1,0,0,16,d2,2.0000
1.362464e+03,"Ma(d2,d5)",2D,closed,0,1,0,0,17,d2,2.0000
1.362464e+03,"Ma(d2,d5)",2D,closed,0,1,0,0,18,d2,2.0000
1.362464e+03,"Ma(d2,d5)",2D,closed,0,1,0,0,19,d2,2.0000
1.362464e+03,"Ma(d2,d5)",2D,closed,0,1,0,0,20,d2,2.0000
1.362464e+03,"Ma(d2,d4)",2D,closed,0,1,0,1,0,d2,2.0000
1.362464e+03,"Ma(d2,d4)",2D,closed,0,1,0,1,0,d4,2.0000
1.362464e+03,"Ma(d2,d4)",2D,closed,0,1,0,2,0,d2,2.0000
1.362464e+03,"Ma(d2,d4)",2D,closed,0,1,0,3,0,d2,2.0000
1.362464e+03,"Ma(d2,d4)",2D,closed,0,1,0,4,0,d2,2.0000
1.362464e+03,"Ma(d2,d4)",2D,closed,0,1,0,5,0,d2,2.0000
1.362464e+03,"Ma(d2,d4)",2D,closed,0,1,0,6,0,d2,2.0000
1.362464e+03,"Ma(d2,d4)",2D,closed,0,1,0,7,0,d2,2.0000
1.362464e+03,"Ma(d2,d4)",2D,closed,0,1,0,8,0,d2,2.0000
1.362464e+03,"Ma(d2,d4)",2D,closed,0,1,0,9,0,d2,2.0000
1.362464e+03,"Ma(d2,d4)",2D,closed,0,1,0,10,0,d2,2.0000
1.362464e+03,"Ma(d2,d4)",2D,closed,0,1,0,11,0,d2,2.0000
1.362464e+03,"Ma(d2,d4)",2D,closed,0,1,0,12,0,d2,2.0000
1.362464e+03,"Ma(d2,d4)",2D,closed,0,1,0,13,0,d2,2.0000
1.362464e+03,"Ma(d2,d4)",2D,closed,0,1,0,14,0,d2,2.0000
1.362464e+03,"Ma(d2,d4)",2D,closed,0,1,0,15,0,d2,2.0000
1.362464e+03,"Ma(d2,d4)",2D,closed,0,1,0,16,0,d2,2.0000
1.362464e+03,"Ma(d2,d4)",2D,closed,0,1,0,17,0,d2,2.0000
1.362464e+03,"Ma(d2,d4)",2D,closed,0,1,0,18,0,d2,2.0000
1.362464e+03,"Ma(d2,d4)",2D,closed,0,1,0,19,0,d2,2.0000
1.362464e+03,"Ma(d2,d4)",2D,closed,0,1,0,20,0,d2,2.0000
1.362464e+03,"Ma(d2,d5)",2D,closed,0,3,0,0,1,d5,2.0000
1.362464e+03,"Ma(d2,d4)",2D,closed,0,3,0,1,0,d4,2.0000
1.362464e+03,"Ma(d2,d3)",2D,closed,0,-1,-2,0,0,d2,1.9760
1.362464e+03,"Ma(d2,d3)",2D,closed,0,1,2,0,0,d2,1.9760
1.362480e+03,"Ma(d2,d3)",2D,closed,0,-1,-1,0,0,d2,1.9760
1.362480e+03,"Ma(d2,d3)",2D,closed,0,1,1,0,0,d2,1.9760
1.362482e+03,"Ma(d2,d3)",2D,closed,0,-1,-3,0,0,d2,1.9760
1.362482e+03,"Ma(d2,d3)",2D,closed,0,1,3,0,0,d2,1.9760
1.362534e+03,"Ma(d2,d3)",2D,closed,0,-1,-4,0,0,d2,1.9760
1.362534e+03,"Ma(d2,d3)",2D,closed,0,1,4,0,0,d2,1.9760
1.362616e+03,"Ma(d2,d3)",2D,closed,0,-1,1,0,0,d2,1.9760
1.362616e+03,"Ma(d2,d3)",2D,closed,0,1,-1,0,0,d2,1.9760
1.362621e+03,"Ma(d2,d3)",2D,closed,0,-1,-5,0,0,d2,1.9760
1.362621e+03,"Ma(d2,d3)",2D,closed,0,1,5,0,0,d2,1.9760
1.362736e+03,"Ma(d2,d3)",2D,closed,0,-1,2,0,0,d2,1.9760
1.362736e+03,"Ma(d2,d3)",2D,closed,0,1,-2,0,0,d2,1.9760
1.362743e+03,"Ma(d2,d3)",2D,closed,0,-1,-6,0,0,d2,1.9760
1.362743e+03,"Ma(d2,d3)",2D,closed,0,1,6,0,0,d2,1.9760
1.362890e+03,"Ma(d2,d3)",2D,closed,0,-1,3,0,0,d2,1.9760
1.362890e+03,"Ma(d2,d3)",2D,closed,0,1,-3,0,0,d2,1.9760
1.362898e+03,"Ma(d2,d3)",2D,closed,0,-1,-7,0,0,d2,1.9760
1.362898e+03,"Ma(d2,d3)",2D,closed,0,1,7,0,0,d2,1.9760
1.363079e+03,"Ma(d2,d3)",2D,closed,0,-1,4,0,0,d2,1.9760
1.363079e+03,"Ma(d2,d3)",2D,closed,0,1,-4,0,0,d2,1.9760
1.363088e+03,"Ma(d2,d3)",2D,closed,0,-1,-8,0,0,d2,1.9760
1.363088e+03,"Ma(d2,d3)",2D,closed,0,1,8,0,0,d2,1.9760
1.363301e+03,"Ma(d2,d3)",2D,closed,0,-1,5,0,0,d2,1.9760
1.363301e+03,"Ma(d2,d3)",2D,closed,0,1,-5,0,0,d2,1.9760
1.363313e+03,"Ma(d2,d3)",2D,closed,0,-1,-9,0,0,d2,1.9760
1.363313e+03,"Ma(d2,d3)",2D,closed,0,1,9,0,0,d2,1.9760
1.363559e+03,"Ma(d2,d3)",2D,closed,0,-1,6,0,0,d2,1.9760
1.363559e+03,"Ma(d2,d3)",2D,closed,0,1,-6,0,0,d2,1.9760
1.363572e+03,"Ma(d2,d3)",2D,closed,0,-1,-10,0,0,d2,1.9760
1.363572e+03,"Ma(d2,d3)",2D,closed,0,1,10,0,0,d2,1.9760
1.363850e+03,"Ma(d2,d3)",2D,closed,0,-1,7,0,0,d2,1.9760
1.363850e+03,"Ma(d2,d3)",2D,closed,0,1,-7,0,0,d2,1.9760
1.363865e+03,"Ma(d2,d3)",2D,closed,0,-1,-11,0,0,d2,1.9760
1.363865e+03,"Ma(d2,d3)",2D,closed,0,1,11,0,0,d2,1.9760
1.364176e+03,"Ma(d2,d3)",2D,closed,0,-1,8,0,0,d2,1.9760
1.364176e+03,"Ma(d2,d3)",2D,closed,0,1,-8,0,0,d2,1.9760
1.364193e+03,"Ma(d2,d3)",2D,closed,0,-1,-12,0,0,d2,1.9760
1.364193e+03,"Ma(d2,d3)",2D,closed,0,1,12,0,0,d2,1.9760
1.364537e+03,"Ma(d2,d3)",2D,closed,0,-1,9,0,0,d2,1.9760
1.364537e+03,"Ma(d2,d3)",2D,closed,0,1,-9,0,0,d2,1.9760
1.364555e+03,"Ma(d2,d3)",2D,closed,0,-1,-13,0,0,d2,1.9760
1.364555e+03,"Ma(d2,d3)",2D,closed,0,1,13,0,0,d2,1.9760
1.364931e+03,"Ma(d2,d3)",2D,closed,0,-1,10,0,0,d2,1.9760
1.364931e+03,"Ma(d2,d3)",2D,closed,0,1,-10,0,0,d2,1.9760
1.364951e+03,"Ma(d2,d3)",2D,closed,0,-1,-14,0,0,d2,1.9760
1.364951e+03,"Ma(d2,d3)",2D,closed,0,1,14,0,0,d2,1.9760
1.365360e+03,"Ma(d2,d3)",2D,closed,0,-1,11,0,0,d2,1.9760
1.365360e+03,"Ma(d2,d3)",2D,closed,0,1,-11,0,0,d2,1.9760
1.365381e+03,"Ma(d2,d3)",2D,closed,0,-1,-15,0,0,d2,1.9760
1.365381e+03,"Ma(d2,d3)",2D,closed,0,1,15,0,0,d2,1.9760
1.365823e+03,"Ma(d2,d3)",2D,closed,0,-1,12,0,0,d2,1.9760
1.365823e+03,"Ma(d2,d3)",2D,closed,0,1,-12,0,0,d2,1.9760
1.365846e+03,"Ma(d2,d3)",2D,closed,0,-1,-16,0,0,d2,1.9760
1.365846e+03,"Ma(d2,d3)",2D,closed,0,1,16,0,0,d2,1.9760
1.366320e+03,"Ma(d2,d3)",2D,closed,0,-1,13,0,0,d2,1.9760
1.366320e+03,"Ma(d2,d3)",2D,closed,0,1,-13,0,0,d2,1.9760
1.366345e+03,"Ma(d2,d3)",2D,closed,0,-1,-17,0,0,d2,1.9760
1.366345e+03,"Ma(d2,d3)",2D,closed,0,1,17,0,0,d2,1.9760
1.366852e+03,"Ma(d2,d3)",2D,closed,0,-1,14,0,0,d2,1.9760
1.366852e+03,"Ma(d2,d3)",2D,closed,0,1,-14,0,0,d2,1.9760
1.366878e+03,"Ma(d2,d3)",2D,closed,0,-1,-18,0,0,d2,1.9760
1.366878e+03,"Ma(d2,d3)",2D,closed,0,1,18,0,0,d2,1.9760
1.367417e+03,"Ma(d2,d3)",2D,closed,0,-1,15,0,0,d2,1.9760
1.367417e+03,"Ma(d2,d3)",2D,closed,0,1,-15,0,0,d2,1.9760
1.367445e+03,"Ma(d2,d3)",2D,closed,0,-1,-19,0,0,d2,1.9760
1.367445e+03,"Ma(d2,d3)",2D,closed,0,1,19,0,0,d2,1.9760
1.368017e+03,"Ma(d2,d3)",2D,closed,0,-1,16,0,0,d2,1.9760
1.368017e+03,"Ma(d2,d3)",2D,closed,0,1,-16,0,0,d2,1.9760
1.368046e+03,"Ma(d2,d3)",2D,closed,0,-1,-20,0,0,d2,1.9760
1.368046e+03,"Ma(d2,d3)",2D,closed,0,1,20,0,0,d2,1.9760
1.368650e+03,"Ma(d2,d3)",2D,closed,0,-1,17,0,0,d2,1.9760
1.368650e+03,"Ma(d2,d3)",2D,closed,0,1,-17,0,0,d2,1.9760
1.369318e+03,"Ma(d2,d3)",2D,closed,0,-1,18,0,0,d2,1.9760
1.369318e+03,"Ma(d2,d3)",2D,closed,0,1,-18,0,0,d2,1.9760
1.370019e+03,"Ma(d2,d3)",2D,closed,0,-1,19,0,0,d2,1.9760
1.370019e+03,"Ma(d2,d3)",2D,closed,0,1,-19,0,0,d2,1.9760
1.370755e+03,"Ma(d2,d3)",2D,closed,0,-1,20,0,0,d2,1.9760
1.370755e+03,"Ma(d2,d3)",2D,closed,0,1,-20,0,0,d2,1.9760
1.395180e+03,"Ma(d2,d3)",2D,closed,0,-3,-1,0,0,d3,1.9760
1.395180e+03,"Ma(d2,d3)",2D,closed,0,3,1,0,0,d3,1.9760
1.786099e+03,"Ma(d1,d2)",2D,closed,-2,-1,0,0,0,d2,1.9932
1.786099e+03,"Ma(d1,d2)",2D,closed,2,1,0,0,0,d2,1.9932
2.659564e+03,"Ma(d2,d3)",2D,closed,0,-2,-2,0,0,d3,1.9760
2.659564e+03,"Ma(d2,d3)",2D,closed,0,2,2,0,0,d3,1.9760
2.724927e+03,"Ma(d2,d4)",2D,closed,0,-6,0,-2,0,d4,2.0000
2.724927e+03,"Ma(d2,d5)",2D,closed,0,-6,0,0,-2,d5,2.0000
2.724927e+03,"Ma(d2,d4)",2D,closed,0,-4,0,-1,0,d4,2.0000
2.724927e+03,"Ma(d2,d5)",2D,closed,0,-4,0,0,-1,d5,2.0000
2.724927e+03,"Ma(d2,d4)",2D,closed,0,-2,0,-20,0,d2,2.0000
2.724927e+03,"Ma(d2,d4)",2D,closed,0,-2,0,-18,0,d2,2.0000
2.724927e+03,"Ma(d2,d4)",2D,closed,0,-2,0,-16,0,d2,2.0000
2.724927e+03,"Ma(d2,d4)",2D,closed,0,-2,0,-14,0,d2,2.0000
2.724927e+03,"Ma(d2,d4)",2D,closed,0,-2,0,-12,0,d2,2.0000
2.724927e+03,"Ma(d2,d4)",2D,closed,0,-2,0,-10,0,d2,2.0000
2.724927e+03,"Ma(d2,d4)",2D,closed,0,-2,0,-8,0,d2,2.0000
2.724927e+03,"Ma(d2,d4)",2D,closed,0,-2,0,-6,0,d2,2.0000
2.724927e+03,"Ma(d2,d4)",2D,closed,0,-2,0,-4,0,d2,2.0000
2.724927e+03,"Ma(d2,d4)",2D,closed,0,-2,0,-2,0,d2,2.0000
2.724927e+03,"Ma(d2,d4)",2D,closed,0,-2,0,-2,0,d4,2.0000
2.724927e+03,"Ma(d2,d5)",2D,closed,0,-2,0,0,-20,d2,2.0000
2.724927e+03,"Ma(d2,d5)",2D,closed,0,-2,0,0,-18,d2,2.0000
2.724927e+03,"Ma(d2,d5)",2D,closed,0,-2,0,0,-16,d2,2.0000
2.724927e+03,"Ma(d2,d5)",2D,closed,0,-2,0,0,-14,d2,2.0000
2.724927e+03,"Ma(d2,d5)",2D,closed,0,-2,0,0,-12,d2,2.0000
2.724927e+03,"Ma(d2,d5)",2D,closed,0,-2,0,0,-10,d2,2.0000
2.724927e+03,"Ma(d2,d5)",2D,closed,0,-2,0,0,-8,d2,2.0000
2.724927e+03,"Ma(d2,d5)",2D,closed,0,-2,0,0,-6,d2,2.0000
2.724927e+03,"Ma(d2,d5)",2D,closed,0,-2,0,0,-4,d2,2.0000
2.724927e+03,"Ma(d2,d5)",2D,closed,0,-2,0,0,-2,d2,2.0000
2.724927e+03,"Ma(d2,d5)",2D,closed,0,-2,0,0,-2,d5,2.0000
2.724927e+03,Ma(d2),1D,closed,0,-2,0,0,0,,
2.724927e+03,"Ma(d2,d5)",2D,closed,0,-2,0,0,2,d2,2.0000
2.724927e+03,"Ma(d2,d5)",2D,closed,0,-2,0,0,4,d2,2.0000
2.724927e+03,"Ma(d2,d5)",2D,closed,0,-2,0,0,6,d2,2.0000
2.724927e+03,"Ma(d2,d5)",2D,closed,0,-2,0,0,8,d2,2.0000
2.724927e+03,"Ma(d2,d5)",2D,closed,0,-2,0,0,10,d2,2.0000
2.724927e+03,"Ma(d2,d5)",2D,closed,0,-2,0,0,12,d2,2.0000
2.724927e+03,"Ma(d2,d5)",2D,closed,0,-2,0,0,14,d2,2.0000
2.724927e+03,"Ma(d2,d5)",2D,closed,0,-2,0,0,16,d2,2.0000
2.724927e+03,"Ma(d2,d5)",2D,closed,0,-2,0,0,18,d2,2.0000
2.724927e+03,"Ma(d2,d5)",2D,closed,0,-2,0,0,20,d2,2.0000
2.724927e+03,"Ma(d2,d4)",2D,closed,0,-2,0,2,0,d2,2.0000
2.724927e+03,"Ma(d2,d4)",2D,closed,0,-2,0,4,0,d2,2.0000
2.724927e+03,"Ma(d2,d4)",2D,closed,0,-2,0,6,0,d2,2.0000
2.724927e+03,"Ma(d2,d4)",2D,closed,0,-2,0,8,0,d2,2.0000
2.724927e+03,"Ma(d2,d4)",2D,closed,0,-2,0,10,0,d2,2.0000
2.724927e+03,"Ma(d2,d4)",2D,closed,0,-2,0,12,0,d2,2.0000
2.724927e+03,"Ma(d2,d4)",2D,closed,0,-2,0,14,0,d2,2.0000
2.724927e+03,"Ma(d2,d4)",2D,closed,0,-2,0,16,0,d2,2.0000
2.724927e+03,"Ma(d2,d4)",2D,closed,0,-2,0,18,0,d2,2.0000
2.724927e+03,"Ma(d2,d4)",2D,closed,0,-2,0,20,0,d2,2.0000
2.724927e+03,"Ma(d2,d4)",2D,closed,0,2,0,-20,0,d2,2.0000
2.724927e+03,"Ma(d2,d4)",2D,closed,0,2,0,-18,0,d2,2.0000
2.724927e+03,"Ma(d2,d4)",2D,closed,0,2,0,-16,0,d2,2.0000
2.724927e+03,"Ma(d2,d4)",2D,closed,0,2,0,-14,0,d2,2.0000
2.724927e+03,"Ma(d2,d4)",2D,closed,0,2,0,-12,0,d2,2.0000
2.724927e+03,"Ma(d2,d4)",2D,closed,0,2,0,-10,0,d2,2.0000
2.724927e+03,"Ma(d2,d4)",2D,closed,0,2,0,-8,0,d2,2.0000
2.724927e+03,"Ma(d2,d4)",2D,closed,0,2,0,-6,0,d2,2.0000
2.724927e+03,"Ma(d2,d4)",2D,closed,0,2,0,-4,0,d2,2.0000
2.724927e+03,"Ma(d2,d4)",2D,closed,0,2,0,-2,0,d2,2.0000
2.724927e+03,"Ma(d2,d5)",2D,closed,0,2,0,0,-20,d2,2.0000
2.724927e+03,"Ma(d2,d5)",2D,closed,0,2,0,0,-18,d2,2.0000
2.724927e+03,"Ma(d2,d5)",2D,closed,0,2,0,0,-16,d2,2.0000
2.724927e+03,"Ma(d2,d5)",2D,closed,0,2,0,0,-14,d2,2.0000
2.724927e+03,"Ma(d2,d5)",2D,closed,0,2,0,0,-12,d2,2.0000
2.724927e+03,"Ma(d2,d5)",2D,closed,0,2,0,0,-10,d2,2.0000
2.724927e+03,"Ma(d2,d5)",2D,closed,0,2,0,0,-8,d2,2.0000
2.724927e+03,"Ma(d2,d5)",2D,closed,0,2,0,0,-6,d2,2.0000
2.724927e+03,"Ma(d2,d5)",2D,closed,0,2,0,0,-4,d2,2.0000
2.724927e+03,"Ma(d2,d5)",2D,closed,0,2,0,0,-2,d2,2.0000
2.724927e+03,Ma(d2),1D,closed,0,2,0,0,0,,
2.724927e+03,"Ma(d2,d5)",2D,closed,0,2,0,0,2,d2,2.0000
2.724927e+03,"Ma(d2,d5)",2D,closed,0,2,0,0,2,d5,2.0000
2.724927e+03,"Ma(d2,d5)",2D,closed,0,2,0,0,4,d2,2.0000
2.724927e+03,"Ma(d2,d5)",2D,closed,0,2,0,0,6,d2,2.0000
2.724927e+03,"Ma(d2,d5)",2D,closed,0,2,0,0,8,d2,2.0000
2.724927e+03,"Ma(d2,d5)",2D,closed,0,2,0,0,10,d2,2.0000
2.724927e+03,"Ma(d2,d5)",2D,closed,0,2,0,0,12,d2,2.0000
2.724927e+03,"Ma(d2,d5)",2D,closed,0,2,0,0,14,d2,2.0000
2.724927e+03,"Ma(d2,d5)",2D,closed,0,2,0,0,16,d2,2.0000
2.724927e+03,"Ma(d2,d5)",2D,closed,0,2,0,0,18,d2,2.0000
2.724927e+03,"Ma(d2,d5)",2D,closed,0,2,0,0,20,d2,2.0000
2.724927e+03,"Ma(d2,d4)",2D,closed,0,2,0,2,0,d2,2.0000
2.724927e+03,"Ma(d2,d4)",2D,closed,0,2,0,2,0,d4,2.0000
2.724927e+03,"Ma(d2,d4)",2D,closed,0,2,0,4,0,d2,2.0000
2.724927e+03,"Ma(d2,d4)",2D,closed,0,2,0,6,0,d2,2.0000
2.724927e+03,"Ma(d2,d4)",2D,closed,0,2,0,8,0,d2,2.0000
2.724927e+03,"Ma(d2,d4)",2D,closed,0,2,0,10,0,d2,2.0000
2.724927e+03,"Ma(d2,d4)",2D,closed,0,2,0,12,0,d2,2.0000
2.724927e+03,"Ma(d2,d4)",2D,closed,0,2,0,14,0,d2,2.0000
2.724927e+03,"Ma(d2,d4)",2D,closed,0,2,0,16,0,d2,2.0000
2.724927e+03,"Ma(d2,d4)",2D,closed,0,2,0,18,0,d2,2.0000
2.724927e+03,"Ma(d2,d4)",2D,closed,0,2,0,20,0,d2,2.0000
2.724927e+03,"Ma(d2,d5)",2D,closed,0,4,0,0,1,d5,2.0000
2.724927e+03,"Ma(d2,d4)",2D,closed,0,4,0,1,0,d4,2.0000
2.724927e+03,"Ma(d2,d5)",2D,closed,0,6,0,0,2,d5,2.0000
2.724927e+03,"Ma(d2,d4)",2D,closed,0,6,0,2,0,d4,2.0000
2.724927e+03,"Ma(d2,d3)",2D,closed,0,-2,-4,0,0,d2,1.9760
2.724927e+03,"Ma(d2,d3)",2D,closed,0,2,4,0,0,d2,1.9760
2.724960e+03,"Ma(d2,d3)",2D,closed,0,-2,-2,0,0,d2,1.9760
2.724960e+03,"Ma(d2,d3)",2D,closed,0,2,2,0,0,d2,1.9760
2.724964e+03,"Ma(d2,d3)",2D,closed,0,-2,-6,0,0,d2,1.9760
2.724964e+03,"Ma(d2,d3)",2D,closed,0,2,6,0,0,d2,1.9760
2.725069e+03,"Ma(d2,d3)",2D,closed,0,-2,-8,0,0,d2,1.9760
2.725069e+03,"Ma(d2,d3)",2D,closed,0,2,8,0,0,d2,1.9760
2.725232e+03,"Ma(d2,d3)",2D,closed,0,-2,2,0,0,d2,1.9760
2.725232e+03,"Ma(d2,d3)",2D,closed,0,2,-2,0,0,d2,1.9760
2.725242e+03,"Ma(d2,d3)",2D,closed,0,-2,-10,0,0,d2,1.9760
2.725242e+03,"Ma(d2,d3)",2D,closed,0,2,10,0,0,d2,1.9760
2.725472e+03,"Ma(d2,d3)",2D,closed,0,-2,4,0,0,d2,1.9760
2.725472e+03,"Ma(d2,d3)",2D,closed,0,2,-4,0,0,d2,1.9760
2.725485e+03,"Ma(d2,d3)",2D,closed,0,-2,-12,0,0,d2,1.9760
2.725485e+03,"Ma(d2,d3)",2D,closed,0,2,12,0,0,d2,1.9760
2.725780e+03,"Ma(d2,d3)",2D,closed,0,-2,6,0,0,d2,1.9760
2.725780e+03,"Ma(d2,d3)",2D,closed,0,2,-6,0,0,d2,1.9760
2.725797e+03,"Ma(d2,d3)",2D,closed,0,-2,-14,0,0,d2,1.9760
2.725797e+03,"Ma(d2,d3)",2D,closed,0,2,14,0,0,d2,1.9760
2.726157e+03,"Ma(d2,d3)",2D,closed,0,-2,8,0,0,d2,1.9760
2.726157e+03,"Ma(d2,d3)",2D,closed,0,2,-8,0,0,d2,1.9760
2.726177e+03,"Ma(d2,d3)",2D,closed,0,-2,-16,0,0,d2,1.9760
2.726177e+03,"Ma(d2,d3)",2D,closed,0,2,16,0,0,d2,1.9760
2.726603e+03,"Ma(d2,d3)",2D,closed,0,-2,10,0,0,d2,1.9760
2.726603e+03,"Ma(d2,d3)",2D,closed,0,2,-10,0,0,d2,1.9760
2.726626e+03,"Ma(d2,d3)",2D,closed,0,-2,-18,0,0,d2,1.9760
2.726626e+03,"Ma(d2,d3)",2D,closed,0,2,18,0,0,d2,1.9760
2.727117e+03,"Ma(d2,d3)",2D,closed,0,-2,12,0,0,d2,1.9760
2.727117e+03,"Ma(d2,d3)",2D,closed,0,2,-12,0,0,d2,1.9760
2.727144e+03,"Ma(d2,d3)",2D,closed,0,-2,-20,0,0,d2,1.9760
2.727144e+03,"Ma(d2,d3)",2D,closed,0,2,20,0,0,d2,1.9760
2.727701e+03,"Ma(d2,d3)",2D,closed,0,-2,14,0,0,d2,1.9760
2.727701e+03,"Ma(d2,d3)",2D,closed,0,2,-14,0,0,d2,1.9760
2.728353e+03,"Ma(d2,d3)",2D,closed,0,-2,16,0,0,d2,1.9760
2.728353e+03,"Ma(d2,d3)",2D,closed,0,2,-16,0,0,d2,1.9760
2.729073e+03,"Ma(d2,d3)",2D,closed,0,-2,18,0,0,d2,1.9760
2.729073e+03,"Ma(d2,d3)",2D,closed,0,2,-18,0,0,d2,1.9760
2.729862e+03,"Ma(d2,d3)",2D,closed,0,-2,20,0,0,d2,1.9760
2.729862e+03,"Ma(d2,d3)",2D,closed,0,2,-20,0,0,d2,1.9760
2.757635e+03,"Ma(d2,d3)",2D,closed,0,-4,-1,0,0,d3,1.9760
2.757635e+03,"Ma(d2,d3)",2D,closed,0,4,1,0,0,d3,1.9760
2.790359e+03,"Ma(d2,d3)",2D,closed,0,-6,-2,0,0,d3,1.9760
2.790359e+03,"Ma(d2,d3)",2D,closed,0,6,2,0,0,d3,1.9760
3.572199e+03,"Ma(d1,d2)",2D,closed,-4,-2,0,0,0,d2,1.9932
3.572199e+03,"Ma(d1,d2)",2D,closed,4,2,0,0,0,d2,1.9932
3.989347e+03,"Ma(d2,d3)",2D,closed,0,-3,-3,0,0,d3,1.9760
3.989347e+03,"Ma(d2,d3)",2D,closed,0,3,3,0,0,d3,1.9760
4.054698e+03,"Ma(d2,d3)",2D,closed,0,-1,1,0,0,d3,1.9760
4.054698e+03,"Ma(d2,d3)",2D,closed,0,1,-1,0,0,d3,1.9760
4.087391e+03,"Ma(d2,d4)",2D,closed,0,-9,0,-3,0,d4,2.0000
4.087391e+03,"Ma(d2,d5)",2D,closed,0,-9,0,0,-3,d5,2.0000
4.087391e+03,"Ma(d2,d4)",2D,closed,0,-5,0,-1,0,d4,2.0000
4.087391e+03,"Ma(d2,d5)",2D,closed,0,-5,0,0,-1,d5,2.0000
4.087391e+03,"Ma(d2,d4)",2D,closed,0,-3,0,-18,0,d2,2.0000
4.087391e+03,"Ma(d2,d4)",2D,closed,0,-3,0,-15,0,d2,2.0000
4.087391e+03,"Ma(d2,d4)",2D,closed,0,-3,0,-12,0,d2,2.0000
4.087391e+03,"Ma(d2,d4)",2D,closed,0,-3,0,-9,0,d2,2.0000
4.087391e+03,"Ma(d2,d4)",2D,closed,0,-3,0,-6,0,d2,2.0000
4.087391e+03,"Ma(d2,d4)",2D,closed,0,-3,0,-3,0,d2,2.0000
4.087391e+03,"Ma(d2,d4)",2D,closed,0,-3,0,-3,0,d4,2.0000
4.087391e+03,"Ma(d2,d5)",2D,closed,0,-3,0,0,-18,d2,2.0000
4.087391e+03,"Ma(d2,d5)",2D,closed,0,-3,0,0,-15,d2,2.0000
4.087391e+03,"Ma(d2,d5)",2D,closed,0,-3,0,0,-12,d2,2.0000
4.087391e+03,"Ma(d2,d5)",2D,closed,0,-3,0,0,-9,d2,2.0000
4.087391e+03,"Ma(d2,d5)",2D,closed,0,-3,0,0,-6,d2,2.0000
4.087391e+03,"Ma(d2,d5)",2D,closed,0,-3,0,0,-3,d2,2.0000
4.087391e+03,"Ma(d2,d5)",2D,closed,0,-3,0,0,-3,d5,2.0000
4.087391e+03,Ma(d2),1D,closed,0,-3,0,0,0,,
4.087391e+03,"Ma(d2,d5)",2D,closed,0,-3,0,0,3,d2,2.0000
4.087391e+03,"Ma(d2,d5)",2D,closed,0,-3,0,0,6,d2,2.0000
4.087391e+03,"Ma(d2,d5)",2D,closed,0,-3,0,0,9,d2,2.0000
4.087391e+03,"Ma(d2,d5)",2D,closed,0,-3,0,0,12,d2,2.0000
4.087391e+03,"Ma(d2,d5)",2D,closed,0,-3,0,0,15,d2,2.0000
4.087391e+03,"Ma(d2,d5)",2D,closed,0,-3,0,0,18,d2,2.0000
4.087391e+03,"Ma(d2,d4)",2D,closed,0,-3,0,3,0,d2,2.0000
4.087391e+03,"Ma(d2,d4)",2D,closed,0,-3,0,6,0,d2,2.0000
4.087391e+03,"Ma(d2,d4)",2D,closed,0,-3,0,9,0,d2,2.0000
4.087391e+03,"Ma(d2,d4)",2D,closed,0,-3,0,12,0,d2,2.0000
4.087391e+03,"Ma(d2,d4)",2D,closed,0,-3,0,15,0,d2,2.0000
4.087391e+03,"Ma(d2,d4)",2D,closed,0,-3,0,18,0,d2,2.0000
4.087391e+03,"Ma(d2,d5)",2D,closed,0,-1,0,0,1,d5,2.0000
4.087391e+03,"Ma(d2,d4)",2D,closed,0,-1,0,1,0,d4,2.0000
4.087391e+03,"Ma(d2,d4)",2D,closed,0,1,0,-1,0,d4,2.0000
4.087391e+03,"Ma(d2,d5)",2D,closed,0,1,0,0,-1,d5,2.0000
4.087391e+03,"Ma(d2,d4)",2D,closed,0,3,0,-18,0,d2,2.0000
4.087391e+03,"Ma(d2,d4)",2D,closed,0,3,0,-15,0,d2,2.0000
4.087391e+03,"Ma(d2,d4)",2D,closed,0,3,0,-12,0,d2,2.0000
4.087391e+03,"Ma(d2,d4)",2D,closed,0,3,0,-9,0,d2,2.0000
4.087391e+03,"Ma(d2,d4)",2D,closed,0,3,0,-6,0,d2,2.0000
4.087391e+03,"Ma(d2,d4)",2D,closed,0,3,0,-3,0,d2,2.0000
4.087391e+03,"Ma(d2,d5)",2D,closed,0,3,0,0,-18,d2,2.0000
4.087391e+03,"Ma(d2,d5)",2D,closed,0,3,0,0,-15,d2,2.0000
4.087391e+03,"Ma(d2,d5)",2D,closed,0,3,0,0,-12,d2,2.0000
4.087391e+03,"Ma(d2,d5)",2D,closed,0,3,0,0,-9,d2,2.0000
4.087391e+03,"Ma(d2,d5)",2D,closed,0,3,0,0,-6,d2,2.0000
4.087391e+03,"Ma(d2,d5)",2D,closed,0,3,0,0,-3,d2,2.0000
4.087391e+03,Ma(d2),1D,closed,0,3,0,0,0,,
4.087391e+03,"Ma(d2,d5)",2D,closed,0,3,0,0,3,d2,2.0000
4.087391e+03,"Ma(d2,d5)",2D,closed,0,3,0,0,3,d5,2.0000
4.087391e+03,"Ma(d2,d5)",2D,closed,0,3,0,0,6,d2,2.0000
4.087391e+03,"Ma(d2,d5)",2D,closed,0,3,0,0,9,d2,2.0000
4.087391e+03,"Ma(d2,d5)",2D,closed,0,3,0,0,12,d2,2.0000
4.087391e+03,"Ma(d2,d5)",2D,closed,0,3,0,0,15,d2,2.0000
4.087391e+03,"Ma(d2,d5)",2D,closed,0,3,0,0,18,d2,2.0000
4.087391e+03,"Ma(d2,d4)",2D,closed,0,3,0,3,0,d2,2.0000
4.087391e+03,"Ma(d2,d4)",2D,closed,0,3,0,3,0,d4,2.0000
4.087391e+03,"Ma(d2,d4)",2D,closed,0,3,0,6,0,d2,2.0000
4.087391e+03,"Ma(d2,d4)",2D,closed,0,3,0,9,0,d2,2.0000
4.087391e+03,"Ma(d2,d4)",2D,closed,0,3,0,12,0,d2,2.0000
4.087391e+03,"Ma(d2,d4)",2D,closed,0,3,0,15,0,d2,2.0000
4.087391e+03,"Ma(d2,d4)",2D,closed,0,3,0,18,0,d2,2.0000
4.087391e+03,"Ma(d2,d5)",2D,closed,0,5,0,0,1,d5,2.0000
4.087391e+03,"Ma(d2,d4)",2D,closed,0,5,0,1,0,d4,2.0000
4.087391e+03,"Ma(d2,d5)",2D,closed,0,9,0,0,3,d5,2.0000
4.087391e+03,"Ma(d2,d4)",2D,closed,0,9,0,3,0,d4,2.0000
4.087391e+03,"Ma(d2,d3)",2D,closed,0,-3,-6,0,0,d2,1.9760
4.087391e+03,"Ma(d2,d3)",2D,closed,0,3,6,0,0,d2,1.9760
4.087440e+03,"Ma(d2,d3)",2D,closed,0,-3,-3,0,0,d2,1.9760
4.087440e+03,"Ma(d2,d3)",2D,closed,0,3,3,0,0,d2,1.9760
4.087445e+03,"Ma(d2,d3)",2D,closed,0,-3,-9,0,0,d2,1.9760
4.087445e+03,"Ma(d2,d3)",2D,closed,0,3,9,0,0,d2,1.9760
4.087603e+03,"Ma(d2,d3)",2D,closed,0,-3,-12,0,0,d2,1.9760
4.087603e+03,"Ma(d2,d3)",2D,closed,0,3,12,0,0,d2,1.9760
4.087849e+03,"Ma(d2,d3)",2D,closed,0,-3,3,0,0,d2,1.9760
4.087849e+03,"Ma(d2,d3)",2D,closed,0,3,-3,0,0,d2,1.9760
4.087864e+03,"Ma(d2,d3)",2D,closed,0,-3,-15,0,0,d2,1.9760
4.087864e+03,"Ma(d2,d3)",2D,closed,0,3,15,0,0,d2,1.9760
4.088208e+03,"Ma(d2,d3)",2D,closed,0,-3,6,0,0,d2,1.9760
4.088208e+03,"Ma(d2,d3)",2D,closed,0,3,-6,0,0,d2,1.9760
4.088228e+03,"Ma(d2,d3)",2D,closed,0,-3,-18,0,0,d2,1.9760
4.088228e+03,"Ma(d2,d3)",2D,closed,0,3,18,0,0,d2,1.9760
4.088670e+03,"Ma(d2,d3)",2D,closed,0,-3,9,0,0,d2,1.9760
4.088670e+03,"Ma(d2,d3)",2D,closed,0,3,-9,0,0,d2,1.9760
4.089236e+03,"Ma(d2,d3)",2D,closed,0,-3,12,0,0,d2,1.9760
4.089236e+03,"Ma(d2,d3)",2D,closed,0,3,-12,0,0,d2,1.9760
4.089904e+03,"Ma(d2,d3)",2D,closed,0,-3,15,0,0,d2,1.9760
4.089904e+03,"Ma(d2,d3)",2D,closed,0,3,-15,0,0,d2,1.9760
4.090676e+03,"Ma(d2,d3)",2D,closed,0,-3,18,0,0,d2,1.9760
4.090676e+03,"Ma(d2,d3)",2D,closed,0,3,-18,0,0,d2,1.9760
4.120096e+03,"Ma(d2,d3)",2D,closed,0,-5,-1,0,0,d3,1.9760
4.120096e+03,"Ma(d2,d3)",2D,closed,0,5,1,0,0,d3,1.9760
4.185539e+03,"Ma(d2,d3)",2D,closed,0,-9,-3,0,0,d3,1.9760
4.185539e+03,"Ma(d2,d3)",2D,closed,0,9,3,0,0,d3,1.9760
5.319129e+03,"Ma(d2,d3)",2D,closed,0,-4,-4,0,0,d3,1.9760
5.319129e+03,"Ma(d2,d3)",2D,closed,0,4,4,0,0,d3,1.9760
5.358298e+03,"Ma(d1,d2)",2D,closed,-6,-3,0,0,0,d2,1.9932
5.358298e+03,"Ma(d1,d2)",2D,closed,6,3,0,0,0,d2,1.9932
5.417160e+03,"Ma(d2,d3)",2D,closed,0,-2,1,0,0,d3,1.9760
5.417160e+03,"Ma(d2,d3)",2D,closed,0,2,-1,0,0,d3,1.9760
5.449855e+03,"Ma(d2,d4)",2D,closed,0,-12,0,-4,0,d4,2.0000
5.449855e+03,"Ma(d2,d5)",2D,closed,0,-12,0,0,-4,d5,2.0000
5.449855e+03,"Ma(d2,d4)",2D,closed,0,-8,0,-2,0,d4,2.0000
5.449855e+03,"Ma(d2,d5)",2D,closed,0,-8,0,0,-2,d5,2.0000
5.449855e+03,"Ma(d2,d4)",2D,closed,0,-6,0,-1,0,d4,2.0000
5.449855e+03,"Ma(d2,d5)",2D,closed,0,-6,0,0,-1,d5,2.0000
5.449855e+03,"Ma(d2,d4)",2D,closed,0,-4,0,-20,0,d2,2.0000
5.449855e+03,"Ma(d2,d4)",2D,closed,0,-4,0,-16,0,d2,2.0000
5.449855e+03,"Ma(d2,d4)",2D,closed,0,-4,0,-12,0,d2,2.0000
5.449855e+03,"Ma(d2,d4)",2D,closed,0,-4,0,-8,0,d2,2.0000
5.449855e+03,"Ma(d2,d4)",2D,closed,0,-4,0,-4,0,d2,2.0000
5.449855e+03,"Ma(d2,d4)",2D,closed,0,-4,0,-4,0,d4,2.0000
5.449855e+03,"Ma(d2,d5)",2D,closed,0,-4,0,0,-20,d2,2.0000
5.449855e+03,"Ma(d2,d5)",2D,closed,0,-4,0,0,-16,d2,2.0000
5.449855e+03,"Ma(d2,d5)",2D,closed,0,-4,0,0,-12,d2,2.0000
5.449855e+03,"Ma(d2,d5)",2D,closed,0,-4,0,0,-8,d2,2.0000
5.449855e+03,"Ma(d2,d5)",2D,closed,0,-4,0,0,-4,d2,2.0000
5.449855e+03,"Ma(d2,d5)",2D,closed,0,-4,0,0,-4,d5,2.0000
5.449855e+03,Ma(d2),1D,closed,0,-4,0,0,0,,
5.449855e+03,"Ma(d2,d5)",2D,closed,0,-4,0,0,4,d2,2.0000
5.449855e+03,"Ma(d2,d5)",2D,closed,0,-4,0,0,8,d2,2.0000
5.449855e+03,"Ma(d2,d5)",2D,closed,0,-4,0,0,12,d2,2.0000
5.449855e+03,"Ma(d2,d5)",2D,closed,0,-4,0,0,16,d2,2.0000
5.449855e+03,"Ma(d2,d5)",2D,closed,0,-4,0,0,20,d2,2.0000
5.449855e+03,"Ma(d2,d4)",2D,closed,0,-4,0,4,0,d2,2.0000
5.449855e+03,"Ma(d2,d4)",2D,closed,0,-4,0,8,0,d2,2.0000
5.449855e+03,"Ma(d2,d4)",2D,closed,0,-4,0,12,0,d2,2.0000
5.449855e+03,"Ma(d2,d4)",2D,closed,0,-4,0,16,0,d2,2.0000
5.449855e+03,"Ma(d2,d4)",2D,closed,0,-4,0,20,0,d2,2.0000
5.449855e+03,"Ma(d2,d5)",2D,closed,0,-2,0,0,1,d5,2.0000
5.449855e+03,"Ma(d2,d4)",2D,closed,0,-2,0,1,0,d4,2.0000
5.449855e+03,"Ma(d2,d4)",2D,closed,0,2,0,-1,0,d4,2.0000
5.449855e+03,"Ma(d2,d5)",2D,closed,0,2,0,0,-1,d5,2.0000
5.449855e+03,"Ma(d2,d4)",2D,closed,0,4,0,-20,0,d2,2.0000
5.449855e+03,"Ma(d2,d4)",2D,closed,0,4,0,-16,0,d2,2.0000
5.449855e+03,"Ma(d2,d4)",2D,closed,0,4,0,-12,0,d2,2.0000
5.449855e+03,"Ma(d2,d4)",2D,closed,0,4,0,-8,0,d2,2.0000
5.449855e+03,"Ma(d2,d4)",2D,closed,0,4,0,-4,0,d2,2.0000
5.449855e+03,"Ma(d2,d5)",2D,closed,0,4,0,0,-20,d2,2.0000
5.449855e+03,"Ma(d2,d5)",2D,closed,0,4,0,0,-16,d2,2.0000
5.449855e+03,"Ma(d2,d5)",2D,closed,0,4,0,0,-12,d2,2.0000
5.449855e+03,"Ma(d2,d5)",2D,closed,0,4,0,0,-8,d2,2.0000
5.449855e+03,"Ma(d2,d5)",2D,closed,0,4,0,0,-4,d2,2.0000
5.449855e+03,Ma(d2),1D,closed,0,4,0,0,0,,
5.449855e+03,"Ma(d2,d5)",2D,closed,0,4,0,0,4,d2,2.0000
5.449855e+03,"Ma(d2,d5)",2D,closed,0,4,0,0,4,d5,2.0000
5.449855e+03,"Ma(d2,d5)",2D,closed,0,4,0,0,8,d2,2.0000
5.449855e+03,"Ma(d2,d5)",2D,closed,0,4,0,0,12,d2,2.0000
5.449855e+03,"Ma(d2,d5)",2D,closed,0,4,0,0,16,d2,2.0000
5.449855e+03,"Ma(d2,d5)",2D,closed,0,4,0,0,20,d2,2.0000
5.449855e+03,"Ma(d2,d4)",2D,closed,0,4,0,4,0,d2,2.0000
5.449855e+03,"Ma(d2,d4)",2D,closed,0,4,0,4,0,d4,2.0000
5.449855e+03,"Ma(d2,d4)",2D,closed,0,4,0,8,0,d2,2.0000
5.449855e+03,"Ma(d2,d4)",2D,closed,0,4,0,12,0,d2,2.0000
5.449855e+03,"Ma(d2,d4)",2D,closed,0,4,0,16,0,d2,2.0000
5.449855e+03,"Ma(d2,d4)",2D,closed,0,4,0,20,0,d2,2.0000
5.449855e+03,"Ma(d2,d5)",2D,closed,0,6,0,0,1,d5,2.0000
5.449855e+03,"Ma(d2,d4)",2D,closed,0,6,0,1,0,d4,2.0000
5.449855e+03,"Ma(d2,d5)",2D,closed,0,8,0,0,2,d5,2.0000
5.449855e+03,"Ma(d2,d4)",2D,closed,0,8,0,2,0,d4,2.0000
5.449855e+03,"Ma(d2,d5)",2D,closed,0,12,0,0,4,d5,2.0000
5.449855e+03,"Ma(d2,d4)",2D,closed,0,12,0,4,0,d4,2.0000
5.449855e+03,"Ma(d2,d3)",2D,closed,0,-4,-8,0,0,d2,1.9760
5.449855e+03,"Ma(d2,d3)",2D,closed,0,4,8,0,0,d2,1.9760
5.449920e+03,"Ma(d2,d3)",2D,closed,0,-4,-4,0,0,d2,1.9760
5.449920e+03,"Ma(d2,d3)",2D,closed,0,4,4,0,0,d2,1.9760
5.449927e+03,"Ma(d2,d3)",2D,closed,0,-4,-12,0,0,d2,1.9760
5.449927e+03,"Ma(d2,d3)",2D,closed,0,4,12,0,0,d2,1.9760
5.450137e+03,"Ma(d2,d3)",2D,closed,0,-4,-16,0,0,d2,1.9760
5.450137e+03,"Ma(d2,d3)",2D,closed,0,4,16,0,0,d2,1.9760
5.450465e+03,"Ma(d2,d3)",2D,closed,0,-4,4,0,0,d2,1.9760
5.450465e+03,"Ma(d2,d3)",2D,closed,0,4,-4,0,0,d2,1.9760
5.450485e+03,"Ma(d2,d3)",2D,closed,0,-4,-20,0,0,d2,1.9760
5.450485e+03,"Ma(d2,d3)",2D,closed,0,4,20,0,0,d2,1.9760
5.450944e+03,"Ma(d2,d3)",2D,closed,0,-4,8,0,0,d2,1.9760
5.450944e+03,"Ma(d2,d3)",2D,closed,0,4,-8,0,0,d2,1.9760
5.451560e+03,"Ma(d2,d3)",2D,closed,0,-4,12,0,0,d2,1.9760
5.451560e+03,"Ma(d2,d3)",2D,closed,0,4,-12,0,0,d2,1.9760
5.452314e+03,"Ma(d2,d3)",2D,closed,0,-4,16,0,0,d2,1.9760
5.452314e+03,"Ma(d2,d3)",2D,closed,0,4,-16,0,0,d2,1.9760
5.453206e+03,"Ma(d2,d3)",2D,closed,0,-4,20,0,0,d2,1.9760
5.453206e+03,"Ma(d2,d3)",2D,closed,0,4,-20,0,0,d2,1.9760
5.482558e+03,"Ma(d2,d3)",2D,closed,0,-6,-1,0,0,d3,1.9760
5.482558e+03,"Ma(d2,d3)",2D,closed,0,6,1,0,0,d3,1.9760
5.515270e+03,"Ma(d2,d3)",2D,closed,0,-8,-2,0,0,d3,1.9760
5.515270e+03,"Ma(d2,d3)",2D,closed,0,8,2,0,0,d3,1.9760
5.580719e+03,"Ma(d2,d3)",2D,closed,0,-12,-4,0,0,d3,1.9760
5.580719e+03,"Ma(d2,d3)",2D,closed,0,12,4,0,0,d3,1.9760
6.648911e+03,"Ma(d2,d3)",2D,closed,0,-5,-5,0,0,d3,1.9760
6.648911e+03,"Ma(d2,d3)",2D,closed,0,5,5,0,0,d3,1.9760
6.779623e+03,"Ma(d2,d3)",2D,closed,0,-3,1,0,0,d3,1.9760
6.779623e+03,"Ma(d2,d3)",2D,closed,0,3,-1,0,0,d3,1.9760
6.812319e+03,"Ma(d2,d4)",2D,closed,0,-15,0,-5,0,d4,2.0000
6.812319e+03,"Ma(d2,d5)",2D,closed,0,-15,0,0,-5,d5,2.0000
6.812319e+03,"Ma(d2,d4)",2D,closed,0,-7,0,-1,0,d4,2.0000
6.812319e+03,"Ma(d2,d5)",2D,closed,0,-7,0,0,-1,d5,2.0000
6.812319e+03,"Ma(d2,d4)",2D,closed,0,-5,0,-20,0,d2,2.0000
6.812319e+03,"Ma(d2,d4)",2D,closed,0,-5,0,-15,0,d2,2.0000
6.812319e+03,"Ma(d2,d4)",2D,closed,0,-5,0,-10,0,d2,2.0000
6.812319e+03,"Ma(d2,d4)",2D,closed,0,-5,0,-5,0,d2,2.0000
6.812319e+03,"Ma(d2,d4)",2D,closed,0,-5,0,-5,0,d4,2.0000
6.812319e+03,"Ma(d2,d5)",2D,closed,0,-5,0,0,-20,d2,2.0000
6.812319e+03,"Ma(d2,d5)",2D,closed,0,-5,0,0,-15,d2,2.0000
6.812319e+03,"Ma(d2,d5)",2D,closed,0,-5,0,0,-10,d2,2.0000
6.812319e+03,"Ma(d2,d5)",2D,closed,0,-5,0,0,-5,d2,2.0000
6.812319e+03,"Ma(d2,d5)",2D,closed,0,-5,0,0,-5,d5,2.0000
6.812319e+03,Ma(d2),1D,closed,0,-5,0,0,0,,
6.812319e+03,"Ma(d2,d5)",2D,closed,0,-5,0,0,5,d2,2.0000
6.812319e+03,"Ma(d2,d5)",2D,closed,0,-5,0,0,10,d2,2.0000
6.812319e+03,"Ma(d2,d5)",2D,closed,0,-5,0,0,15,d2,2.0000
6.812319e+03,"Ma(d2,d5)",2D,closed,0,-5,0,0,20,d2,2.0000
6.812319e+03,"Ma(d2,d4)",2D,closed,0,-5,0,5,0,d2,2.0000
6.812319e+03,"Ma(d2,d4)",2D,closed,0,-5,0,10,0,d2,2.0000
6.812319e+03,"Ma(d2,d4)",2D,closed,0,-5,0,15,0,d2,2.0000
6.812319e+03,"Ma(d2,d4)",2D,closed,0,-5,0,20,0,d2,2.0000
6.812319e+03,"Ma(d2,d5)",2D,closed,0,-3,0,0,1,d5,2.0000
6.812319e+03,"Ma(d2,d4)",2D,closed,0,-3,0,1,0,d4,2.0000
6.812319e+03,"Ma(d2,d4)",2D,closed,0,3,0,-1,0,d4,2.0000
6.812319e+03,"Ma(d2,d5)",2D,closed,0,3,0,0,-1,d5,2.0000
6.812319e+03,"Ma(d2,d4)",2D,closed,0,5,0,-20,0,d2,2.0000
6.812319e+03,"Ma(d2,d4)",2D,closed,0,5,0,-15,0,d2,2.0000
6.812319e+03,"Ma(d2,d4)",2D,closed,0,5,0,-10,0,d2,2.0000
6.812319e+03,"Ma(d2,d4)",2D,closed,0,5,0,-5,0,d2,2.0000
6.812319e+03,"Ma(d2,d5)",2D,closed,0,5,0,0,-20,d2,2.0000
6.812319e+03,"Ma(d2,d5)",2D,closed,0,5,0,0,-15,d2,2.0000
6.812319e+03,"Ma(d2,d5)",2D,closed,0,5,0,0,-10,d2,2.0000
6.812319e+03,"Ma(d2,d5)",2D,closed,0,5,0,0,-5,d2,2.0000
6.812319e+03,Ma(d2),1D,closed,0,5,0,0,0,,
6.812319e+03,"Ma(d2,d5)",2D,closed,0,5,0,0,5,d2,2.0000
6.812319e+03,"Ma(d2,d5)",2D,closed,0,5,0,0,5,d5,2.0000
6.812319e+03,"Ma(d2,d5)",2D,closed,0,5,0,0,10,d2,2.0000
6.812319e+03,"Ma(d2,d5)",2D,closed,0,5,0,0,15,d2,2.0000
6.812319e+03,"Ma(d2,d5)",2D,closed,0,5,0,0,20,d2,2.0000
6.812319e+03,"Ma(d2,d4)",2D,closed,0,5,0,5,0,d2,2.0000
6.812319e+03,"Ma(d2,d4)",2D,closed,0,5,0,5,0,d4,2.0000
6.812319e+03,"Ma(d2,d4)",2D,closed,0,5,0,10,0,d2,2.0000
6.812319e+03,"Ma(d2,d4)",2D,closed,0,5,0,15,0,d2,2.0000
6.812319e+03,"Ma(d2,d4)",2D,closed,0,5,0,20,0,d2,2.0000
6.812319e+03,"Ma(d2,d5)",2D,closed,0,7,0,0,1,d5,2.0000
6.812319e+03,"Ma(d2,d4)",2D,closed,0,7,0,1,0,d4,2.0000
6.812319e+03,"Ma(d2,d5)",2D,closed,0,15,0,0,5,d5,2.0000
6.812319e+03,"Ma(d2,d4)",2D,closed,0,15,0,5,0,d4,2.0000
6.812319e+03,"Ma(d2,d3)",2D,closed,0,-5,-10,0,0,d2,1.9760
6.812319e+03,"Ma(d2,d3)",2D,closed,0,5,10,0,0,d2,1.9760
6.812401e+03,"Ma(d2,d3)",2D,closed,0,-5,-5,0,0,d2,1.9760
6.812401e+03,"Ma(d2,d3)",2D,closed,0,5,5,0,0,d2,1.9760
6.812409e+03,"Ma(d2,d3)",2D,closed,0,-5,-15,0,0,d2,1.9760
6.812409e+03,"Ma(d2,d3)",2D,closed,0,5,15,0,0,d2,1.9760
6.812671e+03,"Ma(d2,d3)",2D,closed,0,-5,-20,0,0,d2,1.9760
6.812671e+03,"Ma(d2,d3)",2D,closed,0,5,20,0,0,d2,1.9760
6.813081e+03,"Ma(d2,d3)",2D,closed,0,-5,5,0,0,d2,1.9760
6.813081e+03,"Ma(d2,d3)",2D,closed,0,5,-5,0,0,d2,1.9760
6.813680e+03,"Ma(d2,d3)",2D,closed,0,-5,10,0,0,d2,1.9760
6.813680e+03,"Ma(d2,d3)",2D,closed,0,5,-10,0,0,d2,1.9760
6.814450e+03,"Ma(d2,d3)",2D,closed,0,-5,15,0,0,d2,1.9760
6.814450e+03,"Ma(d2,d3)",2D,closed,0,5,-15,0,0,d2,1.9760
6.815393e+03,"Ma(d2,d3)",2D,closed,0,-5,20,0,0,d2,1.9760
6.815393e+03,"Ma(d2,d3)",2D,closed,0,5,-20,0,0,d2,1.9760
6.845021e+03,"Ma(d2,d3)",2D,closed,0,-7,-1,0,0,d3,1.9760
6.845021e+03,"Ma(d2,d3)",2D,closed,0,7,1,0,0,d3,1.9760
6.975898e+03,"Ma(d2,d3)",2D,closed,0,-15,-5,0,0,d3,1.9760
6.975898e+03,"Ma(d2,d3)",2D,closed,0,15,5,0,0,d3,1.9760
7.144397e+03,"Ma(d1,d2)",2D,closed,-8,-4,0,0,0,d2,1.9932
7.144397e+03,"Ma(d1,d2)",2D,closed,8,4,0,0,0,d2,1.9932
7.978693e+03,"Ma(d2,d3)",2D,closed,0,-6,-6,0,0,d3,1.9760
7.978693e+03,"Ma(d2,d3)",2D,closed,0,6,6,0,0,d3,1.9760
8.109396e+03,"Ma(d2,d3)",2D,closed,0,-2,2,0,0,d3,1.9760
8.109396e+03,"Ma(d2,d3)",2D,closed,0,2,-2,0,0,d3,1.9760
8.142086e+03,"Ma(d2,d3)",2D,closed,0,-4,1,0,0,d3,1.9760
8.142086e+03,"Ma(d2,d3)",2D,closed,0,4,-1,0,0,d3,1.9760
8.174782e+03,"Ma(d2,d4)",2D,closed,0,-18,0,-6,0,d4,2.0000
8.174782e+03,"Ma(d2,d5)",2D,closed,0,-18,0,0,-6,d5,2.0000
8.174782e+03,"Ma(d2,d4)",2D,closed,0,-12,0,-3,0,d4,2.0000
8.174782e+03,"Ma(d2,d5)",2D,closed,0,-12,0,0,-3,d5,2.0000
8.174782e+03,"Ma(d2,d4)",2D,closed,0,-10,0,-2,0,d4,2.0000
8.174782e+03,"Ma(d2,d5)",2D,closed,0,-10,0,0,-2,d5,2.0000
8.174782e+03,"Ma(d2,d4)",2D,closed,0,-8,0,-1,0,d4,2.0000
8.174782e+03,"Ma(d2,d5)",2D,closed,0,-8,0,0,-1,d5,2.0000
8.174782e+03,"Ma(d2,d4)",2D,closed,0,-6,0,-18,0,d2,2.0000
8.174782e+03,"Ma(d2,d4)",2D,closed,0,-6,0,-12,0,d2,2.0000
8.174782e+03,"Ma(d2,d4)",2D,closed,0,-6,0,-6,0,d2,2.0000
8.174782e+03,"Ma(d2,d4)",2D,closed,0,-6,0,-6,0,d4,2.0000
8.174782e+03,"Ma(d2,d5)",2D,closed,0,-6,0,0,-18,d2,2.0000
8.174782e+03,"Ma(d2,d5)",2D,closed,0,-6,0,0,-12,d2,2.0000
8.174782e+03,"Ma(d2,d5)",2D,closed,0,-6,0,0,-6,d2,2.0000
8.174782e+03,"Ma(d2,d5)",2D,closed,0,-6,0,0,-6,d5,2.0000
8.174782e+03,Ma(d2),1D,closed,0,-6,0,0,0,,
8.174782e+03,"Ma(d2,d5)",2D,closed,0,-6,0,0,6,d2,2.0000
8.174782e+03,"Ma(d2,d5)",2D,closed,0,-6,0,0,12,d2,2.0000
8.174782e+03,"Ma(d2,d5)",2D,closed,0,-6,0,0,18,d2,2.0000
8.174782e+03,"Ma(d2,d4)",2D,closed,0,-6,0,6,0,d2,2.0000
8.174782e+03,"Ma(d2,d4)",2D,closed,0,-6,0,12,0,d2,2.0000
8.174782e+03,"Ma(d2,d4)",2D,closed,0,-6,0,18,0,d2,2.0000
8.174782e+03,"Ma(d2,d5)",2D,closed,0,-4,0,0,1,d5,2.0000
8.174782e+03,"Ma(d2,d4)",2D,closed,0,-4,0,1,0,d4,2.0000
8.174782e+03,"Ma(d2,d5)",2D,closed,0,-2,0,0,2,d5,2.0000
8.174782e+03,"Ma(d2,d4)",2D,closed,0,-2,0,2,0,d4,2.0000
8.174782e+03,"Ma(d2,d4)",2D,closed,0,2,0,-2,0,d4,2.0000
8.174782e+03,"Ma(d2,d5)",2D,closed,0,2,0,0,-2,d5,2.0000
8.174782e+03,"Ma(d2,d4)",2D,closed,0,4,0,-1,0,d4,2.0000
8.174782e+03,"Ma(d2,d5)",2D,closed,0,4,0,0,-1,d5,2.0000
8.174782e+03,"Ma(d2,d4)",2D,closed,0,6,0,-18,0,d2,2.0000
8.174782e+03,"Ma(d2,d4)",2D,closed,0,6,0,-12,0,d2,2.0000
8.174782e+03,"Ma(d2,d4)",2D,closed,0,6,0,-6,0,d2,2.0000
8.174782e+03,"Ma(d2,d5)",2D,closed,0,6,0,0,-18,d2,2.0000
8.174782e+03,"Ma(d2,d5)",2D,closed,0,6,0,0,-12,d2,2.0000
8.174782e+03,"Ma(d2,d5)",2D,closed,0,6,0,0,-6,d2,2.0000
8.174782e+03,Ma(d2),1D,closed,0,6,0,0,0,,
8.174782e+03,"Ma(d2,d5)",2D,closed,0,6,0,0,6,d2,2.0000
8.174782e+03,"Ma(d2,d5)",2D,closed,0,6,0,0,6,d5,2.0000
8.174782e+03,"Ma(d2,d5)",2D,closed,0,6,0,0,12,d2,2.0000
8.174782e+03,"Ma(d2,d5)",2D,closed,0,6,0,0,18,d2,2.0000
8.174782e+03,"Ma(d2,d4)",2D,closed,0,6,0,6,0,d2,2.0000
8.174782e+03,"Ma(d2,d4)",2D,closed,0,6,0,6,0,d4,2.0000
8.174782e+03,"Ma(d2,d4)",2D,closed,0,6,0,12,0,d2,2.0000
8.174782e+03,"Ma(d2,d4)",2D,closed,0,6,0,18,0,d2,2.0000
8.174782e+03,"Ma(d2,d5)",2D,closed,0,8,0,0,1,d5,2.0000
8.174782e+03,"Ma(d2,d4)",2D,closed,0,8,0,1,0,d4,2.0000
8.174782e+03,"Ma(d2,d5)",2D,closed,0,10,0,0,2,d5,2.0000
8.174782e+03,"Ma(d2,d4)",2D,closed,0,10,0,2,0,d4,2.0000
8.174782e+03,"Ma(d2,d5)",2D,closed,0,12,0,0,3,d5,2.0000
8.174782e+03,"Ma(d2,d4)",2D,closed,0,12,0,3,0,d4,2.0000
8.174782e+03,"Ma(d2,d5)",2D,closed,0,18,0,0,6,d5,2.0000
8.174782e+03,"Ma(d2,d4)",2D,closed,0,18,0,6,0,d4,2.0000
8.174782e+03,"Ma(d2,d3)",2D,closed,0,-6,-12,0,0,d2,1.9760
8.174782e+03,"Ma(d2,d3)",2D,closed,0,6,12,0,0,d2,1.9760
8.174881e+03,"Ma(d2,d3)",2D,closed,0,-6,-6,0,0,d2,1.9760
8.174881e+03,"Ma(d2,d3)",2D,closed,0,6,6,0,0,d2,1.9760
8.174891e+03,"Ma(d2,d3)",2D,closed,0,-6,-18,0,0,d2,1.9760
8.174891e+03,"Ma(d2,d3)",2D,closed,0,6,18,0,0,d2,1.9760
8.175697e+03,"Ma(d2,d3)",2D,closed,0,-6,6,0,0,d2,1.9760
8.175697e+03,"Ma(d2,d3)",2D,closed,0,6,-6,0,0,d2,1.9760
8.176415e+03,"Ma(d2,d3)",2D,closed,0,-6,12,0,0,d2,1.9760
8.176415e+03,"Ma(d2,d3)",2D,closed,0,6,-12,0,0,d2,1.9760
8.177340e+03,"Ma(d2,d3)",2D,closed,0,-6,18,0,0,d2,1.9760
8.177340e+03,"Ma(d2,d3)",2D,closed,0,6,-18,0,0,d2,1.9760
8.207484e+03,"Ma(d2,d3)",2D,closed,0,-8,-1,0,0,d3,1.9760
8.207484e+03,"Ma(d2,d3)",2D,closed,0,8,1,0,0,d3,1.9760
8.240192e+03,"Ma(d2,d3)",2D,closed,0,-10,-2,0,0,d3,1.9760
8.240192e+03,"Ma(d2,d3)",2D,closed,0,10,2,0,0,d3,1.9760
8.272905e+03,"Ma(d2,d3)",2D,closed,0,-12,-3,0,0,d3,1.9760
8.272905e+03,"Ma(d2,d3)",2D,closed,0,12,3,0,0,d3,1.9760
8.371078e+03,"Ma(d2,d3)",2D,closed,0,-18,-6,0,0,d3,1.9760
8.371078e+03,"Ma(d2,d3)",2D,closed,0,18,6,0,0,d3,1.9760
8.930496e+03,"Ma(d1,d2)",2D,closed,-10,-5,0,0,0,d2,1.9932
8.930496e+03,"Ma(d1,d2)",2D,closed,10,5,0,0,0,d2,1.9932
9.308476e+03,"Ma(d2,d3)",2D,closed,0,-7,-7,0,0,d3,1.9760
9.308476e+03,"Ma(d2,d3)",2D,closed,0,7,7,0,0,d3,1.9760
9.504549e+03,"Ma(d2,d3)",2D,closed,0,-5,1,0,0,d3,1.9760
9.504549e+03,"Ma(d2,d3)",2D,closed,0,5,-1,0,0,d3,1.9760
9.537246e+03,"Ma(d2,d4)",2D,closed,0,-9,0,-1,0,d4,2.0000
9.537246e+03,"Ma(d2,d5)",2D,closed,0,-9,0,0,-1,d5,2.0000
9.537246e+03,"Ma(d2,d4)",2D,closed,0,-7,0,-14,0,d2,2.0000
9.537246e+03,"Ma(d2,d4)",2D,closed,0,-7,0,-7,0,d2,2.0000
9.537246e+03,"Ma(d2,d4)",2D,closed,0,-7,0,-7,0,d4,2.0000
9.537246e+03,"Ma(d2,d5)",2D,closed,0,-7,0,0,-14,d2,2.0000
9.537246e+03,"Ma(d2,d5)",2D,closed,0,-7,0,0,-7,d2,2.0000
9.537246e+03,"Ma(d2,d5)",2D,closed,0,-7,0,0,-7,d5,2.0000
9.537246e+03,"Ma(d2,d5)",2D,closed,0,-7,0,0,7,d2,2.0000
9.537246e+03,"Ma(d2,d5)",2D,closed,0,-7,0,0,14,d2,2.0000
9.537246e+03,"Ma(d2,d4)",2D,closed,0,-7,0,7,0,d2,2.0000
9.537246e+03,"Ma(d2,d4)",2D,closed,0,-7,0,14,0,d2,2.0000
9.537246e+03,"Ma(d2,d5)",2D,closed,0,-5,0,0,1,d5,2.0000
9.537246e+03,"Ma(d2,d4)",2D,closed,0,-5,0,1,0,d4,2.0000
9.537246e+03,"Ma(d2,d4)",2D,closed,0,5,0,-1,0,d4,2.0000
9.537246e+03,"Ma(d2,d5)",2D,closed,0,5,0,0,-1,d5,2.0000
9.537246e+03,"Ma(d2,d4)",2D,closed,0,7,0,-14,0,d2,2.0000
9.537246e+03,"Ma(d2,d4)",2D,closed,0,7,0,-7,0,d2,2.0000
9.537246e+03,"Ma(d2,d5)",2D,closed,0,7,0,0,-14,d2,2.0000
9.537246e+03,"Ma(d2,d5)",2D,closed,0,7,0,0,-7,d2,2.0000
9.537246e+03,"Ma(d2,d5)",2D,closed,0,7,0,0,7,d2,2.0000
9.537246e+03,"Ma(d2,d5)",2D,closed,0,7,0,0,7,d5,2.0000
9.537246e+03,"Ma(d2,d5)",2D,closed,0,7,0,0,14,d2,2.0000
9.537246e+03,"Ma(d2,d4)",2D,closed,0,7,0,7,0,d2,2.0000
9.537246e+03,"Ma(d2,d4)",2D,closed,0,7,0,7,0,d4,2.0000
9.537246e+03,"Ma(d2,d4)",2D,closed,0,7,0,14,0,d2,2.0000
9.537246e+03,"Ma(d2,d5)",2D,closed,0,9,0,0,1,d5,2.0000
9.537246e+03,"Ma(d2,d4)",2D,closed,0,9,0,1,0,d4,2.0000
9.537246e+03,Ma(d2),1D,closed,0,-7,0,0,0,,
9.537246e+03,Ma(d2),1D,closed,0,7,0,0,0,,
9.537246e+03,"Ma(d2,d3)",2D,closed,0,-7,-14,0,0,d2,1.9760
9.537246e+03,"Ma(d2,d3)",2D,closed,0,7,14,0,0,d2,1.9760
9.537361e+03,"Ma(d2,d3)",2D,closed,0,-7,-7,0,0,d2,1.9760
9.537361e+03,"Ma(d2,d3)",2D,closed,0,7,7,0,0,d2,1.9760
9.538314e+03,"Ma(d2,d3)",2D,closed,0,-7,7,0,0,d2,1.9760
9.538314e+03,"Ma(d2,d3)",2D,closed,0,7,-7,0,0,d2,1.9760
9.539151e+03,"Ma(d2,d3)",2D,closed,0,-7,14,0,0,d2,1.9760
9.539151e+03,"Ma(d2,d3)",2D,closed,0,7,-14,0,0,d2,1.9760
9.569948e+03,"Ma(d2,d3)",2D,closed,0,-9,-1,0,0,d3,1.9760
9.569948e+03,"Ma(d2,d3)",2D,closed,0,9,1,0,0,d3,1.9760
1.063826e+04,"Ma(d2,d3)",2D,closed,0,-8,-8,0,0,d3,1.9760
1.063826e+04,"Ma(d2,d3)",2D,closed,0,8,8,0,0,d3,1.9760
1.071660e+04,"Ma(d1,d2)",2D,closed,-12,-6,0,0,0,d2,1.9932
1.071660e+04,"Ma(d1,d2)",2D,closed,12,6,0,0,0,d2,1.9932
1.083432e+04,"Ma(d2,d3)",2D,closed,0,-4,2,0,0,d3,1.9760
1.083432e+04,"Ma(d2,d3)",2D,closed,0,4,-2,0,0,d3,1.9760
1.086701e+04,"Ma(d2,d3)",2D,closed,0,-6,1,0,0,d3,1.9760
1.086701e+04,"Ma(d2,d3)",2D,closed,0,6,-1,0,0,d3,1.9760
1.089971e+04,"Ma(d2,d4)",2D,closed,0,-16,0,-4,0,d4,2.0000
1.089971e+04,"Ma(d2,d5)",2D,closed,0,-16,0,0,-4,d5,2.0000
1.089971e+04,"Ma(d2,d4)",2D,closed,0,-12,0,-2,0,d4,2.0000
1.089971e+04,"Ma(d2,d5)",2D,closed,0,-12,0,0,-2,d5,2.0000
1.089971e+04,"Ma(d2,d4)",2D,closed,0,-10,0,-1,0,d4,2.0000
1.089971e+04,"Ma(d2,d5)",2D,closed,0,-10,0,0,-1,d5,2.0000
1.089971e+04,"Ma(d2,d4)",2D,closed,0,-8,0,-16,0,d2,2.0000
1.089971e+04,"Ma(d2,d4)",2D,closed,0,-8,0,-8,0,d2,2.0000
1.089971e+04,"Ma(d2,d4)",2D,closed,0,-8,0,-8,0,d4,2.0000
1.089971e+04,"Ma(d2,d5)",2D,closed,0,-8,0,0,-16,d2,2.0000
1.089971e+04,"Ma(d2,d5)",2D,closed,0,-8,0,0,-8,d2,2.0000
1.089971e+04,"Ma(d2,d5)",2D,closed,0,-8,0,0,-8,d5,2.0000
1.089971e+04,Ma(d2),1D,closed,0,-8,0,0,0,,
1.089971e+04,"Ma(d2,d5)",2D,closed,0,-8,0,0,8,d2,2.0000
1.089971e+04,"Ma(d2,d5)",2D,closed,0,-8,0,0,16,d2,2.0000
1.089971e+04,"Ma(d2,d4)",2D,closed,0,-8,0,8,0,d2,2.0000
1.089971e+04,"Ma(d2,d4)",2D,closed,0,-8,0,16,0,d2,2.0000
1.089971e+04,"Ma(d2,d5)",2D,closed,0,-6,0,0,1,d5,2.0000
1.089971e+04,"Ma(d2,d4)",2D,closed,0,-6,0,1,0,d4,2.0000
1.089971e+04,"Ma(d2,d5)",2D,closed,0,-4,0,0,2,d5,2.0000
1.089971e+04,"Ma(d2,d4)",2D,closed,0,-4,0,2,0,d4,2.0000
1.089971e+04,"Ma(d2,d4)",2D,closed,0,4,0,-2,0,d4,2.0000
1.089971e+04,"Ma(d2,d5)",2D,closed,0,4,0,0,-2,d5,2.0000
1.089971e+04,"Ma(d2,d4)",2D,closed,0,6,0,-1,0,d4,2.0000
1.089971e+04,"Ma(d2,d5)",2D,closed,0,6,0,0,-1,d5,2.0000
1.089971e+04,"Ma(d2,d4)",2D,closed,0,8,0,-16,0,d2,2.0000
1.089971e+04,"Ma(d2,d4)",2D,closed,0,8,0,-8,0,d2,2.0000
1.089971e+04,"Ma(d2,d5)",2D,closed,0,8,0,0,-16,d2,2.0000
1.089971e+04,"Ma(d2,d5)",2D,closed,0,8,0,0,-8,d2,2.0000
1.089971e+04,Ma(d2),1D,closed,0,8,0,0,0,,
1.089971e+04,"Ma(d2,d5)",2D,closed,0,8,0,0,8,d2,2.0000
1.089971e+04,"Ma(d2,d5)",2D,closed,0,8,0,0,8,d5,2.0000
1.089971e+04,"Ma(d2,d5)",2D,closed,0,8,0,0,16,d2,2.0000
1.089971e+04,"Ma(d2,d4)",2D,closed,0,8,0,8,0,d2,2.0000
1.089971e+04,"Ma(d2,d4)",2D,closed,0,8,0,8,0,d4,2.0000
1.089971e+04,"Ma(d2,d4)",2D,closed,0,8,0,16,0,d2,2.0000
1.089971e+04,"Ma(d2,d5)",2D,closed,0,10,0,0,1,d5,2.0000
1.089971e+04,"Ma(d2,d4)",2D,closed,0,10,0,1,0,d4,2.0000
1.089971e+04,"Ma(d2,d5)",2D,closed,0,12,0,0,2,d5,2.0000
1.089971e+04,"Ma(d2,d4)",2D,closed,0,12,0,2,0,d4,2.0000
1.089971e+04,"Ma(d2,d5)",2D,closed,0,16,0,0,4,d5,2.0000
1.089971e+04,"Ma(d2,d4)",2D,closed,0,16,0,4,0,d4,2.0000
1.089971e+04,"Ma(d2,d3)",2D,closed,0,-8,-16,0,0,d2,1.9760
1.089971e+04,"Ma(d2,d3)",2D,closed,0,8,16,0,0,d2,1.9760
1.089984e+04,"Ma(d2,d3)",2D,closed,0,-8,-8,0,0,d2,1.9760
1.089984e+04,"Ma(d2,d3)",2D,closed,0,8,8,0,0,d2,1.9760
1.090093e+04,"Ma(d2,d3)",2D,closed,0,-8,8,0,0,d2,1.9760
1.090093e+04,"Ma(d2,d3)",2D,closed,0,8,-8,0,0,d2,1.9760
1.090189e+04,"Ma(d2,d3)",2D,closed,0,-8,16,0,0,d2,1.9760
1.090189e+04,"Ma(d2,d3)",2D,closed,0,8,-16,0,0,d2,1.9760
1.093241e+04,"Ma(d2,d3)",2D,closed,0,-10,-1,0,0,d3,1.9760
1.093241e+04,"Ma(d2,d3)",2D,closed,0,10,1,0,0,d3,1.9760
1.096512e+04,"Ma(d2,d3)",2D,closed,0,-12,-2,0,0,d3,1.9760
1.096512e+04,"Ma(d2,d3)",2D,closed,0,12,2,0,0,d3,1.9760
1.103054e+04,"Ma(d2,d3)",2D,closed,0,-16,-4,0,0,d3,1.9760
1.103054e+04,"Ma(d2,d3)",2D,closed,0,16,4,0,0,d3,1.9760
1.154922e+04,"Ma(d1,d3)",2D,closed,-2,0,-1,0,0,d3,1.9320
1.154922e+04,"Ma(d1,d3)",2D,closed,2,0,1,0,0,d3,1.9320
1.196804e+04,"Ma(d2,d3)",2D,closed,0,-9,-9,0,0,d3,1.9760
1.196804e+04,"Ma(d2,d3)",2D,closed,0,9,9,0,0,d3,1.9760
1.216409e+04,"Ma(d2,d3)",2D,closed,0,-3,3,0,0,d3,1.9760
1.216409e+04,"Ma(d2,d3)",2D,closed,0,3,-3,0,0,d3,1.9760
1.222948e+04,"Ma(d2,d3)",2D,closed,0,-7,1,0,0,d3,1.9760
1.222948e+04,"Ma(d2,d3)",2D,closed,0,7,-1,0,0,d3,1.9760
1.226217e+04,Ma(d2),1D,closed,0,-9,0,0,0,,
1.226217e+04,Ma(d2),1D,closed,0,9,0,0,0,,
1.226217e+04,"Ma(d2,d4)",2D,closed,0,-15,0,-3,0,d4,2.0000
1.226217e+04,"Ma(d2,d5)",2D,closed,0,-15,0,0,-3,d5,2.0000
1.226217e+04,"Ma(d2,d4)",2D,closed,0,-11,0,-1,0,d4,2.0000
1.226217e+04,"Ma(d2,d5)",2D,closed,0,-11,0,0,-1,d5,2.0000
1.226217e+04,"Ma(d2,d4)",2D,closed,0,-9,0,-18,0,d2,2.0000
1.226217e+04,"Ma(d2,d4)",2D,closed,0,-9,0,-9,0,d2,2.0000
1.226217e+04,"Ma(d2,d4)",2D,closed,0,-9,0,-9,0,d4,2.0000
1.226217e+04,"Ma(d2,d5)",2D,closed,0,-9,0,0,-18,d2,2.0000
1.226217e+04,"Ma(d2,d5)",2D,closed,0,-9,0,0,-9,d2,2.0000
1.226217e+04,"Ma(d2,d5)",2D,closed,0,-9,0,0,-9,d5,2.0000
1.226217e+04,"Ma(d2,d5)",2D,closed,0,-9,0,0,9,d2,2.0000
1.226217e+04,"Ma(d2,d5)",2D,closed,0,-9,0,0,18,d2,2.0000
1.226217e+04,"Ma(d2,d4)",2D,closed,0,-9,0,9,0,d2,2.0000
1.226217e+04,"Ma(d2,d4)",2D,closed,0,-9,0,18,0,d2,2.0000
1.226217e+04,"Ma(d2,d5)",2D,closed,0,-7,0,0,1,d5,2.0000
1.226217e+04,"Ma(d2,d4)",2D,closed,0,-7,0,1,0,d4,2.0000
1.226217e+04,"Ma(d2,d5)",2D,closed,0,-3,0,0,3,d5,2.0000
1.226217e+04,"Ma(d2,d4)",2D,closed,0,-3,0,3,0,d4,2.0000
1.226217e+04,"Ma(d2,d4)",2D,closed,0,3,0,-3,0,d4,2.0000
1.226217e+04,"Ma(d2,d5)",2D,closed,0,3,0,0,-3,d5,2.0000
1.226217e+04,"Ma(d2,d4)",2D,closed,0,7,0,-1,0,d4,2.0000
1.226217e+04,"Ma(d2,d5)",2D,closed,0,7,0,0,-1,d5,2.0000
1.226217e+04,"Ma(d2,d4)",2D,closed,0,9,0,-18,0,d2,2.0000
1.226217e+04,"Ma(d2,d4)",2D,closed,0,9,0,-9,0,d2,2.0000
1.226217e+04,"Ma(d2,d5)",2D,closed,0,9,0,0,-18,d2,2.0000
1.226217e+04,"Ma(d2,d5)",2D,closed,0,9,0,0,-9,d2,2.0000
1.226217e+04,"Ma(d2,d5)",2D,closed,0,9,0,0,9,d2,2.0000
1.226217e+04,"Ma(d2,d5)",2D,closed,0,9,0,0,9,d5,2.0000
1.226217e+04,"Ma(d2,d5)",2D,closed,0,9,0,0,18,d2,2.0000
1.226217e+04,"Ma(d2,d4)",2D,closed,0,9,0,9,0,d2,2.0000
1.226217e+04,"Ma(d2,d4)",2D,closed,0,9,0,9,0,d4,2.0000
1.226217e+04,"Ma(d2,d4)",2D,closed,0,9,0,18,0,d2,2.0000
1.226217e+04,"Ma(d2,d5)",2D,closed,0,11,0,0,1,d5,2.0000
1.226217e+04,"Ma(d2,d4)",2D,closed,0,11,0,1,0,d4,2.0000
1.226217e+04,"Ma(d2,d5)",2D,closed,0,15,0,0,3,d5,2.0000
1.226217e+04,"Ma(d2,d4)",2D,closed,0,15,0,3,0,d4,2.0000
1.226217e+04,"Ma(d2,d3)",2D,closed,0,-9,-18,0,0,d2,1.9760
1.226217e+04,"Ma(d2,d3)",2D,closed,0,9,18,0,0,d2,1.9760
1.226232e+04,"Ma(d2,d3)",2D,closed,0,-9,-9,0,0,d2,1.9760
1.226232e+04,"Ma(d2,d3)",2D,closed,0,9,9,0,0,d2,1.9760
1.226355e+04,"Ma(d2,d3)",2D,closed,0,-9,9,0,0,d2,1.9760
1.226355e+04,"Ma(d2,d3)",2D,closed,0,9,-9,0,0,d2,1.9760
1.226462e+04,"Ma(d2,d3)",2D,closed,0,-9,18,0,0,d2,1.9760
1.226462e+04,"Ma(d2,d3)",2D,closed,0,9,-18,0,0,d2,1.9760
1.229487e+04,"Ma(d2,d3)",2D,closed,0,-11,-1,0,0,d3,1.9760
1.229487e+04,"Ma(d2,d3)",2D,closed,0,11,1,0,0,d3,1.9760
1.236029e+04,"Ma(d2,d3)",2D,closed,0,-15,-3,0,0,d3,1.9760
1.236029e+04,"Ma(d2,d3)",2D,closed,0,15,3,0,0,d3,1.9760
1.250269e+04,"Ma(d1,d2)",2D,closed,-14,-7,0,0,0,d2,1.9932
1.250269e+04,"Ma(d1,d2)",2D,closed,14,7,0,0,0,d2,1.9932
1.329782e+04,"Ma(d2,d3)",2D,closed,0,-10,-10,0,0,d3,1.9760
1.329782e+04,"Ma(d2,d3)",2D,closed,0,10,10,0,0,d3,1.9760
1.355925e+04,"Ma(d2,d3)",2D,closed,0,-6,2,0,0,d3,1.9760
1.355925e+04,"Ma(d2,d3)",2D,closed,0,6,-2,0,0,d3,1.9760
1.359194e+04,"Ma(d2,d3)",2D,closed,0,-8,1,0,0,d3,1.9760
1.359194e+04,"Ma(d2,d3)",2D,closed,0,8,-1,0,0,d3,1.9760
1.362464e+04,"Ma(d2,d4)",2D,closed,0,-20,0,-5,0,d4,2.0000
1.362464e+04,"Ma(d2,d5)",2D,closed,0,-20,0,0,-5,d5,2.0000
1.362464e+04,"Ma(d2,d4)",2D,closed,0,-14,0,-2,0,d4,2.0000
1.362464e+04,"Ma(d2,d5)",2D,closed,0,-14,0,0,-2,d5,2.0000
1.362464e+04,"Ma(d2,d4)",2D,closed,0,-12,0,-1,0,d4,2.0000
1.362464e+04,"Ma(d2,d5)",2D,closed,0,-12,0,0,-1,d5,2.0000
1.362464e+04,"Ma(d2,d4)",2D,closed,0,-10,0,-20,0,d2,2.0000
1.362464e+04,"Ma(d2,d4)",2D,closed,0,-10,0,-10,0,d2,2.0000
1.362464e+04,"Ma(d2,d4)",2D,closed,0,-10,0,-10,0,d4,2.0000
1.362464e+04,"Ma(d2,d5)",2D,closed,0,-10,0,0,-20,d2,2.0000
1.362464e+04,"Ma(d2,d5)",2D,closed,0,-10,0,0,-10,d2,2.0000
1.362464e+04,"Ma(d2,d5)",2D,closed,0,-10,0,0,-10,d5,2.0000
1.362464e+04,Ma(d2),1D,closed,0,-10,0,0,0,,
1.362464e+04,"Ma(d2,d5)",2D,closed,0,-10,0,0,10,d2,2.0000
1.362464e+04,"Ma(d2,d5)",2D,closed,0,-10,0,0,20,d2,2.0000
1.362464e+04,"Ma(d2,d4)",2D,closed,0,-10,0,10,0,d2,2.0000
1.362464e+04,"Ma(d2,d4)",2D,closed,0,-10,0,20,0,d2,2.0000
1.362464e+04,"Ma(d2,d5)",2D,closed,0,-8,0,0,1,d5,2.0000
1.362464e+04,"Ma(d2,d4)",2D,closed,0,-8,0,1,0,d4,2.0000
1.362464e+04,"Ma(d2,d5)",2D,closed,0,-6,0,0,2,d5,2.0000
1.362464e+04,"Ma(d2,d4)",2D,closed,0,-6,0,2,0,d4,2.0000
1.362464e+04,"Ma(d2,d4)",2D,closed,0,6,0,-2,0,d4,2.0000
1.362464e+04,"Ma(d2,d5)",2D,closed,0,6,0,0,-2,d5,2.0000
1.362464e+04,"Ma(d2,d4)",2D,closed,0,8,0,-1,0,d4,2.0000
1.362464e+04,"Ma(d2,d5)",2D,closed,0,8,0,0,-1,d5,2.0000
1.362464e+04,"Ma(d2,d4)",2D,closed,0,10,0,-20,0,d2,2.0000
1.362464e+04,"Ma(d2,d4)",2D,closed,0,10,0,-10,0,d2,2.0000
1.362464e+04,"Ma(d2,d5)",2D,closed,0,10,0,0,-20,d2,2.0000
1.362464e+04,"Ma(d2,d5)",2D,closed,0,10,0,0,-10,d2,2.0000
1.362464e+04,Ma(d2),1D,closed,0,10,0,0,0,,
1.362464e+04,"Ma(d2,d5)",2D,closed,0,10,0,0,10,d2,2.0000
1.362464e+04,"Ma(d2,d5)",2D,closed,0,10,0,0,10,d5,2.0000
1.362464e+04,"Ma(d2,d5)",2D,closed,0,10,0,0,20,d2,2.0000
1.362464e+04,"Ma(d2,d4)",2D,closed,0,10,0,10,0,d2,2.0000
1.362464e+04,"Ma(d2,d4)",2D,closed,0,10,0,10,0,d4,2.0000
1.362464e+04,"Ma(d2,d4)",2D,closed,0,10,0,20,0,d2,2.0000
1.362464e+04,"Ma(d2,d5)",2D,closed,0,12,0,0,1,d5,2.0000
1.362464e+04,"Ma(d2,d4)",2D,closed,0,12,0,1,0,d4,2.0000
1.362464e+04,"Ma(d2,d5)",2D,closed,0,14,0,0,2,d5,2.0000
1.362464e+04,"Ma(d2,d4)",2D,closed,0,14,0,2,0,d4,2.0000
1.362464e+04,"Ma(d2,d5)",2D,closed,0,20,0,0,5,d5,2.0000
1.362464e+04,"Ma(d2,d4)",2D,closed,0,20,0,5,0,d4,2.0000
1.362464e+04,"Ma(d2,d3)",2D,closed,0,-10,-20,0,0,d2,1.9760
1.362464e+04,"Ma(d2,d3)",2D,closed,0,10,20,0,0,d2,1.9760
1.362480e+04,"Ma(d2,d3)",2D,closed,0,-10,-10,0,0,d2,1.9760
1.362480e+04,"Ma(d2,d3)",2D,closed,0,10,10,0,0,d2,1.9760
1.362616e+04,"Ma(d2,d3)",2D,closed,0,-10,10,0,0,d2,1.9760
1.362616e+04,"Ma(d2,d3)",2D,closed,0,10,-10,0,0,d2,1.9760
1.362736e+04,"Ma(d2,d3)",2D,closed,0,-10,20,0,0,d2,1.9760
1.362736e+04,"Ma(d2,d3)",2D,closed,0,10,-20,0,0,d2,1.9760
1.365734e+04,"Ma(d2,d3)",2D,closed,0,-12,-1,0,0,d3,1.9760
1.365734e+04,"Ma(d2,d3)",2D,closed,0,12,1,0,0,d3,1.9760
1.369004e+04,"Ma(d2,d3)",2D,closed,0,-14,-2,0,0,d3,1.9760
1.369004e+04,"Ma(d2,d3)",2D,closed,0,14,2,0,0,d3,1.9760
1.378818e+04,"Ma(d2,d3)",2D,closed,0,-20,-5,0,0,d3,1.9760
1.378818e+04,"Ma(d2,d3)",2D,closed,0,20,5,0,0,d3,1.9760
1.428879e+04,"Ma(d1,d2)",2D,closed,-16,-8,0,0,0,d2,1.9932
1.428879e+04,"Ma(d1,d2)",2D,closed,16,8,0,0,0,d2,1.9932
1.462760e+04,"Ma(d2,d3)",2D,closed,0,-11,-11,0,0,d3,1.9760
1.462760e+04,"Ma(d2,d3)",2D,closed,0,11,11,0,0,d3,1.9760
1.495440e+04,"Ma(d2,d3)",2D,closed,0,-9,1,0,0,d3,1.9760
1.495440e+04,"Ma(d2,d3)",2D,closed,0,9,-1,0,0,d3,1.9760
1.498710e+04,"Ma(d2,d4)",2D,closed,0,-13,0,-1,0,d4,2.0000
1.498710e+04,"Ma(d2,d5)",2D,closed,0,-13,0,0,-1,d5,2.0000
1.498710e+04,"Ma(d2,d4)",2D,closed,0,-11,0,-11,0,d2,2.0000
1.498710e+04,"Ma(d2,d4)",2D,closed,0,-11,0,-11,0,d4,2.0000
1.498710e+04,"Ma(d2,d5)",2D,closed,0,-11,0,0,-11,d2,2.0000
1.498710e+04,"Ma(d2,d5)",2D,closed,0,-11,0,0,-11,d5,2.0000
1.498710e+04,Ma(d2),1D,closed,0,-11,0,0,0,,
1.498710e+04,"Ma(d2,d5)",2D,closed,0,-11,0,0,11,d2,2.0000
1.498710e+04,"Ma(d2,d4)",2D,closed,0,-11,0,11,0,d2,2.0000
1.498710e+04,"Ma(d2,d5)",2D,closed,0,-9,0,0,1,d5,2.0000
1.498710e+04,"Ma(d2,d4)",2D,closed,0,-9,0,1,0,d4,2.0000
1.498710e+04,"Ma(d2,d4)",2D,closed,0,9,0,-1,0,d4,2.0000
1.498710e+04,"Ma(d2,d5)",2D,closed,0,9,0,0,-1,d5,2.0000
1.498710e+04,"Ma(d2,d4)",2D,closed,0,11,0,-11,0,d2,2.0000
1.498710e+04,"Ma(d2,d5)",2D,closed,0,11,0,0,-11,d2,2.0000
1.498710e+04,Ma(d2),1D,closed,0,11,0,0,0,,
1.498710e+04,"Ma(d2,d5)",2D,closed,0,11,0,0,11,d2,2.0000
1.498710e+04,"Ma(d2,d5)",2D,closed,0,11,0,0,11,d5,2.0000
1.498710e+04,"Ma(d2,d4)",2D,closed,0,11,0,11,0,d2,2.0000
1.498710e+04,"Ma(d2,d4)",2D,closed,0,11,0,11,0,d4,2.0000
1.498710e+04,"Ma(d2,d5)",2D,closed,0,13,0,0,1,d5,2.0000
1.498710e+04,"Ma(d2,d4)",2D,closed,0,13,0,1,0,d4,2.0000
1.498728e+04,"Ma(d2,d3)",2D,closed,0,-11,-11,0,0,d2,1.9760
1.498728e+04,"Ma(d2,d3)",2D,closed,0,11,11,0,0,d2,1.9760
1.498878e+04,"Ma(d2,d3)",2D,closed,0,-11,11,0,0,d2,1.9760
1.498878e+04,"Ma(d2,d3)",2D,closed,0,11,-11,0,0,d2,1.9760
1.501980e+04,"Ma(d2,d3)",2D,closed,0,-13,-1,0,0,d3,1.9760
1.501980e+04,"Ma(d2,d3)",2D,closed,0,13,1,0,0,d3,1.9760
1.595739e+04,"Ma(d2,d3)",2D,closed,0,-12,-12,0,0,d3,1.9760
1.595739e+04,"Ma(d2,d3)",2D,closed,0,12,12,0,0,d3,1.9760
1.607489e+04,"Ma(d1,d2)",2D,closed,-18,-9,0,0,0,d2,1.9932
1.607489e+04,"Ma(d1,d2)",2D,closed,18,9,0,0,0,d2,1.9932
1.621879e+04,"Ma(d2,d3)",2D,closed,0,-4,4,0,0,d3,1.9760
1.621879e+04,"Ma(d2,d3)",2D,closed,0,4,-4,0,0,d3,1.9760
1.625148e+04,"Ma(d2,d3)",2D,closed,0,-6,3,0,0,d3,1.9760
1.625148e+04,"Ma(d2,d3)",2D,closed,0,6,-3,0,0,d3,1.9760
1.628417e+04,"Ma(d2,d3)",2D,closed,0,-8,2,0,0,d3,1.9760
1.628417e+04,"Ma(d2,d3)",2D,closed,0,8,-2,0,0,d3,1.9760
1.631687e+04,"Ma(d2,d3)",2D,closed,0,-10,1,0,0,d3,1.9760
1.631687e+04,"Ma(d2,d3)",2D,closed,0,10,-1,0,0,d3,1.9760
1.634956e+04,"Ma(d2,d4)",2D,closed,0,-20,0,-4,0,d4,2.0000
1.634956e+04,"Ma(d2,d5)",2D,closed,0,-20,0,0,-4,d5,2.0000
1.634956e+04,"Ma(d2,d4)",2D,closed,0,-18,0,-3,0,d4,2.0000
1.634956e+04,"Ma(d2,d5)",2D,closed,0,-18,0,0,-3,d5,2.0000
1.634956e+04,"Ma(d2,d4)",2D,closed,0,-16,0,-2,0,d4,2.0000
1.634956e+04,"Ma(d2,d5)",2D,closed,0,-16,0,0,-2,d5,2.0000
1.634956e+04,"Ma(d2,d4)",2D,closed,0,-14,0,-1,0,d4,2.0000
1.634956e+04,"Ma(d2,d5)",2D,closed,0,-14,0,0,-1,d5,2.0000
1.634956e+04,"Ma(d2,d4)",2D,closed,0,-12,0,-12,0,d2,2.0000
1.634956e+04,"Ma(d2,d4)",2D,closed,0,-12,0,-12,0,d4,2.0000
1.634956e+04,"Ma(d2,d5)",2D,closed,0,-12,0,0,-12,d2,2.0000
1.634956e+04,"Ma(d2,d5)",2D,closed,0,-12,0,0,-12,d5,2.0000
1.634956e+04,Ma(d2),1D,closed,0,-12,0,0,0,,
1.634956e+04,"Ma(d2,d5)",2D,closed,0,-12,0,0,12,d2,2.0000
1.634956e+04,"Ma(d2,d4)",2D,closed,0,-12,0,12,0,d2,2.0000
1.634956e+04,"Ma(d2,d5)",2D,closed,0,-10,0,0,1,d5,2.0000
1.634956e+04,"Ma(d2,d4)",2D,closed,0,-10,0,1,0,d4,2.0000
1.634956e+04,"Ma(d2,d5)",2D,closed,0,-8,0,0,2,d5,2.0000
1.634956e+04,"Ma(d2,d4)",2D,closed,0,-8,0,2,0,d4,2.0000
1.634956e+04,"Ma(d2,d5)",2D,closed,0,-6,0,0,3,d5,2.0000
1.634956e+04,"Ma(d2,d4)",2D,closed,0,-6,0,3,0,d4,2.0000
1.634956e+04,"Ma(d2,d5)",2D,closed,0,-4,0,0,4,d5,2.0000
1.634956e+04,"Ma(d2,d4)",2D,closed,0,-4,0,4,0,d4,2.0000
1.634956e+04,"Ma(d2,d4)",2D,closed,0,4,0,-4,0,d4,2.0000
1.634956e+04,"Ma(d2,d5)",2D,closed,0,4,0,0,-4,d5,2.0000
1.634956e+04,"Ma(d2,d4)",2D,closed,0,6,0,-3,0,d4,2.0000
1.634956e+04,"Ma(d2,d5)",2D,closed,0,6,0,0,-3,d5,2.0000
1.634956e+04,"Ma(d2,d4)",2D,closed,0,8,0,-2,0,d4,2.0000
1.634956e+04,"Ma(d2,d5)",2D,closed,0,8,0,0,-2,d5,2.0000
1.634956e+04,"Ma(d2,d4)",2D,closed,0,10,0,-1,0,d4,2.0000
1.634956e+04,"Ma(d2,d5)",2D,closed,0,10,0,0,-1,d5,2.0000
1.634956e+04,"Ma(d2,d4)",2D,closed,0,12,0,-12,0,d2,2.0000
1.634956e+04,"Ma(d2,d5)",2D,closed,0,12,0,0,-12,d2,2.0000
1.634956e+04,Ma(d2),1D,closed,0,12,0,0,0,,
1.634956e+04,"Ma(d2,d5)",2D,closed,0,12,0,0,12,d2,2.0000
1.634956e+04,"Ma(d2,d5)",2D,closed,0,12,0,0,12,d5,2.0000
1.634956e+04,"Ma(d2,d4)",2D,closed,0,12,0,12,0,d2,2.0000
1.634956e+04,"Ma(d2,d4)",2D,closed,0,12,0,12,0,d4,2.0000
1.634956e+04,"Ma(d2,d5)",2D,closed,0,14,0,0,1,d5,2.0000
1.634956e+04,"Ma(d2,d4)",2D,closed,0,14,0,1,0,d4,2.0000
1.634956e+04,"Ma(d2,d5)",2D,closed,0,16,0,0,2,d5,2.0000
1.634956e+04,"Ma(d2,d4)",2D,closed,0,16,0,2,0,d4,2.0000
1.634956e+04,"Ma(d2,d5)",2D,closed,0,18,0,0,3,d5,2.0000
1.634956e+04,"Ma(d2,d4)",2D,closed,0,18,0,3,0,d4,2.0000
1.634956e+04,"Ma(d2,d5)",2D,closed,0,20,0,0,4,d5,2.0000
1.634956e+04,"Ma(d2,d4)",2D,closed,0,20,0,4,0,d4,2.0000
1.634976e+04,"Ma(d2,d3)",2D,closed,0,-12,-12,0,0,d2,1.9760
1.634976e+04,"Ma(d2,d3)",2D,closed,0,12,12,0,0,d2,1.9760
1.635139e+04,"Ma(d2,d3)",2D,closed,0,-12,12,0,0,d2,1.9760
1.635139e+04,"Ma(d2,d3)",2D,closed,0,12,-12,0,0,d2,1.9760
1.638227e+04,"Ma(d2,d3)",2D,closed,0,-14,-1,0,0,d3,1.9760
1.638227e+04,"Ma(d2,d3)",2D,closed,0,14,1,0,0,d3,1.9760
1.641497e+04,"Ma(d2,d3)",2D,closed,0,-16,-2,0,0,d3,1.9760
1.641497e+04,"Ma(d2,d3)",2D,closed,0,16,2,0,0,d3,1.9760
1.644767e+04,"Ma(d2,d3)",2D,closed,0,-18,-3,0,0,d3,1.9760
1.644767e+04,"Ma(d2,d3)",2D,closed,0,18,3,0,0,d3,1.9760
1.648038e+04,"Ma(d2,d3)",2D,closed,0,-20,-4,0,0,d3,1.9760
1.648038e+04,"Ma(d2,d3)",2D,closed,0,20,4,0,0,d3,1.9760
1.728717e+04,"Ma(d2,d3)",2D,closed,0,-13,-13,0,0,d3,1.9760
1.728717e+04,"Ma(d2,d3)",2D,closed,0,13,13,0,0,d3,1.9760
1.767933e+04,"Ma(d2,d3)",2D,closed,0,-11,1,0,0,d3,1.9760
1.767933e+04,"Ma(d2,d3)",2D,closed,0,11,-1,0,0,d3,1.9760
1.771203e+04,"Ma(d2,d4)",2D,closed,0,-15,0,-1,0,d4,2.0000
1.771203e+04,"Ma(d2,d5)",2D,closed,0,-15,0,0,-1,d5,2.0000
1.771203e+04,"Ma(d2,d4)",2D,closed,0,-13,0,-13,0,d2,2.0000
1.771203e+04,"Ma(d2,d4)",2D,closed,0,-13,0,-13,0,d4,2.0000
1.771203e+04,"Ma(d2,d5)",2D,closed,0,-13,0,0,-13,d2,2.0000
1.771203e+04,"Ma(d2,d5)",2D,closed,0,-13,0,0,-13,d5,2.0000
1.771203e+04,Ma(d2),1D,closed,0,-13,0,0,0,,
1.771203e+04,"Ma(d2,d5)",2D,closed,0,-13,0,0,13,d2,2.0000
1.771203e+04,"Ma(d2,d4)",2D,closed,0,-13,0,13,0,d2,2.0000
1.771203e+04,"Ma(d2,d5)",2D,closed,0,-11,0,0,1,d5,2.0000
1.771203e+04,"Ma(d2,d4)",2D,closed,0,-11,0,1,0,d4,2.0000
1.771203e+04,"Ma(d2,d4)",2D,closed,0,11,0,-1,0,d4,2.0000
1.771203e+04,"Ma(d2,d5)",2D,closed,0,11,0,0,-1,d5,2.0000
1.771203e+04,"Ma(d2,d4)",2D,closed,0,13,0,-13,0,d2,2.0000
1.771203e+04,"Ma(d2,d5)",2D,closed,0,13,0,0,-13,d2,2.0000
1.771203e+04,Ma(d2),1D,closed,0,13,0,0,0,,
1.771203e+04,"Ma(d2,d5)",2D,closed,0,13,0,0,13,d2,2.0000
1.771203e+04,"Ma(d2,d5)",2D,closed,0,13,0,0,13,d5,2.0000
1.771203e+04,"Ma(d2,d4)",2D,closed,0,13,0,13,0,d2,2.0000
1.771203e+04,"Ma(d2,d4)",2D,closed,0,13,0,13,0,d4,2.0000
1.771203e+04,"Ma(d2,d5)",2D,closed,0,15,0,0,1,d5,2.0000
1.771203e+04,"Ma(d2,d4)",2D,closed,0,15,0,1,0,d4,2.0000
1.771224e+04,"Ma(d2,d3)",2D,closed,0,-13,-13,0,0,d2,1.9760
1.771224e+04,"Ma(d2,d3)",2D,closed,0,13,13,0,0,d2,1.9760
1.771401e+04,"Ma(d2,d3)",2D,closed,0,-13,13,0,0,d2,1.9760
1.771401e+04,"Ma(d2,d3)",2D,closed,0,13,-13,0,0,d2,1.9760
1.774473e+04,"Ma(d2,d3)",2D,closed,0,-15,-1,0,0,d3,1.9760
1.774473e+04,"Ma(d2,d3)",2D,closed,0,15,1,0,0,d3,1.9760
1.786099e+04,"Ma(d1,d2)",2D,closed,-20,-10,0,0,0,d2,1.9932
1.786099e+04,"Ma(d1,d2)",2D,closed,20,10,0,0,0,d2,1.9932
1.861695e+04,"Ma(d2,d3)",2D,closed,0,-14,-14,0,0,d3,1.9760
1.861695e+04,"Ma(d2,d3)",2D,closed,0,14,14,0,0,d3,1.9760
1.900910e+04,"Ma(d2,d3)",2D,closed,0,-10,2,0,0,d3,1.9760
1.900910e+04,"Ma(d2,d3)",2D,closed,0,10,-2,0,0,d3,1.9760
1.904179e+04,"Ma(d2,d3)",2D,closed,0,-12,1,0,0,d3,1.9760
1.904179e+04,"Ma(d2,d3)",2D,closed,0,12,-1,0,0,d3,1.9760
1.907449e+04,"Ma(d2,d4)",2D,closed,0,-18,0,-2,0,d4,2.0000
1.907449e+04,"Ma(d2,d5)",2D,closed,0,-18,0,0,-2,d5,2.0000
1.907449e+04,"Ma(d2,d4)",2D,closed,0,-16,0,-1,0,d4,2.0000
1.907449e+04,"Ma(d2,d5)",2D,closed,0,-16,0,0,-1,d5,2.0000
1.907449e+04,"Ma(d2,d4)",2D,closed,0,-14,0,-14,0,d2,2.0000
1.907449e+04,"Ma(d2,d4)",2D,closed,0,-14,0,-14,0,d4,2.0000
1.907449e+04,"Ma(d2,d5)",2D,closed,0,-14,0,0,-14,d2,2.0000
1.907449e+04,"Ma(d2,d5)",2D,closed,0,-14,0,0,-14,d5,2.0000
1.907449e+04,"Ma(d2,d5)",2D,closed,0,-14,0,0,14,d2,2.0000
1.907449e+04,"Ma(d2,d4)",2D,closed,0,-14,0,14,0,d2,2.0000
1.907449e+04,"Ma(d2,d5)",2D,closed,0,-12,0,0,1,d5,2.0000
1.907449e+04,"Ma(d2,d4)",2D,closed,0,-12,0,1,0,d4,2.0000
1.907449e+04,"Ma(d2,d5)",2D,closed,0,-10,0,0,2,d5,2.0000
1.907449e+04,"Ma(d2,d4)",2D,closed,0,-10,0,2,0,d4,2.0000
1.907449e+04,"Ma(d2,d4)",2D,closed,0,10,0,-2,0,d4,2.0000
1.907449e+04,"Ma(d2,d5)",2D,closed,0,10,0,0,-2,d5,2.0000
1.907449e+04,"Ma(d2,d4)",2D,closed,0,12,0,-1,0,d4,2.0000
1.907449e+04,"Ma(d2,d5)",2D,closed,0,12,0,0,-1,d5,2.0000
1.907449e+04,"Ma(d2,d4)",2D,closed,0,14,0,-14,0,d2,2.0000
1.907449e+04,"Ma(d2,d5)",2D,closed,0,14,0,0,-14,d2,2.0000
1.907449e+04,"Ma(d2,d5)",2D,closed,0,14,0,0,14,d2,2.0000
1.907449e+04,"Ma(d2,d5)",2D,closed,0,14,0,0,14,d5,2.0000
1.907449e+04,"Ma(d2,d4)",2D,closed,0,14,0,14,0,d2,2.0000
1.907449e+04,"Ma(d2,d4)",2D,closed,0,14,0,14,0,d4,2.0000
1.907449e+04,"Ma(d2,d5)",2D,closed,0,16,0,0,1,d5,2.0000
1.907449e+04,"Ma(d2,d4)",2D,closed,0,16,0,1,0,d4,2.0000
1.907449e+04,"Ma(d2,d5)",2D,closed,0,18,0,0,2,d5,2.0000
1.907449e+04,"Ma(d2,d4)",2D,closed,0,18,0,2,0,d4,2.0000
1.907449e+04,Ma(d2),1D,closed,0,-14,0,0,0,,
1.907449e+04,Ma(d2),1D,closed,0,14,0,0,0,,
1.907472e+04,"Ma(d2,d3)",2D,closed,0,-14,-14,0,0,d2,1.9760
1.907472e+04,"Ma(d2,d3)",2D,closed,0,14,14,0,0,d2,1.9760
1.907663e+04,"Ma(d2,d3)",2D,closed,0,-14,14,0,0,d2,1.9760
1.907663e+04,"Ma(d2,d3)",2D,closed,0,14,-14,0,0,d2,1.9760
1.910719e+04,"Ma(d2,d3)",2D,closed,0,-16,-1,0,0,d3,1.9760
1.910719e+04,"Ma(d2,d3)",2D,closed,0,16,1,0,0,d3,1.9760
1.913990e+04,"Ma(d2,d3)",2D,closed,0,-18,-2,0,0,d3,1.9760
1.913990e+04,"Ma(d2,d3)",2D,closed,0,18,2,0,0,d3,1.9760
1.994673e+04,"Ma(d2,d3)",2D,closed,0,-15,-15,0,0,d3,1.9760
1.994673e+04,"Ma(d2,d3)",2D,closed,0,15,15,0,0,d3,1.9760
2.027349e+04,"Ma(d2,d3)",2D,closed,0,-5,5,0,0,d3,1.9760
2.027349e+04,"Ma(d2,d3)",2D,closed,0,5,-5,0,0,d3,1.9760
2.033887e+04,"Ma(d2,d3)",2D,closed,0,-9,3,0,0,d3,1.9760
2.033887e+04,"Ma(d2,d3)",2D,closed,0,9,-3,0,0,d3,1.9760
2.040426e+04,"Ma(d2,d3)",2D,closed,0,-13,1,0,0,d3,1.9760
2.040426e+04,"Ma(d2,d3)",2D,closed,0,13,-1,0,0,d3,1.9760
2.043696e+04,"Ma(d2,d4)",2D,closed,0,-17,0,-1,0,d4,2.0000
2.043696e+04,"Ma(d2,d5)",2D,closed,0,-17,0,0,-1,d5,2.0000
2.043696e+04,"Ma(d2,d4)",2D,closed,0,-15,0,-15,0,d2,2.0000
2.043696e+04,"Ma(d2,d4)",2D,closed,0,-15,0,-15,0,d4,2.0000
2.043696e+04,"Ma(d2,d5)",2D,closed,0,-15,0,0,-15,d2,2.0000
2.043696e+04,"Ma(d2,d5)",2D,closed,0,-15,0,0,-15,d5,2.0000
2.043696e+04,Ma(d2),1D,closed,0,-15,0,0,0,,
2.043696e+04,"Ma(d2,d5)",2D,closed,0,-15,0,0,15,d2,2.0000
2.043696e+04,"Ma(d2,d4)",2D,closed,0,-15,0,15,0,d2,2.0000
2.043696e+04,"Ma(d2,d5)",2D,closed,0,-13,0,0,1,d5,2.0000
2.043696e+04,"Ma(d2,d4)",2D,closed,0,-13,0,1,0,d4,2.0000
2.043696e+04,"Ma(d2,d5)",2D,closed,0,-9,0,0,3,d5,2.0000
2.043696e+04,"Ma(d2,d4)",2D,closed,0,-9,0,3,0,d4,2.0000
2.043696e+04,"Ma(d2,d5)",2D,closed,0,-5,0,0,5,d5,2.0000
2.043696e+04,"Ma(d2,d4)",2D,closed,0,-5,0,5,0,d4,2.0000
2.043696e+04,"Ma(d2,d4)",2D,closed,0,5,0,-5,0,d4,2.0000
2.043696e+04,"Ma(d2,d5)",2D,closed,0,5,0,0,-5,d5,2.0000
2.043696e+04,"Ma(d2,d4)",2D,closed,0,9,0,-3,0,d4,2.0000
2.043696e+04,"Ma(d2,d5)",2D,closed,0,9,0,0,-3,d5,2.0000
2.043696e+04,"Ma(d2,d4)",2D,closed,0,13,0,-1,0,d4,2.0000
2.043696e+04,"Ma(d2,d5)",2D,closed,0,13,0,0,-1,d5,2.0000
2.043696e+04,"Ma(d2,d4)",2D,closed,0,15,0,-15,0,d2,2.0000
2.043696e+04,"Ma(d2,d5)",2D,closed,0,15,0,0,-15,d2,2.0000
2.043696e+04,Ma(d2),1D,closed,0,15,0,0,0,,
2.043696e+04,"Ma(d2,d5)",2D,closed,0,15,0,0,15,d2,2.0000
2.043696e+04,"Ma(d2,d5)",2D,closed,0,15,0,0,15,d5,2.0000
2.043696e+04,"Ma(d2,d4)",2D,closed,0,15,0,15,0,d2,2.0000
2.043696e+04,"Ma(d2,d4)",2D,closed,0,15,0,15,0,d4,2.0000
2.043696e+04,"Ma(d2,d5)",2D,closed,0,17,0,0,1,d5,2.0000
2.043696e+04,"Ma(d2,d4)",2D,closed,0,17,0,1,0,d4,2.0000
2.043720e+04,"Ma(d2,d3)",2D,closed,0,-15,-15,0,0,d2,1.9760
2.043720e+04,"Ma(d2,d3)",2D,closed,0,15,15,0,0,d2,1.9760
2.043924e+04,"Ma(d2,d3)",2D,closed,0,-15,15,0,0,d2,1.9760
2.043924e+04,"Ma(d2,d3)",2D,closed,0,15,-15,0,0,d2,1.9760
2.046966e+04,"Ma(d2,d3)",2D,closed,0,-17,-1,0,0,d3,1.9760
2.046966e+04,"Ma(d2,d3)",2D,closed,0,17,1,0,0,d3,1.9760
2.127652e+04,"Ma(d2,d3)",2D,closed,0,-16,-16,0,0,d3,1.9760
2.127652e+04,"Ma(d2,d3)",2D,closed,0,16,16,0,0,d3,1.9760
2.166864e+04,"Ma(d2,d3)",2D,closed,0,-8,4,0,0,d3,1.9760
2.166864e+04,"Ma(d2,d3)",2D,closed,0,8,-4,0,0,d3,1.9760
2.173403e+04,"Ma(d2,d3)",2D,closed,0,-12,2,0,0,d3,1.9760
2.173403e+04,"Ma(d2,d3)",2D,closed,0,12,-2,0,0,d3,1.9760
2.176672e+04,"Ma(d2,d3)",2D,closed,0,-14,1,0,0,d3,1.9760
2.176672e+04,"Ma(d2,d3)",2D,closed,0,14,-1,0,0,d3,1.9760
2.179942e+04,"Ma(d2,d4)",2D,closed,0,-20,0,-2,0,d4,2.0000
2.179942e+04,"Ma(d2,d5)",2D,closed,0,-20,0,0,-2,d5,2.0000
2.179942e+04,"Ma(d2,d4)",2D,closed,0,-18,0,-1,0,d4,2.0000
2.179942e+04,"Ma(d2,d5)",2D,closed,0,-18,0,0,-1,d5,2.0000
2.179942e+04,"Ma(d2,d4)",2D,closed,0,-16,0,-16,0,d2,2.0000
2.179942e+04,"Ma(d2,d4)",2D,closed,0,-16,0,-16,0,d4,2.0000
2.179942e+04,"Ma(d2,d5)",2D,closed,0,-16,0,0,-16,d2,2.0000
2.179942e+04,"Ma(d2,d5)",2D,closed,0,-16,0,0,-16,d5,2.0000
2.179942e+04,Ma(d2),1D,closed,0,-16,0,0,0,,
2.179942e+04,"Ma(d2,d5)",2D,closed,0,-16,0,0,16,d2,2.0000
2.179942e+04,"Ma(d2,d4)",2D,closed,0,-16,0,16,0,d2,2.0000
2.179942e+04,"Ma(d2,d5)",2D,closed,0,-14,0,0,1,d5,2.0000
2.179942e+04,"Ma(d2,d4)",2D,closed,0,-14,0,1,0,d4,2.0000
2.179942e+04,"Ma(d2,d5)",2D,closed,0,-12,0,0,2,d5,2.0000
2.179942e+04,"Ma(d2,d4)",2D,closed,0,-12,0,2,0,d4,2.0000
2.179942e+04,"Ma(d2,d5)",2D,closed,0,-8,0,0,4,d5,2.0000
2.179942e+04,"Ma(d2,d4)",2D,closed,0,-8,0,4,0,d4,2.0000
2.179942e+04,"Ma(d2,d4)",2D,closed,0,8,0,-4,0,d4,2.0000
2.179942e+04,"Ma(d2,d5)",2D,closed,0,8,0,0,-4,d5,2.0000
2.179942e+04,"Ma(d2,d4)",2D,closed,0,12,0,-2,0,d4,2.0000
2.179942e+04,"Ma(d2,d5)",2D,closed,0,12,0,0,-2,d5,2.0000
2.179942e+04,"Ma(d2,d4)",2D,closed,0,14,0,-1,0,d4,2.0000
2.179942e+04,"Ma(d2,d5)",2D,closed,0,14,0,0,-1,d5,2.0000
2.179942e+04,"Ma(d2,d4)",2D,closed,0,16,0,-16,0,d2,2.0000
2.179942e+04,"Ma(d2,d5)",2D,closed,0,16,0,0,-16,d2,2.0000
2.179942e+04,Ma(d2),1D,closed,0,16,0,0,0,,
2.179942e+04,"Ma(d2,d5)",2D,closed,0,16,0,0,16,d2,2.0000
2.179942e+04,"Ma(d2,d5)",2D,closed,0,16,0,0,16,d5,2.0000
2.179942e+04,"Ma(d2,d4)",2D,closed,0,16,0,16,0,d2,2.0000
2.179942e+04,"Ma(d2,d4)",2D,closed,0,16,0,16,0,d4,2.0000
2.179942e+04,"Ma(d2,d5)",2D,closed,0,18,0,0,1,d5,2.0000
2.179942e+04,"Ma(d2,d4)",2D,closed,0,18,0,1,0,d4,2.0000
2.179942e+04,"Ma(d2,d5)",2D,closed,0,20,0,0,2,d5,2.0000
2.179942e+04,"Ma(d2,d4)",2D,closed,0,20,0,2,0,d4,2.0000
2.179968e+04,"Ma(d2,d3)",2D,closed,0,-16,-16,0,0,d2,1.9760
2.179968e+04,"Ma(d2,d3)",2D,closed,0,16,16,0,0,d2,1.9760
2.180186e+04,"Ma(d2,d3)",2D,closed,0,-16,16,0,0,d2,1.9760
2.180186e+04,"Ma(d2,d3)",2D,closed,0,16,-16,0,0,d2,1.9760
2.183212e+04,"Ma(d2,d3)",2D,closed,0,-18,-1,0,0,d3,1.9760
2.183212e+04,"Ma(d2,d3)",2D,closed,0,18,1,0,0,d3,1.9760
2.186482e+04,"Ma(d2,d3)",2D,closed,0,-20,-2,0,0,d3,1.9760
2.186482e+04,"Ma(d2,d3)",2D,closed,0,20,2,0,0,d3,1.9760
2.260630e+04,"Ma(d2,d3)",2D,closed,0,-17,-17,0,0,d3,1.9760
2.260630e+04,"Ma(d2,d3)",2D,closed,0,17,17,0,0,d3,1.9760
2.309843e+04,"Ma(d1,d3)",2D,closed,-4,0,-2,0,0,d3,1.9320
2.309843e+04,"Ma(d1,d3)",2D,closed,4,0,2,0,0,d3,1.9320
2.312919e+04,"Ma(d2,d3)",2D,closed,0,-15,1,0,0,d3,1.9760
2.312919e+04,"Ma(d2,d3)",2D,closed,0,15,-1,0,0,d3,1.9760
2.316188e+04,"Ma(d2,d4)",2D,closed,0,-19,0,-1,0,d4,2.0000
2.316188e+04,"Ma(d2,d5)",2D,closed,0,-19,0,0,-1,d5,2.0000
2.316188e+04,"Ma(d2,d4)",2D,closed,0,-17,0,-17,0,d2,2.0000
2.316188e+04,"Ma(d2,d4)",2D,closed,0,-17,0,-17,0,d4,2.0000
2.316188e+04,"Ma(d2,d5)",2D,closed,0,-17,0,0,-17,d2,2.0000
2.316188e+04,"Ma(d2,d5)",2D,closed,0,-17,0,0,-17,d5,2.0000
2.316188e+04,Ma(d2),1D,closed,0,-17,0,0,0,,
2.316188e+04,"Ma(d2,d5)",2D,closed,0,-17,0,0,17,d2,2.0000
2.316188e+04,"Ma(d2,d4)",2D,closed,0,-17,0,17,0,d2,2.0000
2.316188e+04,"Ma(d2,d5)",2D,closed,0,-15,0,0,1,d5,2.0000
2.316188e+04,"Ma(d2,d4)",2D,closed,0,-15,0,1,0,d4,2.0000
2.316188e+04,"Ma(d2,d4)",2D,closed,0,15,0,-1,0,d4,2.0000
2.316188e+04,"Ma(d2,d5)",2D,closed,0,15,0,0,-1,d5,2.0000
2.316188e+04,"Ma(d2,d4)",2D,closed,0,17,0,-17,0,d2,2.0000
2.316188e+04,"Ma(d2,d5)",2D,closed,0,17,0,0,-17,d2,2.0000
2.316188e+04,Ma(d2),1D,closed,0,17,0,0,0,,
2.316188e+04,"Ma(d2,d5)",2D,closed,0,17,0,0,17,d2,2.0000
2.316188e+04,"Ma(d2,d5)",2D,closed,0,17,0,0,17,d5,2.0000
2.316188e+04,"Ma(d2,d4)",2D,closed,0,17,0,17,0,d2,2.0000
2.316188e+04,"Ma(d2,d4)",2D,closed,0,17,0,17,0,d4,2.0000
2.316188e+04,"Ma(d2,d5)",2D,closed,0,19,0,0,1,d5,2.0000
2.316188e+04,"Ma(d2,d4)",2D,closed,0,19,0,1,0,d4,2.0000
2.316216e+04,"Ma(d2,d3)",2D,closed,0,-17,-17,0,0,d2,1.9760
2.316216e+04,"Ma(d2,d3)",2D,closed,0,17,17,0,0,d2,1.9760
2.316448e+04,"Ma(d2,d3)",2D,closed,0,-17,17,0,0,d2,1.9760
2.316448e+04,"Ma(d2,d3)",2D,closed,0,17,-17,0,0,d2,1.9760
2.319458e+04,"Ma(d2,d3)",2D,closed,0,-19,-1,0,0,d3,1.9760
2.319458e+04,"Ma(d2,d3)",2D,closed,0,19,1,0,0,d3,1.9760
2.393608e+04,"Ma(d2,d3)",2D,closed,0,-18,-18,0,0,d3,1.9760
2.393608e+04,"Ma(d2,d3)",2D,closed,0,18,18,0,0,d3,1.9760
2.432819e+04,"Ma(d2,d3)",2D,closed,0,-6,6,0,0,d3,1.9760
2.432819e+04,"Ma(d2,d3)",2D,closed,0,6,-6,0,0,d3,1.9760
2.442626e+04,"Ma(d2,d3)",2D,closed,0,-12,3,0,0,d3,1.9760
2.442626e+04,"Ma(d2,d3)",2D,closed,0,12,-3,0,0,d3,1.9760
2.445895e+04,"Ma(d2,d3)",2D,closed,0,-14,2,0,0,d3,1.9760
2.445895e+04,"Ma(d2,d3)",2D,closed,0,14,-2,0,0,d3,1.9760
2.449165e+04,"Ma(d2,d3)",2D,closed,0,-16,1,0,0,d3,1.9760
2.449165e+04,"Ma(d2,d3)",2D,closed,0,16,-1,0,0,d3,1.9760
2.452435e+04,Ma(d2),1D,closed,0,-18,0,0,0,,
2.452435e+04,Ma(d2),1D,closed,0,18,0,0,0,,
2.452435e+04,"Ma(d2,d4)",2D,closed,0,-20,0,-1,0,d4,2.0000
2.452435e+04,"Ma(d2,d5)",2D,closed,0,-20,0,0,-1,d5,2.0000
2.452435e+04,"Ma(d2,d4)",2D,closed,0,-18,0,-18,0,d2,2.0000
2.452435e+04,"Ma(d2,d4)",2D,closed,0,-18,0,-18,0,d4,2.0000
2.452435e+04,"Ma(d2,d5)",2D,closed,0,-18,0,0,-18,d2,2.0000
2.452435e+04,"Ma(d2,d5)",2D,closed,0,-18,0,0,-18,d5,2.0000
2.452435e+04,"Ma(d2,d5)",2D,closed,0,-18,0,0,18,d2,2.0000
2.452435e+04,"Ma(d2,d4)",2D,closed,0,-18,0,18,0,d2,2.0000
2.452435e+04,"Ma(d2,d5)",2D,closed,0,-16,0,0,1,d5,2.0000
2.452435e+04,"Ma(d2,d4)",2D,closed,0,-16,0,1,0,d4,2.0000
2.452435e+04,"Ma(d2,d5)",2D,closed,0,-14,0,0,2,d5,2.0000
2.452435e+04,"Ma(d2,d4)",2D,closed,0,-14,0,2,0,d4,2.0000
2.452435e+04,"Ma(d2,d5)",2D,closed,0,-12,0,0,3,d5,2.0000
2.452435e+04,"Ma(d2,d4)",2D,closed,0,-12,0,3,0,d4,2.0000
2.452435e+04,"Ma(d2,d5)",2D,closed,0,-6,0,0,6,d5,2.0000
2.452435e+04,"Ma(d2,d4)",2D,closed,0,-6,0,6,0,d4,2.0000
2.452435e+04,"Ma(d2,d4)",2D,closed,0,6,0,-6,0,d4,2.0000
2.452435e+04,"Ma(d2,d5)",2D,closed,0,6,0,0,-6,d5,2.0000
2.452435e+04,"Ma(d2,d4)",2D,closed,0,12,0,-3,0,d4,2.0000
2.452435e+04,"Ma(d2,d5)",2D,closed,0,12,0,0,-3,d5,2.0000
2.452435e+04,"Ma(d2,d4)",2D,closed,0,14,0,-2,0,d4,2.0000
2.452435e+04,"Ma(d2,d5)",2D,closed,0,14,0,0,-2,d5,2.0000
2.452435e+04,"Ma(d2,d4)",2D,closed,0,16,0,-1,0,d4,2.0000
2.452435e+04,"Ma(d2,d5)",2D,closed,0,16,0,0,-1,d5,2.0000
2.452435e+04,"Ma(d2,d4)",2D,closed,0,18,0,-18,0,d2,2.0000
2.452435e+04,"Ma(d2,d5)",2D,closed,0,18,0,0,-18,d2,2.0000
2.452435e+04,"Ma(d2,d5)",2D,closed,0,18,0,0,18,d2,2.0000
2.452435e+04,"Ma(d2,d5)",2D,closed,0,18,0,0,18,d5,2.0000
2.452435e+04,"Ma(d2,d4)",2D,closed,0,18,0,18,0,d2,2.0000
2.452435e+04,"Ma(d2,d4)",2D,closed,0,18,0,18,0,d4,2.0000
2.452435e+04,"Ma(d2,d5)",2D,closed,0,20,0,0,1,d5,2.0000
2.452435e+04,"Ma(d2,d4)",2D,closed,0,20,0,1,0,d4,2.0000
2.452464e+04,"Ma(d2,d3)",2D,closed,0,-18,-18,0,0,d2,1.9760
2.452464e+04,"Ma(d2,d3)",2D,closed,0,18,18,0,0,d2,1.9760
2.452709e+04,"Ma(d2,d3)",2D,closed,0,-18,18,0,0,d2,1.9760
2.452709e+04,"Ma(d2,d3)",2D,closed,0,18,-18,0,0,d2,1.9760
2.455705e+04,"Ma(d2,d3)",2D,closed,0,-20,-1,0,0,d3,1.9760
2.455705e+04,"Ma(d2,d3)",2D,closed,0,20,1,0,0,d3,1.9760
2.526586e+04,"Ma(d2,d3)",2D,closed,0,-19,-19,0,0,d3,1.9760
2.526586e+04,"Ma(d2,d3)",2D,closed,0,19,19,0,0,d3,1.9760
2.585411e+04,"Ma(d2,d3)",2D,closed,0,-17,1,0,0,d3,1.9760
2.585411e+04,"Ma(d2,d3)",2D,closed,0,17,-1,0,0,d3,1.9760
2.588681e+04,"Ma(d2,d4)",2D,closed,0,-19,0,-19,0,d2,2.0000
2.588681e+04,"Ma(d2,d4)",2D,closed,0,-19,0,-19,0,d4,2.0000
2.588681e+04,"Ma(d2,d5)",2D,closed,0,-19,0,0,-19,d2,2.0000
2.588681e+04,"Ma(d2,d5)",2D,closed,0,-19,0,0,-19,d5,2.0000
2.588681e+04,Ma(d2),1D,closed,0,-19,0,0,0,,
2.588681e+04,"Ma(d2,d5)",2D,closed,0,-19,0,0,19,d2,2.0000
2.588681e+04,"Ma(d2,d4)",2D,closed,0,-19,0,19,0,d2,2.0000
2.588681e+04,"Ma(d2,d5)",2D,closed,0,-17,0,0,1,d5,2.0000
2.588681e+04,"Ma(d2,d4)",2D,closed,0,-17,0,1,0,d4,2.0000
2.588681e+04,"Ma(d2,d4)",2D,closed,0,17,0,-1,0,d4,2.0000
2.588681e+04,"Ma(d2,d5)",2D,closed,0,17,0,0,-1,d5,2.0000
2.588681e+04,"Ma(d2,d4)",2D,closed,0,19,0,-19,0,d2,2.0000
2.588681e+04,"Ma(d2,d5)",2D,closed,0,19,0,0,-19,d2,2.0000
2.588681e+04,Ma(d2),1D,closed,0,19,0,0,0,,
2.588681e+04,"Ma(d2,d5)",2D,closed,0,19,0,0,19,d2,2.0000
2.588681e+04,"Ma(d2,d5)",2D,closed,0,19,0,0,19,d5,2.0000
2.588681e+04,"Ma(d2,d4)",2D,closed,0,19,0,19,0,d2,2.0000
2.588681e+04,"Ma(d2,d4)",2D,closed,0,19,0,19,0,d4,2.0000
2.588712e+04,"Ma(d2,d3)",2D,closed,0,-19,-19,0,0,d2,1.9760
2.588712e+04,"Ma(d2,d3)",2D,closed,0,19,19,0,0,d2,1.9760
2.588971e+04,"Ma(d2,d3)",2D,closed,0,-19,19,0,0,d2,1.9760
2.588971e+04,"Ma(d2,d3)",2D,closed,0,19,-19,0,0,d2,1.9760
2.659564e+04,"Ma(d2,d3)",2D,closed,0,-20,-20,0,0,d3,1.9760
2.659564e+04,"Ma(d2,d3)",2D,closed,0,20,20,0,0,d3,1.9760
2.708580e+04,"Ma(d2,d3)",2D,closed,0,-10,5,0,0,d3,1.9760
2.708580e+04,"Ma(d2,d3)",2D,closed,0,10,-5,0,0,d3,1.9760
2.711849e+04,"Ma(d2,d3)",2D,closed,0,-12,4,0,0,d3,1.9760
2.711849e+04,"Ma(d2,d3)",2D,closed,0,12,-4,0,0,d3,1.9760
2.718388e+04,"Ma(d2,d3)",2D,closed,0,-16,2,0,0,d3,1.9760
2.718388e+04,"Ma(d2,d3)",2D,closed,0,16,-2,0,0,d3,1.9760
2.721658e+04,"Ma(d2,d3)",2D,closed,0,-18,1,0,0,d3,1.9760
2.721658e+04,"Ma(d2,d3)",2D,closed,0,18,-1,0,0,d3,1.9760
2.724927e+04,"Ma(d2,d4)",2D,closed,0,-20,0,-20,0,d2,2.0000
2.724927e+04,"Ma(d2,d4)",2D,closed,0,-20,0,-20,0,d4,2.0000
2.724927e+04,"Ma(d2,d5)",2D,closed,0,-20,0,0,-20,d2,2.0000
2.724927e+04,"Ma(d2,d5)",2D,closed,0,-20,0,0,-20,d5,2.0000
2.724927e+04,Ma(d2),1D,closed,0,-20,0,0,0,,
2.724927e+04,"Ma(d2,d5)",2D,closed,0,-20,0,0,20,d2,2.0000
2.724927e+04,"Ma(d2,d4)",2D,closed,0,-20,0,20,0,d2,2.0000
2.724927e+04,"Ma(d2,d5)",2D,closed,0,-18,0,0,1,d5,2.0000
2.724927e+04,"Ma(d2,d4)",2D,closed,0,-18,0,1,0,d4,2.0000
2.724927e+04,"Ma(d2,d5)",2D,closed,0,-16,0,0,2,d5,2.0000
2.724927e+04,"Ma(d2,d4)",2D,closed,0,-16,0,2,0,d4,2.0000
2.724927e+04,"Ma(d2,d5)",2D,closed,0,-12,0,0,4,d5,2.0000
2.724927e+04,"Ma(d2,d4)",2D,closed,0,-12,0,4,0,d4,2.0000
2.724927e+04,"Ma(d2,d5)",2D,closed,0,-10,0,0,5,d5,2.0000
2.724927e+04,"Ma(d2,d4)",2D,closed,0,-10,0,5,0,d4,2.0000
2.724927e+04,"Ma(d2,d4)",2D,closed,0,10,0,-5,0,d4,2.0000
2.724927e+04,"Ma(d2,d5)",2D,closed,0,10,0,0,-5,d5,2.0000
2.724927e+04,"Ma(d2,d4)",2D,closed,0,12,0,-4,0,d4,2.0000
2.724927e+04,"Ma(d2,d5)",2D,closed,0,12,0,0,-4,d5,2.0000
2.724927e+04,"Ma(d2,d4)",2D,closed,0,16,0,-2,0,d4,2.0000
2.724927e+04,"Ma(d2,d5)",2D,closed,0,16,0,0,-2,d5,2.0000
2.724927e+04,"Ma(d2,d4)",2D,closed,0,18,0,-1,0,d4,2.0000
2.724927e+04,"Ma(d2,d5)",2D,closed,0,18,0,0,-1,d5,2.0000
2.724927e+04,"Ma(d2,d4)",2D,closed,0,20,0,-20,0,d2,2.0000
2.724927e+04,"Ma(d2,d5)",2D,closed,0,20,0,0,-20,d2,2.0000
2.724927e+04,Ma(d2),1D,closed,0,20,0,0,0,,
2.724927e+04,"Ma(d2,d5)",2D,closed,0,20,0,0,20,d2,2.0000
2.724927e+04,"Ma(d2,d5)",2D,closed,0,20,0,0,20,d5,2.0000
2.724927e+04,"Ma(d2,d4)",2D,closed,0,20,0,20,0,d2,2.0000
2.724927e+04,"Ma(d2,d4)",2D,closed,0,20,0,20,0,d4,2.0000
2.724960e+04,"Ma(d2,d3)",2D,closed,0,-20,-20,0,0,d2,1.9760
2.724960e+04,"Ma(d2,d3)",2D,closed,0,20,20,0,0,d2,1.9760
2.725232e+04,"Ma(d2,d3)",2D,closed,0,-20,20,0,0,d2,1.9760
2.725232e+04,"Ma(d2,d3)",2D,closed,0,20,-20,0,0,d2,1.9760
2.838288e+04,"Ma(d2,d3)",2D,closed,0,-7,7,0,0,d3,1.9760
2.838288e+04,"Ma(d2,d3)",2D,closed,0,7,-7,0,0,d3,1.9760
2.851365e+04,"Ma(d2,d3)",2D,closed,0,-15,3,0,0,d3,1.9760
2.851365e+04,"Ma(d2,d3)",2D,closed,0,15,-3,0,0,d3,1.9760
2.857904e+04,"Ma(d2,d3)",2D,closed,0,-19,1,0,0,d3,1.9760
2.857904e+04,"Ma(d2,d3)",2D,closed,0,19,-1,0,0,d3,1.9760
2.861174e+04,"Ma(d2,d5)",2D,closed,0,-19,0,0,1,d5,2.0000
2.861174e+04,"Ma(d2,d4)",2D,closed,0,-19,0,1,0,d4,2.0000
2.861174e+04,"Ma(d2,d5)",2D,closed,0,-15,0,0,3,d5,2.0000
2.861174e+04,"Ma(d2,d4)",2D,closed,0,-15,0,3,0,d4,2.0000
2.861174e+04,"Ma(d2,d5)",2D,closed,0,-7,0,0,7,d5,2.0000
2.861174e+04,"Ma(d2,d4)",2D,closed,0,-7,0,7,0,d4,2.0000
2.861174e+04,"Ma(d2,d4)",2D,closed,0,7,0,-7,0,d4,2.0000
2.861174e+04,"Ma(d2,d5)",2D,closed,0,7,0,0,-7,d5,2.0000
2.861174e+04,"Ma(d2,d4)",2D,closed,0,15,0,-3,0,d4,2.0000
2.861174e+04,"Ma(d2,d5)",2D,closed,0,15,0,0,-3,d5,2.0000
2.861174e+04,"Ma(d2,d4)",2D,closed,0,19,0,-1,0,d4,2.0000
2.861174e+04,"Ma(d2,d5)",2D,closed,0,19,0,0,-1,d5,2.0000
2.990881e+04,"Ma(d2,d3)",2D,closed,0,-18,2,0,0,d3,1.9760
2.990881e+04,"Ma(d2,d3)",2D,closed,0,18,-2,0,0,d3,1.9760
2.994150e+04,"Ma(d2,d3)",2D,closed,0,-20,1,0,0,d3,1.9760
2.994150e+04,"Ma(d2,d3)",2D,closed,0,20,-1,0,0,d3,1.9760
2.997420e+04,"Ma(d2,d5)",2D,closed,0,-20,0,0,1,d5,2.0000
2.997420e+04,"Ma(d2,d4)",2D,closed,0,-20,0,1,0,d4,2.0000
2.997420e+04,"Ma(d2,d5)",2D,closed,0,-18,0,0,2,d5,2.0000
2.997420e+04,"Ma(d2,d4)",2D,closed,0,-18,0,2,0,d4,2.0000
2.997420e+04,"Ma(d2,d4)",2D,closed,0,18,0,-2,0,d4,2.0000
2.997420e+04,"Ma(d2,d5)",2D,closed,0,18,0,0,-2,d5,2.0000
2.997420e+04,"Ma(d2,d4)",2D,closed,0,20,0,-1,0,d4,2.0000
2.997420e+04,"Ma(d2,d5)",2D,closed,0,20,0,0,-1,d5,2.0000
3.243758e+04,"Ma(d2,d3)",2D,closed,0,-8,8,0,0,d3,1.9760
3.243758e+04,"Ma(d2,d3)",2D,closed,0,8,-8,0,0,d3,1.9760
3.250296e+04,"Ma(d2,d3)",2D,closed,0,-12,6,0,0,d3,1.9760
3.250296e+04,"Ma(d2,d3)",2D,closed,0,12,-6,0,0,d3,1.9760
3.256834e+04,"Ma(d2,d3)",2D,closed,0,-16,4,0,0,d3,1.9760
3.256834e+04,"Ma(d2,d3)",2D,closed,0,16,-4,0,0,d3,1.9760
3.260104e+04,"Ma(d2,d3)",2D,closed,0,-18,3,0,0,d3,1.9760
3.260104e+04,"Ma(d2,d3)",2D,closed,0,18,-3,0,0,d3,1.9760
3.263373e+04,"Ma(d2,d3)",2D,closed,0,-20,2,0,0,d3,1.9760
3.263373e+04,"Ma(d2,d3)",2D,closed,0,20,-2,0,0,d3,1.9760
3.269913e+04,"Ma(d2,d5)",2D,closed,0,-20,0,0,2,d5,2.0000
3.269913e+04,"Ma(d2,d4)",2D,closed,0,-20,0,2,0,d4,2.0000
3.269913e+04,"Ma(d2,d5)",2D,closed,0,-18,0,0,3,d5,2.0000
3.269913e+04,"Ma(d2,d4)",2D,closed,0,-18,0,3,0,d4,2.0000
3.269913e+04,"Ma(d2,d5)",2D,closed,0,-16,0,0,4,d5,2.0000
3.269913e+04,"Ma(d2,d4)",2D,closed,0,-16,0,4,0,d4,2.0000
3.269913e+04,"Ma(d2,d5)",2D,closed,0,-12,0,0,6,d5,2.0000
3.269913e+04,"Ma(d2,d4)",2D,closed,0,-12,0,6,0,d4,2.0000
3.269913e+04,"Ma(d2,d5)",2D,closed,0,-8,0,0,8,d5,2.0000
3.269913e+04,"Ma(d2,d4)",2D,closed,0,-8,0,8,0,d4,2.0000
3.269913e+04,"Ma(d2,d4)",2D,closed,0,8,0,-8,0,d4,2.0000
3.269913e+04,"Ma(d2,d5)",2D,closed,0,8,0,0,-8,d5,2.0000
3.269913e+04,"Ma(d2,d4)",2D,closed,0,12,0,-6,0,d4,2.0000
3.269913e+04,"Ma(d2,d5)",2D,closed,0,12,0,0,-6,d5,2.0000
3.269913e+04,"Ma(d2,d4)",2D,closed,0,16,0,-4,0,d4,2.0000
3.269913e+04,"Ma(d2,d5)",2D,closed,0,16,0,0,-4,d5,2.0000
3.269913e+04,"Ma(d2,d4)",2D,closed,0,18,0,-3,0,d4,2.0000
3.269913e+04,"Ma(d2,d5)",2D,closed,0,18,0,0,-3,d5,2.0000
3.269913e+04,"Ma(d2,d4)",2D,closed,0,20,0,-2,0,d4,2.0000
3.269913e+04,"Ma(d2,d5)",2D,closed,0,20,0,0,-2,d5,2.0000
3.389811e+04,"Ma(d2,d3)",2D,closed,0,-15,5,0,0,d3,1.9760
3.389811e+04,"Ma(d2,d3)",2D,closed,0,15,-5,0,0,d3,1.9760
3.406159e+04,"Ma(d2,d5)",2D,closed,0,-15,0,0,5,d5,2.0000
3.406159e+04,"Ma(d2,d4)",2D,closed,0,-15,0,5,0,d4,2.0000
3.406159e+04,"Ma(d2,d4)",2D,closed,0,15,0,-5,0,d4,2.0000
3.406159e+04,"Ma(d2,d5)",2D,closed,0,15,0,0,-5,d5,2.0000
3.464765e+04,"Ma(d1,d3)",2D,closed,-6,0,-3,0,0,d3,1.9320
3.464765e+04,"Ma(d1,d3)",2D,closed,6,0,3,0,0,d3,1.9320
3.649228e+04,"Ma(d2,d3)",2D,closed,0,-9,9,0,0,d3,1.9760
3.649228e+04,"Ma(d2,d3)",2D,closed,0,9,-9,0,0,d3,1.9760
3.678652e+04,"Ma(d2,d5)",2D,closed,0,-9,0,0,9,d5,2.0000
3.678652e+04,"Ma(d2,d4)",2D,closed,0,-9,0,9,0,d4,2.0000
3.678652e+04,"Ma(d2,d4)",2D,closed,0,9,0,-9,0,d4,2.0000
3.678652e+04,"Ma(d2,d5)",2D,closed,0,9,0,0,-9,d5,2.0000
3.792012e+04,"Ma(d2,d3)",2D,closed,0,-14,7,0,0,d3,1.9760
3.792012e+04,"Ma(d2,d3)",2D,closed,0,14,-7,0,0,d3,1.9760
3.801820e+04,"Ma(d2,d3)",2D,closed,0,-20,4,0,0,d3,1.9760
3.801820e+04,"Ma(d2,d3)",2D,closed,0,20,-4,0,0,d3,1.9760
3.814898e+04,"Ma(d2,d5)",2D,closed,0,-20,0,0,4,d5,2.0000
3.814898e+04,"Ma(d2,d4)",2D,closed,0,-20,0,4,0,d4,2.0000
3.814898e+04,"Ma(d2,d5)",2D,closed,0,-14,0,0,7,d5,2.0000
3.814898e+04,"Ma(d2,d4)",2D,closed,0,-14,0,7,0,d4,2.0000
3.814898e+04,"Ma(d2,d4)",2D,closed,0,14,0,-7,0,d4,2.0000
3.814898e+04,"Ma(d2,d5)",2D,closed,0,14,0,0,-7,d5,2.0000
3.814898e+04,"Ma(d2,d4)",2D,closed,0,20,0,-4,0,d4,2.0000
3.814898e+04,"Ma(d2,d5)",2D,closed,0,20,0,0,-4,d5,2.0000
4.054698e+04,"Ma(d2,d3)",2D,closed,0,-10,10,0,0,d3,1.9760
4.054698e+04,"Ma(d2,d3)",2D,closed,0,10,-10,0,0,d3,1.9760
4.067774e+04,"Ma(d2,d3)",2D,closed,0,-18,6,0,0,d3,1.9760
4.067774e+04,"Ma(d2,d3)",2D,closed,0,18,-6,0,0,d3,1.9760
4.071043e+04,"Ma(d2,d3)",2D,closed,0,-20,5,0,0,d3,1.9760
4.071043e+04,"Ma(d2,d3)",2D,closed,0,20,-5,0,0,d3,1.9760
4.087391e+04,"Ma(d2,d5)",2D,closed,0,-20,0,0,5,d5,2.0000
4.087391e+04,"Ma(d2,d4)",2D,closed,0,-20,0,5,0,d4,2.0000
4.087391e+04,"Ma(d2,d5)",2D,closed,0,-18,0,0,6,d5,2.0000
4.087391e+04,"Ma(d2,d4)",2D,closed,0,-18,0,6,0,d4,2.0000
4.087391e+04,"Ma(d2,d5)",2D,closed,0,-10,0,0,10,d5,2.0000
4.087391e+04,"Ma(d2,d4)",2D,closed,0,-10,0,10,0,d4,2.0000
4.087391e+04,"Ma(d2,d4)",2D,closed,0,10,0,-10,0,d4,2.0000
4.087391e+04,"Ma(d2,d5)",2D,closed,0,10,0,0,-10,d5,2.0000
4.087391e+04,"Ma(d2,d4)",2D,closed,0,18,0,-6,0,d4,2.0000
4.087391e+04,"Ma(d2,d5)",2D,closed,0,18,0,0,-6,d5,2.0000
4.087391e+04,"Ma(d2,d4)",2D,closed,0,20,0,-5,0,d4,2.0000
4.087391e+04,"Ma(d2,d5)",2D,closed,0,20,0,0,-5,d5,2.0000
4.333728e+04,"Ma(d2,d3)",2D,closed,0,-16,8,0,0,d3,1.9760
4.333728e+04,"Ma(d2,d3)",2D,closed,0,16,-8,0,0,d3,1.9760
4.359884e+04,"Ma(d2,d5)",2D,closed,0,-16,0,0,8,d5,2.0000
4.359884e+04,"Ma(d2,d4)",2D,closed,0,-16,0,8,0,d4,2.0000
4.359884e+04,"Ma(d2,d4)",2D,closed,0,16,0,-8,0,d4,2.0000
4.359884e+04,"Ma(d2,d5)",2D,closed,0,16,0,0,-8,d5,2.0000
4.460168e+04,"Ma(d2,d3)",2D,closed,0,-11,11,0,0,d3,1.9760
4.460168e+04,"Ma(d2,d3)",2D,closed,0,11,-11,0,0,d3,1.9760
4.496130e+04,"Ma(d2,d5)",2D,closed,0,-11,0,0,11,d5,2.0000
4.496130e+04,"Ma(d2,d4)",2D,closed,0,-11,0,11,0,d4,2.0000
4.496130e+04,"Ma(d2,d4)",2D,closed,0,11,0,-11,0,d4,2.0000
4.496130e+04,"Ma(d2,d5)",2D,closed,0,11,0,0,-11,d5,2.0000
4.619686e+04,"Ma(d1,d3)",2D,closed,-8,0,-4,0,0,d3,1.9320
4.619686e+04,"Ma(d1,d3)",2D,closed,8,0,4,0,0,d3,1.9320
4.865637e+04,"Ma(d2,d3)",2D,closed,0,-12,12,0,0,d3,1.9760
4.865637e+04,"Ma(d2,d3)",2D,closed,0,12,-12,0,0,d3,1.9760
4.875444e+04,"Ma(d2,d3)",2D,closed,0,-18,9,0,0,d3,1.9760
4.875444e+04,"Ma(d2,d3)",2D,closed,0,18,-9,0,0,d3,1.9760
4.904869e+04,"Ma(d2,d5)",2D,closed,0,-18,0,0,9,d5,2.0000
4.904869e+04,"Ma(d2,d4)",2D,closed,0,-18,0,9,0,d4,2.0000
4.904869e+04,"Ma(d2,d5)",2D,closed,0,-12,0,0,12,d5,2.0000
4.904869e+04,"Ma(d2,d4)",2D,closed,0,-12,0,12,0,d4,2.0000
4.904869e+04,"Ma(d2,d4)",2D,closed,0,12,0,-12,0,d4,2.0000
4.904869e+04,"Ma(d2,d5)",2D,closed,0,12,0,0,-12,d5,2.0000
4.904869e+04,"Ma(d2,d4)",2D,closed,0,18,0,-9,0,d4,2.0000
4.904869e+04,"Ma(d2,d5)",2D,closed,0,18,0,0,-9,d5,2.0000
5.271107e+04,"Ma(d2,d3)",2D,closed,0,-13,13,0,0,d3,1.9760
5.271107e+04,"Ma(d2,d3)",2D,closed,0,13,-13,0,0,d3,1.9760
5.313609e+04,"Ma(d2,d5)",2D,closed,0,-13,0,0,13,d5,2.0000
5.313609e+04,"Ma(d2,d4)",2D,closed,0,-13,0,13,0,d4,2.0000
5.313609e+04,"Ma(d2,d4)",2D,closed,0,13,0,-13,0,d4,2.0000
5.313609e+04,"Ma(d2,d5)",2D,closed,0,13,0,0,-13,d5,2.0000
5.417160e+04,"Ma(d2,d3)",2D,closed,0,-20,10,0,0,d3,1.9760
5.417160e+04,"Ma(d2,d3)",2D,closed,0,20,-10,0,0,d3,1.9760
5.449855e+04,"Ma(d2,d5)",2D,closed,0,-20,0,0,10,d5,2.0000
5.449855e+04,"Ma(d2,d4)",2D,closed,0,-20,0,10,0,d4,2.0000
5.449855e+04,"Ma(d2,d4)",2D,closed,0,20,0,-10,0,d4,2.0000
5.449855e+04,"Ma(d2,d5)",2D,closed,0,20,0,0,-10,d5,2.0000
5.676577e+04,"Ma(d2,d3)",2D,closed,0,-14,14,0,0,d3,1.9760
5.676577e+04,"Ma(d2,d3)",2D,closed,0,14,-14,0,0,d3,1.9760
5.722348e+04,"Ma(d2,d5)",2D,closed,0,-14,0,0,14,d5,2.0000
5.722348e+04,"Ma(d2,d4)",2D,closed,0,-14,0,14,0,d4,2.0000
5.722348e+04,"Ma(d2,d4)",2D,closed,0,14,0,-14,0,d4,2.0000
5.722348e+04,"Ma(d2,d5)",2D,closed,0,14,0,0,-14,d5,2.0000
5.774608e+04,"Ma(d1,d3)",2D,closed,-10,0,-5,0,0,d3,1.9320
5.774608e+04,"Ma(d1,d3)",2D,closed,10,0,5,0,0,d3,1.9320
6.082047e+04,"Ma(d2,d3)",2D,closed,0,-15,15,0,0,d3,1.9760
6.082047e+04,"Ma(d2,d3)",2D,closed,0,15,-15,0,0,d3,1.9760
6.131087e+04,"Ma(d2,d5)",2D,closed,0,-15,0,0,15,d5,2.0000
6.131087e+04,"Ma(d2,d4)",2D,closed,0,-15,0,15,0,d4,2.0000
6.131087e+04,"Ma(d2,d4)",2D,closed,0,15,0,-15,0,d4,2.0000
6.131087e+04,"Ma(d2,d5)",2D,closed,0,15,0,0,-15,d5,2.0000
6.487517e+04,"Ma(d2,d3)",2D,closed,0,-16,16,0,0,d3,1.9760
6.487517e+04,"Ma(d2,d3)",2D,closed,0,16,-16,0,0,d3,1.9760
6.539826e+04,"Ma(d2,d5)",2D,closed,0,-16,0,0,16,d5,2.0000
6.539826e+04,"Ma(d2,d4)",2D,closed,0,-16,0,16,0,d4,2.0000
6.539826e+04,"Ma(d2,d4)",2D,closed,0,16,0,-16,0,d4,2.0000
6.539826e+04,"Ma(d2,d5)",2D,closed,0,16,0,0,-16,d5,2.0000
6.892986e+04,"Ma(d2,d3)",2D,closed,0,-17,17,0,0,d3,1.9760
6.892986e+04,"Ma(d2,d3)",2D,closed,0,17,-17,0,0,d3,1.9760
6.929529e+04,"Ma(d1,d3)",2D,closed,-12,0,-6,0,0,d3,1.9320
6.929529e+04,"Ma(d1,d3)",2D,closed,12,0,6,0,0,d3,1.9320
6.948565e+04,"Ma(d2,d5)",2D,closed,0,-17,0,0,17,d5,2.0000
6.948565e+04,"Ma(d2,d4)",2D,closed,0,-17,0,17,0,d4,2.0000
6.948565e+04,"Ma(d2,d4)",2D,closed,0,17,0,-17,0,d4,2.0000
6.948565e+04,"Ma(d2,d5)",2D,closed,0,17,0,0,-17,d5,2.0000
7.298456e+04,"Ma(d2,d3)",2D,closed,0,-18,18,0,0,d3,1.9760
7.298456e+04,"Ma(d2,d3)",2D,closed,0,18,-18,0,0,d3,1.9760
7.357304e+04,"Ma(d2,d5)",2D,closed,0,-18,0,0,18,d5,2.0000
7.357304e+04,"Ma(d2,d4)",2D,closed,0,-18,0,18,0,d4,2.0000
7.357304e+04,"Ma(d2,d4)",2D,closed,0,18,0,-18,0,d4,2.0000
7.357304e+04,"Ma(d2,d5)",2D,closed,0,18,0,0,-18,d5,2.0000
7.703926e+04,"Ma(d2,d3)",2D,closed,0,-19,19,0,0,d3,1.9760
7.703926e+04,"Ma(d2,d3)",2D,closed,0,19,-19,0,0,d3,1.9760
7.766043e+04,"Ma(d2,d5)",2D,closed,0,-19,0,0,19,d5,2.0000
7.766043e+04,"Ma(d2,d4)",2D,closed,0,-19,0,19,0,d4,2.0000
7.766043e+04,"Ma(d2,d4)",2D,closed,0,19,0,-19,0,d4,2.0000
7.766043e+04,"Ma(d2,d5)",2D,closed,0,19,0,0,-19,d5,2.0000
8.084451e+04,"Ma(d1,d3)",2D,closed,-14,0,-7,0,0,d3,1.9320
8.084451e+04,"Ma(d1,d3)",2D,closed,14,0,7,0,0,d3,1.9320
8.109396e+04,"Ma(d2,d3)",2D,closed,0,-20,20,0,0,d3,1.9760
8.109396e+04,"Ma(d2,d3)",2D,closed,0,20,-20,0,0,d3,1.9760
8.174782e+04,"Ma(d2,d5)",2D,closed,0,-20,0,0,20,d5,2.0000
8.174782e+04,"Ma(d2,d4)",2D,closed,0,-20,0,20,0,d4,2.0000
8.174782e+04,"Ma(d2,d4)",2D,closed,0,20,0,-20,0,d4,2.0000
8.174782e+04,"Ma(d2,d5)",2D,closed,0,20,0,0,-20,d5,2.0000
9.239372e+04,"Ma(d1,d3)",2D,closed,-16,0,-8,0,0,d3,1.9320
9.239372e+04,"Ma(d1,d3)",2D,closed,16,0,8,0,0,d3,1.9320
1.039429e+05,"Ma(d1,d3)",2D,closed,-18,0,-9,0,0,d3,1.9320
1.039429e+05,"Ma(d1,d3)",2D,closed,18,0,9,0,0,d3,1.9320
1.154922e+05,"Ma(d1,d3)",2D,closed,-20,0,-10,0,0,d3,1.9320
1.154922e+05,"Ma(d1,d3)",2D,closed,20,0,10,0,0,d3,1.9320
1.582922e+05,"Ma(d1,d3)",2D,closed,-1,0,-1,0,0,d3,1.9320
1.582922e+05,"Ma(d1,d3)",2D,closed,1,0,1,0,0,d3,1.9320
1.686919e+05,"Ma(d1,d2)",2D,closed,-1,-1,0,0,0,d2,1.9932
1.686919e+05,"Ma(d1,d2)",2D,closed,1,1,0,0,0,d2,1.9932
1.697734e+05,"Ma(d1,d4)",2D,closed,-1,0,0,-1,0,d4,1.9996
1.697734e+05,"Ma(d1,d4)",2D,closed,1,0,0,1,0,d4,1.9996
1.698414e+05,"Ma(d1,d5)",2D,closed,-3,0,0,0,-1,d5,2.0000
1.698414e+05,"Ma(d1,d4)",2D,closed,-1,0,0,-20,0,d1,1.9996
1.698414e+05,"Ma(d1,d4)",2D,closed,-1,0,0,-19,0,d1,1.9996
1.698414e+05,"Ma(d1,d4)",2D,closed,-1,0,0,-18,0,d1,1.9996
1.698414e+05,"Ma(d1,d4)",2D,closed,-1,0,0,-17,0,d1,1.9996
1.698414e+05,"Ma(d1,d4)",2D,closed,-1,0,0,-16,0,d1,1.9996
1.698414e+05,"Ma(d1,d4)",2D,closed,-1,0,0,-15,0,d1,1.9996
1.698414e+05,"Ma(d1,d4)",2D,closed,-1,0,0,-14,0,d1,1.9996
1.698414e+05,"Ma(d1,d4)",2D,closed,-1,0,0,-13,0,d1,1.9996
1.698414e+05,"Ma(d1,d4)",2D,closed,-1,0,0,-12,0,d1,1.9996
1.698414e+05,"Ma(d1,d4)",2D,closed,-1,0,0,-11,0,d1,1.9996
1.698414e+05,"Ma(d1,d4)",2D,closed,-1,0,0,-10,0,d1,1.9996
1.698414e+05,"Ma(d1,d4)",2D,closed,-1,0,0,-9,0,d1,1.9996
1.698414e+05,"Ma(d1,d4)",2D,closed,-1,0,0,-8,0,d1,1.9996
1.698414e+05,"Ma(d1,d4)",2D,closed,-1,0,0,-7,0,d1,1.9996
1.698414e+05,"Ma(d1,d4)",2D,closed,-1,0,0,-6,0,d1,1.9996
1.698414e+05,"Ma(d1,d4)",2D,closed,-1,0,0,-5,0,d1,1.9996
1.698414e+05,"Ma(d1,d4)",2D,closed,-1,0,0,-4,0,d1,1.9996
1.698414e+05,"Ma(d1,d4)",2D,closed,-1,0,0,-3,0,d1,1.9996
1.698414e+05,"Ma(d1,d4)",2D,closed,-1,0,0,-2,0,d1,1.9996
1.698414e+05,"Ma(d1,d4)",2D,closed,-1,0,0,-1,0,d1,1.9996
1.698414e+05,"Ma(d1,d5)",2D,closed,-1,0,0,0,-20,d1,2.0000
1.698414e+05,"Ma(d1,d5)",2D,closed,-1,0,0,0,-19,d1,2.0000
1.698414e+05,"Ma(d1,d5)",2D,closed,-1,0,0,0,-18,d1,2.0000
1.698414e+05,"Ma(d1,d5)",2D,closed,-1,0,0,0,-17,d1,2.0000
1.698414e+05,"Ma(d1,d5)",2D,closed,-1,0,0,0,-16,d1,2.0000
1.698414e+05,"Ma(d1,d5)",2D,closed,-1,0,0,0,-15,d1,2.0000
1.698414e+05,"Ma(d1,d5)",2D,closed,-1,0,0,0,-14,d1,2.0000
1.698414e+05,"Ma(d1,d5)",2D,closed,-1,0,0,0,-13,d1,2.0000
1.698414e+05,"Ma(d1,d5)",2D,closed,-1,0,0,0,-12,d1,2.0000
1.698414e+05,"Ma(d1,d5)",2D,closed,-1,0,0,0,-11,d1,2.0000
1.698414e+05,"Ma(d1,d5)",2D,closed,-1,0,0,0,-10,d1,2.0000
1.698414e+05,"Ma(d1,d5)",2D,closed,-1,0,0,0,-9,d1,2.0000
1.698414e+05,"Ma(d1,d5)",2D,closed,-1,0,0,0,-8,d1,2.0000
1.698414e+05,"Ma(d1,d5)",2D,closed,-1,0,0,0,-7,d1,2.0000
1.698414e+05,"Ma(d1,d5)",2D,closed,-1,0,0,0,-6,d1,2.0000
1.698414e+05,"Ma(d1,d5)",2D,closed,-1,0,0,0,-5,d1,2.0000
1.698414e+05,"Ma(d1,d5)",2D,closed,-1,0,0,0,-4,d1,2.0000
1.698414e+05,"Ma(d1,d5)",2D,closed,-1,0,0,0,-3,d1,2.0000
1.698414e+05,"Ma(d1,d5)",2D,closed,-1,0,0,0,-2,d1,2.0000
1.698414e+05,"Ma(d1,d5)",2D,closed,-1,0,0,0,-1,d1,2.0000
1.698414e+05,"Ma(d1,d5)",2D,closed,-1,0,0,0,-1,d5,2.0000
1.698414e+05,Ma(d1),1D,closed,-1,0,0,0,0,,
1.698414e+05,"Ma(d1,d5)",2D,closed,-1,0,0,0,1,d1,2.0000
1.698414e+05,"Ma(d1,d5)",2D,closed,-1,0,0,0,2,d1,2.0000
1.698414e+05,"Ma(d1,d5)",2D,closed,-1,0,0,0,3,d1,2.0000
1.698414e+05,"Ma(d1,d5)",2D,closed,-1,0,0,0,4,d1,2.0000
1.698414e+05,"Ma(d1,d5)",2D,closed,-1,0,0,0,5,d1,2.0000
1.698414e+05,"Ma(d1,d5)",2D,closed,-1,0,0,0,6,d1,2.0000
1.698414e+05,"Ma(d1,d5)",2D,closed,-1,0,0,0,7,d1,2.0000
1.698414e+05,"Ma(d1,d5)",2D,closed,-1,0,0,0,8,d1,2.0000
1.698414e+05,"Ma(d1,d5)",2D,closed,-1,0,0,0,9,d1,2.0000
1.698414e+05,"Ma(d1,d5)",2D,closed,-1,0,0,0,10,d1,2.0000
1.698414e+05,"Ma(d1,d5)",2D,closed,-1,0,0,0,11,d1,2.0000
1.698414e+05,"Ma(d1,d5)",2D,closed,-1,0,0,0,12,d1,2.0000
1.698414e+05,"Ma(d1,d5)",2D,closed,-1,0,0,0,13,d1,2.0000
1.698414e+05,"Ma(d1,d5)",2D,closed,-1,0,0,0,14,d1,2.0000
1.698414e+05,"Ma(d1,d5)",2D,closed,-1,0,0,0,15,d1,2.0000
1.698414e+05,"Ma(d1,d5)",2D,closed,-1,0,0,0,16,d1,2.0000
1.698414e+05,"Ma(d1,d5)",2D,closed,-1,0,0,0,17,d1,2.0000
1.698414e+05,"Ma(d1,d5)",2D,closed,-1,0,0,0,18,d1,2.0000
1.698414e+05,"Ma(d1,d5)",2D,closed,-1,0,0,0,19,d1,2.0000
1.698414e+05,"Ma(d1,d5)",2D,closed,-1,0,0,0,20,d1,2.0000
1.698414e+05,"Ma(d1,d4)",2D,closed,-1,0,0,1,0,d1,1.9996
1.698414e+05,"Ma(d1,d4)",2D,closed,-1,0,0,2,0,d1,1.9996
1.698414e+05,"Ma(d1,d4)",2D,closed,-1,0,0,3,0,d1,1.9996
1.698414e+05,"Ma(d1,d4)",2D,closed,-1,0,0,4,0,d1,1.9996
1.698414e+05,"Ma(d1,d4)",2D,closed,-1,0,0,5,0,d1,1.9996
1.698414e+05,"Ma(d1,d4)",2D,closed,-1,0,0,6,0,d1,1.9996
1.698414e+05,"Ma(d1,d4)",2D,closed,-1,0,0,7,0,d1,1.9996
1.698414e+05,"Ma(d1,d4)",2D,closed,-1,0,0,8,0,d1,1.9996
1.698414e+05,"Ma(d1,d4)",2D,closed,-1,0,0,9,0,d1,1.9996
1.698414e+05,"Ma(d1,d4)",2D,closed,-1,0,0,10,0,d1,1.9996
1.698414e+05,"Ma(d1,d4)",2D,closed,-1,0,0,11,0,d1,1.9996
1.698414e+05,"Ma(d1,d4)",2D,closed,-1,0,0,12,0,d1,1.9996
1.698414e+05,"Ma(d1,d4)",2D,closed,-1,0,0,13,0,d1,1.9996
1.698414e+05,"Ma(d1,d4)",2D,closed,-1,0,0,14,0,d1,1.9996
1.698414e+05,"Ma(d1,d4)",2D,closed,-1,0,0,15,0,d1,1.9996
1.698414e+05,"Ma(d1,d4)",2D,closed,-1,0,0,16,0,d1,1.9996
1.698414e+05,"Ma(d1,d4)",2D,closed,-1,0,0,17,0,d1,1.9996
1.698414e+05,"Ma(d1,d4)",2D,closed,-1,0,0,18,0,d1,1.9996
1.698414e+05,"Ma(d1,d4)",2D,closed,-1,0,0,19,0,d1,1.9996
1.698414e+05,"Ma(d1,d4)",2D,closed,-1,0,0,20,0,d1,1.9996
1.698414e+05,"Ma(d1,d4)",2D,closed,1,0,0,-20,0,d1,1.9996
1.698414e+05,"Ma(d1,d4)",2D,closed,1,0,0,-19,0,d1,1.9996
1.698414e+05,"Ma(d1,d4)",2D,closed,1,0,0,-18,0,d1,1.9996
1.698414e+05,"Ma(d1,d4)",2D,closed,1,0,0,-17,0,d1,1.9996
1.698414e+05,"Ma(d1,d4)",2D,closed,1,0,0,-16,0,d1,1.9996
1.698414e+05,"Ma(d1,d4)",2D,closed,1,0,0,-15,0,d1,1.9996
1.698414e+05,"Ma(d1,d4)",2D,closed,1,0,0,-14,0,d1,1.9996
1.698414e+05,"Ma(d1,d4)",2D,closed,1,0,0,-13,0,d1,1.9996
1.698414e+05,"Ma(d1,d4)",2D,closed,1,0,0,-12,0,d1,1.9996
1.698414e+05,"Ma(d1,d4)",2D,closed,1,0,0,-11,0,d1,1.9996
1.698414e+05,"Ma(d1,d4)",2D,closed,1,0,0,-10,0,d1,1.9996
1.698414e+05,"Ma(d1,d4)",2D,closed,1,0,0,-9,0,d1,1.9996
1.698414e+05,"Ma(d1,d4)",2D,closed,1,0,0,-8,0,d1,1.9996
1.698414e+05,"Ma(d1,d4)",2D,closed,1,0,0,-7,0,d1,1.9996
1.698414e+05,"Ma(d1,d4)",2D,closed,1,0,0,-6,0,d1,1.9996
1.698414e+05,"Ma(d1,d4)",2D,closed,1,0,0,-5,0,d1,1.9996
1.698414e+05,"Ma(d1,d4)",2D,closed,1,0,0,-4,0,d1,1.9996
1.698414e+05,"Ma(d1,d4)",2D,closed,1,0,0,-3,0,d1,1.9996
1.698414e+05,"Ma(d1,d4)",2D,closed,1,0,0,-2,0,d1,1.9996
1.698414e+05,"Ma(d1,d4)",2D,closed,1,0,0,-1,0,d1,1.9996
1.698414e+05,"Ma(d1,d5)",2D,closed,1,0,0,0,-20,d1,2.0000
1.698414e+05,"Ma(d1,d5)",2D,closed,1,0,0,0,-19,d1,2.0000
1.698414e+05,"Ma(d1,d5)",2D,closed,1,0,0,0,-18,d1,2.0000
1.698414e+05,"Ma(d1,d5)",2D,closed,1,0,0,0,-17,d1,2.0000
1.698414e+05,"Ma(d1,d5)",2D,closed,1,0,0,0,-16,d1,2.0000
1.698414e+05,"Ma(d1,d5)",2D,closed,1,0,0,0,-15,d1,2.0000
1.698414e+05,"Ma(d1,d5)",2D,closed,1,0,0,0,-14,d1,2.0000
1.698414e+05,"Ma(d1,d5)",2D,closed,1,0,0,0,-13,d1,2.0000
1.698414e+05,"Ma(d1,d5)",2D,closed,1,0,0,0,-12,d1,2.0000
1.698414e+05,"Ma(d1,d5)",2D,closed,1,0,0,0,-11,d1,2.0000
1.698414e+05,"Ma(d1,d5)",2D,closed,1,0,0,0,-10,d1,2.0000
1.698414e+05,"Ma(d1,d5)",2D,closed,1,0,0,0,-9,d1,2.0000
1.698414e+05,"Ma(d1,d5)",2D,closed,1,0,0,0,-8,d1,2.0000
1.698414e+05,"Ma(d1,d5)",2D,closed,1,0,0,0,-7,d1,2.0000
1.698414e+05,"Ma(d1,d5)",2D,closed,1,0,0,0,-6,d1,2.0000
1.698414e+05,"Ma(d1,d5)",2D,closed,1,0,0,0,-5,d1,2.0000
1.698414e+05,"Ma(d1,d5)",2D,closed,1,0,0,0,-4,d1,2.0000
1.698414e+05,"Ma(d1,d5)",2D,closed,1,0,0,0,-3,d1,2.0000
1.698414e+05,"Ma(d1,d5)",2D,closed,1,0,0,0,-2,d1,2.0000
1.698414e+05,"Ma(d1,d5)",2D,closed,1,0,0,0,-1,d1,2.0000
1.698414e+05,Ma(d1),1D,closed,1,0,0,0,0,,
1.698414e+05,"Ma(d1,d5)",2D,closed,1,0,0,0,1,d1,2.0000
1.698414e+05,"Ma(d1,d5)",2D,closed,1,0,0,0,1,d5,2.0000
1.698414e+05,"Ma(d1,d5)",2D,closed,1,0,0,0,2,d1,2.0000
1.698414e+05,"Ma(d1,d5)",2D,closed,1,0,0,0,3,d1,2.0000
1.698414e+05,"Ma(d1,d5)",2D,closed,1,0,0,0,4,d1,2.0000
1.698414e+05,"Ma(d1,d5)",2D,closed,1,0,0,0,5,d1,2.0000
1.698414e+05,"Ma(d1,d5)",2D,closed,1,0,0,0,6,d1,2.0000
1.698414e+05,"Ma(d1,d5)",2D,closed,1,0,0,0,7,d1,2.0000
1.698414e+05,"Ma(d1,d5)",2D,closed,1,0,0,0,8,d1,2.0000
1.698414e+05,"Ma(d1,d5)",2D,closed,1,0,0,0,9,d1,2.0000
1.698414e+05,"Ma(d1,d5)",2D,closed,1,0,0,0,10,d1,2.0000
1.698414e+05,"Ma(d1,d5)",2D,closed,1,0,0,0,11,d1,2.0000
1.698414e+05,"Ma(d1,d5)",2D,closed,1,0,0,0,12,d1,2.0000
1.698414e+05,"Ma(d1,d5)",2D,closed,1,0,0,0,13,d1,2.0000
1.698414e+05,"Ma(d1,d5)",2D,closed,1,0,0,0,14,d1,2.0000
1.698414e+05,"Ma(d1,d5)",2D,closed,1,0,0,0,15,d1,2.0000
1.698414e+05,"Ma(d1,d5)",2D,closed,1,0,0,0,16,d1,2.0000
1.698414e+05,"Ma(d1,d5)",2D,closed,1,0,0,0,17,d1,2.0000
1.698414e+05,"Ma(d1,d5)",2D,closed,1,0,0,0,18,d1,2.0000
1.698414e+05,"Ma(d1,d5)",2D,closed,1,0,0,0,19,d1,2.0000
1.698414e+05,"Ma(d1,d5)",2D,closed,1,0,0,0,20,d1,2.0000
1.698414e+05,"Ma(d1,d4)",2D,closed,1,0,0,1,0,d1,1.9996
1.698414e+05,"Ma(d1,d4)",2D,closed,1,0,0,2,0,d1,1.9996
1.698414e+05,"Ma(d1,d4)",2D,closed,1,0,0,3,0,d1,1.9996
1.698414e+05,"Ma(d1,d4)",2D,closed,1,0,0,4,0,d1,1.9996
1.698414e+05,"Ma(d1,d4)",2D,closed,1,0,0,5,0,d1,1.9996
1.698414e+05,"Ma(d1,d4)",2D,closed,1,0,0,6,0,d1,1.9996
1.698414e+05,"Ma(d1,d4)",2D,closed,1,0,0,7,0,d1,1.9996
1.698414e+05,"Ma(d1,d4)",2D,closed,1,0,0,8,0,d1,1.9996
1.698414e+05,"Ma(d1,d4)",2D,closed,1,0,0,9,0,d1,1.9996
1.698414e+05,"Ma(d1,d4)",2D,closed,1,0,0,10,0,d1,1.9996
1.698414e+05,"Ma(d1,d4)",2D,closed,1,0,0,11,0,d1,1.9996
1.698414e+05,"Ma(d1,d4)",2D,closed,1,0,0,12,0,d1,1.9996
1.698414e+05,"Ma(d1,d4)",2D,closed,1,0,0,13,0,d1,1.9996
1.698414e+05,"Ma(d1,d4)",2D,closed,1,0,0,14,0,d1,1.9996
1.698414e+05,"Ma(d1,d4)",2D,closed,1,0,0,15,0,d1,1.9996
1.698414e+05,"Ma(d1,d4)",2D,closed,1,0,0,16,0,d1,1.9996
1.698414e+05,"Ma(d1,d4)",2D,closed,1,0,0,17,0,d1,1.9996
1.698414e+05,"Ma(d1,d4)",2D,closed,1,0,0,18,0,d1,1.9996
1.698414e+05,"Ma(d1,d4)",2D,closed,1,0,0,19,0,d1,1.9996
1.698414e+05,"Ma(d1,d4)",2D,closed,1,0,0,20,0,d1,1.9996
1.698414e+05,"Ma(d1,d5)",2D,closed,3,0,0,0,1,d5,2.0000
1.698414e+05,"Ma(d1,d3)",2D,closed,-1,0,-2,0,0,d1,1.9320
1.698414e+05,"Ma(d1,d3)",2D,closed,1,0,2,0,0,d1,1.9320
1.698414e+05,"Ma(d1,d3)",2D,closed,-1,0,-1,0,0,d1,1.9320
1.698414e+05,"Ma(d1,d3)",2D,closed,1,0,1,0,0,d1,1.9320
1.698414e+05,"Ma(d1,d3)",2D,closed,-1,0,-3,0,0,d1,1.9320
1.698414e+05,"Ma(d1,d3)",2D,closed,1,0,3,0,0,d1,1.9320
1.698414e+05,"Ma(d1,d2)",2D,closed,-1,-2,0,0,0,d1,1.9932
1.698414e+05,"Ma(d1,d2)",2D,closed,1,2,0,0,0,d1,1.9932
1.698414e+05,"Ma(d1,d3)",2D,closed,-1,0,-4,0,0,d1,1.9320
1.698414e+05,"Ma(d1,d3)",2D,closed,1,0,4,0,0,d1,1.9320
1.698414e+05,"Ma(d1,d3)",2D,closed,-1,0,1,0,0,d1,1.9320
1.698414e+05,"Ma(d1,d3)",2D,closed,1,0,-1,0,0,d1,1.9320
1.698414e+05,"Ma(d1,d3)",2D,closed,-1,0,-5,0,0,d1,1.9320
1.698414e+05,"Ma(d1,d3)",2D,closed,1,0,5,0,0,d1,1.9320
1.698414e+05,"Ma(d1,d3)",2D,closed,-1,0,2,0,0,d1,1.9320
1.698414e+05,"Ma(d1,d3)",2D,closed,1,0,-2,0,0,d1,1.9320
1.698414e+05,"Ma(d1,d3)",2D,closed,-1,0,-6,0,0,d1,1.9320
1.698414e+05,"Ma(d1,d3)",2D,closed,1,0,6,0,0,d1,1.9320
1.698414e+05,"Ma(d1,d3)",2D,closed,-1,0,3,0,0,d1,1.9320
1.698414e+05,"Ma(d1,d3)",2D,closed,1,0,-3,0,0,d1,1.9320
1.698414e+05,"Ma(d1,d3)",2D,closed,-1,0,-7,0,0,d1,1.9320
1.698414e+05,"Ma(d1,d3)",2D,closed,1,0,7,0,0,d1,1.9320
1.698414e+05,"Ma(d1,d3)",2D,closed,-1,0,4,0,0,d1,1.9320
1.698414e+05,"Ma(d1,d3)",2D,closed,1,0,-4,0,0,d1,1.9320
1.698414e+05,"Ma(d1,d3)",2D,closed,-1,0,-8,0,0,d1,1.9320
1.698414e+05,"Ma(d1,d3)",2D,closed,1,0,8,0,0,d1,1.9320
1.698414e+05,"Ma(d1,d3)",2D,closed,-1,0,5,0,0,d1,1.9320
1.698414e+05,"Ma(d1,d3)",2D,closed,1,0,-5,0,0,d1,1.9320
1.698414e+05,"Ma(d1,d3)",2D,closed,-1,0,-9,0,0,d1,1.9320
1.698414e+05,"Ma(d1,d3)",2D,closed,1,0,9,0,0,d1,1.9320
1.698414e+05,"Ma(d1,d3)",2D,closed,-1,0,6,0,0,d1,1.9320
1.698414e+05,"Ma(d1,d3)",2D,closed,1,0,-6,0,0,d1,1.9320
1.698414e+05,"Ma(d1,d3)",2D,closed,-1,0,-10,0,0,d1,1.9320
1.698414e+05,"Ma(d1,d3)",2D,closed,1,0,10,0,0,d1,1.9320
1.698414e+05,"Ma(d1,d3)",2D,closed,-1,0,7,0,0,d1,1.9320
1.698414e+05,"Ma(d1,d3)",2D,closed,1,0,-7,0,0,d1,1.9320
1.698414e+05,"Ma(d1,d3)",2D,closed,-1,0,-11,0,0,d1,1.9320
1.698414e+05,"Ma(d1,d3)",2D,closed,1,0,11,0,0,d1,1.9320
1.698414e+05,"Ma(d1,d3)",2D,closed,-1,0,8,0,0,d1,1.9320
1.698414e+05,"Ma(d1,d3)",2D,closed,1,0,-8,0,0,d1,1.9320
1.698414e+05,"Ma(d1,d3)",2D,closed,-1,0,-12,0,0,d1,1.9320
1.698414e+05,"Ma(d1,d3)",2D,closed,1,0,12,0,0,d1,1.9320
1.698414e+05,"Ma(d1,d3)",2D,closed,-1,0,9,0,0,d1,1.9320
1.698414e+05,"Ma(d1,d3)",2D,closed,1,0,-9,0,0,d1,1.9320
1.698414e+05,"Ma(d1,d3)",2D,closed,-1,0,-13,0,0,d1,1.9320
1.698414e+05,"Ma(d1,d3)",2D,closed,1,0,13,0,0,d1,1.9320
1.698414e+05,"Ma(d1,d3)",2D,closed,-1,0,10,0,0,d1,1.9320
1.698414e+05,"Ma(d1,d3)",2D,closed,1,0,-10,0,0,d1,1.9320
1.698414e+05,"Ma(d1,d3)",2D,closed,-1,0,-14,0,0,d1,1.9320
1.698414e+05,"Ma(d1,d3)",2D,closed,1,0,14,0,0,d1,1.9320
1.698414e+05,"Ma(d1,d3)",2D,closed,-1,0,11,0,0,d1,1.9320
1.698414e+05,"Ma(d1,d3)",2D,closed,1,0,-11,0,0,d1,1.9320
1.698414e+05,"Ma(d1,d3)",2D,closed,-1,0,-15,0,0,d1,1.9320
1.698414e+05,"Ma(d1,d3)",2D,closed,1,0,15,0,0,d1,1.9320
1.698414e+05,"Ma(d1,d3)",2D,closed,-1,0,12,0,0,d1,1.9320
1.698414e+05,"Ma(d1,d3)",2D,closed,1,0,-12,0,0,d1,1.9320
1.698414e+05,"Ma(d1,d3)",2D,closed,-1,0,-16,0,0,d1,1.9320
1.698414e+05,"Ma(d1,d3)",2D,closed,1,0,16,0,0,d1,1.9320
1.698414e+05,"Ma(d1,d3)",2D,closed,-1,0,13,0,0,d1,1.9320
1.698414e+05,"Ma(d1,d3)",2D,closed,1,0,-13,0,0,d1,1.9320
1.698414e+05,"Ma(d1,d3)",2D,closed,-1,0,-17,0,0,d1,1.9320
1.698414e+05,"Ma(d1,d3)",2D,closed,1,0,17,0,0,d1,1.9320
1.698414e+05,"Ma(d1,d3)",2D,closed,-1,0,14,0,0,d1,1.9320
1.698414e+05,"Ma(d1,d3)",2D,closed,1,0,-14,0,0,d1,1.9320
1.698414e+05,"Ma(d1,d3)",2D,closed,-1,0,-18,0,0,d1,1.9320
1.698414e+05,"Ma(d1,d3)",2D,closed,1,0,18,0,0,d1,1.9320
1.698414e+05,"Ma(d1,d3)",2D,closed,-1,0,15,0,0,d1,1.9320
1.698414e+05,"Ma(d1,d3)",2D,closed,1,0,-15,0,0,d1,1.9320
1.698414e+05,"Ma(d1,d3)",2D,closed,-1,0,-19,0,0,d1,1.9320
1.698414e+05,"Ma(d1,d3)",2D,closed,1,0,19,0,0,d1,1.9320
1.698414e+05,"Ma(d1,d3)",2D,closed,-1,0,16,0,0,d1,1.9320
1.698414e+05,"Ma(d1,d3)",2D,closed,1,0,-16,0,0,d1,1.9320
1.698414e+05,"Ma(d1,d3)",2D,closed,-1,0,-20,0,0,d1,1.9320
1.698414e+05,"Ma(d1,d3)",2D,closed,1,0,20,0,0,d1,1.9320
1.698414e+05,"Ma(d1,d3)",2D,closed,-1,0,17,0,0,d1,1.9320
1.698414e+05,"Ma(d1,d3)",2D,closed,1,0,-17,0,0,d1,1.9320
1.698414e+05,"Ma(d1,d3)",2D,closed,-1,0,18,0,0,d1,1.9320
1.698414e+05,"Ma(d1,d3)",2D,closed,1,0,-18,0,0,d1,1.9320
1.698414e+05,"Ma(d1,d3)",2D,closed,-1,0,19,0,0,d1,1.9320
1.698414e+05,"Ma(d1,d3)",2D,closed,1,0,-19,0,0,d1,1.9320
1.698414e+05,"Ma(d1,d3)",2D,closed,-1,0,20,0,0,d1,1.9320
1.698414e+05,"Ma(d1,d3)",2D,closed,1,0,-20,0,0,d1,1.9320
1.698468e+05,"Ma(d1,d2)",2D,closed,-1,-1,0,0,0,d1,1.9932
1.698468e+05,"Ma(d1,d2)",2D,closed,1,1,0,0,0,d1,1.9932
1.698469e+05,"Ma(d1,d2)",2D,closed,-1,-3,0,0,0,d1,1.9932
1.698469e+05,"Ma(d1,d2)",2D,closed,1,3,0,0,0,d1,1.9932
1.698634e+05,"Ma(d1,d2)",2D,closed,-1,-4,0,0,0,d1,1.9932
1.698634e+05,"Ma(d1,d2)",2D,closed,1,4,0,0,0,d1,1.9932
1.698903e+05,"Ma(d1,d2)",2D,closed,-1,1,0,0,0,d1,1.9932
1.698903e+05,"Ma(d1,d2)",2D,closed,1,-1,0,0,0,d1,1.9932
1.698908e+05,"Ma(d1,d2)",2D,closed,-1,-5,0,0,0,d1,1.9932
1.698908e+05,"Ma(d1,d2)",2D,closed,1,5,0,0,0,d1,1.9932
1.699093e+05,"Ma(d1,d4)",2D,closed,-3,0,0,-1,0,d4,1.9996
1.699093e+05,"Ma(d1,d4)",2D,closed,3,0,0,1,0,d4,1.9996
1.699285e+05,"Ma(d1,d2)",2D,closed,-1,2,0,0,0,d1,1.9932
1.699285e+05,"Ma(d1,d2)",2D,closed,1,-2,0,0,0,d1,1.9932
1.699291e+05,"Ma(d1,d2)",2D,closed,-1,-6,0,0,0,d1,1.9932
1.699291e+05,"Ma(d1,d2)",2D,closed,1,6,0,0,0,d1,1.9932
1.699776e+05,"Ma(d1,d2)",2D,closed,-1,3,0,0,0,d1,1.9932
1.699776e+05,"Ma(d1,d2)",2D,closed,1,-3,0,0,0,d1,1.9932
1.699783e+05,"Ma(d1,d2)",2D,closed,-1,-7,0,0,0,d1,1.9932
1.699783e+05,"Ma(d1,d2)",2D,closed,1,7,0,0,0,d1,1.9932
1.700375e+05,"Ma(d1,d2)",2D,closed,-1,4,0,0,0,d1,1.9932
1.700375e+05,"Ma(d1,d2)",2D,closed,1,-4,0,0,0,d1,1.9932
1.700384e+05,"Ma(d1,d2)",2D,closed,-1,-8,0,0,0,d1,1.9932
1.700384e+05,"Ma(d1,d2)",2D,closed,1,8,0,0,0,d1,1.9932
1.701084e+05,"Ma(d1,d2)",2D,closed,-1,5,0,0,0,d1,1.9932
1.701084e+05,"Ma(d1,d2)",2D,closed,1,-5,0,0,0,d1,1.9932
1.701095e+05,"Ma(d1,d2)",2D,closed,-1,-9,0,0,0,d1,1.9932
1.701095e+05,"Ma(d1,d2)",2D,closed,1,9,0,0,0,d1,1.9932
1.701902e+05,"Ma(d1,d2)",2D,closed,-1,6,0,0,0,d1,1.9932
1.701902e+05,"Ma(d1,d2)",2D,closed,1,-6,0,0,0,d1,1.9932
1.701914e+05,"Ma(d1,d2)",2D,closed,-1,-10,0,0,0,d1,1.9932
1.701914e+05,"Ma(d1,d2)",2D,closed,1,10,0,0,0,d1,1.9932
1.702828e+05,"Ma(d1,d2)",2D,closed,-1,7,0,0,0,d1,1.9932
1.702828e+05,"Ma(d1,d2)",2D,closed,1,-7,0,0,0,d1,1.9932
1.702841e+05,"Ma(d1,d2)",2D,closed,-1,-11,0,0,0,d1,1.9932
1.702841e+05,"Ma(d1,d2)",2D,closed,1,11,0,0,0,d1,1.9932
1.703862e+05,"Ma(d1,d2)",2D,closed,-1,8,0,0,0,d1,1.9932
1.703862e+05,"Ma(d1,d2)",2D,closed,1,-8,0,0,0,d1,1.9932
1.703877e+05,"Ma(d1,d2)",2D,closed,-1,-12,0,0,0,d1,1.9932
1.703877e+05,"Ma(d1,d2)",2D,closed,1,12,0,0,0,d1,1.9932
1.705005e+05,"Ma(d1,d2)",2D,closed,-1,9,0,0,0,d1,1.9932
1.705005e+05,"Ma(d1,d2)",2D,closed,1,-9,0,0,0,d1,1.9932
1.705021e+05,"Ma(d1,d2)",2D,closed,-1,-13,0,0,0,d1,1.9932
1.705021e+05,"Ma(d1,d2)",2D,closed,1,13,0,0,0,d1,1.9932
1.706256e+05,"Ma(d1,d2)",2D,closed,-1,10,0,0,0,d1,1.9932
1.706256e+05,"Ma(d1,d2)",2D,closed,1,-10,0,0,0,d1,1.9932
1.706274e+05,"Ma(d1,d2)",2D,closed,-1,-14,0,0,0,d1,1.9932
1.706274e+05,"Ma(d1,d2)",2D,closed,1,14,0,0,0,d1,1.9932
1.707615e+05,"Ma(d1,d2)",2D,closed,-1,11,0,0,0,d1,1.9932
1.707615e+05,"Ma(d1,d2)",2D,closed,1,-11,0,0,0,d1,1.9932
1.707634e+05,"Ma(d1,d2)",2D,closed,-1,-15,0,0,0,d1,1.9932
1.707634e+05,"Ma(d1,d2)",2D,closed,1,15,0,0,0,d1,1.9932
1.709081e+05,"Ma(d1,d2)",2D,closed,-1,12,0,0,0,d1,1.9932
1.709081e+05,"Ma(d1,d2)",2D,closed,1,-12,0,0,0,d1,1.9932
1.709102e+05,"Ma(d1,d2)",2D,closed,-1,-16,0,0,0,d1,1.9932
1.709102e+05,"Ma(d1,d2)",2D,closed,1,16,0,0,0,d1,1.9932
1.710017e+05,"Ma(d1,d2)",2D,closed,-3,-1,0,0,0,d2,1.9932
1.710017e+05,"Ma(d1,d2)",2D,closed,3,1,0,0,0,d2,1.9932
1.710654e+05,"Ma(d1,d2)",2D,closed,-1,13,0,0,0,d1,1.9932
1.710654e+05,"Ma(d1,d2)",2D,closed,1,-13,0,0,0,d1,1.9932
1.710676e+05,"Ma(d1,d2)",2D,closed,-1,-17,0,0,0,d1,1.9932
1.710676e+05,"Ma(d1,d2)",2D,closed,1,17,0,0,0,d1,1.9932
1.712335e+05,"Ma(d1,d2)",2D,closed,-1,14,0,0,0,d1,1.9932
1.712335e+05,"Ma(d1,d2)",2D,closed,1,-14,0,0,0,d1,1.9932
1.712358e+05,"Ma(d1,d2)",2D,closed,-1,-18,0,0,0,d1,1.9932
1.712358e+05,"Ma(d1,d2)",2D,closed,1,18,0,0,0,d1,1.9932
1.714122e+05,"Ma(d1,d2)",2D,closed,-1,15,0,0,0,d1,1.9932
1.714122e+05,"Ma(d1,d2)",2D,closed,1,-15,0,0,0,d1,1.9932
1.714147e+05,"Ma(d1,d2)",2D,closed,-1,-19,0,0,0,d1,1.9932
1.714147e+05,"Ma(d1,d2)",2D,closed,1,19,0,0,0,d1,1.9932
1.716015e+05,"Ma(d1,d2)",2D,closed,-1,16,0,0,0,d1,1.9932
1.716015e+05,"Ma(d1,d2)",2D,closed,1,-16,0,0,0,d1,1.9932
1.716042e+05,"Ma(d1,d2)",2D,closed,-1,-20,0,0,0,d1,1.9932
1.716042e+05,"Ma(d1,d2)",2D,closed,1,20,0,0,0,d1,1.9932
1.718014e+05,"Ma(d1,d2)",2D,closed,-1,17,0,0,0,d1,1.9932
1.718014e+05,"Ma(d1,d2)",2D,closed,1,-17,0,0,0,d1,1.9932
1.720119e+05,"Ma(d1,d2)",2D,closed,-1,18,0,0,0,d1,1.9932
1.720119e+05,"Ma(d1,d2)",2D,closed,1,-18,0,0,0,d1,1.9932
1.722330e+05,"Ma(d1,d2)",2D,closed,-1,19,0,0,0,d1,1.9932
1.722330e+05,"Ma(d1,d2)",2D,closed,1,-19,0,0,0,d1,1.9932
1.724645e+05,"Ma(d1,d2)",2D,closed,-1,20,0,0,0,d1,1.9932
1.724645e+05,"Ma(d1,d2)",2D,closed,1,-20,0,0,0,d1,1.9932
1.813906e+05,"Ma(d1,d3)",2D,closed,-3,0,-1,0,0,d3,1.9320
1.813906e+05,"Ma(d1,d3)",2D,closed,3,0,1,0,0,d3,1.9320
3.165843e+05,"Ma(d1,d3)",2D,closed,-2,0,-2,0,0,d3,1.9320
3.165843e+05,"Ma(d1,d3)",2D,closed,2,0,2,0,0,d3,1.9320
3.373839e+05,"Ma(d1,d2)",2D,closed,-2,-2,0,0,0,d2,1.9932
3.373839e+05,"Ma(d1,d2)",2D,closed,2,2,0,0,0,d2,1.9932
3.395469e+05,"Ma(d1,d4)",2D,closed,-2,0,0,-2,0,d4,1.9996
3.395469e+05,"Ma(d1,d4)",2D,closed,2,0,0,2,0,d4,1.9996
3.396827e+05,"Ma(d1,d5)",2D,closed,-6,0,0,0,-2,d5,2.0000
3.396827e+05,"Ma(d1,d5)",2D,closed,-4,0,0,0,-1,d5,2.0000
3.396827e+05,"Ma(d1,d4)",2D,closed,-2,0,0,-20,0,d1,1.9996
3.396827e+05,"Ma(d1,d4)",2D,closed,-2,0,0,-18,0,d1,1.9996
3.396827e+05,"Ma(d1,d4)",2D,closed,-2,0,0,-16,0,d1,1.9996
3.396827e+05,"Ma(d1,d4)",2D,closed,-2,0,0,-14,0,d1,1.9996
3.396827e+05,"Ma(d1,d4)",2D,closed,-2,0,0,-12,0,d1,1.9996
3.396827e+05,"Ma(d1,d4)",2D,closed,-2,0,0,-10,0,d1,1.9996
3.396827e+05,"Ma(d1,d4)",2D,closed,-2,0,0,-8,0,d1,1.9996
3.396827e+05,"Ma(d1,d4)",2D,closed,-2,0,0,-6,0,d1,1.9996
3.396827e+05,"Ma(d1,d4)",2D,closed,-2,0,0,-4,0,d1,1.9996
3.396827e+05,"Ma(d1,d4)",2D,closed,-2,0,0,-2,0,d1,1.9996
3.396827e+05,"Ma(d1,d5)",2D,closed,-2,0,0,0,-20,d1,2.0000
3.396827e+05,"Ma(d1,d5)",2D,closed,-2,0,0,0,-18,d1,2.0000
3.396827e+05,"Ma(d1,d5)",2D,closed,-2,0,0,0,-16,d1,2.0000
3.396827e+05,"Ma(d1,d5)",2D,closed,-2,0,0,0,-14,d1,2.0000
3.396827e+05,"Ma(d1,d5)",2D,closed,-2,0,0,0,-12,d1,2.0000
3.396827e+05,"Ma(d1,d5)",2D,closed,-2,0,0,0,-10,d1,2.0000
3.396827e+05,"Ma(d1,d5)",2D,closed,-2,0,0,0,-8,d1,2.0000
3.396827e+05,"Ma(d1,d5)",2D,closed,-2,0,0,0,-6,d1,2.0000
3.396827e+05,"Ma(d1,d5)",2D,closed,-2,0,0,0,-4,d1,2.0000
3.396827e+05,"Ma(d1,d5)",2D,closed,-2,0,0,0,-2,d1,2.0000
3.396827e+05,"Ma(d1,d5)",2D,closed,-2,0,0,0,-2,d5,2.0000
3.396827e+05,Ma(d1),1D,closed,-2,0,0,0,0,,
3.396827e+05,"Ma(d1,d5)",2D,closed,-2,0,0,0,2,d1,2.0000
3.396827e+05,"Ma(d1,d5)",2D,closed,-2,0,0,0,4,d1,2.0000
3.396827e+05,"Ma(d1,d5)",2D,closed,-2,0,0,0,6,d1,2.0000
3.396827e+05,"Ma(d1,d5)",2D,closed,-2,0,0,0,8,d1,2.0000
3.396827e+05,"Ma(d1,d5)",2D,closed,-2,0,0,0,10,d1,2.0000
3.396827e+05,"Ma(d1,d5)",2D,closed,-2,0,0,0,12,d1,2.0000
3.396827e+05,"Ma(d1,d5)",2D,closed,-2,0,0,0,14,d1,2.0000
3.396827e+05,"Ma(d1,d5)",2D,closed,-2,0,0,0,16,d1,2.0000
3.396827e+05,"Ma(d1,d5)",2D,closed,-2,0,0,0,18,d1,2.0000
3.396827e+05,"Ma(d1,d5)",2D,closed,-2,0,0,0,20,d1,2.0000
3.396827e+05,"Ma(d1,d4)",2D,closed,-2,0,0,2,0,d1,1.9996
3.396827e+05,"Ma(d1,d4)",2D,closed,-2,0,0,4,0,d1,1.9996
3.396827e+05,"Ma(d1,d4)",2D,closed,-2,0,0,6,0,d1,1.9996
3.396827e+05,"Ma(d1,d4)",2D,closed,-2,0,0,8,0,d1,1.9996
3.396827e+05,"Ma(d1,d4)",2D,closed,-2,0,0,10,0,d1,1.9996
3.396827e+05,"Ma(d1,d4)",2D,closed,-2,0,0,12,0,d1,1.9996
3.396827e+05,"Ma(d1,d4)",2D,closed,-2,0,0,14,0,d1,1.9996
3.396827e+05,"Ma(d1,d4)",2D,closed,-2,0,0,16,0,d1,1.9996
3.396827e+05,"Ma(d1,d4)",2D,closed,-2,0,0,18,0,d1,1.9996
3.396827e+05,"Ma(d1,d4)",2D,closed,-2,0,0,20,0,d1,1.9996
3.396827e+05,"Ma(d1,d4)",2D,closed,2,0,0,-20,0,d1,1.9996
3.396827e+05,"Ma(d1,d4)",2D,closed,2,0,0,-18,0,d1,1.9996
3.396827e+05,"Ma(d1,d4)",2D,closed,2,0,0,-16,0,d1,1.9996
3.396827e+05,"Ma(d1,d4)",2D,closed,2,0,0,-14,0,d1,1.9996
3.396827e+05,"Ma(d1,d4)",2D,closed,2,0,0,-12,0,d1,1.9996
3.396827e+05,"Ma(d1,d4)",2D,closed,2,0,0,-10,0,d1,1.9996
3.396827e+05,"Ma(d1,d4)",2D,closed,2,0,0,-8,0,d1,1.9996
3.396827e+05,"Ma(d1,d4)",2D,closed,2,0,0,-6,0,d1,1.9996
3.396827e+05,"Ma(d1,d4)",2D,closed,2,0,0,-4,0,d1,1.9996
3.396827e+05,"Ma(d1,d4)",2D,closed,2,0,0,-2,0,d1,1.9996
3.396827e+05,"Ma(d1,d5)",2D,closed,2,0,0,0,-20,d1,2.0000
3.396827e+05,"Ma(d1,d5)",2D,closed,2,0,0,0,-18,d1,2.0000
3.396827e+05,"Ma(d1,d5)",2D,closed,2,0,0,0,-16,d1,2.0000
3.396827e+05,"Ma(d1,d5)",2D,closed,2,0,0,0,-14,d1,2.0000
3.396827e+05,"Ma(d1,d5)",2D,closed,2,0,0,0,-12,d1,2.0000
3.396827e+05,"Ma(d1,d5)",2D,closed,2,0,0,0,-10,d1,2.0000
3.396827e+05,"Ma(d1,d5)",2D,closed,2,0,0,0,-8,d1,2.0000
3.396827e+05,"Ma(d1,d5)",2D,closed,2,0,0,0,-6,d1,2.0000
3.396827e+05,"Ma(d1,d5)",2D,closed,2,0,0,0,-4,d1,2.0000
3.396827e+05,"Ma(d1,d5)",2D,closed,2,0,0,0,-2,d1,2.0000
3.396827e+05,Ma(d1),1D,closed,2,0,0,0,0,,
3.396827e+05,"Ma(d1,d5)",2D,closed,2,0,0,0,2,d1,2.0000
3.396827e+05,"Ma(d1,d5)",2D,closed,2,0,0,0,2,d5,2.0000
3.396827e+05,"Ma(d1,d5)",2D,closed,2,0,0,0,4,d1,2.0000
3.396827e+05,"Ma(d1,d5)",2D,closed,2,0,0,0,6,d1,2.0000
3.396827e+05,"Ma(d1,d5)",2D,closed,2,0,0,0,8,d1,2.0000
3.396827e+05,"Ma(d1,d5)",2D,closed,2,0,0,0,10,d1,2.0000
3.396827e+05,"Ma(d1,d5)",2D,closed,2,0,0,0,12,d1,2.0000
3.396827e+05,"Ma(d1,d5)",2D,closed,2,0,0,0,14,d1,2.0000
3.396827e+05,"Ma(d1,d5)",2D,closed,2,0,0,0,16,d1,2.0000
3.396827e+05,"Ma(d1,d5)",2D,closed,2,0,0,0,18,d1,2.0000
3.396827e+05,"Ma(d1,d5)",2D,closed,2,0,0,0,20,d1,2.0000
3.396827e+05,"Ma(d1,d4)",2D,closed,2,0,0,2,0,d1,1.9996
3.396827e+05,"Ma(d1,d4)",2D,closed,2,0,0,4,0,d1,1.9996
3.396827e+05,"Ma(d1,d4)",2D,closed,2,0,0,6,0,d1,1.9996
3.396827e+05,"Ma(d1,d4)",2D,closed,2,0,0,8,0,d1,1.9996
3.396827e+05,"Ma(d1,d4)",2D,closed,2,0,0,10,0,d1,1.9996
3.396827e+05,"Ma(d1,d4)",2D,closed,2,0,0,12,0,d1,1.9996
3.396827e+05,"Ma(d1,d4)",2D,closed,2,0,0,14,0,d1,1.9996
3.396827e+05,"Ma(d1,d4)",2D,closed,2,0,0,16,0,d1,1.9996
3.396827e+05,"Ma(d1,d4)",2D,closed,2,0,0,18,0,d1,1.9996
3.396827e+05,"Ma(d1,d4)",2D,closed,2,0,0,20,0,d1,1.9996
3.396827e+05,"Ma(d1,d5)",2D,closed,4,0,0,0,1,d5,2.0000
3.396827e+05,"Ma(d1,d5)",2D,closed,6,0,0,0,2,d5,2.0000
3.396827e+05,"Ma(d1,d3)",2D,closed,-2,0,-4,0,0,d1,1.9320
3.396827e+05,"Ma(d1,d3)",2D,closed,2,0,4,0,0,d1,1.9320
3.396827e+05,"Ma(d1,d3)",2D,closed,-2,0,-2,0,0,d1,1.9320
3.396827e+05,"Ma(d1,d3)",2D,closed,2,0,2,0,0,d1,1.9320
3.396827e+05,"Ma(d1,d3)",2D,closed,-2,0,-6,0,0,d1,1.9320
3.396827e+05,"Ma(d1,d3)",2D,closed,2,0,6,0,0,d1,1.9320
3.396827e+05,"Ma(d1,d2)",2D,closed,-2,-4,0,0,0,d1,1.9932
3.396827e+05,"Ma(d1,d2)",2D,closed,2,4,0,0,0,d1,1.9932
3.396827e+05,"Ma(d1,d3)",2D,closed,-2,0,-8,0,0,d1,1.9320
3.396827e+05,"Ma(d1,d3)",2D,closed,2,0,8,0,0,d1,1.9320
3.396827e+05,"Ma(d1,d3)",2D,closed,-2,0,2,0,0,d1,1.9320
3.396827e+05,"Ma(d1,d3)",2D,closed,2,0,-2,0,0,d1,1.9320
3.396827e+05,"Ma(d1,d3)",2D,closed,-2,0,-10,0,0,d1,1.9320
3.396827e+05,"Ma(d1,d3)",2D,closed,2,0,10,0,0,d1,1.9320
3.396827e+05,"Ma(d1,d3)",2D,closed,-2,0,4,0,0,d1,1.9320
3.396827e+05,"Ma(d1,d3)",2D,closed,2,0,-4,0,0,d1,1.9320
3.396827e+05,"Ma(d1,d3)",2D,closed,-2,0,-12,0,0,d1,1.9320
3.396827e+05,"Ma(d1,d3)",2D,closed,2,0,12,0,0,d1,1.9320
3.396827e+05,"Ma(d1,d3)",2D,closed,-2,0,6,0,0,d1,1.9320
3.396827e+05,"Ma(d1,d3)",2D,closed,2,0,-6,0,0,d1,1.9320
3.396827e+05,"Ma(d1,d3)",2D,closed,-2,0,-14,0,0,d1,1.9320
3.396827e+05,"Ma(d1,d3)",2D,closed,2,0,14,0,0,d1,1.9320
3.396827e+05,"Ma(d1,d3)",2D,closed,-2,0,8,0,0,d1,1.9320
3.396827e+05,"Ma(d1,d3)",2D,closed,2,0,-8,0,0,d1,1.9320
3.396827e+05,"Ma(d1,d3)",2D,closed,-2,0,-16,0,0,d1,1.9320
3.396827e+05,"Ma(d1,d3)",2D,closed,2,0,16,0,0,d1,1.9320
3.396827e+05,"Ma(d1,d3)",2D,closed,-2,0,10,0,0,d1,1.9320
3.396827e+05,"Ma(d1,d3)",2D,closed,2,0,-10,0,0,d1,1.9320
3.396827e+05,"Ma(d1,d3)",2D,closed,-2,0,-18,0,0,d1,1.9320
3.396827e+05,"Ma(d1,d3)",2D,closed,2,0,18,0,0,d1,1.9320
3.396828e+05,"Ma(d1,d3)",2D,closed,-2,0,12,0,0,d1,1.9320
3.396828e+05,"Ma(d1,d3)",2D,closed,2,0,-12,0,0,d1,1.9320
3.396828e+05,"Ma(d1,d3)",2D,closed,-2,0,-20,0,0,d1,1.9320
3.396828e+05,"Ma(d1,d3)",2D,closed,2,0,20,0,0,d1,1.9320
3.396828e+05,"Ma(d1,d3)",2D,closed,-2,0,14,0,0,d1,1.9320
3.396828e+05,"Ma(d1,d3)",2D,closed,2,0,-14,0,0,d1,1.9320
3.396828e+05,"Ma(d1,d3)",2D,closed,-2,0,16,0,0,d1,1.9320
3.396828e+05,"Ma(d1,d3)",2D,closed,2,0,-16,0,0,d1,1.9320
3.396828e+05,"Ma(d1,d3)",2D,closed,-2,0,18,0,0,d1,1.9320
3.396828e+05,"Ma(d1,d3)",2D,closed,2,0,-18,0,0,d1,1.9320
3.396828e+05,"Ma(d1,d3)",2D,closed,-2,0,20,0,0,d1,1.9320
3.396828e+05,"Ma(d1,d3)",2D,closed,2,0,-20,0,0,d1,1.9320
3.396935e+05,"Ma(d1,d2)",2D,closed,-2,-2,0,0,0,d1,1.9932
3.396935e+05,"Ma(d1,d2)",2D,closed,2,2,0,0,0,d1,1.9932
3.396938e+05,"Ma(d1,d2)",2D,closed,-2,-6,0,0,0,d1,1.9932
3.396938e+05,"Ma(d1,d2)",2D,closed,2,6,0,0,0,d1,1.9932
3.397267e+05,"Ma(d1,d2)",2D,closed,-2,-8,0,0,0,d1,1.9932
3.397267e+05,"Ma(d1,d2)",2D,closed,2,8,0,0,0,d1,1.9932
3.397507e+05,"Ma(d1,d4)",2D,closed,-4,0,0,-1,0,d4,1.9996
3.397507e+05,"Ma(d1,d4)",2D,closed,4,0,0,1,0,d4,1.9996
3.397806e+05,"Ma(d1,d2)",2D,closed,-2,2,0,0,0,d1,1.9932
3.397806e+05,"Ma(d1,d2)",2D,closed,2,-2,0,0,0,d1,1.9932
3.397815e+05,"Ma(d1,d2)",2D,closed,-2,-10,0,0,0,d1,1.9932
3.397815e+05,"Ma(d1,d2)",2D,closed,2,10,0,0,0,d1,1.9932
3.398186e+05,"Ma(d1,d4)",2D,closed,-6,0,0,-2,0,d4,1.9996
3.398186e+05,"Ma(d1,d4)",2D,closed,6,0,0,2,0,d4,1.9996
3.398570e+05,"Ma(d1,d2)",2D,closed,-2,4,0,0,0,d1,1.9932
3.398570e+05,"Ma(d1,d2)",2D,closed,2,-4,0,0,0,d1,1.9932
3.398582e+05,"Ma(d1,d2)",2D,closed,-2,-12,0,0,0,d1,1.9932
3.398582e+05,"Ma(d1,d2)",2D,closed,2,12,0,0,0,d1,1.9932
3.399551e+05,"Ma(d1,d2)",2D,closed,-2,6,0,0,0,d1,1.9932
3.399551e+05,"Ma(d1,d2)",2D,closed,2,-6,0,0,0,d1,1.9932
3.399566e+05,"Ma(d1,d2)",2D,closed,-2,-14,0,0,0,d1,1.9932
3.399566e+05,"Ma(d1,d2)",2D,closed,2,14,0,0,0,d1,1.9932
3.400751e+05,"Ma(d1,d2)",2D,closed,-2,8,0,0,0,d1,1.9932
3.400751e+05,"Ma(d1,d2)",2D,closed,2,-8,0,0,0,d1,1.9932
3.400769e+05,"Ma(d1,d2)",2D,closed,-2,-16,0,0,0,d1,1.9932
3.400769e+05,"Ma(d1,d2)",2D,closed,2,16,0,0,0,d1,1.9932
3.402168e+05,"Ma(d1,d2)",2D,closed,-2,10,0,0,0,d1,1.9932
3.402168e+05,"Ma(d1,d2)",2D,closed,2,-10,0,0,0,d1,1.9932
3.402189e+05,"Ma(d1,d2)",2D,closed,-2,-18,0,0,0,d1,1.9932
3.402189e+05,"Ma(d1,d2)",2D,closed,2,18,0,0,0,d1,1.9932
3.403803e+05,"Ma(d1,d2)",2D,closed,-2,12,0,0,0,d1,1.9932
3.403803e+05,"Ma(d1,d2)",2D,closed,2,-12,0,0,0,d1,1.9932
3.403827e+05,"Ma(d1,d2)",2D,closed,-2,-20,0,0,0,d1,1.9932
3.403827e+05,"Ma(d1,d2)",2D,closed,2,20,0,0,0,d1,1.9932
3.405656e+05,"Ma(d1,d2)",2D,closed,-2,14,0,0,0,d1,1.9932
3.405656e+05,"Ma(d1,d2)",2D,closed,2,-14,0,0,0,d1,1.9932
3.407725e+05,"Ma(d1,d2)",2D,closed,-2,16,0,0,0,d1,1.9932
3.407725e+05,"Ma(d1,d2)",2D,closed,2,-16,0,0,0,d1,1.9932
3.408404e+05,"Ma(d1,d2)",2D,closed,-4,-1,0,0,0,d2,1.9932
3.408404e+05,"Ma(d1,d2)",2D,closed,4,1,0,0,0,d2,1.9932
3.410010e+05,"Ma(d1,d2)",2D,closed,-2,18,0,0,0,d1,1.9932
3.410010e+05,"Ma(d1,d2)",2D,closed,2,-18,0,0,0,d1,1.9932
3.412512e+05,"Ma(d1,d2)",2D,closed,-2,20,0,0,0,d1,1.9932
3.412512e+05,"Ma(d1,d2)",2D,closed,2,-20,0,0,0,d1,1.9932
3.420034e+05,"Ma(d1,d2)",2D,closed,-6,-2,0,0,0,d2,1.9932
3.420034e+05,"Ma(d1,d2)",2D,closed,6,2,0,0,0,d2,1.9932
3.512319e+05,"Ma(d1,d3)",2D,closed,-4,0,-1,0,0,d3,1.9320
3.512319e+05,"Ma(d1,d3)",2D,closed,4,0,1,0,0,d3,1.9320
3.627812e+05,"Ma(d1,d3)",2D,closed,-6,0,-2,0,0,d3,1.9320
3.627812e+05,"Ma(d1,d3)",2D,closed,6,0,2,0,0,d3,1.9320
4.748765e+05,"Ma(d1,d3)",2D,closed,-3,0,-3,0,0,d3,1.9320
4.748765e+05,"Ma(d1,d3)",2D,closed,3,0,3,0,0,d3,1.9320
4.979749e+05,"Ma(d1,d3)",2D,closed,-1,0,1,0,0,d3,1.9320
4.979749e+05,"Ma(d1,d3)",2D,closed,1,0,-1,0,0,d3,1.9320
5.060758e+05,"Ma(d1,d2)",2D,closed,-3,-3,0,0,0,d2,1.9932
5.060758e+05,"Ma(d1,d2)",2D,closed,3,3,0,0,0,d2,1.9932
5.083710e+05,"Ma(d1,d2)",2D,closed,-1,1,0,0,0,d2,1.9932
5.083710e+05,"Ma(d1,d2)",2D,closed,1,-1,0,0,0,d2,1.9932
5.093203e+05,"Ma(d1,d4)",2D,closed,-3,0,0,-3,0,d4,1.9996
5.093203e+05,"Ma(d1,d4)",2D,closed,3,0,0,3,0,d4,1.9996
5.094562e+05,"Ma(d1,d4)",2D,closed,-1,0,0,1,0,d4,1.9996
5.094562e+05,"Ma(d1,d4)",2D,closed,1,0,0,-1,0,d4,1.9996
5.095241e+05,"Ma(d1,d5)",2D,closed,-9,0,0,0,-3,d5,2.0000
5.095241e+05,"Ma(d1,d5)",2D,closed,-5,0,0,0,-1,d5,2.0000
5.095241e+05,"Ma(d1,d4)",2D,closed,-3,0,0,-18,0,d1,1.9996
5.095241e+05,"Ma(d1,d4)",2D,closed,-3,0,0,-15,0,d1,1.9996
5.095241e+05,"Ma(d1,d4)",2D,closed,-3,0,0,-12,0,d1,1.9996
5.095241e+05,"Ma(d1,d4)",2D,closed,-3,0,0,-9,0,d1,1.9996
5.095241e+05,"Ma(d1,d4)",2D,closed,-3,0,0,-6,0,d1,1.9996
5.095241e+05,"Ma(d1,d4)",2D,closed,-3,0,0,-3,0,d1,1.9996
5.095241e+05,"Ma(d1,d5)",2D,closed,-3,0,0,0,-18,d1,2.0000
5.095241e+05,"Ma(d1,d5)",2D,closed,-3,0,0,0,-15,d1,2.0000
5.095241e+05,"Ma(d1,d5)",2D,closed,-3,0,0,0,-12,d1,2.0000
5.095241e+05,"Ma(d1,d5)",2D,closed,-3,0,0,0,-9,d1,2.0000
5.095241e+05,"Ma(d1,d5)",2D,closed,-3,0,0,0,-6,d1,2.0000
5.095241e+05,"Ma(d1,d5)",2D,closed,-3,0,0,0,-3,d1,2.0000
5.095241e+05,"Ma(d1,d5)",2D,closed,-3,0,0,0,-3,d5,2.0000
5.095241e+05,Ma(d1),1D,closed,-3,0,0,0,0,,
5.095241e+05,"Ma(d1,d5)",2D,closed,-3,0,0,0,3,d1,2.0000
5.095241e+05,"Ma(d1,d5)",2D,closed,-3,0,0,0,6,d1,2.0000
5.095241e+05,"Ma(d1,d5)",2D,closed,-3,0,0,0,9,d1,2.0000
5.095241e+05,"Ma(d1,d5)",2D,closed,-3,0,0,0,12,d1,2.0000
5.095241e+05,"Ma(d1,d5)",2D,closed,-3,0,0,0,15,d1,2.0000
5.095241e+05,"Ma(d1,d5)",2D,closed,-3,0,0,0,18,d1,2.0000
5.095241e+05,"Ma(d1,d4)",2D,closed,-3,0,0,3,0,d1,1.9996
5.095241e+05,"Ma(d1,d4)",2D,closed,-3,0,0,6,0,d1,1.9996
5.095241e+05,"Ma(d1,d4)",2D,closed,-3,0,0,9,0,d1,1.9996
5.095241e+05,"Ma(d1,d4)",2D,closed,-3,0,0,12,0,d1,1.9996
5.095241e+05,"Ma(d1,d4)",2D,closed,-3,0,0,15,0,d1,1.9996
5.095241e+05,"Ma(d1,d4)",2D,closed,-3,0,0,18,0,d1,1.9996
5.095241e+05,"Ma(d1,d5)",2D,closed,-1,0,0,0,1,d5,2.0000
5.095241e+05,"Ma(d1,d5)",2D,closed,1,0,0,0,-1,d5,2.0000
5.095241e+05,"Ma(d1,d4)",2D,closed,3,0,0,-18,0,d1,1.9996
5.095241e+05,"Ma(d1,d4)",2D,closed,3,0,0,-15,0,d1,1.9996
5.095241e+05,"Ma(d1,d4)",2D,closed,3,0,0,-12,0,d1,1.9996
5.095241e+05,"Ma(d1,d4)",2D,closed,3,0,0,-9,0,d1,1.9996
5.095241e+05,"Ma(d1,d4)",2D,closed,3,0,0,-6,0,d1,1.9996
5.095241e+05,"Ma(d1,d4)",2D,closed,3,0,0,-3,0,d1,1.9996
5.095241e+05,"Ma(d1,d5)",2D,closed,3,0,0,0,-18,d1,2.0000
5.095241e+05,"Ma(d1,d5)",2D,closed,3,0,0,0,-15,d1,2.0000
5.095241e+05,"Ma(d1,d5)",2D,closed,3,0,0,0,-12,d1,2.0000
5.095241e+05,"Ma(d1,d5)",2D,closed,3,0,0,0,-9,d1,2.0000
5.095241e+05,"Ma(d1,d5)",2D,closed,3,0,0,0,-6,d1,2.0000
5.095241e+05,"Ma(d1,d5)",2D,closed,3,0,0,0,-3,d1,2.0000
5.095241e+05,Ma(d1),1D,closed,3,0,0,0,0,,
5.095241e+05,"Ma(d1,d5)",2D,closed,3,0,0,0,3,d1,2.0000
5.095241e+05,"Ma(d1,d5)",2D,closed,3,0,0,0,3,d5,2.0000
5.095241e+05,"Ma(d1,d5)",2D,closed,3,0,0,0,6,d1,2.0000
5.095241e+05,"Ma(d1,d5)",2D,closed,3,0,0,0,9,d1,2.0000
5.095241e+05,"Ma(d1,d5)",2D,closed,3,0,0,0,12,d1,2.0000
5.095241e+05,"Ma(d1,d5)",2D,closed,3,0,0,0,15,d1,2.0000
5.095241e+05,"Ma(d1,d5)",2D,closed,3,0,0,0,18,d1,2.0000
5.095241e+05,"Ma(d1,d4)",2D,closed,3,0,0,3,0,d1,1.9996
5.095241e+05,"Ma(d1,d4)",2D,closed,3,0,0,6,0,d1,1.9996
5.095241e+05,"Ma(d1,d4)",2D,closed,3,0,0,9,0,d1,1.9996
5.095241e+05,"Ma(d1,d4)",2D,closed,3,0,0,12,0,d1,1.9996
5.095241e+05,"Ma(d1,d4)",2D,closed,3,0,0,15,0,d1,1.9996
5.095241e+05,"Ma(d1,d4)",2D,closed,3,0,0,18,0,d1,1.9996
5.095241e+05,"Ma(d1,d5)",2D,closed,5,0,0,0,1,d5,2.0000
5.095241e+05,"Ma(d1,d5)",2D,closed,9,0,0,0,3,d5,2.0000
5.095241e+05,"Ma(d1,d3)",2D,closed,-3,0,-6,0,0,d1,1.9320
5.095241e+05,"Ma(d1,d3)",2D,closed,3,0,6,0,0,d1,1.9320
5.095241e+05,"Ma(d1,d3)",2D,closed,-3,0,-3,0,0,d1,1.9320
5.095241e+05,"Ma(d1,d3)",2D,closed,3,0,3,0,0,d1,1.9320
5.095241e+05,"Ma(d1,d3)",2D,closed,-3,0,-9,0,0,d1,1.9320
5.095241e+05,"Ma(d1,d3)",2D,closed,3,0,9,0,0,d1,1.9320
5.095241e+05,"Ma(d1,d2)",2D,closed,-3,-6,0,0,0,d1,1.9932
5.095241e+05,"Ma(d1,d2)",2D,closed,3,6,0,0,0,d1,1.9932
5.095241e+05,"Ma(d1,d3)",2D,closed,-3,0,-12,0,0,d1,1.9320
5.095241e+05,"Ma(d1,d3)",2D,closed,3,0,12,0,0,d1,1.9320
5.095241e+05,"Ma(d1,d3)",2D,closed,-3,0,3,0,0,d1,1.9320
5.095241e+05,"Ma(d1,d3)",2D,closed,3,0,-3,0,0,d1,1.9320
5.095241e+05,"Ma(d1,d3)",2D,closed,-3,0,-15,0,0,d1,1.9320
5.095241e+05,"Ma(d1,d3)",2D,closed,3,0,15,0,0,d1,1.9320
5.095241e+05,"Ma(d1,d3)",2D,closed,-3,0,6,0,0,d1,1.9320
5.095241e+05,"Ma(d1,d3)",2D,closed,3,0,-6,0,0,d1,1.9320
5.095241e+05,"Ma(d1,d3)",2D,closed,-3,0,-18,0,0,d1,1.9320
5.095241e+05,"Ma(d1,d3)",2D,closed,3,0,18,0,0,d1,1.9320
5.095241e+05,"Ma(d1,d3)",2D,closed,-3,0,9,0,0,d1,1.9320
5.095241e+05,"Ma(d1,d3)",2D,closed,3,0,-9,0,0,d1,1.9320
5.095241e+05,"Ma(d1,d3)",2D,closed,-3,0,12,0,0,d1,1.9320
5.095241e+05,"Ma(d1,d3)",2D,closed,3,0,-12,0,0,d1,1.9320
5.095241e+05,"Ma(d1,d3)",2D,closed,-3,0,15,0,0,d1,1.9320
5.095241e+05,"Ma(d1,d3)",2D,closed,3,0,-15,0,0,d1,1.9320
5.095241e+05,"Ma(d1,d3)",2D,closed,-3,0,18,0,0,d1,1.9320
5.095241e+05,"Ma(d1,d3)",2D,closed,3,0,-18,0,0,d1,1.9320
5.095403e+05,"Ma(d1,d2)",2D,closed,-3,-3,0,0,0,d1,1.9932
5.095403e+05,"Ma(d1,d2)",2D,closed,3,3,0,0,0,d1,1.9932
5.095407e+05,"Ma(d1,d2)",2D,closed,-3,-9,0,0,0,d1,1.9932
5.095407e+05,"Ma(d1,d2)",2D,closed,3,9,0,0,0,d1,1.9932
5.095901e+05,"Ma(d1,d2)",2D,closed,-3,-12,0,0,0,d1,1.9932
5.095901e+05,"Ma(d1,d2)",2D,closed,3,12,0,0,0,d1,1.9932
5.095920e+05,"Ma(d1,d4)",2D,closed,-5,0,0,-1,0,d4,1.9996
5.095920e+05,"Ma(d1,d4)",2D,closed,5,0,0,1,0,d4,1.9996
5.096710e+05,"Ma(d1,d2)",2D,closed,-3,3,0,0,0,d1,1.9932
5.096710e+05,"Ma(d1,d2)",2D,closed,3,-3,0,0,0,d1,1.9932
5.096723e+05,"Ma(d1,d2)",2D,closed,-3,-15,0,0,0,d1,1.9932
5.096723e+05,"Ma(d1,d2)",2D,closed,3,15,0,0,0,d1,1.9932
5.097279e+05,"Ma(d1,d4)",2D,closed,-9,0,0,-3,0,d4,1.9996
5.097279e+05,"Ma(d1,d4)",2D,closed,9,0,0,3,0,d4,1.9996
5.097855e+05,"Ma(d1,d2)",2D,closed,-3,6,0,0,0,d1,1.9932
5.097855e+05,"Ma(d1,d2)",2D,closed,3,-6,0,0,0,d1,1.9932
5.097872e+05,"Ma(d1,d2)",2D,closed,-3,-18,0,0,0,d1,1.9932
5.097872e+05,"Ma(d1,d2)",2D,closed,3,18,0,0,0,d1,1.9932
5.099327e+05,"Ma(d1,d2)",2D,closed,-3,9,0,0,0,d1,1.9932
5.099327e+05,"Ma(d1,d2)",2D,closed,3,-9,0,0,0,d1,1.9932
5.101126e+05,"Ma(d1,d2)",2D,closed,-3,12,0,0,0,d1,1.9932
5.101126e+05,"Ma(d1,d2)",2D,closed,3,-12,0,0,0,d1,1.9932
5.103252e+05,"Ma(d1,d2)",2D,closed,-3,15,0,0,0,d1,1.9932
5.103252e+05,"Ma(d1,d2)",2D,closed,3,-15,0,0,0,d1,1.9932
5.105705e+05,"Ma(d1,d2)",2D,closed,-3,18,0,0,0,d1,1.9932
5.105705e+05,"Ma(d1,d2)",2D,closed,3,-18,0,0,0,d1,1.9932
5.106808e+05,"Ma(d1,d2)",2D,closed,-5,-1,0,0,0,d2,1.9932
5.106808e+05,"Ma(d1,d2)",2D,closed,5,1,0,0,0,d2,1.9932
5.130052e+05,"Ma(d1,d2)",2D,closed,-9,-3,0,0,0,d2,1.9932
5.130052e+05,"Ma(d1,d2)",2D,closed,9,3,0,0,0,d2,1.9932
5.210733e+05,"Ma(d1,d3)",2D,closed,-5,0,-1,0,0,d3,1.9320
5.210733e+05,"Ma(d1,d3)",2D,closed,5,0,1,0,0,d3,1.9320
5.441717e+05,"Ma(d1,d3)",2D,closed,-9,0,-3,0,0,d3,1.9320
5.441717e+05,"Ma(d1,d3)",2D,closed,9,0,3,0,0,d3,1.9320
6.331686e+05,"Ma(d1,d3)",2D,closed,-4,0,-4,0,0,d3,1.9320
6.331686e+05,"Ma(d1,d3)",2D,closed,4,0,4,0,0,d3,1.9320
6.678163e+05,"Ma(d1,d3)",2D,closed,-2,0,1,0,0,d3,1.9320
6.678163e+05,"Ma(d1,d3)",2D,closed,2,0,-1,0,0,d3,1.9320
6.747678e+05,"Ma(d1,d2)",2D,closed,-4,-4,0,0,0,d2,1.9932
6.747678e+05,"Ma(d1,d2)",2D,closed,4,4,0,0,0,d2,1.9932
6.782119e+05,"Ma(d1,d2)",2D,closed,-2,1,0,0,0,d2,1.9932
6.782119e+05,"Ma(d1,d2)",2D,closed,2,-1,0,0,0,d2,1.9932
6.790937e+05,"Ma(d1,d4)",2D,closed,-4,0,0,-4,0,d4,1.9996
6.790937e+05,"Ma(d1,d4)",2D,closed,4,0,0,4,0,d4,1.9996
6.792975e+05,"Ma(d1,d4)",2D,closed,-2,0,0,1,0,d4,1.9996
6.792975e+05,"Ma(d1,d4)",2D,closed,2,0,0,-1,0,d4,1.9996
6.793655e+05,"Ma(d1,d5)",2D,closed,-12,0,0,0,-4,d5,2.0000
6.793655e+05,"Ma(d1,d5)",2D,closed,-8,0,0,0,-2,d5,2.0000
6.793655e+05,"Ma(d1,d5)",2D,closed,-6,0,0,0,-1,d5,2.0000
6.793655e+05,"Ma(d1,d4)",2D,closed,-4,0,0,-20,0,d1,1.9996
6.793655e+05,"Ma(d1,d4)",2D,closed,-4,0,0,-16,0,d1,1.9996
6.793655e+05,"Ma(d1,d4)",2D,closed,-4,0,0,-12,0,d1,1.9996
6.793655e+05,"Ma(d1,d4)",2D,closed,-4,0,0,-8,0,d1,1.9996
6.793655e+05,"Ma(d1,d4)",2D,closed,-4,0,0,-4,0,d1,1.9996
6.793655e+05,"Ma(d1,d5)",2D,closed,-4,0,0,0,-20,d1,2.0000
6.793655e+05,"Ma(d1,d5)",2D,closed,-4,0,0,0,-16,d1,2.0000
6.793655e+05,"Ma(d1,d5)",2D,closed,-4,0,0,0,-12,d1,2.0000
6.793655e+05,"Ma(d1,d5)",2D,closed,-4,0,0,0,-8,d1,2.0000
6.793655e+05,"Ma(d1,d5)",2D,closed,-4,0,0,0,-4,d1,2.0000
6.793655e+05,"Ma(d1,d5)",2D,closed,-4,0,0,0,-4,d5,2.0000
6.793655e+05,Ma(d1),1D,closed,-4,0,0,0,0,,
6.793655e+05,"Ma(d1,d5)",2D,closed,-4,0,0,0,4,d1,2.0000
6.793655e+05,"Ma(d1,d5)",2D,closed,-4,0,0,0,8,d1,2.0000
6.793655e+05,"Ma(d1,d5)",2D,closed,-4,0,0,0,12,d1,2.0000
6.793655e+05,"Ma(d1,d5)",2D,closed,-4,0,0,0,16,d1,2.0000
6.793655e+05,"Ma(d1,d5)",2D,closed,-4,0,0,0,20,d1,2.0000
6.793655e+05,"Ma(d1,d4)",2D,closed,-4,0,0,4,0,d1,1.9996
6.793655e+05,"Ma(d1,d4)",2D,closed,-4,0,0,8,0,d1,1.9996
6.793655e+05,"Ma(d1,d4)",2D,closed,-4,0,0,12,0,d1,1.9996
6.793655e+05,"Ma(d1,d4)",2D,closed,-4,0,0,16,0,d1,1.9996
6.793655e+05,"Ma(d1,d4)",2D,closed,-4,0,0,20,0,d1,1.9996
6.793655e+05,"Ma(d1,d5)",2D,closed,-2,0,0,0,1,d5,2.0000
6.793655e+05,"Ma(d1,d5)",2D,closed,2,0,0,0,-1,d5,2.0000
6.793655e+05,"Ma(d1,d4)",2D,closed,4,0,0,-20,0,d1,1.9996
6.793655e+05,"Ma(d1,d4)",2D,closed,4,0,0,-16,0,d1,1.9996
6.793655e+05,"Ma(d1,d4)",2D,closed,4,0,0,-12,0,d1,1.9996
6.793655e+05,"Ma(d1,d4)",2D,closed,4,0,0,-8,0,d1,1.9996
6.793655e+05,"Ma(d1,d4)",2D,closed,4,0,0,-4,0,d1,1.9996
6.793655e+05,"Ma(d1,d5)",2D,closed,4,0,0,0,-20,d1,2.0000
6.793655e+05,"Ma(d1,d5)",2D,closed,4,0,0,0,-16,d1,2.0000
6.793655e+05,"Ma(d1,d5)",2D,closed,4,0,0,0,-12,d1,2.0000
6.793655e+05,"Ma(d1,d5)",2D,closed,4,0,0,0,-8,d1,2.0000
6.793655e+05,"Ma(d1,d5)",2D,closed,4,0,0,0,-4,d1,2.0000
6.793655e+05,Ma(d1),1D,closed,4,0,0,0,0,,
6.793655e+05,"Ma(d1,d5)",2D,closed,4,0,0,0,4,d1,2.0000
6.793655e+05,"Ma(d1,d5)",2D,closed,4,0,0,0,4,d5,2.0000
6.793655e+05,"Ma(d1,d5)",2D,closed,4,0,0,0,8,d1,2.0000
6.793655e+05,"Ma(d1,d5)",2D,closed,4,0,0,0,12,d1,2.0000
6.793655e+05,"Ma(d1,d5)",2D,closed,4,0,0,0,16,d1,2.0000
6.793655e+05,"Ma(d1,d5)",2D,closed,4,0,0,0,20,d1,2.0000
6.793655e+05,"Ma(d1,d4)",2D,closed,4,0,0,4,0,d1,1.9996
6.793655e+05,"Ma(d1,d4)",2D,closed,4,0,0,8,0,d1,1.9996
6.793655e+05,"Ma(d1,d4)",2D,closed,4,0,0,12,0,d1,1.9996
6.793655e+05,"Ma(d1,d4)",2D,closed,4,0,0,16,0,d1,1.9996
6.793655e+05,"Ma(d1,d4)",2D,closed,4,0,0,20,0,d1,1.9996
6.793655e+05,"Ma(d1,d5)",2D,closed,6,0,0,0,1,d5,2.0000
6.793655e+05,"Ma(d1,d5)",2D,closed,8,0,0,0,2,d5,2.0000
6.793655e+05,"Ma(d1,d5)",2D,closed,12,0,0,0,4,d5,2.0000
6.793655e+05,"Ma(d1,d3)",2D,closed,-4,0,-8,0,0,d1,1.9320
6.793655e+05,"Ma(d1,d3)",2D,closed,4,0,8,0,0,d1,1.9320
6.793655e+05,"Ma(d1,d3)",2D,closed,-4,0,-4,0,0,d1,1.9320
6.793655e+05,"Ma(d1,d3)",2D,closed,4,0,4,0,0,d1,1.9320
6.793655e+05,"Ma(d1,d3)",2D,closed,-4,0,-12,0,0,d1,1.9320
6.793655e+05,"Ma(d1,d3)",2D,closed,4,0,12,0,0,d1,1.9320
6.793655e+05,"Ma(d1,d2)",2D,closed,-4,-8,0,0,0,d1,1.9932
6.793655e+05,"Ma(d1,d2)",2D,closed,4,8,0,0,0,d1,1.9932
6.793655e+05,"Ma(d1,d3)",2D,closed,-4,0,-16,0,0,d1,1.9320
6.793655e+05,"Ma(d1,d3)",2D,closed,4,0,16,0,0,d1,1.9320
6.793655e+05,"Ma(d1,d3)",2D,closed,-4,0,4,0,0,d1,1.9320
6.793655e+05,"Ma(d1,d3)",2D,closed,4,0,-4,0,0,d1,1.9320
6.793655e+05,"Ma(d1,d3)",2D,closed,-4,0,-20,0,0,d1,1.9320
6.793655e+05,"Ma(d1,d3)",2D,closed,4,0,20,0,0,d1,1.9320
6.793655e+05,"Ma(d1,d3)",2D,closed,-4,0,8,0,0,d1,1.9320
6.793655e+05,"Ma(d1,d3)",2D,closed,4,0,-8,0,0,d1,1.9320
6.793655e+05,"Ma(d1,d3)",2D,closed,-4,0,12,0,0,d1,1.9320
6.793655e+05,"Ma(d1,d3)",2D,closed,4,0,-12,0,0,d1,1.9320
6.793655e+05,"Ma(d1,d3)",2D,closed,-4,0,16,0,0,d1,1.9320
6.793655e+05,"Ma(d1,d3)",2D,closed,4,0,-16,0,0,d1,1.9320
6.793655e+05,"Ma(d1,d3)",2D,closed,-4,0,20,0,0,d1,1.9320
6.793655e+05,"Ma(d1,d3)",2D,closed,4,0,-20,0,0,d1,1.9320
6.793870e+05,"Ma(d1,d2)",2D,closed,-4,-4,0,0,0,d1,1.9932
6.793870e+05,"Ma(d1,d2)",2D,closed,4,4,0,0,0,d1,1.9932
6.793876e+05,"Ma(d1,d2)",2D,closed,-4,-12,0,0,0,d1,1.9932
6.793876e+05,"Ma(d1,d2)",2D,closed,4,12,0,0,0,d1,1.9932
6.794334e+05,"Ma(d1,d4)",2D,closed,-6,0,0,-1,0,d4,1.9996
6.794334e+05,"Ma(d1,d4)",2D,closed,6,0,0,1,0,d4,1.9996
6.794535e+05,"Ma(d1,d2)",2D,closed,-4,-16,0,0,0,d1,1.9932
6.794535e+05,"Ma(d1,d2)",2D,closed,4,16,0,0,0,d1,1.9932
6.795013e+05,"Ma(d1,d4)",2D,closed,-8,0,0,-2,0,d4,1.9996
6.795013e+05,"Ma(d1,d4)",2D,closed,8,0,0,2,0,d4,1.9996
6.795613e+05,"Ma(d1,d2)",2D,closed,-4,4,0,0,0,d1,1.9932
6.795613e+05,"Ma(d1,d2)",2D,closed,4,-4,0,0,0,d1,1.9932
6.795631e+05,"Ma(d1,d2)",2D,closed,-4,-20,0,0,0,d1,1.9932
6.795631e+05,"Ma(d1,d2)",2D,closed,4,20,0,0,0,d1,1.9932
6.796372e+05,"Ma(d1,d4)",2D,closed,-12,0,0,-4,0,d4,1.9996
6.796372e+05,"Ma(d1,d4)",2D,closed,12,0,0,4,0,d4,1.9996
6.797139e+05,"Ma(d1,d2)",2D,closed,-4,8,0,0,0,d1,1.9932
6.797139e+05,"Ma(d1,d2)",2D,closed,4,-8,0,0,0,d1,1.9932
6.799102e+05,"Ma(d1,d2)",2D,closed,-4,12,0,0,0,d1,1.9932
6.799102e+05,"Ma(d1,d2)",2D,closed,4,-12,0,0,0,d1,1.9932
6.801502e+05,"Ma(d1,d2)",2D,closed,-4,16,0,0,0,d1,1.9932
6.801502e+05,"Ma(d1,d2)",2D,closed,4,-16,0,0,0,d1,1.9932
6.804337e+05,"Ma(d1,d2)",2D,closed,-4,20,0,0,0,d1,1.9932
6.804337e+05,"Ma(d1,d2)",2D,closed,4,-20,0,0,0,d1,1.9932
6.805218e+05,"Ma(d1,d2)",2D,closed,-6,-1,0,0,0,d2,1.9932
6.805218e+05,"Ma(d1,d2)",2D,closed,6,1,0,0,0,d2,1.9932
6.816808e+05,"Ma(d1,d2)",2D,closed,-8,-2,0,0,0,d2,1.9932
6.816808e+05,"Ma(d1,d2)",2D,closed,8,2,0,0,0,d2,1.9932
6.840069e+05,"Ma(d1,d2)",2D,closed,-12,-4,0,0,0,d2,1.9932
6.840069e+05,"Ma(d1,d2)",2D,closed,12,4,0,0,0,d2,1.9932
6.909147e+05,"Ma(d1,d3)",2D,closed,-6,0,-1,0,0,d3,1.9320
6.909147e+05,"Ma(d1,d3)",2D,closed,6,0,1,0,0,d3,1.9320
7.024639e+05,"Ma(d1,d3)",2D,closed,-8,0,-2,0,0,d3,1.9320
7.024639e+05,"Ma(d1,d3)",2D,closed,8,0,2,0,0,d3,1.9320
7.255623e+05,"Ma(d1,d3)",2D,closed,-12,0,-4,0,0,d3,1.9320
7.255623e+05,"Ma(d1,d3)",2D,closed,12,0,4,0,0,d3,1.9320
7.914608e+05,"Ma(d1,d3)",2D,closed,-5,0,-5,0,0,d3,1.9320
7.914608e+05,"Ma(d1,d3)",2D,closed,5,0,5,0,0,d3,1.9320
8.376576e+05,"Ma(d1,d3)",2D,closed,-3,0,1,0,0,d3,1.9320
8.376576e+05,"Ma(d1,d3)",2D,closed,3,0,-1,0,0,d3,1.9320
8.434597e+05,"Ma(d1,d2)",2D,closed,-5,-5,0,0,0,d2,1.9932
8.434597e+05,"Ma(d1,d2)",2D,closed,5,5,0,0,0,d2,1.9932
8.480530e+05,"Ma(d1,d2)",2D,closed,-3,1,0,0,0,d2,1.9932
8.480530e+05,"Ma(d1,d2)",2D,closed,3,-1,0,0,0,d2,1.9932
8.488672e+05,"Ma(d1,d4)",2D,closed,-5,0,0,-5,0,d4,1.9996
8.488672e+05,"Ma(d1,d4)",2D,closed,5,0,0,5,0,d4,1.9996
8.491389e+05,"Ma(d1,d4)",2D,closed,-3,0,0,1,0,d4,1.9996
8.491389e+05,"Ma(d1,d4)",2D,closed,3,0,0,-1,0,d4,1.9996
8.492068e+05,"Ma(d1,d5)",2D,closed,-15,0,0,0,-5,d5,2.0000
8.492068e+05,"Ma(d1,d5)",2D,closed,-7,0,0,0,-1,d5,2.0000
8.492068e+05,"Ma(d1,d4)",2D,closed,-5,0,0,-20,0,d1,1.9996
8.492068e+05,"Ma(d1,d4)",2D,closed,-5,0,0,-15,0,d1,1.9996
8.492068e+05,"Ma(d1,d4)",2D,closed,-5,0,0,-10,0,d1,1.9996
8.492068e+05,"Ma(d1,d4)",2D,closed,-5,0,0,-5,0,d1,1.9996
8.492068e+05,"Ma(d1,d5)",2D,closed,-5,0,0,0,-20,d1,2.0000
8.492068e+05,"Ma(d1,d5)",2D,closed,-5,0,0,0,-15,d1,2.0000
8.492068e+05,"Ma(d1,d5)",2D,closed,-5,0,0,0,-10,d1,2.0000
8.492068e+05,"Ma(d1,d5)",2D,closed,-5,0,0,0,-5,d1,2.0000
8.492068e+05,"Ma(d1,d5)",2D,closed,-5,0,0,0,-5,d5,2.0000
8.492068e+05,"Ma(d1,d5)",2D,closed,-5,0,0,0,5,d1,2.0000
8.492068e+05,"Ma(d1,d5)",2D,closed,-5,0,0,0,10,d1,2.0000
8.492068e+05,"Ma(d1,d5)",2D,closed,-5,0,0,0,15,d1,2.0000
8.492068e+05,"Ma(d1,d5)",2D,closed,-5,0,0,0,20,d1,2.0000
8.492068e+05,"Ma(d1,d4)",2D,closed,-5,0,0,5,0,d1,1.9996
8.492068e+05,"Ma(d1,d4)",2D,closed,-5,0,0,10,0,d1,1.9996
8.492068e+05,"Ma(d1,d4)",2D,closed,-5,0,0,15,0,d1,1.9996
8.492068e+05,"Ma(d1,d4)",2D,closed,-5,0,0,20,0,d1,1.9996
8.492068e+05,"Ma(d1,d5)",2D,closed,-3,0,0,0,1,d5,2.0000
8.492068e+05,"Ma(d1,d5)",2D,closed,3,0,0,0,-1,d5,2.0000
8.492068e+05,"Ma(d1,d4)",2D,closed,5,0,0,-20,0,d1,1.9996
8.492068e+05,"Ma(d1,d4)",2D,closed,5,0,0,-15,0,d1,1.9996
8.492068e+05,"Ma(d1,d4)",2D,closed,5,0,0,-10,0,d1,1.9996
8.492068e+05,"Ma(d1,d4)",2D,closed,5,0,0,-5,0,d1,1.9996
8.492068e+05,"Ma(d1,d5)",2D,closed,5,0,0,0,-20,d1,2.0000
8.492068e+05,"Ma(d1,d5)",2D,closed,5,0,0,0,-15,d1,2.0000
8.492068e+05,"Ma(d1,d5)",2D,closed,5,0,0,0,-10,d1,2.0000
8.492068e+05,"Ma(d1,d5)",2D,closed,5,0,0,0,-5,d1,2.0000
8.492068e+05,"Ma(d1,d5)",2D,closed,5,0,0,0,5,d1,2.0000
8.492068e+05,"Ma(d1,d5)",2D,closed,5,0,0,0,5,d5,2.0000
8.492068e+05,"Ma(d1,d5)",2D,closed,5,0,0,0,10,d1,2.0000
8.492068e+05,"Ma(d1,d5)",2D,closed,5,0,0,0,15,d1,2.0000
8.492068e+05,"Ma(d1,d5)",2D,closed,5,0,0,0,20,d1,2.0000
8.492068e+05,"Ma(d1,d4)",2D,closed,5,0,0,5,0,d1,1.9996
8.492068e+05,"Ma(d1,d4)",2D,closed,5,0,0,10,0,d1,1.9996
8.492068e+05,"Ma(d1,d4)",2D,closed,5,0,0,15,0,d1,1.9996
8.492068e+05,"Ma(d1,d4)",2D,closed,5,0,0,20,0,d1,1.9996
8.492068e+05,"Ma(d1,d5)",2D,closed,7,0,0,0,1,d5,2.0000
8.492068e+05,"Ma(d1,d5)",2D,closed,15,0,0,0,5,d5,2.0000
8.492068e+05,Ma(d1),1D,closed,-5,0,0,0,0,,
8.492068e+05,Ma(d1),1D,closed,5,0,0,0,0,,
8.492068e+05,"Ma(d1,d3)",2D,closed,-5,0,-10,0,0,d1,1.9320
8.492068e+05,"Ma(d1,d3)",2D,closed,5,0,10,0,0,d1,1.9320
8.492068e+05,"Ma(d1,d3)",2D,closed,-5,0,-5,0,0,d1,1.9320
8.492068e+05,"Ma(d1,d3)",2D,closed,5,0,5,0,0,d1,1.9320
8.492068e+05,"Ma(d1,d3)",2D,closed,-5,0,-15,0,0,d1,1.9320
8.492068e+05,"Ma(d1,d3)",2D,closed,5,0,15,0,0,d1,1.9320
8.492068e+05,"Ma(d1,d2)",2D,closed,-5,-10,0,0,0,d1,1.9932
8.492068e+05,"Ma(d1,d2)",2D,closed,5,10,0,0,0,d1,1.9932
8.492068e+05,"Ma(d1,d3)",2D,closed,-5,0,-20,0,0,d1,1.9320
8.492068e+05,"Ma(d1,d3)",2D,closed,5,0,20,0,0,d1,1.9320
8.492068e+05,"Ma(d1,d3)",2D,closed,-5,0,5,0,0,d1,1.9320
8.492068e+05,"Ma(d1,d3)",2D,closed,5,0,-5,0,0,d1,1.9320
8.492068e+05,"Ma(d1,d3)",2D,closed,-5,0,10,0,0,d1,1.9320
8.492068e+05,"Ma(d1,d3)",2D,closed,5,0,-10,0,0,d1,1.9320
8.492069e+05,"Ma(d1,d3)",2D,closed,-5,0,15,0,0,d1,1.9320
8.492069e+05,"Ma(d1,d3)",2D,closed,5,0,-15,0,0,d1,1.9320
8.492069e+05,"Ma(d1,d3)",2D,closed,-5,0,20,0,0,d1,1.9320
8.492069e+05,"Ma(d1,d3)",2D,closed,5,0,-20,0,0,d1,1.9320
8.492338e+05,"Ma(d1,d2)",2D,closed,-5,-5,0,0,0,d1,1.9932
8.492338e+05,"Ma(d1,d2)",2D,closed,5,5,0,0,0,d1,1.9932
8.492345e+05,"Ma(d1,d2)",2D,closed,-5,-15,0,0,0,d1,1.9932
8.492345e+05,"Ma(d1,d2)",2D,closed,5,15,0,0,0,d1,1.9932
8.492748e+05,"Ma(d1,d4)",2D,closed,-7,0,0,-1,0,d4,1.9996
8.492748e+05,"Ma(d1,d4)",2D,closed,7,0,0,1,0,d4,1.9996
8.493169e+05,"Ma(d1,d2)",2D,closed,-5,-20,0,0,0,d1,1.9932
8.493169e+05,"Ma(d1,d2)",2D,closed,5,20,0,0,0,d1,1.9932
8.494516e+05,"Ma(d1,d2)",2D,closed,-5,5,0,0,0,d1,1.9932
8.494516e+05,"Ma(d1,d2)",2D,closed,5,-5,0,0,0,d1,1.9932
8.495465e+05,"Ma(d1,d4)",2D,closed,-15,0,0,-5,0,d4,1.9996
8.495465e+05,"Ma(d1,d4)",2D,closed,15,0,0,5,0,d4,1.9996
8.496424e+05,"Ma(d1,d2)",2D,closed,-5,10,0,0,0,d1,1.9932
8.496424e+05,"Ma(d1,d2)",2D,closed,5,-10,0,0,0,d1,1.9932
8.498878e+05,"Ma(d1,d2)",2D,closed,-5,15,0,0,0,d1,1.9932
8.498878e+05,"Ma(d1,d2)",2D,closed,5,-15,0,0,0,d1,1.9932
8.501877e+05,"Ma(d1,d2)",2D,closed,-5,20,0,0,0,d1,1.9932
8.501877e+05,"Ma(d1,d2)",2D,closed,5,-20,0,0,0,d1,1.9932
8.503629e+05,"Ma(d1,d2)",2D,closed,-7,-1,0,0,0,d2,1.9932
8.503629e+05,"Ma(d1,d2)",2D,closed,7,1,0,0,0,d2,1.9932
8.550086e+05,"Ma(d1,d2)",2D,closed,-15,-5,0,0,0,d2,1.9932
8.550086e+05,"Ma(d1,d2)",2D,closed,15,5,0,0,0,d2,1.9932
8.607561e+05,"Ma(d1,d3)",2D,closed,-7,0,-1,0,0,d3,1.9320
8.607561e+05,"Ma(d1,d3)",2D,closed,7,0,1,0,0,d3,1.9320
9.069529e+05,"Ma(d1,d3)",2D,closed,-15,0,-5,0,0,d3,1.9320
9.069529e+05,"Ma(d1,d3)",2D,closed,15,0,5,0,0,d3,1.9320
9.497529e+05,"Ma(d1,d3)",2D,closed,-6,0,-6,0,0,d3,1.9320
9.497529e+05,"Ma(d1,d3)",2D,closed,6,0,6,0,0,d3,1.9320
9.959498e+05,"Ma(d1,d3)",2D,closed,-2,0,2,0,0,d3,1.9320
9.959498e+05,"Ma(d1,d3)",2D,closed,2,0,-2,0,0,d3,1.9320
1.007499e+06,"Ma(d1,d3)",2D,closed,-4,0,1,0,0,d3,1.9320
1.007499e+06,"Ma(d1,d3)",2D,closed,4,0,-1,0,0,d3,1.9320
1.012152e+06,"Ma(d1,d2)",2D,closed,-6,-6,0,0,0,d2,1.9932
1.012152e+06,"Ma(d1,d2)",2D,closed,6,6,0,0,0,d2,1.9932
1.016742e+06,"Ma(d1,d2)",2D,closed,-2,2,0,0,0,d2,1.9932
1.016742e+06,"Ma(d1,d2)",2D,closed,2,-2,0,0,0,d2,1.9932
1.017894e+06,"Ma(d1,d2)",2D,closed,-4,1,0,0,0,d2,1.9932
1.017894e+06,"Ma(d1,d2)",2D,closed,4,-1,0,0,0,d2,1.9932
1.018641e+06,"Ma(d1,d4)",2D,closed,-6,0,0,-6,0,d4,1.9996
1.018641e+06,"Ma(d1,d4)",2D,closed,6,0,0,6,0,d4,1.9996
1.018912e+06,"Ma(d1,d4)",2D,closed,-2,0,0,2,0,d4,1.9996
1.018912e+06,"Ma(d1,d4)",2D,closed,2,0,0,-2,0,d4,1.9996
1.018980e+06,"Ma(d1,d4)",2D,closed,-4,0,0,1,0,d4,1.9996
1.018980e+06,"Ma(d1,d4)",2D,closed,4,0,0,-1,0,d4,1.9996
1.019048e+06,"Ma(d1,d5)",2D,closed,-18,0,0,0,-6,d5,2.0000
1.019048e+06,"Ma(d1,d5)",2D,closed,-12,0,0,0,-3,d5,2.0000
1.019048e+06,"Ma(d1,d5)",2D,closed,-10,0,0,0,-2,d5,2.0000
1.019048e+06,"Ma(d1,d5)",2D,closed,-8,0,0,0,-1,d5,2.0000
1.019048e+06,"Ma(d1,d4)",2D,closed,-6,0,0,-18,0,d1,1.9996
1.019048e+06,"Ma(d1,d4)",2D,closed,-6,0,0,-12,0,d1,1.9996
1.019048e+06,"Ma(d1,d4)",2D,closed,-6,0,0,-6,0,d1,1.9996
1.019048e+06,"Ma(d1,d5)",2D,closed,-6,0,0,0,-18,d1,2.0000
1.019048e+06,"Ma(d1,d5)",2D,closed,-6,0,0,0,-12,d1,2.0000
1.019048e+06,"Ma(d1,d5)",2D,closed,-6,0,0,0,-6,d1,2.0000
1.019048e+06,"Ma(d1,d5)",2D,closed,-6,0,0,0,-6,d5,2.0000
1.019048e+06,Ma(d1),1D,closed,-6,0,0,0,0,,
1.019048e+06,"Ma(d1,d5)",2D,closed,-6,0,0,0,6,d1,2.0000
1.019048e+06,"Ma(d1,d5)",2D,closed,-6,0,0,0,12,d1,2.0000
1.019048e+06,"Ma(d1,d5)",2D,closed,-6,0,0,0,18,d1,2.0000
1.019048e+06,"Ma(d1,d4)",2D,closed,-6,0,0,6,0,d1,1.9996
1.019048e+06,"Ma(d1,d4)",2D,closed,-6,0,0,12,0,d1,1.9996
1.019048e+06,"Ma(d1,d4)",2D,closed,-6,0,0,18,0,d1,1.9996
1.019048e+06,"Ma(d1,d5)",2D,closed,-4,0,0,0,1,d5,2.0000
1.019048e+06,"Ma(d1,d5)",2D,closed,-2,0,0,0,2,d5,2.0000
1.019048e+06,"Ma(d1,d5)",2D,closed,2,0,0,0,-2,d5,2.0000
1.019048e+06,"Ma(d1,d5)",2D,closed,4,0,0,0,-1,d5,2.0000
1.019048e+06,"Ma(d1,d4)",2D,closed,6,0,0,-18,0,d1,1.9996
1.019048e+06,"Ma(d1,d4)",2D,closed,6,0,0,-12,0,d1,1.9996
1.019048e+06,"Ma(d1,d4)",2D,closed,6,0,0,-6,0,d1,1.9996
1.019048e+06,"Ma(d1,d5)",2D,closed,6,0,0,0,-18,d1,2.0000
1.019048e+06,"Ma(d1,d5)",2D,closed,6,0,0,0,-12,d1,2.0000
1.019048e+06,"Ma(d1,d5)",2D,closed,6,0,0,0,-6,d1,2.0000
1.019048e+06,Ma(d1),1D,closed,6,0,0,0,0,,
1.019048e+06,"Ma(d1,d5)",2D,closed,6,0,0,0,6,d1,2.0000
1.019048e+06,"Ma(d1,d5)",2D,closed,6,0,0,0,6,d5,2.0000
1.019048e+06,"Ma(d1,d5)",2D,closed,6,0,0,0,12,d1,2.0000
1.019048e+06,"Ma(d1,d5)",2D,closed,6,0,0,0,18,d1,2.0000
1.019048e+06,"Ma(d1,d4)",2D,closed,6,0,0,6,0,d1,1.9996
1.019048e+06,"Ma(d1,d4)",2D,closed,6,0,0,12,0,d1,1.9996
1.019048e+06,"Ma(d1,d4)",2D,closed,6,0,0,18,0,d1,1.9996
1.019048e+06,"Ma(d1,d5)",2D,closed,8,0,0,0,1,d5,2.0000
1.019048e+06,"Ma(d1,d5)",2D,closed,10,0,0,0,2,d5,2.0000
1.019048e+06,"Ma(d1,d5)",2D,closed,12,0,0,0,3,d5,2.0000
1.019048e+06,"Ma(d1,d5)",2D,closed,18,0,0,0,6,d5,2.0000
1.019048e+06,"Ma(d1,d3)",2D,closed,-6,0,-12,0,0,d1,1.9320
1.019048e+06,"Ma(d1,d3)",2D,closed,6,0,12,0,0,d1,1.9320
1.019048e+06,"Ma(d1,d3)",2D,closed,-6,0,-6,0,0,d1,1.9320
1.019048e+06,"Ma(d1,d3)",2D,closed,6,0,6,0,0,d1,1.9320
1.019048e+06,"Ma(d1,d3)",2D,closed,-6,0,-18,0,0,d1,1.9320
1.019048e+06,"Ma(d1,d3)",2D,closed,6,0,18,0,0,d1,1.9320
1.019048e+06,"Ma(d1,d2)",2D,closed,-6,-12,0,0,0,d1,1.9932
1.019048e+06,"Ma(d1,d2)",2D,closed,6,12,0,0,0,d1,1.9932
1.019048e+06,"Ma(d1,d3)",2D,closed,-6,0,6,0,0,d1,1.9320
1.019048e+06,"Ma(d1,d3)",2D,closed,6,0,-6,0,0,d1,1.9320
1.019048e+06,"Ma(d1,d3)",2D,closed,-6,0,12,0,0,d1,1.9320
1.019048e+06,"Ma(d1,d3)",2D,closed,6,0,-12,0,0,d1,1.9320
1.019048e+06,"Ma(d1,d3)",2D,closed,-6,0,18,0,0,d1,1.9320
1.019048e+06,"Ma(d1,d3)",2D,closed,6,0,-18,0,0,d1,1.9320
1.019081e+06,"Ma(d1,d2)",2D,closed,-6,-6,0,0,0,d1,1.9932
1.019081e+06,"Ma(d1,d2)",2D,closed,6,6,0,0,0,d1,1.9932
1.019081e+06,"Ma(d1,d2)",2D,closed,-6,-18,0,0,0,d1,1.9932
1.019081e+06,"Ma(d1,d2)",2D,closed,6,18,0,0,0,d1,1.9932
1.019116e+06,"Ma(d1,d4)",2D,closed,-8,0,0,-1,0,d4,1.9996
1.019116e+06,"Ma(d1,d4)",2D,closed,8,0,0,1,0,d4,1.9996
1.019184e+06,"Ma(d1,d4)",2D,closed,-10,0,0,-2,0,d4,1.9996
1.019184e+06,"Ma(d1,d4)",2D,closed,10,0,0,2,0,d4,1.9996
1.019252e+06,"Ma(d1,d4)",2D,closed,-12,0,0,-3,0,d4,1.9996
1.019252e+06,"Ma(d1,d4)",2D,closed,12,0,0,3,0,d4,1.9996
1.019342e+06,"Ma(d1,d2)",2D,closed,-6,6,0,0,0,d1,1.9932
1.019342e+06,"Ma(d1,d2)",2D,closed,6,-6,0,0,0,d1,1.9932
1.019456e+06,"Ma(d1,d4)",2D,closed,-18,0,0,-6,0,d4,1.9996
1.019456e+06,"Ma(d1,d4)",2D,closed,18,0,0,6,0,d4,1.9996
1.019571e+06,"Ma(d1,d2)",2D,closed,-6,12,0,0,0,d1,1.9932
1.019571e+06,"Ma(d1,d2)",2D,closed,6,-12,0,0,0,d1,1.9932
1.019865e+06,"Ma(d1,d2)",2D,closed,-6,18,0,0,0,d1,1.9932
1.019865e+06,"Ma(d1,d2)",2D,closed,6,-18,0,0,0,d1,1.9932
1.020204e+06,"Ma(d1,d2)",2D,closed,-8,-1,0,0,0,d2,1.9932
1.020204e+06,"Ma(d1,d2)",2D,closed,8,1,0,0,0,d2,1.9932
1.021362e+06,"Ma(d1,d2)",2D,closed,-10,-2,0,0,0,d2,1.9932
1.021362e+06,"Ma(d1,d2)",2D,closed,10,2,0,0,0,d2,1.9932
1.022521e+06,"Ma(d1,d2)",2D,closed,-12,-3,0,0,0,d2,1.9932
1.022521e+06,"Ma(d1,d2)",2D,closed,12,3,0,0,0,d2,1.9932
1.026010e+06,"Ma(d1,d2)",2D,closed,-18,-6,0,0,0,d2,1.9932
1.026010e+06,"Ma(d1,d2)",2D,closed,18,6,0,0,0,d2,1.9932
1.030597e+06,"Ma(d1,d3)",2D,closed,-8,0,-1,0,0,d3,1.9320
1.030597e+06,"Ma(d1,d3)",2D,closed,8,0,1,0,0,d3,1.9320
1.042147e+06,"Ma(d1,d3)",2D,closed,-10,0,-2,0,0,d3,1.9320
1.042147e+06,"Ma(d1,d3)",2D,closed,10,0,2,0,0,d3,1.9320
1.053696e+06,"Ma(d1,d3)",2D,closed,-12,0,-3,0,0,d3,1.9320
1.053696e+06,"Ma(d1,d3)",2D,closed,12,0,3,0,0,d3,1.9320
1.088343e+06,"Ma(d1,d3)",2D,closed,-18,0,-6,0,0,d3,1.9320
1.088343e+06,"Ma(d1,d3)",2D,closed,18,0,6,0,0,d3,1.9320
1.108045e+06,"Ma(d1,d3)",2D,closed,-7,0,-7,0,0,d3,1.9320
1.108045e+06,"Ma(d1,d3)",2D,closed,7,0,7,0,0,d3,1.9320
1.177340e+06,"Ma(d1,d3)",2D,closed,-5,0,1,0,0,d3,1.9320
1.177340e+06,"Ma(d1,d3)",2D,closed,5,0,-1,0,0,d3,1.9320
1.180844e+06,"Ma(d1,d2)",2D,closed,-7,-7,0,0,0,d2,1.9932
1.180844e+06,"Ma(d1,d2)",2D,closed,7,7,0,0,0,d2,1.9932
1.187735e+06,"Ma(d1,d2)",2D,closed,-5,1,0,0,0,d2,1.9932
1.187735e+06,"Ma(d1,d2)",2D,closed,5,-1,0,0,0,d2,1.9932
1.188414e+06,"Ma(d1,d4)",2D,closed,-7,0,0,-7,0,d4,1.9996
1.188414e+06,"Ma(d1,d4)",2D,closed,7,0,0,7,0,d4,1.9996
1.188822e+06,"Ma(d1,d4)",2D,closed,-5,0,0,1,0,d4,1.9996
1.188822e+06,"Ma(d1,d4)",2D,closed,5,0,0,-1,0,d4,1.9996
1.188890e+06,"Ma(d1,d5)",2D,closed,-9,0,0,0,-1,d5,2.0000
1.188890e+06,"Ma(d1,d4)",2D,closed,-7,0,0,-14,0,d1,1.9996
1.188890e+06,"Ma(d1,d4)",2D,closed,-7,0,0,-7,0,d1,1.9996
1.188890e+06,"Ma(d1,d5)",2D,closed,-7,0,0,0,-14,d1,2.0000
1.188890e+06,"Ma(d1,d5)",2D,closed,-7,0,0,0,-7,d1,2.0000
1.188890e+06,"Ma(d1,d5)",2D,closed,-7,0,0,0,-7,d5,2.0000
1.188890e+06,Ma(d1),1D,closed,-7,0,0,0,0,,
1.188890e+06,"Ma(d1,d5)",2D,closed,-7,0,0,0,7,d1,2.0000
1.188890e+06,"Ma(d1,d5)",2D,closed,-7,0,0,0,14,d1,2.0000
1.188890e+06,"Ma(d1,d4)",2D,closed,-7,0,0,7,0,d1,1.9996
1.188890e+06,"Ma(d1,d4)",2D,closed,-7,0,0,14,0,d1,1.9996
1.188890e+06,"Ma(d1,d5)",2D,closed,-5,0,0,0,1,d5,2.0000
1.188890e+06,"Ma(d1,d5)",2D,closed,5,0,0,0,-1,d5,2.0000
1.188890e+06,"Ma(d1,d4)",2D,closed,7,0,0,-14,0,d1,1.9996
1.188890e+06,"Ma(d1,d4)",2D,closed,7,0,0,-7,0,d1,1.9996
1.188890e+06,"Ma(d1,d5)",2D,closed,7,0,0,0,-14,d1,2.0000
1.188890e+06,"Ma(d1,d5)",2D,closed,7,0,0,0,-7,d1,2.0000
1.188890e+06,Ma(d1),1D,closed,7,0,0,0,0,,
1.188890e+06,"Ma(d1,d5)",2D,closed,7,0,0,0,7,d1,2.0000
1.188890e+06,"Ma(d1,d5)",2D,closed,7,0,0,0,7,d5,2.0000
1.188890e+06,"Ma(d1,d5)",2D,closed,7,0,0,0,14,d1,2.0000
1.188890e+06,"Ma(d1,d4)",2D,closed,7,0,0,7,0,d1,1.9996
1.188890e+06,"Ma(d1,d4)",2D,closed,7,0,0,14,0,d1,1.9996
1.188890e+06,"Ma(d1,d5)",2D,closed,9,0,0,0,1,d5,2.0000
1.188890e+06,"Ma(d1,d3)",2D,closed,-7,0,-14,0,0,d1,1.9320
1.188890e+06,"Ma(d1,d3)",2D,closed,7,0,14,0,0,d1,1.9320
1.188890e+06,"Ma(d1,d3)",2D,closed,-7,0,-7,0,0,d1,1.9320
1.188890e+06,"Ma(d1,d3)",2D,closed,7,0,7,0,0,d1,1.9320
1.188890e+06,"Ma(d1,d2)",2D,closed,-7,-14,0,0,0,d1,1.9932
1.188890e+06,"Ma(d1,d2)",2D,closed,7,14,0,0,0,d1,1.9932
1.188890e+06,"Ma(d1,d3)",2D,closed,-7,0,7,0,0,d1,1.9320
1.188890e+06,"Ma(d1,d3)",2D,closed,7,0,-7,0,0,d1,1.9320
1.188890e+06,"Ma(d1,d3)",2D,closed,-7,0,14,0,0,d1,1.9320
1.188890e+06,"Ma(d1,d3)",2D,closed,7,0,-14,0,0,d1,1.9320
1.188927e+06,"Ma(d1,d2)",2D,closed,-7,-7,0,0,0,d1,1.9932
1.188927e+06,"Ma(d1,d2)",2D,closed,7,7,0,0,0,d1,1.9932
1.188958e+06,"Ma(d1,d4)",2D,closed,-9,0,0,-1,0,d4,1.9996
1.188958e+06,"Ma(d1,d4)",2D,closed,9,0,0,1,0,d4,1.9996
1.189232e+06,"Ma(d1,d2)",2D,closed,-7,7,0,0,0,d1,1.9932
1.189232e+06,"Ma(d1,d2)",2D,closed,7,-7,0,0,0,d1,1.9932
1.189499e+06,"Ma(d1,d2)",2D,closed,-7,14,0,0,0,d1,1.9932
1.189499e+06,"Ma(d1,d2)",2D,closed,7,-14,0,0,0,d1,1.9932
1.190045e+06,"Ma(d1,d2)",2D,closed,-9,-1,0,0,0,d2,1.9932
1.190045e+06,"Ma(d1,d2)",2D,closed,9,1,0,0,0,d2,1.9932
1.200439e+06,"Ma(d1,d3)",2D,closed,-9,0,-1,0,0,d3,1.9320
1.200439e+06,"Ma(d1,d3)",2D,closed,9,0,1,0,0,d3,1.9320
1.266337e+06,"Ma(d1,d3)",2D,closed,-8,0,-8,0,0,d3,1.9320
1.266337e+06,"Ma(d1,d3)",2D,closed,8,0,8,0,0,d3,1.9320
1.335633e+06,"Ma(d1,d3)",2D,closed,-4,0,2,0,0,d3,1.9320
1.335633e+06,"Ma(d1,d3)",2D,closed,4,0,-2,0,0,d3,1.9320
1.347182e+06,"Ma(d1,d3)",2D,closed,-6,0,1,0,0,d3,1.9320
1.347182e+06,"Ma(d1,d3)",2D,closed,6,0,-1,0,0,d3,1.9320
1.349536e+06,"Ma(d1,d2)",2D,closed,-8,-8,0,0,0,d2,1.9932
1.349536e+06,"Ma(d1,d2)",2D,closed,8,8,0,0,0,d2,1.9932
1.356424e+06,"Ma(d1,d2)",2D,closed,-4,2,0,0,0,d2,1.9932
1.356424e+06,"Ma(d1,d2)",2D,closed,4,-2,0,0,0,d2,1.9932
1.357577e+06,"Ma(d1,d2)",2D,closed,-6,1,0,0,0,d2,1.9932
1.357577e+06,"Ma(d1,d2)",2D,closed,6,-1,0,0,0,d2,1.9932
1.358187e+06,"Ma(d1,d4)",2D,closed,-8,0,0,-8,0,d4,1.9996
1.358187e+06,"Ma(d1,d4)",2D,closed,8,0,0,8,0,d4,1.9996
1.358595e+06,"Ma(d1,d4)",2D,closed,-4,0,0,2,0,d4,1.9996
1.358595e+06,"Ma(d1,d4)",2D,closed,4,0,0,-2,0,d4,1.9996
1.358663e+06,"Ma(d1,d4)",2D,closed,-6,0,0,1,0,d4,1.9996
1.358663e+06,"Ma(d1,d4)",2D,closed,6,0,0,-1,0,d4,1.9996
1.358731e+06,"Ma(d1,d5)",2D,closed,-16,0,0,0,-4,d5,2.0000
1.358731e+06,"Ma(d1,d5)",2D,closed,-12,0,0,0,-2,d5,2.0000
1.358731e+06,"Ma(d1,d5)",2D,closed,-10,0,0,0,-1,d5,2.0000
1.358731e+06,"Ma(d1,d4)",2D,closed,-8,0,0,-16,0,d1,1.9996
1.358731e+06,"Ma(d1,d4)",2D,closed,-8,0,0,-8,0,d1,1.9996
1.358731e+06,"Ma(d1,d5)",2D,closed,-8,0,0,0,-16,d1,2.0000
1.358731e+06,"Ma(d1,d5)",2D,closed,-8,0,0,0,-8,d1,2.0000
1.358731e+06,"Ma(d1,d5)",2D,closed,-8,0,0,0,-8,d5,2.0000
1.358731e+06,Ma(d1),1D,closed,-8,0,0,0,0,,
1.358731e+06,"Ma(d1,d5)",2D,closed,-8,0,0,0,8,d1,2.0000
1.358731e+06,"Ma(d1,d5)",2D,closed,-8,0,0,0,16,d1,2.0000
1.358731e+06,"Ma(d1,d4)",2D,closed,-8,0,0,8,0,d1,1.9996
1.358731e+06,"Ma(d1,d4)",2D,closed,-8,0,0,16,0,d1,1.9996
1.358731e+06,"Ma(d1,d5)",2D,closed,-6,0,0,0,1,d5,2.0000
1.358731e+06,"Ma(d1,d5)",2D,closed,-4,0,0,0,2,d5,2.0000
1.358731e+06,"Ma(d1,d5)",2D,closed,4,0,0,0,-2,d5,2.0000
1.358731e+06,"Ma(d1,d5)",2D,closed,6,0,0,0,-1,d5,2.0000
1.358731e+06,"Ma(d1,d4)",2D,closed,8,0,0,-16,0,d1,1.9996
1.358731e+06,"Ma(d1,d4)",2D,closed,8,0,0,-8,0,d1,1.9996
1.358731e+06,"Ma(d1,d5)",2D,closed,8,0,0,0,-16,d1,2.0000
1.358731e+06,"Ma(d1,d5)",2D,closed,8,0,0,0,-8,d1,2.0000
1.358731e+06,Ma(d1),1D,closed,8,0,0,0,0,,
1.358731e+06,"Ma(d1,d5)",2D,closed,8,0,0,0,8,d1,2.0000
1.358731e+06,"Ma(d1,d5)",2D,closed,8,0,0,0,8,d5,2.0000
1.358731e+06,"Ma(d1,d5)",2D,closed,8,0,0,0,16,d1,2.0000
1.358731e+06,"Ma(d1,d4)",2D,closed,8,0,0,8,0,d1,1.9996
1.358731e+06,"Ma(d1,d4)",2D,closed,8,0,0,16,0,d1,1.9996
1.358731e+06,"Ma(d1,d5)",2D,closed,10,0,0,0,1,d5,2.0000
1.358731e+06,"Ma(d1,d5)",2D,closed,12,0,0,0,2,d5,2.0000
1.358731e+06,"Ma(d1,d5)",2D,closed,16,0,0,0,4,d5,2.0000
1.358731e+06,"Ma(d1,d3)",2D,closed,-8,0,-16,0,0,d1,1.9320
1.358731e+06,"Ma(d1,d3)",2D,closed,8,0,16,0,0,d1,1.9320
1.358731e+06,"Ma(d1,d3)",2D,closed,-8,0,-8,0,0,d1,1.9320
1.358731e+06,"Ma(d1,d3)",2D,closed,8,0,8,0,0,d1,1.9320
1.358731e+06,"Ma(d1,d2)",2D,closed,-8,-16,0,0,0,d1,1.9932
1.358731e+06,"Ma(d1,d2)",2D,closed,8,16,0,0,0,d1,1.9932
1.358731e+06,"Ma(d1,d3)",2D,closed,-8,0,8,0,0,d1,1.9320
1.358731e+06,"Ma(d1,d3)",2D,closed,8,0,-8,0,0,d1,1.9320
1.358731e+06,"Ma(d1,d3)",2D,closed,-8,0,16,0,0,d1,1.9320
1.358731e+06,"Ma(d1,d3)",2D,closed,8,0,-16,0,0,d1,1.9320
1.358774e+06,"Ma(d1,d2)",2D,closed,-8,-8,0,0,0,d1,1.9932
1.358774e+06,"Ma(d1,d2)",2D,closed,8,8,0,0,0,d1,1.9932
1.358799e+06,"Ma(d1,d4)",2D,closed,-10,0,0,-1,0,d4,1.9996
1.358799e+06,"Ma(d1,d4)",2D,closed,10,0,0,1,0,d4,1.9996
1.358867e+06,"Ma(d1,d4)",2D,closed,-12,0,0,-2,0,d4,1.9996
1.358867e+06,"Ma(d1,d4)",2D,closed,12,0,0,2,0,d4,1.9996
1.359003e+06,"Ma(d1,d4)",2D,closed,-16,0,0,-4,0,d4,1.9996
1.359003e+06,"Ma(d1,d4)",2D,closed,16,0,0,4,0,d4,1.9996
1.359123e+06,"Ma(d1,d2)",2D,closed,-8,8,0,0,0,d1,1.9932
1.359123e+06,"Ma(d1,d2)",2D,closed,8,-8,0,0,0,d1,1.9932
1.359428e+06,"Ma(d1,d2)",2D,closed,-8,16,0,0,0,d1,1.9932
1.359428e+06,"Ma(d1,d2)",2D,closed,8,-16,0,0,0,d1,1.9932
1.359887e+06,"Ma(d1,d2)",2D,closed,-10,-1,0,0,0,d2,1.9932
1.359887e+06,"Ma(d1,d2)",2D,closed,10,1,0,0,0,d2,1.9932
1.361044e+06,"Ma(d1,d2)",2D,closed,-12,-2,0,0,0,d2,1.9932
1.361044e+06,"Ma(d1,d2)",2D,closed,12,2,0,0,0,d2,1.9932
1.363362e+06,"Ma(d1,d2)",2D,closed,-16,-4,0,0,0,d2,1.9932
1.363362e+06,"Ma(d1,d2)",2D,closed,16,4,0,0,0,d2,1.9932
1.370280e+06,"Ma(d1,d3)",2D,closed,-10,0,-1,0,0,d3,1.9320
1.370280e+06,"Ma(d1,d3)",2D,closed,10,0,1,0,0,d3,1.9320
1.381829e+06,"Ma(d1,d3)",2D,closed,-12,0,-2,0,0,d3,1.9320
1.381829e+06,"Ma(d1,d3)",2D,closed,12,0,2,0,0,d3,1.9320
1.404928e+06,"Ma(d1,d3)",2D,closed,-16,0,-4,0,0,d3,1.9320
1.404928e+06,"Ma(d1,d3)",2D,closed,16,0,4,0,0,d3,1.9320
1.424629e+06,"Ma(d1,d3)",2D,closed,-9,0,-9,0,0,d3,1.9320
1.424629e+06,"Ma(d1,d3)",2D,closed,9,0,9,0,0,d3,1.9320
1.493925e+06,"Ma(d1,d3)",2D,closed,-3,0,3,0,0,d3,1.9320
1.493925e+06,"Ma(d1,d3)",2D,closed,3,0,-3,0,0,d3,1.9320
1.517023e+06,"Ma(d1,d3)",2D,closed,-7,0,1,0,0,d3,1.9320
1.517023e+06,"Ma(d1,d3)",2D,closed,7,0,-1,0,0,d3,1.9320
1.518228e+06,"Ma(d1,d2)",2D,closed,-9,-9,0,0,0,d2,1.9932
1.518228e+06,"Ma(d1,d2)",2D,closed,9,9,0,0,0,d2,1.9932
1.525113e+06,"Ma(d1,d2)",2D,closed,-3,3,0,0,0,d2,1.9932
1.525113e+06,"Ma(d1,d2)",2D,closed,3,-3,0,0,0,d2,1.9932
1.527418e+06,"Ma(d1,d2)",2D,closed,-7,1,0,0,0,d2,1.9932
1.527418e+06,"Ma(d1,d2)",2D,closed,7,-1,0,0,0,d2,1.9932
1.527961e+06,"Ma(d1,d4)",2D,closed,-9,0,0,-9,0,d4,1.9996
1.527961e+06,"Ma(d1,d4)",2D,closed,9,0,0,9,0,d4,1.9996
1.528368e+06,"Ma(d1,d4)",2D,closed,-3,0,0,3,0,d4,1.9996
1.528368e+06,"Ma(d1,d4)",2D,closed,3,0,0,-3,0,d4,1.9996
1.528504e+06,"Ma(d1,d4)",2D,closed,-7,0,0,1,0,d4,1.9996
1.528504e+06,"Ma(d1,d4)",2D,closed,7,0,0,-1,0,d4,1.9996
1.528572e+06,"Ma(d1,d5)",2D,closed,-15,0,0,0,-3,d5,2.0000
1.528572e+06,"Ma(d1,d5)",2D,closed,-11,0,0,0,-1,d5,2.0000
1.528572e+06,"Ma(d1,d4)",2D,closed,-9,0,0,-18,0,d1,1.9996
1.528572e+06,"Ma(d1,d4)",2D,closed,-9,0,0,-9,0,d1,1.9996
1.528572e+06,"Ma(d1,d5)",2D,closed,-9,0,0,0,-18,d1,2.0000
1.528572e+06,"Ma(d1,d5)",2D,closed,-9,0,0,0,-9,d1,2.0000
1.528572e+06,"Ma(d1,d5)",2D,closed,-9,0,0,0,-9,d5,2.0000
1.528572e+06,Ma(d1),1D,closed,-9,0,0,0,0,,
1.528572e+06,"Ma(d1,d5)",2D,closed,-9,0,0,0,9,d1,2.0000
1.528572e+06,"Ma(d1,d5)",2D,closed,-9,0,0,0,18,d1,2.0000
1.528572e+06,"Ma(d1,d4)",2D,closed,-9,0,0,9,0,d1,1.9996
1.528572e+06,"Ma(d1,d4)",2D,closed,-9,0,0,18,0,d1,1.9996
1.528572e+06,"Ma(d1,d5)",2D,closed,-7,0,0,0,1,d5,2.0000
1.528572e+06,"Ma(d1,d5)",2D,closed,-3,0,0,0,3,d5,2.0000
1.528572e+06,"Ma(d1,d5)",2D,closed,3,0,0,0,-3,d5,2.0000
1.528572e+06,"Ma(d1,d5)",2D,closed,7,0,0,0,-1,d5,2.0000
1.528572e+06,"Ma(d1,d4)",2D,closed,9,0,0,-18,0,d1,1.9996
1.528572e+06,"Ma(d1,d4)",2D,closed,9,0,0,-9,0,d1,1.9996
1.528572e+06,"Ma(d1,d5)",2D,closed,9,0,0,0,-18,d1,2.0000
1.528572e+06,"Ma(d1,d5)",2D,closed,9,0,0,0,-9,d1,2.0000
1.528572e+06,Ma(d1),1D,closed,9,0,0,0,0,,
1.528572e+06,"Ma(d1,d5)",2D,closed,9,0,0,0,9,d1,2.0000
1.528572e+06,"Ma(d1,d5)",2D,closed,9,0,0,0,9,d5,2.0000
1.528572e+06,"Ma(d1,d5)",2D,closed,9,0,0,0,18,d1,2.0000
1.528572e+06,"Ma(d1,d4)",2D,closed,9,0,0,9,0,d1,1.9996
1.528572e+06,"Ma(d1,d4)",2D,closed,9,0,0,18,0,d1,1.9996
1.528572e+06,"Ma(d1,d5)",2D,closed,11,0,0,0,1,d5,2.0000
1.528572e+06,"Ma(d1,d5)",2D,closed,15,0,0,0,3,d5,2.0000
1.528572e+06,"Ma(d1,d3)",2D,closed,-9,0,-18,0,0,d1,1.9320
1.528572e+06,"Ma(d1,d3)",2D,closed,9,0,18,0,0,d1,1.9320
1.528572e+06,"Ma(d1,d3)",2D,closed,-9,0,-9,0,0,d1,1.9320
1.528572e+06,"Ma(d1,d3)",2D,closed,9,0,9,0,0,d1,1.9320
1.528572e+06,"Ma(d1,d2)",2D,closed,-9,-18,0,0,0,d1,1.9932
1.528572e+06,"Ma(d1,d2)",2D,closed,9,18,0,0,0,d1,1.9932
1.528572e+06,"Ma(d1,d3)",2D,closed,-9,0,9,0,0,d1,1.9320
1.528572e+06,"Ma(d1,d3)",2D,closed,9,0,-9,0,0,d1,1.9320
1.528572e+06,"Ma(d1,d3)",2D,closed,-9,0,18,0,0,d1,1.9320
1.528572e+06,"Ma(d1,d3)",2D,closed,9,0,-18,0,0,d1,1.9320
1.528621e+06,"Ma(d1,d2)",2D,closed,-9,-9,0,0,0,d1,1.9932
1.528621e+06,"Ma(d1,d2)",2D,closed,9,9,0,0,0,d1,1.9932
1.528640e+06,"Ma(d1,d4)",2D,closed,-11,0,0,-1,0,d4,1.9996
1.528640e+06,"Ma(d1,d4)",2D,closed,11,0,0,1,0,d4,1.9996
1.528776e+06,"Ma(d1,d4)",2D,closed,-15,0,0,-3,0,d4,1.9996
1.528776e+06,"Ma(d1,d4)",2D,closed,15,0,0,3,0,d4,1.9996
1.529013e+06,"Ma(d1,d2)",2D,closed,-9,9,0,0,0,d1,1.9932
1.529013e+06,"Ma(d1,d2)",2D,closed,9,-9,0,0,0,d1,1.9932
1.529356e+06,"Ma(d1,d2)",2D,closed,-9,18,0,0,0,d1,1.9932
1.529356e+06,"Ma(d1,d2)",2D,closed,9,-18,0,0,0,d1,1.9932
1.529728e+06,"Ma(d1,d2)",2D,closed,-11,-1,0,0,0,d2,1.9932
1.529728e+06,"Ma(d1,d2)",2D,closed,11,1,0,0,0,d2,1.9932
1.532043e+06,"Ma(d1,d2)",2D,closed,-15,-3,0,0,0,d2,1.9932
1.532043e+06,"Ma(d1,d2)",2D,closed,15,3,0,0,0,d2,1.9932
1.540122e+06,"Ma(d1,d3)",2D,closed,-11,0,-1,0,0,d3,1.9320
1.540122e+06,"Ma(d1,d3)",2D,closed,11,0,1,0,0,d3,1.9320
1.563220e+06,"Ma(d1,d3)",2D,closed,-15,0,-3,0,0,d3,1.9320
1.563220e+06,"Ma(d1,d3)",2D,closed,15,0,3,0,0,d3,1.9320
1.582922e+06,"Ma(d1,d3)",2D,closed,-10,0,-10,0,0,d3,1.9320
1.582922e+06,"Ma(d1,d3)",2D,closed,10,0,10,0,0,d3,1.9320
1.675315e+06,"Ma(d1,d3)",2D,closed,-6,0,2,0,0,d3,1.9320
1.675315e+06,"Ma(d1,d3)",2D,closed,6,0,-2,0,0,d3,1.9320
1.686864e+06,"Ma(d1,d3)",2D,closed,-8,0,1,0,0,d3,1.9320
1.686864e+06,"Ma(d1,d3)",2D,closed,8,0,-1,0,0,d3,1.9320
1.686919e+06,"Ma(d1,d2)",2D,closed,-10,-10,0,0,0,d2,1.9932
1.686919e+06,"Ma(d1,d2)",2D,closed,10,10,0,0,0,d2,1.9932
1.696106e+06,"Ma(d1,d2)",2D,closed,-6,2,0,0,0,d2,1.9932
1.696106e+06,"Ma(d1,d2)",2D,closed,6,-2,0,0,0,d2,1.9932
1.697259e+06,"Ma(d1,d2)",2D,closed,-8,1,0,0,0,d2,1.9932
1.697259e+06,"Ma(d1,d2)",2D,closed,8,-1,0,0,0,d2,1.9932
1.697734e+06,"Ma(d1,d4)",2D,closed,-10,0,0,-10,0,d4,1.9996
1.697734e+06,"Ma(d1,d4)",2D,closed,10,0,0,10,0,d4,1.9996
1.698278e+06,"Ma(d1,d4)",2D,closed,-6,0,0,2,0,d4,1.9996
1.698278e+06,"Ma(d1,d4)",2D,closed,6,0,0,-2,0,d4,1.9996
1.698346e+06,"Ma(d1,d4)",2D,closed,-8,0,0,1,0,d4,1.9996
1.698346e+06,"Ma(d1,d4)",2D,closed,8,0,0,-1,0,d4,1.9996
1.698414e+06,"Ma(d1,d5)",2D,closed,-20,0,0,0,-5,d5,2.0000
1.698414e+06,"Ma(d1,d5)",2D,closed,-14,0,0,0,-2,d5,2.0000
1.698414e+06,"Ma(d1,d5)",2D,closed,-12,0,0,0,-1,d5,2.0000
1.698414e+06,"Ma(d1,d4)",2D,closed,-10,0,0,-20,0,d1,1.9996
1.698414e+06,"Ma(d1,d4)",2D,closed,-10,0,0,-10,0,d1,1.9996
1.698414e+06,"Ma(d1,d5)",2D,closed,-10,0,0,0,-20,d1,2.0000
1.698414e+06,"Ma(d1,d5)",2D,closed,-10,0,0,0,-10,d1,2.0000
1.698414e+06,"Ma(d1,d5)",2D,closed,-10,0,0,0,-10,d5,2.0000
1.698414e+06,"Ma(d1,d5)",2D,closed,-10,0,0,0,10,d1,2.0000
1.698414e+06,"Ma(d1,d5)",2D,closed,-10,0,0,0,20,d1,2.0000
1.698414e+06,"Ma(d1,d4)",2D,closed,-10,0,0,10,0,d1,1.9996
1.698414e+06,"Ma(d1,d4)",2D,closed,-10,0,0,20,0,d1,1.9996
1.698414e+06,"Ma(d1,d5)",2D,closed,-8,0,0,0,1,d5,2.0000
1.698414e+06,"Ma(d1,d5)",2D,closed,-6,0,0,0,2,d5,2.0000
1.698414e+06,"Ma(d1,d5)",2D,closed,6,0,0,0,-2,d5,2.0000
1.698414e+06,"Ma(d1,d5)",2D,closed,8,0,0,0,-1,d5,2.0000
1.698414e+06,"Ma(d1,d4)",2D,closed,10,0,0,-20,0,d1,1.9996
1.698414e+06,"Ma(d1,d4)",2D,closed,10,0,0,-10,0,d1,1.9996
1.698414e+06,"Ma(d1,d5)",2D,closed,10,0,0,0,-20,d1,2.0000
1.698414e+06,"Ma(d1,d5)",2D,closed,10,0,0,0,-10,d1,2.0000
1.698414e+06,"Ma(d1,d5)",2D,closed,10,0,0,0,10,d1,2.0000
1.698414e+06,"Ma(d1,d5)",2D,closed,10,0,0,0,10,d5,2.0000
1.698414e+06,"Ma(d1,d5)",2D,closed,10,0,0,0,20,d1,2.0000
1.698414e+06,"Ma(d1,d4)",2D,closed,10,0,0,10,0,d1,1.9996
1.698414e+06,"Ma(d1,d4)",2D,closed,10,0,0,20,0,d1,1.9996
1.698414e+06,"Ma(d1,d5)",2D,closed,12,0,0,0,1,d5,2.0000
1.698414e+06,"Ma(d1,d5)",2D,closed,14,0,0,0,2,d5,2.0000
1.698414e+06,"Ma(d1,d5)",2D,closed,20,0,0,0,5,d5,2.0000
1.698414e+06,Ma(d1),1D,closed,-10,0,0,0,0,,
1.698414e+06,Ma(d1),1D,closed,10,0,0,0,0,,
1.698414e+06,"Ma(d1,d3)",2D,closed,-10,0,-20,0,0,d1,1.9320
1.698414e+06,"Ma(d1,d3)",2D,closed,10,0,20,0,0,d1,1.9320
1.698414e+06,"Ma(d1,d3)",2D,closed,-10,0,-10,0,0,d1,1.9320
1.698414e+06,"Ma(d1,d3)",2D,closed,10,0,10,0,0,d1,1.9320
1.698414e+06,"Ma(d1,d2)",2D,closed,-10,-20,0,0,0,d1,1.9932
1.698414e+06,"Ma(d1,d2)",2D,closed,10,20,0,0,0,d1,1.9932
1.698414e+06,"Ma(d1,d3)",2D,closed,-10,0,10,0,0,d1,1.9320
1.698414e+06,"Ma(d1,d3)",2D,closed,10,0,-10,0,0,d1,1.9320
1.698414e+06,"Ma(d1,d3)",2D,closed,-10,0,20,0,0,d1,1.9320
1.698414e+06,"Ma(d1,d3)",2D,closed,10,0,-20,0,0,d1,1.9320
1.698468e+06,"Ma(d1,d2)",2D,closed,-10,-10,0,0,0,d1,1.9932
1.698468e+06,"Ma(d1,d2)",2D,closed,10,10,0,0,0,d1,1.9932
1.698482e+06,"Ma(d1,d4)",2D,closed,-12,0,0,-1,0,d4,1.9996
1.698482e+06,"Ma(d1,d4)",2D,closed,12,0,0,1,0,d4,1.9996
1.698550e+06,"Ma(d1,d4)",2D,closed,-14,0,0,-2,0,d4,1.9996
1.698550e+06,"Ma(d1,d4)",2D,closed,14,0,0,2,0,d4,1.9996
1.698753e+06,"Ma(d1,d4)",2D,closed,-20,0,0,-5,0,d4,1.9996
1.698753e+06,"Ma(d1,d4)",2D,closed,20,0,0,5,0,d4,1.9996
1.698903e+06,"Ma(d1,d2)",2D,closed,-10,10,0,0,0,d1,1.9932
1.698903e+06,"Ma(d1,d2)",2D,closed,10,-10,0,0,0,d1,1.9932
1.699285e+06,"Ma(d1,d2)",2D,closed,-10,20,0,0,0,d1,1.9932
1.699285e+06,"Ma(d1,d2)",2D,closed,10,-20,0,0,0,d1,1.9932
1.699569e+06,"Ma(d1,d2)",2D,closed,-12,-1,0,0,0,d2,1.9932
1.699569e+06,"Ma(d1,d2)",2D,closed,12,1,0,0,0,d2,1.9932
1.700726e+06,"Ma(d1,d2)",2D,closed,-14,-2,0,0,0,d2,1.9932
1.700726e+06,"Ma(d1,d2)",2D,closed,14,2,0,0,0,d2,1.9932
1.704202e+06,"Ma(d1,d2)",2D,closed,-20,-5,0,0,0,d2,1.9932
1.704202e+06,"Ma(d1,d2)",2D,closed,20,5,0,0,0,d2,1.9932
1.709963e+06,"Ma(d1,d3)",2D,closed,-12,0,-1,0,0,d3,1.9320
1.709963e+06,"Ma(d1,d3)",2D,closed,12,0,1,0,0,d3,1.9320
1.721512e+06,"Ma(d1,d3)",2D,closed,-14,0,-2,0,0,d3,1.9320
1.721512e+06,"Ma(d1,d3)",2D,closed,14,0,2,0,0,d3,1.9320
1.741214e+06,"Ma(d1,d3)",2D,closed,-11,0,-11,0,0,d3,1.9320
1.741214e+06,"Ma(d1,d3)",2D,closed,11,0,11,0,0,d3,1.9320
1.756160e+06,"Ma(d1,d3)",2D,closed,-20,0,-5,0,0,d3,1.9320
1.756160e+06,"Ma(d1,d3)",2D,closed,20,0,5,0,0,d3,1.9320
1.855611e+06,"Ma(d1,d2)",2D,closed,-11,-11,0,0,0,d2,1.9932
1.855611e+06,"Ma(d1,d2)",2D,closed,11,11,0,0,0,d2,1.9932
1.856706e+06,"Ma(d1,d3)",2D,closed,-9,0,1,0,0,d3,1.9320
1.856706e+06,"Ma(d1,d3)",2D,closed,9,0,-1,0,0,d3,1.9320
1.867101e+06,"Ma(d1,d2)",2D,closed,-9,1,0,0,0,d2,1.9932
1.867101e+06,"Ma(d1,d2)",2D,closed,9,-1,0,0,0,d2,1.9932
1.867508e+06,"Ma(d1,d4)",2D,closed,-11,0,0,-11,0,d4,1.9996
1.867508e+06,"Ma(d1,d4)",2D,closed,11,0,0,11,0,d4,1.9996
1.868187e+06,"Ma(d1,d4)",2D,closed,-9,0,0,1,0,d4,1.9996
1.868187e+06,"Ma(d1,d4)",2D,closed,9,0,0,-1,0,d4,1.9996
1.868255e+06,"Ma(d1,d5)",2D,closed,-13,0,0,0,-1,d5,2.0000
1.868255e+06,"Ma(d1,d4)",2D,closed,-11,0,0,-11,0,d1,1.9996
1.868255e+06,"Ma(d1,d5)",2D,closed,-11,0,0,0,-11,d1,2.0000
1.868255e+06,"Ma(d1,d5)",2D,closed,-11,0,0,0,-11,d5,2.0000
1.868255e+06,Ma(d1),1D,closed,-11,0,0,0,0,,
1.868255e+06,"Ma(d1,d5)",2D,closed,-11,0,0,0,11,d1,2.0000
1.868255e+06,"Ma(d1,d4)",2D,closed,-11,0,0,11,0,d1,1.9996
1.868255e+06,"Ma(d1,d5)",2D,closed,-9,0,0,0,1,d5,2.0000
1.868255e+06,"Ma(d1,d5)",2D,closed,9,0,0,0,-1,d5,2.0000
1.868255e+06,"Ma(d1,d4)",2D,closed,11,0,0,-11,0,d1,1.9996
1.868255e+06,"Ma(d1,d5)",2D,closed,11,0,0,0,-11,d1,2.0000
1.868255e+06,Ma(d1),1D,closed,11,0,0,0,0,,
1.868255e+06,"Ma(d1,d5)",2D,closed,11,0,0,0,11,d1,2.0000
1.868255e+06,"Ma(d1,d5)",2D,closed,11,0,0,0,11,d5,2.0000
1.868255e+06,"Ma(d1,d4)",2D,closed,11,0,0,11,0,d1,1.9996
1.868255e+06,"Ma(d1,d5)",2D,closed,13,0,0,0,1,d5,2.0000
1.868255e+06,"Ma(d1,d3)",2D,closed,-11,0,-11,0,0,d1,1.9320
1.868255e+06,"Ma(d1,d3)",2D,closed,11,0,11,0,0,d1,1.9320
1.868255e+06,"Ma(d1,d3)",2D,closed,-11,0,11,0,0,d1,1.9320
1.868255e+06,"Ma(d1,d3)",2D,closed,11,0,-11,0,0,d1,1.9320
1.868314e+06,"Ma(d1,d2)",2D,closed,-11,-11,0,0,0,d1,1.9932
1.868314e+06,"Ma(d1,d2)",2D,closed,11,11,0,0,0,d1,1.9932
1.868323e+06,"Ma(d1,d4)",2D,closed,-13,0,0,-1,0,d4,1.9996
1.868323e+06,"Ma(d1,d4)",2D,closed,13,0,0,1,0,d4,1.9996
1.868794e+06,"Ma(d1,d2)",2D,closed,-11,11,0,0,0,d1,1.9932
1.868794e+06,"Ma(d1,d2)",2D,closed,11,-11,0,0,0,d1,1.9932
1.869410e+06,"Ma(d1,d2)",2D,closed,-13,-1,0,0,0,d2,1.9932
1.869410e+06,"Ma(d1,d2)",2D,closed,13,1,0,0,0,d2,1.9932
1.879804e+06,"Ma(d1,d3)",2D,closed,-13,0,-1,0,0,d3,1.9320
1.879804e+06,"Ma(d1,d3)",2D,closed,13,0,1,0,0,d3,1.9320
1.899506e+06,"Ma(d1,d3)",2D,closed,-12,0,-12,0,0,d3,1.9320
1.899506e+06,"Ma(d1,d3)",2D,closed,12,0,12,0,0,d3,1.9320
1.991900e+06,"Ma(d1,d3)",2D,closed,-4,0,4,0,0,d3,1.9320
1.991900e+06,"Ma(d1,d3)",2D,closed,4,0,-4,0,0,d3,1.9320
2.003449e+06,"Ma(d1,d3)",2D,closed,-6,0,3,0,0,d3,1.9320
2.003449e+06,"Ma(d1,d3)",2D,closed,6,0,-3,0,0,d3,1.9320
2.014998e+06,"Ma(d1,d3)",2D,closed,-8,0,2,0,0,d3,1.9320
2.014998e+06,"Ma(d1,d3)",2D,closed,8,0,-2,0,0,d3,1.9320
2.024303e+06,"Ma(d1,d2)",2D,closed,-12,-12,0,0,0,d2,1.9932
2.024303e+06,"Ma(d1,d2)",2D,closed,12,12,0,0,0,d2,1.9932
2.026547e+06,"Ma(d1,d3)",2D,closed,-10,0,1,0,0,d3,1.9320
2.026547e+06,"Ma(d1,d3)",2D,closed,10,0,-1,0,0,d3,1.9320
2.033484e+06,"Ma(d1,d2)",2D,closed,-4,4,0,0,0,d2,1.9932
2.033484e+06,"Ma(d1,d2)",2D,closed,4,-4,0,0,0,d2,1.9932
2.034636e+06,"Ma(d1,d2)",2D,closed,-6,3,0,0,0,d2,1.9932
2.034636e+06,"Ma(d1,d2)",2D,closed,6,-3,0,0,0,d2,1.9932
2.035788e+06,"Ma(d1,d2)",2D,closed,-8,2,0,0,0,d2,1.9932
2.035788e+06,"Ma(d1,d2)",2D,closed,8,-2,0,0,0,d2,1.9932
2.036942e+06,"Ma(d1,d2)",2D,closed,-10,1,0,0,0,d2,1.9932
2.036942e+06,"Ma(d1,d2)",2D,closed,10,-1,0,0,0,d2,1.9932
2.037281e+06,"Ma(d1,d4)",2D,closed,-12,0,0,-12,0,d4,1.9996
2.037281e+06,"Ma(d1,d4)",2D,closed,12,0,0,12,0,d4,1.9996
2.037825e+06,"Ma(d1,d4)",2D,closed,-4,0,0,4,0,d4,1.9996
2.037825e+06,"Ma(d1,d4)",2D,closed,4,0,0,-4,0,d4,1.9996
2.037893e+06,"Ma(d1,d4)",2D,closed,-6,0,0,3,0,d4,1.9996
2.037893e+06,"Ma(d1,d4)",2D,closed,6,0,0,-3,0,d4,1.9996
2.037961e+06,"Ma(d1,d4)",2D,closed,-8,0,0,2,0,d4,1.9996
2.037961e+06,"Ma(d1,d4)",2D,closed,8,0,0,-2,0,d4,1.9996
2.038028e+06,"Ma(d1,d4)",2D,closed,-10,0,0,1,0,d4,1.9996
2.038028e+06,"Ma(d1,d4)",2D,closed,10,0,0,-1,0,d4,1.9996
2.038096e+06,"Ma(d1,d5)",2D,closed,-20,0,0,0,-4,d5,2.0000
2.038096e+06,"Ma(d1,d5)",2D,closed,-18,0,0,0,-3,d5,2.0000
2.038096e+06,"Ma(d1,d5)",2D,closed,-16,0,0,0,-2,d5,2.0000
2.038096e+06,"Ma(d1,d5)",2D,closed,-14,0,0,0,-1,d5,2.0000
2.038096e+06,"Ma(d1,d4)",2D,closed,-12,0,0,-12,0,d1,1.9996
2.038096e+06,"Ma(d1,d5)",2D,closed,-12,0,0,0,-12,d1,2.0000
2.038096e+06,"Ma(d1,d5)",2D,closed,-12,0,0,0,-12,d5,2.0000
2.038096e+06,Ma(d1),1D,closed,-12,0,0,0,0,,
2.038096e+06,"Ma(d1,d5)",2D,closed,-12,0,0,0,12,d1,2.0000
2.038096e+06,"Ma(d1,d4)",2D,closed,-12,0,0,12,0,d1,1.9996
2.038096e+06,"Ma(d1,d5)",2D,closed,-10,0,0,0,1,d5,2.0000
2.038096e+06,"Ma(d1,d5)",2D,closed,-8,0,0,0,2,d5,2.0000
2.038096e+06,"Ma(d1,d5)",2D,closed,-6,0,0,0,3,d5,2.0000
2.038096e+06,"Ma(d1,d5)",2D,closed,-4,0,0,0,4,d5,2.0000
2.038096e+06,"Ma(d1,d5)",2D,closed,4,0,0,0,-4,d5,2.0000
2.038096e+06,"Ma(d1,d5)",2D,closed,6,0,0,0,-3,d5,2.0000
2.038096e+06,"Ma(d1,d5)",2D,closed,8,0,0,0,-2,d5,2.0000
2.038096e+06,"Ma(d1,d5)",2D,closed,10,0,0,0,-1,d5,2.0000
2.038096e+06,"Ma(d1,d4)",2D,closed,12,0,0,-12,0,d1,1.9996
2.038096e+06,"Ma(d1,d5)",2D,closed,12,0,0,0,-12,d1,2.0000
2.038096e+06,Ma(d1),1D,closed,12,0,0,0,0,,
2.038096e+06,"Ma(d1,d5)",2D,closed,12,0,0,0,12,d1,2.0000
2.038096e+06,"Ma(d1,d5)",2D,closed,12,0,0,0,12,d5,2.0000
2.038096e+06,"Ma(d1,d4)",2D,closed,12,0,0,12,0,d1,1.9996
2.038096e+06,"Ma(d1,d5)",2D,closed,14,0,0,0,1,d5,2.0000
2.038096e+06,"Ma(d1,d5)",2D,closed,16,0,0,0,2,d5,2.0000
2.038096e+06,"Ma(d1,d5)",2D,closed,18,0,0,0,3,d5,2.0000
2.038096e+06,"Ma(d1,d5)",2D,closed,20,0,0,0,4,d5,2.0000
2.038096e+06,"Ma(d1,d3)",2D,closed,-12,0,-12,0,0,d1,1.9320
2.038096e+06,"Ma(d1,d3)",2D,closed,12,0,12,0,0,d1,1.9320
2.038096e+06,"Ma(d1,d3)",2D,closed,-12,0,12,0,0,d1,1.9320
2.038096e+06,"Ma(d1,d3)",2D,closed,12,0,-12,0,0,d1,1.9320
2.038161e+06,"Ma(d1,d2)",2D,closed,-12,-12,0,0,0,d1,1.9932
2.038161e+06,"Ma(d1,d2)",2D,closed,12,12,0,0,0,d1,1.9932
2.038164e+06,"Ma(d1,d4)",2D,closed,-14,0,0,-1,0,d4,1.9996
2.038164e+06,"Ma(d1,d4)",2D,closed,14,0,0,1,0,d4,1.9996
2.038232e+06,"Ma(d1,d4)",2D,closed,-16,0,0,-2,0,d4,1.9996
2.038232e+06,"Ma(d1,d4)",2D,closed,16,0,0,2,0,d4,1.9996
2.038300e+06,"Ma(d1,d4)",2D,closed,-18,0,0,-3,0,d4,1.9996
2.038300e+06,"Ma(d1,d4)",2D,closed,18,0,0,3,0,d4,1.9996
2.038368e+06,"Ma(d1,d4)",2D,closed,-20,0,0,-4,0,d4,1.9996
2.038368e+06,"Ma(d1,d4)",2D,closed,20,0,0,4,0,d4,1.9996
2.038684e+06,"Ma(d1,d2)",2D,closed,-12,12,0,0,0,d1,1.9932
2.038684e+06,"Ma(d1,d2)",2D,closed,12,-12,0,0,0,d1,1.9932
2.039252e+06,"Ma(d1,d2)",2D,closed,-14,-1,0,0,0,d2,1.9932
2.039252e+06,"Ma(d1,d2)",2D,closed,14,1,0,0,0,d2,1.9932
2.040408e+06,"Ma(d1,d2)",2D,closed,-16,-2,0,0,0,d2,1.9932
2.040408e+06,"Ma(d1,d2)",2D,closed,16,2,0,0,0,d2,1.9932
2.041565e+06,"Ma(d1,d2)",2D,closed,-18,-3,0,0,0,d2,1.9932
2.041565e+06,"Ma(d1,d2)",2D,closed,18,3,0,0,0,d2,1.9932
2.042723e+06,"Ma(d1,d2)",2D,closed,-20,-4,0,0,0,d2,1.9932
2.042723e+06,"Ma(d1,d2)",2D,closed,20,4,0,0,0,d2,1.9932
2.049646e+06,"Ma(d1,d3)",2D,closed,-14,0,-1,0,0,d3,1.9320
2.049646e+06,"Ma(d1,d3)",2D,closed,14,0,1,0,0,d3,1.9320
2.057798e+06,"Ma(d1,d3)",2D,closed,-13,0,-13,0,0,d3,1.9320
2.057798e+06,"Ma(d1,d3)",2D,closed,13,0,13,0,0,d3,1.9320
2.061195e+06,"Ma(d1,d3)",2D,closed,-16,0,-2,0,0,d3,1.9320
2.061195e+06,"Ma(d1,d3)",2D,closed,16,0,2,0,0,d3,1.9320
2.072744e+06,"Ma(d1,d3)",2D,closed,-18,0,-3,0,0,d3,1.9320
2.072744e+06,"Ma(d1,d3)",2D,closed,18,0,3,0,0,d3,1.9320
2.084293e+06,"Ma(d1,d3)",2D,closed,-20,0,-4,0,0,d3,1.9320
2.084293e+06,"Ma(d1,d3)",2D,closed,20,0,4,0,0,d3,1.9320
2.192995e+06,"Ma(d1,d2)",2D,closed,-13,-13,0,0,0,d2,1.9932
2.192995e+06,"Ma(d1,d2)",2D,closed,13,13,0,0,0,d2,1.9932
2.196389e+06,"Ma(d1,d3)",2D,closed,-11,0,1,0,0,d3,1.9320
2.196389e+06,"Ma(d1,d3)",2D,closed,11,0,-1,0,0,d3,1.9320
2.206783e+06,"Ma(d1,d2)",2D,closed,-11,1,0,0,0,d2,1.9932
2.206783e+06,"Ma(d1,d2)",2D,closed,11,-1,0,0,0,d2,1.9932
2.207055e+06,"Ma(d1,d4)",2D,closed,-13,0,0,-13,0,d4,1.9996
2.207055e+06,"Ma(d1,d4)",2D,closed,13,0,0,13,0,d4,1.9996
2.207870e+06,"Ma(d1,d4)",2D,closed,-11,0,0,1,0,d4,1.9996
2.207870e+06,"Ma(d1,d4)",2D,closed,11,0,0,-1,0,d4,1.9996
2.207938e+06,Ma(d1),1D,closed,-13,0,0,0,0,,
2.207938e+06,Ma(d1),1D,closed,13,0,0,0,0,,
2.207938e+06,"Ma(d1,d5)",2D,closed,-15,0,0,0,-1,d5,2.0000
2.207938e+06,"Ma(d1,d4)",2D,closed,-13,0,0,-13,0,d1,1.9996
2.207938e+06,"Ma(d1,d5)",2D,closed,-13,0,0,0,-13,d1,2.0000
2.207938e+06,"Ma(d1,d5)",2D,closed,-13,0,0,0,-13,d5,2.0000
2.207938e+06,"Ma(d1,d5)",2D,closed,-13,0,0,0,13,d1,2.0000
2.207938e+06,"Ma(d1,d4)",2D,closed,-13,0,0,13,0,d1,1.9996
2.207938e+06,"Ma(d1,d5)",2D,closed,-11,0,0,0,1,d5,2.0000
2.207938e+06,"Ma(d1,d5)",2D,closed,11,0,0,0,-1,d5,2.0000
2.207938e+06,"Ma(d1,d4)",2D,closed,13,0,0,-13,0,d1,1.9996
2.207938e+06,"Ma(d1,d5)",2D,closed,13,0,0,0,-13,d1,2.0000
2.207938e+06,"Ma(d1,d5)",2D,closed,13,0,0,0,13,d1,2.0000
2.207938e+06,"Ma(d1,d5)",2D,closed,13,0,0,0,13,d5,2.0000
2.207938e+06,"Ma(d1,d4)",2D,closed,13,0,0,13,0,d1,1.9996
2.207938e+06,"Ma(d1,d5)",2D,closed,15,0,0,0,1,d5,2.0000
2.207938e+06,"Ma(d1,d3)",2D,closed,-13,0,-13,0,0,d1,1.9320
2.207938e+06,"Ma(d1,d3)",2D,closed,13,0,13,0,0,d1,1.9320
2.207938e+06,"Ma(d1,d3)",2D,closed,-13,0,13,0,0,d1,1.9320
2.207938e+06,"Ma(d1,d3)",2D,closed,13,0,-13,0,0,d1,1.9320
2.208006e+06,"Ma(d1,d4)",2D,closed,-15,0,0,-1,0,d4,1.9996
2.208006e+06,"Ma(d1,d4)",2D,closed,15,0,0,1,0,d4,1.9996
2.208008e+06,"Ma(d1,d2)",2D,closed,-13,-13,0,0,0,d1,1.9932
2.208008e+06,"Ma(d1,d2)",2D,closed,13,13,0,0,0,d1,1.9932
2.208574e+06,"Ma(d1,d2)",2D,closed,-13,13,0,0,0,d1,1.9932
2.208574e+06,"Ma(d1,d2)",2D,closed,13,-13,0,0,0,d1,1.9932
2.209093e+06,"Ma(d1,d2)",2D,closed,-15,-1,0,0,0,d2,1.9932
2.209093e+06,"Ma(d1,d2)",2D,closed,15,1,0,0,0,d2,1.9932
2.216090e+06,"Ma(d1,d3)",2D,closed,-14,0,-14,0,0,d3,1.9320
2.216090e+06,"Ma(d1,d3)",2D,closed,14,0,14,0,0,d3,1.9320
2.219487e+06,"Ma(d1,d3)",2D,closed,-15,0,-1,0,0,d3,1.9320
2.219487e+06,"Ma(d1,d3)",2D,closed,15,0,1,0,0,d3,1.9320
2.354681e+06,"Ma(d1,d3)",2D,closed,-10,0,2,0,0,d3,1.9320
2.354681e+06,"Ma(d1,d3)",2D,closed,10,0,-2,0,0,d3,1.9320
2.361687e+06,"Ma(d1,d2)",2D,closed,-14,-14,0,0,0,d2,1.9932
2.361687e+06,"Ma(d1,d2)",2D,closed,14,14,0,0,0,d2,1.9932
2.366230e+06,"Ma(d1,d3)",2D,closed,-12,0,1,0,0,d3,1.9320
2.366230e+06,"Ma(d1,d3)",2D,closed,12,0,-1,0,0,d3,1.9320
2.374382e+06,"Ma(d1,d3)",2D,closed,-15,0,-15,0,0,d3,1.9320
2.374382e+06,"Ma(d1,d3)",2D,closed,15,0,15,0,0,d3,1.9320
2.375471e+06,"Ma(d1,d2)",2D,closed,-10,2,0,0,0,d2,1.9932
2.375471e+06,"Ma(d1,d2)",2D,closed,10,-2,0,0,0,d2,1.9932
2.376625e+06,"Ma(d1,d2)",2D,closed,-12,1,0,0,0,d2,1.9932
2.376625e+06,"Ma(d1,d2)",2D,closed,12,-1,0,0,0,d2,1.9932
2.376828e+06,"Ma(d1,d4)",2D,closed,-14,0,0,-14,0,d4,1.9996
2.376828e+06,"Ma(d1,d4)",2D,closed,14,0,0,14,0,d4,1.9996
2.377643e+06,"Ma(d1,d4)",2D,closed,-10,0,0,2,0,d4,1.9996
2.377643e+06,"Ma(d1,d4)",2D,closed,10,0,0,-2,0,d4,1.9996
2.377711e+06,"Ma(d1,d4)",2D,closed,-12,0,0,1,0,d4,1.9996
2.377711e+06,"Ma(d1,d4)",2D,closed,12,0,0,-1,0,d4,1.9996
2.377779e+06,"Ma(d1,d5)",2D,closed,-18,0,0,0,-2,d5,2.0000
2.377779e+06,"Ma(d1,d5)",2D,closed,-16,0,0,0,-1,d5,2.0000
2.377779e+06,"Ma(d1,d4)",2D,closed,-14,0,0,-14,0,d1,1.9996
2.377779e+06,"Ma(d1,d5)",2D,closed,-14,0,0,0,-14,d1,2.0000
2.377779e+06,"Ma(d1,d5)",2D,closed,-14,0,0,0,-14,d5,2.0000
2.377779e+06,Ma(d1),1D,closed,-14,0,0,0,0,,
2.377779e+06,"Ma(d1,d5)",2D,closed,-14,0,0,0,14,d1,2.0000
2.377779e+06,"Ma(d1,d4)",2D,closed,-14,0,0,14,0,d1,1.9996
2.377779e+06,"Ma(d1,d5)",2D,closed,-12,0,0,0,1,d5,2.0000
2.377779e+06,"Ma(d1,d5)",2D,closed,-10,0,0,0,2,d5,2.0000
2.377779e+06,"Ma(d1,d5)",2D,closed,10,0,0,0,-2,d5,2.0000
2.377779e+06,"Ma(d1,d5)",2D,closed,12,0,0,0,-1,d5,2.0000
2.377779e+06,"Ma(d1,d4)",2D,closed,14,0,0,-14,0,d1,1.9996
2.377779e+06,"Ma(d1,d5)",2D,closed,14,0,0,0,-14,d1,2.0000
2.377779e+06,Ma(d1),1D,closed,14,0,0,0,0,,
2.377779e+06,"Ma(d1,d5)",2D,closed,14,0,0,0,14,d1,2.0000
2.377779e+06,"Ma(d1,d5)",2D,closed,14,0,0,0,14,d5,2.0000
2.377779e+06,"Ma(d1,d4)",2D,closed,14,0,0,14,0,d1,1.9996
2.377779e+06,"Ma(d1,d5)",2D,closed,16,0,0,0,1,d5,2.0000
2.377779e+06,"Ma(d1,d5)",2D,closed,18,0,0,0,2,d5,2.0000
2.377779e+06,"Ma(d1,d3)",2D,closed,-14,0,-14,0,0,d1,1.9320
2.377779e+06,"Ma(d1,d3)",2D,closed,14,0,14,0,0,d1,1.9320
2.377779e+06,"Ma(d1,d3)",2D,closed,-14,0,14,0,0,d1,1.9320
2.377779e+06,"Ma(d1,d3)",2D,closed,14,0,-14,0,0,d1,1.9320
2.377847e+06,"Ma(d1,d4)",2D,closed,-16,0,0,-1,0,d4,1.9996
2.377847e+06,"Ma(d1,d4)",2D,closed,16,0,0,1,0,d4,1.9996
2.377855e+06,"Ma(d1,d2)",2D,closed,-14,-14,0,0,0,d1,1.9932
2.377855e+06,"Ma(d1,d2)",2D,closed,14,14,0,0,0,d1,1.9932
2.377915e+06,"Ma(d1,d4)",2D,closed,-18,0,0,-2,0,d4,1.9996
2.377915e+06,"Ma(d1,d4)",2D,closed,18,0,0,2,0,d4,1.9996
2.378464e+06,"Ma(d1,d2)",2D,closed,-14,14,0,0,0,d1,1.9932
2.378464e+06,"Ma(d1,d2)",2D,closed,14,-14,0,0,0,d1,1.9932
2.378934e+06,"Ma(d1,d2)",2D,closed,-16,-1,0,0,0,d2,1.9932
2.378934e+06,"Ma(d1,d2)",2D,closed,16,1,0,0,0,d2,1.9932
2.380091e+06,"Ma(d1,d2)",2D,closed,-18,-2,0,0,0,d2,1.9932
2.380091e+06,"Ma(d1,d2)",2D,closed,18,2,0,0,0,d2,1.9932
2.389328e+06,"Ma(d1,d3)",2D,closed,-16,0,-1,0,0,d3,1.9320
2.389328e+06,"Ma(d1,d3)",2D,closed,16,0,1,0,0,d3,1.9320
2.400878e+06,"Ma(d1,d3)",2D,closed,-18,0,-2,0,0,d3,1.9320
2.400878e+06,"Ma(d1,d3)",2D,closed,18,0,2,0,0,d3,1.9320
2.489874e+06,"Ma(d1,d3)",2D,closed,-5,0,5,0,0,d3,1.9320
2.489874e+06,"Ma(d1,d3)",2D,closed,5,0,-5,0,0,d3,1.9320
2.512973e+06,"Ma(d1,d3)",2D,closed,-9,0,3,0,0,d3,1.9320
2.512973e+06,"Ma(d1,d3)",2D,closed,9,0,-3,0,0,d3,1.9320
2.530379e+06,"Ma(d1,d2)",2D,closed,-15,-15,0,0,0,d2,1.9932
2.530379e+06,"Ma(d1,d2)",2D,closed,15,15,0,0,0,d2,1.9932
2.532674e+06,"Ma(d1,d3)",2D,closed,-16,0,-16,0,0,d3,1.9320
2.532674e+06,"Ma(d1,d3)",2D,closed,16,0,16,0,0,d3,1.9320
2.536071e+06,"Ma(d1,d3)",2D,closed,-13,0,1,0,0,d3,1.9320
2.536071e+06,"Ma(d1,d3)",2D,closed,13,0,-1,0,0,d3,1.9320
2.541855e+06,"Ma(d1,d2)",2D,closed,-5,5,0,0,0,d2,1.9932
2.541855e+06,"Ma(d1,d2)",2D,closed,5,-5,0,0,0,d2,1.9932
2.544159e+06,"Ma(d1,d2)",2D,closed,-9,3,0,0,0,d2,1.9932
2.544159e+06,"Ma(d1,d2)",2D,closed,9,-3,0,0,0,d2,1.9932
2.546466e+06,"Ma(d1,d2)",2D,closed,-13,1,0,0,0,d2,1.9932
2.546466e+06,"Ma(d1,d2)",2D,closed,13,-1,0,0,0,d2,1.9932
2.546601e+06,"Ma(d1,d4)",2D,closed,-15,0,0,-15,0,d4,1.9996
2.546601e+06,"Ma(d1,d4)",2D,closed,15,0,0,15,0,d4,1.9996
2.547281e+06,"Ma(d1,d4)",2D,closed,-5,0,0,5,0,d4,1.9996
2.547281e+06,"Ma(d1,d4)",2D,closed,5,0,0,-5,0,d4,1.9996
2.547417e+06,"Ma(d1,d4)",2D,closed,-9,0,0,3,0,d4,1.9996
2.547417e+06,"Ma(d1,d4)",2D,closed,9,0,0,-3,0,d4,1.9996
2.547553e+06,"Ma(d1,d4)",2D,closed,-13,0,0,1,0,d4,1.9996
2.547553e+06,"Ma(d1,d4)",2D,closed,13,0,0,-1,0,d4,1.9996
2.547621e+06,"Ma(d1,d5)",2D,closed,-17,0,0,0,-1,d5,2.0000
2.547621e+06,"Ma(d1,d4)",2D,closed,-15,0,0,-15,0,d1,1.9996
2.547621e+06,"Ma(d1,d5)",2D,closed,-15,0,0,0,-15,d1,2.0000
2.547621e+06,"Ma(d1,d5)",2D,closed,-15,0,0,0,-15,d5,2.0000
2.547621e+06,Ma(d1),1D,closed,-15,0,0,0,0,,
2.547621e+06,"Ma(d1,d5)",2D,closed,-15,0,0,0,15,d1,2.0000
2.547621e+06,"Ma(d1,d4)",2D,closed,-15,0,0,15,0,d1,1.9996
2.547621e+06,"Ma(d1,d5)",2D,closed,-13,0,0,0,1,d5,2.0000
2.547621e+06,"Ma(d1,d5)",2D,closed,-9,0,0,0,3,d5,2.0000
2.547621e+06,"Ma(d1,d5)",2D,closed,-5,0,0,0,5,d5,2.0000
2.547621e+06,"Ma(d1,d5)",2D,closed,5,0,0,0,-5,d5,2.0000
2.547621e+06,"Ma(d1,d5)",2D,closed,9,0,0,0,-3,d5,2.0000
2.547621e+06,"Ma(d1,d5)",2D,closed,13,0,0,0,-1,d5,2.0000
2.547621e+06,"Ma(d1,d4)",2D,closed,15,0,0,-15,0,d1,1.9996
2.547621e+06,"Ma(d1,d5)",2D,closed,15,0,0,0,-15,d1,2.0000
2.547621e+06,Ma(d1),1D,closed,15,0,0,0,0,,
2.547621e+06,"Ma(d1,d5)",2D,closed,15,0,0,0,15,d1,2.0000
2.547621e+06,"Ma(d1,d5)",2D,closed,15,0,0,0,15,d5,2.0000
2.547621e+06,"Ma(d1,d4)",2D,closed,15,0,0,15,0,d1,1.9996
2.547621e+06,"Ma(d1,d5)",2D,closed,17,0,0,0,1,d5,2.0000
2.547621e+06,"Ma(d1,d3)",2D,closed,-15,0,-15,0,0,d1,1.9320
2.547621e+06,"Ma(d1,d3)",2D,closed,15,0,15,0,0,d1,1.9320
2.547621e+06,"Ma(d1,d3)",2D,closed,-15,0,15,0,0,d1,1.9320
2.547621e+06,"Ma(d1,d3)",2D,closed,15,0,-15,0,0,d1,1.9320
2.547688e+06,"Ma(d1,d4)",2D,closed,-17,0,0,-1,0,d4,1.9996
2.547688e+06,"Ma(d1,d4)",2D,closed,17,0,0,1,0,d4,1.9996
2.547701e+06,"Ma(d1,d2)",2D,closed,-15,-15,0,0,0,d1,1.9932
2.547701e+06,"Ma(d1,d2)",2D,closed,15,15,0,0,0,d1,1.9932
2.548355e+06,"Ma(d1,d2)",2D,closed,-15,15,0,0,0,d1,1.9932
2.548355e+06,"Ma(d1,d2)",2D,closed,15,-15,0,0,0,d1,1.9932
2.548776e+06,"Ma(d1,d2)",2D,closed,-17,-1,0,0,0,d2,1.9932
2.548776e+06,"Ma(d1,d2)",2D,closed,17,1,0,0,0,d2,1.9932
2.559170e+06,"Ma(d1,d3)",2D,closed,-17,0,-1,0,0,d3,1.9320
2.559170e+06,"Ma(d1,d3)",2D,closed,17,0,1,0,0,d3,1.9320
2.671265e+06,"Ma(d1,d3)",2D,closed,-8,0,4,0,0,d3,1.9320
2.671265e+06,"Ma(d1,d3)",2D,closed,8,0,-4,0,0,d3,1.9320
2.690967e+06,"Ma(d1,d3)",2D,closed,-17,0,-17,0,0,d3,1.9320
2.690967e+06,"Ma(d1,d3)",2D,closed,17,0,17,0,0,d3,1.9320
2.694363e+06,"Ma(d1,d3)",2D,closed,-12,0,2,0,0,d3,1.9320
2.694363e+06,"Ma(d1,d3)",2D,closed,12,0,-2,0,0,d3,1.9320
2.699071e+06,"Ma(d1,d2)",2D,closed,-16,-16,0,0,0,d2,1.9932
2.699071e+06,"Ma(d1,d2)",2D,closed,16,16,0,0,0,d2,1.9932
2.705913e+06,"Ma(d1,d3)",2D,closed,-14,0,1,0,0,d3,1.9320
2.705913e+06,"Ma(d1,d3)",2D,closed,14,0,-1,0,0,d3,1.9320
2.712848e+06,"Ma(d1,d2)",2D,closed,-8,4,0,0,0,d2,1.9932
2.712848e+06,"Ma(d1,d2)",2D,closed,8,-4,0,0,0,d2,1.9932
2.715153e+06,"Ma(d1,d2)",2D,closed,-12,2,0,0,0,d2,1.9932
2.715153e+06,"Ma(d1,d2)",2D,closed,12,-2,0,0,0,d2,1.9932
2.716307e+06,"Ma(d1,d2)",2D,closed,-14,1,0,0,0,d2,1.9932
2.716307e+06,"Ma(d1,d2)",2D,closed,14,-1,0,0,0,d2,1.9932
2.716375e+06,"Ma(d1,d4)",2D,closed,-16,0,0,-16,0,d4,1.9996
2.716375e+06,"Ma(d1,d4)",2D,closed,16,0,0,16,0,d4,1.9996
2.717190e+06,"Ma(d1,d4)",2D,closed,-8,0,0,4,0,d4,1.9996
2.717190e+06,"Ma(d1,d4)",2D,closed,8,0,0,-4,0,d4,1.9996
2.717326e+06,"Ma(d1,d4)",2D,closed,-12,0,0,2,0,d4,1.9996
2.717326e+06,"Ma(d1,d4)",2D,closed,12,0,0,-2,0,d4,1.9996
2.717394e+06,"Ma(d1,d4)",2D,closed,-14,0,0,1,0,d4,1.9996
2.717394e+06,"Ma(d1,d4)",2D,closed,14,0,0,-1,0,d4,1.9996
2.717462e+06,"Ma(d1,d5)",2D,closed,-20,0,0,0,-2,d5,2.0000
2.717462e+06,"Ma(d1,d5)",2D,closed,-18,0,0,0,-1,d5,2.0000
2.717462e+06,"Ma(d1,d4)",2D,closed,-16,0,0,-16,0,d1,1.9996
2.717462e+06,"Ma(d1,d5)",2D,closed,-16,0,0,0,-16,d1,2.0000
2.717462e+06,"Ma(d1,d5)",2D,closed,-16,0,0,0,-16,d5,2.0000
2.717462e+06,Ma(d1),1D,closed,-16,0,0,0,0,,
2.717462e+06,"Ma(d1,d5)",2D,closed,-16,0,0,0,16,d1,2.0000
2.717462e+06,"Ma(d1,d4)",2D,closed,-16,0,0,16,0,d1,1.9996
2.717462e+06,"Ma(d1,d5)",2D,closed,-14,0,0,0,1,d5,2.0000
2.717462e+06,"Ma(d1,d5)",2D,closed,-12,0,0,0,2,d5,2.0000
2.717462e+06,"Ma(d1,d5)",2D,closed,-8,0,0,0,4,d5,2.0000
2.717462e+06,"Ma(d1,d5)",2D,closed,8,0,0,0,-4,d5,2.0000
2.717462e+06,"Ma(d1,d5)",2D,closed,12,0,0,0,-2,d5,2.0000
2.717462e+06,"Ma(d1,d5)",2D,closed,14,0,0,0,-1,d5,2.0000
2.717462e+06,"Ma(d1,d4)",2D,closed,16,0,0,-16,0,d1,1.9996
2.717462e+06,"Ma(d1,d5)",2D,closed,16,0,0,0,-16,d1,2.0000
2.717462e+06,Ma(d1),1D,closed,16,0,0,0,0,,
2.717462e+06,"Ma(d1,d5)",2D,closed,16,0,0,0,16,d1,2.0000
2.717462e+06,"Ma(d1,d5)",2D,closed,16,0,0,0,16,d5,2.0000
2.717462e+06,"Ma(d1,d4)",2D,closed,16,0,0,16,0,d1,1.9996
2.717462e+06,"Ma(d1,d5)",2D,closed,18,0,0,0,1,d5,2.0000
2.717462e+06,"Ma(d1,d5)",2D,closed,20,0,0,0,2,d5,2.0000
2.717462e+06,"Ma(d1,d3)",2D,closed,-16,0,-16,0,0,d1,1.9320
2.717462e+06,"Ma(d1,d3)",2D,closed,16,0,16,0,0,d1,1.9320
2.717462e+06,"Ma(d1,d3)",2D,closed,-16,0,16,0,0,d1,1.9320
2.717462e+06,"Ma(d1,d3)",2D,closed,16,0,-16,0,0,d1,1.9320
2.717530e+06,"Ma(d1,d4)",2D,closed,-18,0,0,-1,0,d4,1.9996
2.717530e+06,"Ma(d1,d4)",2D,closed,18,0,0,1,0,d4,1.9996
2.717548e+06,"Ma(d1,d2)",2D,closed,-16,-16,0,0,0,d1,1.9932
2.717548e+06,"Ma(d1,d2)",2D,closed,16,16,0,0,0,d1,1.9932
2.717598e+06,"Ma(d1,d4)",2D,closed,-20,0,0,-2,0,d4,1.9996
2.717598e+06,"Ma(d1,d4)",2D,closed,20,0,0,2,0,d4,1.9996
2.718245e+06,"Ma(d1,d2)",2D,closed,-16,16,0,0,0,d1,1.9932
2.718245e+06,"Ma(d1,d2)",2D,closed,16,-16,0,0,0,d1,1.9932
2.718617e+06,"Ma(d1,d2)",2D,closed,-18,-1,0,0,0,d2,1.9932
2.718617e+06,"Ma(d1,d2)",2D,closed,18,1,0,0,0,d2,1.9932
2.719773e+06,"Ma(d1,d2)",2D,closed,-20,-2,0,0,0,d2,1.9932
2.719773e+06,"Ma(d1,d2)",2D,closed,20,2,0,0,0,d2,1.9932
2.729011e+06,"Ma(d1,d3)",2D,closed,-18,0,-1,0,0,d3,1.9320
2.729011e+06,"Ma(d1,d3)",2D,closed,18,0,1,0,0,d3,1.9320
2.740560e+06,"Ma(d1,d3)",2D,closed,-20,0,-2,0,0,d3,1.9320
2.740560e+06,"Ma(d1,d3)",2D,closed,20,0,2,0,0,d3,1.9320
2.849259e+06,"Ma(d1,d3)",2D,closed,-18,0,-18,0,0,d3,1.9320
2.849259e+06,"Ma(d1,d3)",2D,closed,18,0,18,0,0,d3,1.9320
2.867763e+06,"Ma(d1,d2)",2D,closed,-17,-17,0,0,0,d2,1.9932
2.867763e+06,"Ma(d1,d2)",2D,closed,17,17,0,0,0,d2,1.9932
2.875754e+06,"Ma(d1,d3)",2D,closed,-15,0,1,0,0,d3,1.9320
2.875754e+06,"Ma(d1,d3)",2D,closed,15,0,-1,0,0,d3,1.9320
2.886148e+06,"Ma(d1,d4)",2D,closed,-17,0,0,-17,0,d4,1.9996
2.886148e+06,"Ma(d1,d4)",2D,closed,17,0,0,17,0,d4,1.9996
2.886149e+06,"Ma(d1,d2)",2D,closed,-15,1,0,0,0,d2,1.9932
2.886149e+06,"Ma(d1,d2)",2D,closed,15,-1,0,0,0,d2,1.9932
2.887235e+06,"Ma(d1,d4)",2D,closed,-15,0,0,1,0,d4,1.9996
2.887235e+06,"Ma(d1,d4)",2D,closed,15,0,0,-1,0,d4,1.9996
2.887303e+06,Ma(d1),1D,closed,-17,0,0,0,0,,
2.887303e+06,Ma(d1),1D,closed,17,0,0,0,0,,
2.887303e+06,"Ma(d1,d5)",2D,closed,-19,0,0,0,-1,d5,2.0000
2.887303e+06,"Ma(d1,d4)",2D,closed,-17,0,0,-17,0,d1,1.9996
2.887303e+06,"Ma(d1,d5)",2D,closed,-17,0,0,0,-17,d1,2.0000
2.887303e+06,"Ma(d1,d5)",2D,closed,-17,0,0,0,-17,d5,2.0000
2.887303e+06,"Ma(d1,d5)",2D,closed,-17,0,0,0,17,d1,2.0000
2.887303e+06,"Ma(d1,d4)",2D,closed,-17,0,0,17,0,d1,1.9996
2.887303e+06,"Ma(d1,d5)",2D,closed,-15,0,0,0,1,d5,2.0000
2.887303e+06,"Ma(d1,d5)",2D,closed,15,0,0,0,-1,d5,2.0000
2.887303e+06,"Ma(d1,d4)",2D,closed,17,0,0,-17,0,d1,1.9996
2.887303e+06,"Ma(d1,d5)",2D,closed,17,0,0,0,-17,d1,2.0000
2.887303e+06,"Ma(d1,d5)",2D,closed,17,0,0,0,17,d1,2.0000
2.887303e+06,"Ma(d1,d5)",2D,closed,17,0,0,0,17,d5,2.0000
2.887303e+06,"Ma(d1,d4)",2D,closed,17,0,0,17,0,d1,1.9996
2.887303e+06,"Ma(d1,d5)",2D,closed,19,0,0,0,1,d5,2.0000
2.887303e+06,"Ma(d1,d3)",2D,closed,-17,0,-17,0,0,d1,1.9320
2.887303e+06,"Ma(d1,d3)",2D,closed,17,0,17,0,0,d1,1.9320
2.887303e+06,"Ma(d1,d3)",2D,closed,-17,0,17,0,0,d1,1.9320
2.887303e+06,"Ma(d1,d3)",2D,closed,17,0,-17,0,0,d1,1.9320
2.887371e+06,"Ma(d1,d4)",2D,closed,-19,0,0,-1,0,d4,1.9996
2.887371e+06,"Ma(d1,d4)",2D,closed,19,0,0,1,0,d4,1.9996
2.887395e+06,"Ma(d1,d2)",2D,closed,-17,-17,0,0,0,d1,1.9932
2.887395e+06,"Ma(d1,d2)",2D,closed,17,17,0,0,0,d1,1.9932
2.888135e+06,"Ma(d1,d2)",2D,closed,-17,17,0,0,0,d1,1.9932
2.888135e+06,"Ma(d1,d2)",2D,closed,17,-17,0,0,0,d1,1.9932
2.888458e+06,"Ma(d1,d2)",2D,closed,-19,-1,0,0,0,d2,1.9932
2.888458e+06,"Ma(d1,d2)",2D,closed,19,1,0,0,0,d2,1.9932
2.898852e+06,"Ma(d1,d3)",2D,closed,-19,0,-1,0,0,d3,1.9320
2.898852e+06,"Ma(d1,d3)",2D,closed,19,0,1,0,0,d3,1.9320
2.987849e+06,"Ma(d1,d3)",2D,closed,-6,0,6,0,0,d3,1.9320
2.987849e+06,"Ma(d1,d3)",2D,closed,6,0,-6,0,0,d3,1.9320
3.007551e+06,"Ma(d1,d3)",2D,closed,-19,0,-19,0,0,d3,1.9320
3.007551e+06,"Ma(d1,d3)",2D,closed,19,0,19,0,0,d3,1.9320
3.022497e+06,"Ma(d1,d3)",2D,closed,-12,0,3,0,0,d3,1.9320
3.022497e+06,"Ma(d1,d3)",2D,closed,12,0,-3,0,0,d3,1.9320
3.034046e+06,"Ma(d1,d3)",2D,closed,-14,0,2,0,0,d3,1.9320
3.034046e+06,"Ma(d1,d3)",2D,closed,14,0,-2,0,0,d3,1.9320
3.036455e+06,"Ma(d1,d2)",2D,closed,-18,-18,0,0,0,d2,1.9932
3.036455e+06,"Ma(d1,d2)",2D,closed,18,18,0,0,0,d2,1.9932
3.045595e+06,"Ma(d1,d3)",2D,closed,-16,0,1,0,0,d3,1.9320
3.045595e+06,"Ma(d1,d3)",2D,closed,16,0,-1,0,0,d3,1.9320
3.050226e+06,"Ma(d1,d2)",2D,closed,-6,6,0,0,0,d2,1.9932
3.050226e+06,"Ma(d1,d2)",2D,closed,6,-6,0,0,0,d2,1.9932
3.053683e+06,"Ma(d1,d2)",2D,closed,-12,3,0,0,0,d2,1.9932
3.053683e+06,"Ma(d1,d2)",2D,closed,12,-3,0,0,0,d2,1.9932
3.054836e+06,"Ma(d1,d2)",2D,closed,-14,2,0,0,0,d2,1.9932
3.054836e+06,"Ma(d1,d2)",2D,closed,14,-2,0,0,0,d2,1.9932
3.055922e+06,"Ma(d1,d4)",2D,closed,-18,0,0,-18,0,d4,1.9996
3.055922e+06,"Ma(d1,d4)",2D,closed,18,0,0,18,0,d4,1.9996
3.055990e+06,"Ma(d1,d2)",2D,closed,-16,1,0,0,0,d2,1.9932
3.055990e+06,"Ma(d1,d2)",2D,closed,16,-1,0,0,0,d2,1.9932
3.056737e+06,"Ma(d1,d4)",2D,closed,-6,0,0,6,0,d4,1.9996
3.056737e+06,"Ma(d1,d4)",2D,closed,6,0,0,-6,0,d4,1.9996
3.056941e+06,"Ma(d1,d4)",2D,closed,-12,0,0,3,0,d4,1.9996
3.056941e+06,"Ma(d1,d4)",2D,closed,12,0,0,-3,0,d4,1.9996
3.057009e+06,"Ma(d1,d4)",2D,closed,-14,0,0,2,0,d4,1.9996
3.057009e+06,"Ma(d1,d4)",2D,closed,14,0,0,-2,0,d4,1.9996
3.057077e+06,"Ma(d1,d4)",2D,closed,-16,0,0,1,0,d4,1.9996
3.057077e+06,"Ma(d1,d4)",2D,closed,16,0,0,-1,0,d4,1.9996
3.057145e+06,"Ma(d1,d5)",2D,closed,-20,0,0,0,-1,d5,2.0000
3.057145e+06,"Ma(d1,d4)",2D,closed,-18,0,0,-18,0,d1,1.9996
3.057145e+06,"Ma(d1,d5)",2D,closed,-18,0,0,0,-18,d1,2.0000
3.057145e+06,"Ma(d1,d5)",2D,closed,-18,0,0,0,-18,d5,2.0000
3.057145e+06,Ma(d1),1D,closed,-18,0,0,0,0,,
3.057145e+06,"Ma(d1,d5)",2D,closed,-18,0,0,0,18,d1,2.0000
3.057145e+06,"Ma(d1,d4)",2D,closed,-18,0,0,18,0,d1,1.9996
3.057145e+06,"Ma(d1,d5)",2D,closed,-16,0,0,0,1,d5,2.0000
3.057145e+06,"Ma(d1,d5)",2D,closed,-14,0,0,0,2,d5,2.0000
3.057145e+06,"Ma(d1,d5)",2D,closed,-12,0,0,0,3,d5,2.0000
3.057145e+06,"Ma(d1,d5)",2D,closed,-6,0,0,0,6,d5,2.0000
3.057145e+06,"Ma(d1,d5)",2D,closed,6,0,0,0,-6,d5,2.0000
3.057145e+06,"Ma(d1,d5)",2D,closed,12,0,0,0,-3,d5,2.0000
3.057145e+06,"Ma(d1,d5)",2D,closed,14,0,0,0,-2,d5,2.0000
3.057145e+06,"Ma(d1,d5)",2D,closed,16,0,0,0,-1,d5,2.0000
3.057145e+06,"Ma(d1,d4)",2D,closed,18,0,0,-18,0,d1,1.9996
3.057145e+06,"Ma(d1,d5)",2D,closed,18,0,0,0,-18,d1,2.0000
3.057145e+06,Ma(d1),1D,closed,18,0,0,0,0,,
3.057145e+06,"Ma(d1,d5)",2D,closed,18,0,0,0,18,d1,2.0000
3.057145e+06,"Ma(d1,d5)",2D,closed,18,0,0,0,18,d5,2.0000
3.057145e+06,"Ma(d1,d4)",2D,closed,18,0,0,18,0,d1,1.9996
3.057145e+06,"Ma(d1,d5)",2D,closed,20,0,0,0,1,d5,2.0000
3.057145e+06,"Ma(d1,d3)",2D,closed,-18,0,-18,0,0,d1,1.9320
3.057145e+06,"Ma(d1,d3)",2D,closed,18,0,18,0,0,d1,1.9320
3.057145e+06,"Ma(d1,d3)",2D,closed,-18,0,18,0,0,d1,1.9320
3.057145e+06,"Ma(d1,d3)",2D,closed,18,0,-18,0,0,d1,1.9320
3.057213e+06,"Ma(d1,d4)",2D,closed,-20,0,0,-1,0,d4,1.9996
3.057213e+06,"Ma(d1,d4)",2D,closed,20,0,0,1,0,d4,1.9996
3.057242e+06,"Ma(d1,d2)",2D,closed,-18,-18,0,0,0,d1,1.9932
3.057242e+06,"Ma(d1,d2)",2D,closed,18,18,0,0,0,d1,1.9932
3.058026e+06,"Ma(d1,d2)",2D,closed,-18,18,0,0,0,d1,1.9932
3.058026e+06,"Ma(d1,d2)",2D,closed,18,-18,0,0,0,d1,1.9932
3.058300e+06,"Ma(d1,d2)",2D,closed,-20,-1,0,0,0,d2,1.9932
3.058300e+06,"Ma(d1,d2)",2D,closed,20,1,0,0,0,d2,1.9932
3.068694e+06,"Ma(d1,d3)",2D,closed,-20,0,-1,0,0,d3,1.9320
3.068694e+06,"Ma(d1,d3)",2D,closed,20,0,1,0,0,d3,1.9320
3.165843e+06,"Ma(d1,d3)",2D,closed,-20,0,-20,0,0,d3,1.9320
3.165843e+06,"Ma(d1,d3)",2D,closed,20,0,20,0,0,d3,1.9320
3.205147e+06,"Ma(d1,d2)",2D,closed,-19,-19,0,0,0,d2,1.9932
3.205147e+06,"Ma(d1,d2)",2D,closed,19,19,0,0,0,d2,1.9932
3.215437e+06,"Ma(d1,d3)",2D,closed,-17,0,1,0,0,d3,1.9320
3.215437e+06,"Ma(d1,d3)",2D,closed,17,0,-1,0,0,d3,1.9320
3.225695e+06,"Ma(d1,d4)",2D,closed,-19,0,0,-19,0,d4,1.9996
3.225695e+06,"Ma(d1,d4)",2D,closed,19,0,0,19,0,d4,1.9996
3.225831e+06,"Ma(d1,d2)",2D,closed,-17,1,0,0,0,d2,1.9932
3.225831e+06,"Ma(d1,d2)",2D,closed,17,-1,0,0,0,d2,1.9932
3.226918e+06,"Ma(d1,d4)",2D,closed,-17,0,0,1,0,d4,1.9996
3.226918e+06,"Ma(d1,d4)",2D,closed,17,0,0,-1,0,d4,1.9996
3.226986e+06,Ma(d1),1D,closed,-19,0,0,0,0,,
3.226986e+06,Ma(d1),1D,closed,19,0,0,0,0,,
3.226986e+06,"Ma(d1,d4)",2D,closed,-19,0,0,-19,0,d1,1.9996
3.226986e+06,"Ma(d1,d5)",2D,closed,-19,0,0,0,-19,d1,2.0000
3.226986e+06,"Ma(d1,d5)",2D,closed,-19,0,0,0,-19,d5,2.0000
3.226986e+06,"Ma(d1,d5)",2D,closed,-19,0,0,0,19,d1,2.0000
3.226986e+06,"Ma(d1,d4)",2D,closed,-19,0,0,19,0,d1,1.9996
3.226986e+06,"Ma(d1,d5)",2D,closed,-17,0,0,0,1,d5,2.0000
3.226986e+06,"Ma(d1,d5)",2D,closed,17,0,0,0,-1,d5,2.0000
3.226986e+06,"Ma(d1,d4)",2D,closed,19,0,0,-19,0,d1,1.9996
3.226986e+06,"Ma(d1,d5)",2D,closed,19,0,0,0,-19,d1,2.0000
3.226986e+06,"Ma(d1,d5)",2D,closed,19,0,0,0,19,d1,2.0000
3.226986e+06,"Ma(d1,d5)",2D,closed,19,0,0,0,19,d5,2.0000
3.226986e+06,"Ma(d1,d4)",2D,closed,19,0,0,19,0,d1,1.9996
3.226986e+06,"Ma(d1,d3)",2D,closed,-19,0,-19,0,0,d1,1.9320
3.226986e+06,"Ma(d1,d3)",2D,closed,19,0,19,0,0,d1,1.9320
3.226986e+06,"Ma(d1,d3)",2D,closed,-19,0,19,0,0,d1,1.9320
3.226986e+06,"Ma(d1,d3)",2D,closed,19,0,-19,0,0,d1,1.9320
3.227088e+06,"Ma(d1,d2)",2D,closed,-19,-19,0,0,0,d1,1.9932
3.227088e+06,"Ma(d1,d2)",2D,closed,19,19,0,0,0,d1,1.9932
3.227916e+06,"Ma(d1,d2)",2D,closed,-19,19,0,0,0,d1,1.9932
3.227916e+06,"Ma(d1,d2)",2D,closed,19,-19,0,0,0,d1,1.9932
3.339081e+06,"Ma(d1,d3)",2D,closed,-10,0,5,0,0,d3,1.9320
3.339081e+06,"Ma(d1,d3)",2D,closed,10,0,-5,0,0,d3,1.9320
3.350631e+06,"Ma(d1,d3)",2D,closed,-12,0,4,0,0,d3,1.9320
3.350631e+06,"Ma(d1,d3)",2D,closed,12,0,-4,0,0,d3,1.9320
3.373729e+06,"Ma(d1,d3)",2D,closed,-16,0,2,0,0,d3,1.9320
3.373729e+06,"Ma(d1,d3)",2D,closed,16,0,-2,0,0,d3,1.9320
3.373839e+06,"Ma(d1,d2)",2D,closed,-20,-20,0,0,0,d2,1.9932
3.373839e+06,"Ma(d1,d2)",2D,closed,20,20,0,0,0,d2,1.9932
3.385278e+06,"Ma(d1,d3)",2D,closed,-18,0,1,0,0,d3,1.9320
3.385278e+06,"Ma(d1,d3)",2D,closed,18,0,-1,0,0,d3,1.9320
3.391060e+06,"Ma(d1,d2)",2D,closed,-10,5,0,0,0,d2,1.9932
3.391060e+06,"Ma(d1,d2)",2D,closed,10,-5,0,0,0,d2,1.9932
3.392212e+06,"Ma(d1,d2)",2D,closed,-12,4,0,0,0,d2,1.9932
3.392212e+06,"Ma(d1,d2)",2D,closed,12,-4,0,0,0,d2,1.9932
3.394519e+06,"Ma(d1,d2)",2D,closed,-16,2,0,0,0,d2,1.9932
3.394519e+06,"Ma(d1,d2)",2D,closed,16,-2,0,0,0,d2,1.9932
3.395469e+06,"Ma(d1,d4)",2D,closed,-20,0,0,-20,0,d4,1.9996
3.395469e+06,"Ma(d1,d4)",2D,closed,20,0,0,20,0,d4,1.9996
3.395673e+06,"Ma(d1,d2)",2D,closed,-18,1,0,0,0,d2,1.9932
3.395673e+06,"Ma(d1,d2)",2D,closed,18,-1,0,0,0,d2,1.9932
3.396488e+06,"Ma(d1,d4)",2D,closed,-10,0,0,5,0,d4,1.9996
3.396488e+06,"Ma(d1,d4)",2D,closed,10,0,0,-5,0,d4,1.9996
3.396556e+06,"Ma(d1,d4)",2D,closed,-12,0,0,4,0,d4,1.9996
3.396556e+06,"Ma(d1,d4)",2D,closed,12,0,0,-4,0,d4,1.9996
3.396691e+06,"Ma(d1,d4)",2D,closed,-16,0,0,2,0,d4,1.9996
3.396691e+06,"Ma(d1,d4)",2D,closed,16,0,0,-2,0,d4,1.9996
3.396759e+06,"Ma(d1,d4)",2D,closed,-18,0,0,1,0,d4,1.9996
3.396759e+06,"Ma(d1,d4)",2D,closed,18,0,0,-1,0,d4,1.9996
3.396827e+06,"Ma(d1,d4)",2D,closed,-20,0,0,-20,0,d1,1.9996
3.396827e+06,"Ma(d1,d5)",2D,closed,-20,0,0,0,-20,d1,2.0000
3.396827e+06,"Ma(d1,d5)",2D,closed,-20,0,0,0,-20,d5,2.0000
3.396827e+06,"Ma(d1,d5)",2D,closed,-20,0,0,0,20,d1,2.0000
3.396827e+06,"Ma(d1,d4)",2D,closed,-20,0,0,20,0,d1,1.9996
3.396827e+06,"Ma(d1,d5)",2D,closed,-18,0,0,0,1,d5,2.0000
3.396827e+06,"Ma(d1,d5)",2D,closed,-16,0,0,0,2,d5,2.0000
3.396827e+06,"Ma(d1,d5)",2D,closed,-12,0,0,0,4,d5,2.0000
3.396827e+06,"Ma(d1,d5)",2D,closed,-10,0,0,0,5,d5,2.0000
3.396827e+06,"Ma(d1,d5)",2D,closed,10,0,0,0,-5,d5,2.0000
3.396827e+06,"Ma(d1,d5)",2D,closed,12,0,0,0,-4,d5,2.0000
3.396827e+06,"Ma(d1,d5)",2D,closed,16,0,0,0,-2,d5,2.0000
3.396827e+06,"Ma(d1,d5)",2D,closed,18,0,0,0,-1,d5,2.0000
3.396827e+06,"Ma(d1,d4)",2D,closed,20,0,0,-20,0,d1,1.9996
3.396827e+06,"Ma(d1,d5)",2D,closed,20,0,0,0,-20,d1,2.0000
3.396827e+06,"Ma(d1,d5)",2D,closed,20,0,0,0,20,d1,2.0000
3.396827e+06,"Ma(d1,d5)",2D,closed,20,0,0,0,20,d5,2.0000
3.396827e+06,"Ma(d1,d4)",2D,closed,20,0,0,20,0,d1,1.9996
3.396827e+06,Ma(d1),1D,closed,-20,0,0,0,0,,
3.396827e+06,Ma(d1),1D,closed,20,0,0,0,0,,
3.396827e+06,"Ma(d1,d3)",2D,closed,-20,0,-20,0,0,d1,1.9320
3.396827e+06,"Ma(d1,d3)",2D,closed,20,0,20,0,0,d1,1.9320
3.396827e+06,"Ma(d1,d3)",2D,closed,-20,0,20,0,0,d1,1.9320
3.396827e+06,"Ma(d1,d3)",2D,closed,20,0,-20,0,0,d1,1.9320
3.396935e+06,"Ma(d1,d2)",2D,closed,-20,-20,0,0,0,d1,1.9932
3.396935e+06,"Ma(d1,d2)",2D,closed,20,20,0,0,0,d1,1.9932
3.397806e+06,"Ma(d1,d2)",2D,closed,-20,20,0,0,0,d1,1.9932
3.397806e+06,"Ma(d1,d2)",2D,closed,20,-20,0,0,0,d1,1.9932
3.485824e+06,"Ma(d1,d3)",2D,closed,-7,0,7,0,0,d3,1.9320
3.485824e+06,"Ma(d1,d3)",2D,closed,7,0,-7,0,0,d3,1.9320
3.532021e+06,"Ma(d1,d3)",2D,closed,-15,0,3,0,0,d3,1.9320
3.532021e+06,"Ma(d1,d3)",2D,closed,15,0,-3,0,0,d3,1.9320
3.555120e+06,"Ma(d1,d3)",2D,closed,-19,0,1,0,0,d3,1.9320
3.555120e+06,"Ma(d1,d3)",2D,closed,19,0,-1,0,0,d3,1.9320
3.558597e+06,"Ma(d1,d2)",2D,closed,-7,7,0,0,0,d2,1.9932
3.558597e+06,"Ma(d1,d2)",2D,closed,7,-7,0,0,0,d2,1.9932
3.563206e+06,"Ma(d1,d2)",2D,closed,-15,3,0,0,0,d2,1.9932
3.563206e+06,"Ma(d1,d2)",2D,closed,15,-3,0,0,0,d2,1.9932
3.565514e+06,"Ma(d1,d2)",2D,closed,-19,1,0,0,0,d2,1.9932
3.565514e+06,"Ma(d1,d2)",2D,closed,19,-1,0,0,0,d2,1.9932
3.566193e+06,"Ma(d1,d4)",2D,closed,-7,0,0,7,0,d4,1.9996
3.566193e+06,"Ma(d1,d4)",2D,closed,7,0,0,-7,0,d4,1.9996
3.566465e+06,"Ma(d1,d4)",2D,closed,-15,0,0,3,0,d4,1.9996
3.566465e+06,"Ma(d1,d4)",2D,closed,15,0,0,-3,0,d4,1.9996
3.566601e+06,"Ma(d1,d4)",2D,closed,-19,0,0,1,0,d4,1.9996
3.566601e+06,"Ma(d1,d4)",2D,closed,19,0,0,-1,0,d4,1.9996
3.566669e+06,"Ma(d1,d5)",2D,closed,-19,0,0,0,1,d5,2.0000
3.566669e+06,"Ma(d1,d5)",2D,closed,-15,0,0,0,3,d5,2.0000
3.566669e+06,"Ma(d1,d5)",2D,closed,-7,0,0,0,7,d5,2.0000
3.566669e+06,"Ma(d1,d5)",2D,closed,7,0,0,0,-7,d5,2.0000
3.566669e+06,"Ma(d1,d5)",2D,closed,15,0,0,0,-3,d5,2.0000
3.566669e+06,"Ma(d1,d5)",2D,closed,19,0,0,0,-1,d5,2.0000
3.713412e+06,"Ma(d1,d3)",2D,closed,-18,0,2,0,0,d3,1.9320
3.713412e+06,"Ma(d1,d3)",2D,closed,18,0,-2,0,0,d3,1.9320
3.724961e+06,"Ma(d1,d3)",2D,closed,-20,0,1,0,0,d3,1.9320
3.724961e+06,"Ma(d1,d3)",2D,closed,20,0,-1,0,0,d3,1.9320
3.734201e+06,"Ma(d1,d2)",2D,closed,-18,2,0,0,0,d2,1.9932
3.734201e+06,"Ma(d1,d2)",2D,closed,18,-2,0,0,0,d2,1.9932
3.735355e+06,"Ma(d1,d2)",2D,closed,-20,1,0,0,0,d2,1.9932
3.735355e+06,"Ma(d1,d2)",2D,closed,20,-1,0,0,0,d2,1.9932
3.736374e+06,"Ma(d1,d4)",2D,closed,-18,0,0,2,0,d4,1.9996
3.736374e+06,"Ma(d1,d4)",2D,closed,18,0,0,-2,0,d4,1.9996
3.736442e+06,"Ma(d1,d4)",2D,closed,-20,0,0,1,0,d4,1.9996
3.736442e+06,"Ma(d1,d4)",2D,closed,20,0,0,-1,0,d4,1.9996
3.736510e+06,"Ma(d1,d5)",2D,closed,-20,0,0,0,1,d5,2.0000
3.736510e+06,"Ma(d1,d5)",2D,closed,-18,0,0,0,2,d5,2.0000
3.736510e+06,"Ma(d1,d5)",2D,closed,18,0,0,0,-2,d5,2.0000
3.736510e+06,"Ma(d1,d5)",2D,closed,20,0,0,0,-1,d5,2.0000
3.983799e+06,"Ma(d1,d3)",2D,closed,-8,0,8,0,0,d3,1.9320
3.983799e+06,"Ma(d1,d3)",2D,closed,8,0,-8,0,0,d3,1.9320
4.006898e+06,"Ma(d1,d3)",2D,closed,-12,0,6,0,0,d3,1.9320
4.006898e+06,"Ma(d1,d3)",2D,closed,12,0,-6,0,0,d3,1.9320
4.029996e+06,"Ma(d1,d3)",2D,closed,-16,0,4,0,0,d3,1.9320
4.029996e+06,"Ma(d1,d3)",2D,closed,16,0,-4,0,0,d3,1.9320
4.041545e+06,"Ma(d1,d3)",2D,closed,-18,0,3,0,0,d3,1.9320
4.041545e+06,"Ma(d1,d3)",2D,closed,18,0,-3,0,0,d3,1.9320
4.053094e+06,"Ma(d1,d3)",2D,closed,-20,0,2,0,0,d3,1.9320
4.053094e+06,"Ma(d1,d3)",2D,closed,20,0,-2,0,0,d3,1.9320
4.066968e+06,"Ma(d1,d2)",2D,closed,-8,8,0,0,0,d2,1.9932
4.066968e+06,"Ma(d1,d2)",2D,closed,8,-8,0,0,0,d2,1.9932
4.069272e+06,"Ma(d1,d2)",2D,closed,-12,6,0,0,0,d2,1.9932
4.069272e+06,"Ma(d1,d2)",2D,closed,12,-6,0,0,0,d2,1.9932
4.071577e+06,"Ma(d1,d2)",2D,closed,-16,4,0,0,0,d2,1.9932
4.071577e+06,"Ma(d1,d2)",2D,closed,16,-4,0,0,0,d2,1.9932
4.072730e+06,"Ma(d1,d2)",2D,closed,-18,3,0,0,0,d2,1.9932
4.072730e+06,"Ma(d1,d2)",2D,closed,18,-3,0,0,0,d2,1.9932
4.073884e+06,"Ma(d1,d2)",2D,closed,-20,2,0,0,0,d2,1.9932
4.073884e+06,"Ma(d1,d2)",2D,closed,20,-2,0,0,0,d2,1.9932
4.075649e+06,"Ma(d1,d4)",2D,closed,-8,0,0,8,0,d4,1.9996
4.075649e+06,"Ma(d1,d4)",2D,closed,8,0,0,-8,0,d4,1.9996
4.075785e+06,"Ma(d1,d4)",2D,closed,-12,0,0,6,0,d4,1.9996
4.075785e+06,"Ma(d1,d4)",2D,closed,12,0,0,-6,0,d4,1.9996
4.075921e+06,"Ma(d1,d4)",2D,closed,-16,0,0,4,0,d4,1.9996
4.075921e+06,"Ma(d1,d4)",2D,closed,16,0,0,-4,0,d4,1.9996
4.075989e+06,"Ma(d1,d4)",2D,closed,-18,0,0,3,0,d4,1.9996
4.075989e+06,"Ma(d1,d4)",2D,closed,18,0,0,-3,0,d4,1.9996
4.076057e+06,"Ma(d1,d4)",2D,closed,-20,0,0,2,0,d4,1.9996
4.076057e+06,"Ma(d1,d4)",2D,closed,20,0,0,-2,0,d4,1.9996
4.076193e+06,"Ma(d1,d5)",2D,closed,-20,0,0,0,2,d5,2.0000
4.076193e+06,"Ma(d1,d5)",2D,closed,-18,0,0,0,3,d5,2.0000
4.076193e+06,"Ma(d1,d5)",2D,closed,-16,0,0,0,4,d5,2.0000
4.076193e+06,"Ma(d1,d5)",2D,closed,-12,0,0,0,6,d5,2.0000
4.076193e+06,"Ma(d1,d5)",2D,closed,-8,0,0,0,8,d5,2.0000
4.076193e+06,"Ma(d1,d5)",2D,closed,8,0,0,0,-8,d5,2.0000
4.076193e+06,"Ma(d1,d5)",2D,closed,12,0,0,0,-6,d5,2.0000
4.076193e+06,"Ma(d1,d5)",2D,closed,16,0,0,0,-4,d5,2.0000
4.076193e+06,"Ma(d1,d5)",2D,closed,18,0,0,0,-3,d5,2.0000
4.076193e+06,"Ma(d1,d5)",2D,closed,20,0,0,0,-2,d5,2.0000
4.188288e+06,"Ma(d1,d3)",2D,closed,-15,0,5,0,0,d3,1.9320
4.188288e+06,"Ma(d1,d3)",2D,closed,15,0,-5,0,0,d3,1.9320
4.240265e+06,"Ma(d1,d2)",2D,closed,-15,5,0,0,0,d2,1.9932
4.240265e+06,"Ma(d1,d2)",2D,closed,15,-5,0,0,0,d2,1.9932
4.245695e+06,"Ma(d1,d4)",2D,closed,-15,0,0,5,0,d4,1.9996
4.245695e+06,"Ma(d1,d4)",2D,closed,15,0,0,-5,0,d4,1.9996
4.246034e+06,"Ma(d1,d5)",2D,closed,-15,0,0,0,5,d5,2.0000
4.246034e+06,"Ma(d1,d5)",2D,closed,15,0,0,0,-5,d5,2.0000
4.481774e+06,"Ma(d1,d3)",2D,closed,-9,0,9,0,0,d3,1.9320
4.481774e+06,"Ma(d1,d3)",2D,closed,9,0,-9,0,0,d3,1.9320
4.575339e+06,"Ma(d1,d2)",2D,closed,-9,9,0,0,0,d2,1.9932
4.575339e+06,"Ma(d1,d2)",2D,closed,9,-9,0,0,0,d2,1.9932
4.585105e+06,"Ma(d1,d4)",2D,closed,-9,0,0,9,0,d4,1.9996
4.585105e+06,"Ma(d1,d4)",2D,closed,9,0,0,-9,0,d4,1.9996
4.585717e+06,"Ma(d1,d5)",2D,closed,-9,0,0,0,9,d5,2.0000
4.585717e+06,"Ma(d1,d5)",2D,closed,9,0,0,0,-9,d5,2.0000
4.674714e+06,"Ma(d1,d3)",2D,closed,-14,0,7,0,0,d3,1.9320
4.674714e+06,"Ma(d1,d3)",2D,closed,14,0,-7,0,0,d3,1.9320
4.709361e+06,"Ma(d1,d3)",2D,closed,-20,0,4,0,0,d3,1.9320
4.709361e+06,"Ma(d1,d3)",2D,closed,20,0,-4,0,0,d3,1.9320
4.747483e+06,"Ma(d1,d2)",2D,closed,-14,7,0,0,0,d2,1.9932
4.747483e+06,"Ma(d1,d2)",2D,closed,14,-7,0,0,0,d2,1.9932
4.750942e+06,"Ma(d1,d2)",2D,closed,-20,4,0,0,0,d2,1.9932
4.750942e+06,"Ma(d1,d2)",2D,closed,20,-4,0,0,0,d2,1.9932
4.755083e+06,"Ma(d1,d4)",2D,closed,-14,0,0,7,0,d4,1.9996
4.755083e+06,"Ma(d1,d4)",2D,closed,14,0,0,-7,0,d4,1.9996
4.755287e+06,"Ma(d1,d4)",2D,closed,-20,0,0,4,0,d4,1.9996
4.755287e+06,"Ma(d1,d4)",2D,closed,20,0,0,-4,0,d4,1.9996
4.755558e+06,"Ma(d1,d5)",2D,closed,-20,0,0,0,4,d5,2.0000
4.755558e+06,"Ma(d1,d5)",2D,closed,-14,0,0,0,7,d5,2.0000
4.755558e+06,"Ma(d1,d5)",2D,closed,14,0,0,0,-7,d5,2.0000
4.755558e+06,"Ma(d1,d5)",2D,closed,20,0,0,0,-4,d5,2.0000
4.979749e+06,"Ma(d1,d3)",2D,closed,-10,0,10,0,0,d3,1.9320
4.979749e+06,"Ma(d1,d3)",2D,closed,10,0,-10,0,0,d3,1.9320
5.025946e+06,"Ma(d1,d3)",2D,closed,-18,0,6,0,0,d3,1.9320
5.025946e+06,"Ma(d1,d3)",2D,closed,18,0,-6,0,0,d3,1.9320
5.037495e+06,"Ma(d1,d3)",2D,closed,-20,0,5,0,0,d3,1.9320
5.037495e+06,"Ma(d1,d3)",2D,closed,20,0,-5,0,0,d3,1.9320
5.083710e+06,"Ma(d1,d2)",2D,closed,-10,10,0,0,0,d2,1.9932
5.083710e+06,"Ma(d1,d2)",2D,closed,10,-10,0,0,0,d2,1.9932
5.088318e+06,"Ma(d1,d2)",2D,closed,-18,6,0,0,0,d2,1.9932
5.088318e+06,"Ma(d1,d2)",2D,closed,18,-6,0,0,0,d2,1.9932
5.089471e+06,"Ma(d1,d2)",2D,closed,-20,5,0,0,0,d2,1.9932
5.089471e+06,"Ma(d1,d2)",2D,closed,20,-5,0,0,0,d2,1.9932
5.094562e+06,"Ma(d1,d4)",2D,closed,-10,0,0,10,0,d4,1.9996
5.094562e+06,"Ma(d1,d4)",2D,closed,10,0,0,-10,0,d4,1.9996
5.094833e+06,"Ma(d1,d4)",2D,closed,-18,0,0,6,0,d4,1.9996
5.094833e+06,"Ma(d1,d4)",2D,closed,18,0,0,-6,0,d4,1.9996
5.094901e+06,"Ma(d1,d4)",2D,closed,-20,0,0,5,0,d4,1.9996
5.094901e+06,"Ma(d1,d4)",2D,closed,20,0,0,-5,0,d4,1.9996
5.095241e+06,"Ma(d1,d5)",2D,closed,-20,0,0,0,5,d5,2.0000
5.095241e+06,"Ma(d1,d5)",2D,closed,-18,0,0,0,6,d5,2.0000
5.095241e+06,"Ma(d1,d5)",2D,closed,-10,0,0,0,10,d5,2.0000
5.095241e+06,"Ma(d1,d5)",2D,closed,10,0,0,0,-10,d5,2.0000
5.095241e+06,"Ma(d1,d5)",2D,closed,18,0,0,0,-6,d5,2.0000
5.095241e+06,"Ma(d1,d5)",2D,closed,20,0,0,0,-5,d5,2.0000
5.342530e+06,"Ma(d1,d3)",2D,closed,-16,0,8,0,0,d3,1.9320
5.342530e+06,"Ma(d1,d3)",2D,closed,16,0,-8,0,0,d3,1.9320
5.425695e+06,"Ma(d1,d2)",2D,closed,-16,8,0,0,0,d2,1.9932
5.425695e+06,"Ma(d1,d2)",2D,closed,16,-8,0,0,0,d2,1.9932
5.434380e+06,"Ma(d1,d4)",2D,closed,-16,0,0,8,0,d4,1.9996
5.434380e+06,"Ma(d1,d4)",2D,closed,16,0,0,-8,0,d4,1.9996
5.434924e+06,"Ma(d1,d5)",2D,closed,-16,0,0,0,8,d5,2.0000
5.434924e+06,"Ma(d1,d5)",2D,closed,16,0,0,0,-8,d5,2.0000
5.477724e+06,"Ma(d1,d3)",2D,closed,-11,0,11,0,0,d3,1.9320
5.477724e+06,"Ma(d1,d3)",2D,closed,11,0,-11,0,0,d3,1.9320
5.592081e+06,"Ma(d1,d2)",2D,closed,-11,11,0,0,0,d2,1.9932
5.592081e+06,"Ma(d1,d2)",2D,closed,11,-11,0,0,0,d2,1.9932
5.604018e+06,"Ma(d1,d4)",2D,closed,-11,0,0,11,0,d4,1.9996
5.604018e+06,"Ma(d1,d4)",2D,closed,11,0,0,-11,0,d4,1.9996
5.604765e+06,"Ma(d1,d5)",2D,closed,-11,0,0,0,11,d5,2.0000
5.604765e+06,"Ma(d1,d5)",2D,closed,11,0,0,0,-11,d5,2.0000
5.975699e+06,"Ma(d1,d3)",2D,closed,-12,0,12,0,0,d3,1.9320
5.975699e+06,"Ma(d1,d3)",2D,closed,12,0,-12,0,0,d3,1.9320
6.010346e+06,"Ma(d1,d3)",2D,closed,-18,0,9,0,0,d3,1.9320
6.010346e+06,"Ma(d1,d3)",2D,closed,18,0,-9,0,0,d3,1.9320
6.100452e+06,"Ma(d1,d2)",2D,closed,-12,12,0,0,0,d2,1.9932
6.100452e+06,"Ma(d1,d2)",2D,closed,12,-12,0,0,0,d2,1.9932
6.103907e+06,"Ma(d1,d2)",2D,closed,-18,9,0,0,0,d2,1.9932
6.103907e+06,"Ma(d1,d2)",2D,closed,18,-9,0,0,0,d2,1.9932
6.113474e+06,"Ma(d1,d4)",2D,closed,-12,0,0,12,0,d4,1.9996
6.113474e+06,"Ma(d1,d4)",2D,closed,12,0,0,-12,0,d4,1.9996
6.113678e+06,"Ma(d1,d4)",2D,closed,-18,0,0,9,0,d4,1.9996
6.113678e+06,"Ma(d1,d4)",2D,closed,18,0,0,-9,0,d4,1.9996
6.114289e+06,"Ma(d1,d5)",2D,closed,-18,0,0,0,9,d5,2.0000
6.114289e+06,"Ma(d1,d5)",2D,closed,-12,0,0,0,12,d5,2.0000
6.114289e+06,"Ma(d1,d5)",2D,closed,12,0,0,0,-12,d5,2.0000
6.114289e+06,"Ma(d1,d5)",2D,closed,18,0,0,0,-9,d5,2.0000
6.473674e+06,"Ma(d1,d3)",2D,closed,-13,0,13,0,0,d3,1.9320
6.473674e+06,"Ma(d1,d3)",2D,closed,13,0,-13,0,0,d3,1.9320
6.608823e+06,"Ma(d1,d2)",2D,closed,-13,13,0,0,0,d2,1.9932
6.608823e+06,"Ma(d1,d2)",2D,closed,13,-13,0,0,0,d2,1.9932
6.622930e+06,"Ma(d1,d4)",2D,closed,-13,0,0,13,0,d4,1.9996
6.622930e+06,"Ma(d1,d4)",2D,closed,13,0,0,-13,0,d4,1.9996
6.623813e+06,"Ma(d1,d5)",2D,closed,-13,0,0,0,13,d5,2.0000
6.623813e+06,"Ma(d1,d5)",2D,closed,13,0,0,0,-13,d5,2.0000
6.678163e+06,"Ma(d1,d3)",2D,closed,-20,0,10,0,0,d3,1.9320
6.678163e+06,"Ma(d1,d3)",2D,closed,20,0,-10,0,0,d3,1.9320
6.782119e+06,"Ma(d1,d2)",2D,closed,-20,10,0,0,0,d2,1.9932
6.782119e+06,"Ma(d1,d2)",2D,closed,20,-10,0,0,0,d2,1.9932
6.792975e+06,"Ma(d1,d4)",2D,closed,-20,0,0,10,0,d4,1.9996
6.792975e+06,"Ma(d1,d4)",2D,closed,20,0,0,-10,0,d4,1.9996
6.793655e+06,"Ma(d1,d5)",2D,closed,-20,0,0,0,10,d5,2.0000
6.793655e+06,"Ma(d1,d5)",2D,closed,20,0,0,0,-10,d5,2.0000
6.971648e+06,"Ma(d1,d3)",2D,closed,-14,0,14,0,0,d3,1.9320
6.971648e+06,"Ma(d1,d3)",2D,closed,14,0,-14,0,0,d3,1.9320
7.117194e+06,"Ma(d1,d2)",2D,closed,-14,14,0,0,0,d2,1.9932
7.117194e+06,"Ma(d1,d2)",2D,closed,14,-14,0,0,0,d2,1.9932
7.132386e+06,"Ma(d1,d4)",2D,closed,-14,0,0,14,0,d4,1.9996
7.132386e+06,"Ma(d1,d4)",2D,closed,14,0,0,-14,0,d4,1.9996
7.133337e+06,"Ma(d1,d5)",2D,closed,-14,0,0,0,14,d5,2.0000
7.133337e+06,"Ma(d1,d5)",2D,closed,14,0,0,0,-14,d5,2.0000
7.469623e+06,"Ma(d1,d3)",2D,closed,-15,0,15,0,0,d3,1.9320
7.469623e+06,"Ma(d1,d3)",2D,closed,15,0,-15,0,0,d3,1.9320
7.625565e+06,"Ma(d1,d2)",2D,closed,-15,15,0,0,0,d2,1.9932
7.625565e+06,"Ma(d1,d2)",2D,closed,15,-15,0,0,0,d2,1.9932
7.641842e+06,"Ma(d1,d4)",2D,closed,-15,0,0,15,0,d4,1.9996
7.641842e+06,"Ma(d1,d4)",2D,closed,15,0,0,-15,0,d4,1.9996
7.642862e+06,"Ma(d1,d5)",2D,closed,-15,0,0,0,15,d5,2.0000
7.642862e+06,"Ma(d1,d5)",2D,closed,15,0,0,0,-15,d5,2.0000
7.967598e+06,"Ma(d1,d3)",2D,closed,-16,0,16,0,0,d3,1.9320
7.967598e+06,"Ma(d1,d3)",2D,closed,16,0,-16,0,0,d3,1.9320
8.133936e+06,"Ma(d1,d2)",2D,closed,-16,16,0,0,0,d2,1.9932
8.133936e+06,"Ma(d1,d2)",2D,closed,16,-16,0,0,0,d2,1.9932
8.151299e+06,"Ma(d1,d4)",2D,closed,-16,0,0,16,0,d4,1.9996
8.151299e+06,"Ma(d1,d4)",2D,closed,16,0,0,-16,0,d4,1.9996
8.152386e+06,"Ma(d1,d5)",2D,closed,-16,0,0,0,16,d5,2.0000
8.152386e+06,"Ma(d1,d5)",2D,closed,16,0,0,0,-16,d5,2.0000
8.465573e+06,"Ma(d1,d3)",2D,closed,-17,0,17,0,0,d3,1.9320
8.465573e+06,"Ma(d1,d3)",2D,closed,17,0,-17,0,0,d3,1.9320
8.642307e+06,"Ma(d1,d2)",2D,closed,-17,17,0,0,0,d2,1.9932
8.642307e+06,"Ma(d1,d2)",2D,closed,17,-17,0,0,0,d2,1.9932
8.660755e+06,"Ma(d1,d4)",2D,closed,-17,0,0,17,0,d4,1.9996
8.660755e+06,"Ma(d1,d4)",2D,closed,17,0,0,-17,0,d4,1.9996
8.661910e+06,"Ma(d1,d5)",2D,closed,-17,0,0,0,17,d5,2.0000
8.661910e+06,"Ma(d1,d5)",2D,closed,17,0,0,0,-17,d5,2.0000
8.963548e+06,"Ma(d1,d3)",2D,closed,-18,0,18,0,0,d3,1.9320
8.963548e+06,"Ma(d1,d3)",2D,closed,18,0,-18,0,0,d3,1.9320
9.150678e+06,"Ma(d1,d2)",2D,closed,-18,18,0,0,0,d2,1.9932
9.150678e+06,"Ma(d1,d2)",2D,closed,18,-18,0,0,0,d2,1.9932
9.170211e+06,"Ma(d1,d4)",2D,closed,-18,0,0,18,0,d4,1.9996
9.170211e+06,"Ma(d1,d4)",2D,closed,18,0,0,-18,0,d4,1.9996
9.171434e+06,"Ma(d1,d5)",2D,closed,-18,0,0,0,18,d5,2.0000
9.171434e+06,"Ma(d1,d5)",2D,closed,18,0,0,0,-18,d5,2.0000
9.461523e+06,"Ma(d1,d3)",2D,closed,-19,0,19,0,0,d3,1.9320
9.461523e+06,"Ma(d1,d3)",2D,closed,19,0,-19,0,0,d3,1.9320
9.659049e+06,"Ma(d1,d2)",2D,closed,-19,19,0,0,0,d2,1.9932
9.659049e+06,"Ma(d1,d2)",2D,closed,19,-19,0,0,0,d2,1.9932
9.679667e+06,"Ma(d1,d4)",2D,closed,-19,0,0,19,0,d4,1.9996
9.679667e+06,"Ma(d1,d4)",2D,closed,19,0,0,-19,0,d4,1.9996
9.680958e+06,"Ma(d1,d5)",2D,closed,-19,0,0,0,19,d5,2.0000
9.680958e+06,"Ma(d1,d5)",2D,closed,19,0,0,0,-19,d5,2.0000
9.959498e+06,"Ma(d1,d3)",2D,closed,-20,0,20,0,0,d3,1.9320
9.959498e+06,"Ma(d1,d3)",2D,closed,20,0,-20,0,0,d3,1.9320
1.016742e+07,"Ma(d1,d2)",2D,closed,-20,20,0,0,0,d2,1.9932
1.016742e+07,"Ma(d1,d2)",2D,closed,20,-20,0,0,0,d2,1.9932
1.018912e+07,"Ma(d1,d4)",2D,closed,-20,0,0,20,0,d4,1.9996
1.018912e+07,"Ma(d1,d4)",2D,closed,20,0,0,-20,0,d4,1.9996
1.019048e+07,"Ma(d1,d5)",2D,closed,-20,0,0,0,20,d5,2.0000
1.019048e+07,"Ma(d1,d5)",2D,closed,20,0,0,0,-20,d5,2.0000
