mass_MeV,substrate,kind,closure,n1,n2,n3,n4,n5,tube_dim,sigma_eff
3.002039e-08,"Ma(d1,d5)",2D,closed,-2,0,0,0,-1,d5,2.0000
3.002039e-08,"Ma(d2,d5)",2D,closed,0,-2,0,0,-1,d5,2.0000
3.002039e-08,"Ma(d3,d5)",2D,closed,0,0,-2,0,-1,d5,2.0000
3.002039e-08,"Ma(d4,d5)",2D,closed,0,0,0,-2,-1,d5,2.0000
3.002039e-08,Ma(d5),1D,closed,0,0,0,0,-1,,
3.002039e-08,Ma(d5),1D,closed,0,0,0,0,1,,
3.002039e-08,"Ma(d4,d5)",2D,closed,0,0,0,2,1,d5,2.0000
3.002039e-08,"Ma(d3,d5)",2D,closed,0,0,2,0,1,d5,2.0000
3.002039e-08,"Ma(d2,d5)",2D,closed,0,2,0,0,1,d5,2.0000
3.002039e-08,"Ma(d1,d5)",2D,closed,2,0,0,0,1,d5,2.0000
6.004077e-08,Ma(d5),1D,closed,0,0,0,0,-2,,
6.004077e-08,Ma(d5),1D,closed,0,0,0,0,2,,
9.006116e-08,Ma(d5),1D,closed,0,0,0,0,-3,,
9.006116e-08,Ma(d5),1D,closed,0,0,0,0,3,,
5.166008e-01,"Ma(d4,d5)",2D,closed,0,0,0,-1,-2,d4,2.0000
5.166008e-01,Ma(d4),1D,closed,0,0,0,-1,0,,
5.166008e-01,Ma(d4),1D,closed,0,0,0,1,0,,
5.166008e-01,"Ma(d4,d5)",2D,closed,0,0,0,1,2,d4,2.0000
5.166008e-01,"Ma(d4,d5)",2D,closed,0,0,0,-3,-1,d5,2.0000
5.166008e-01,"Ma(d4,d5)",2D,closed,0,0,0,-1,-3,d4,2.0000
5.166008e-01,"Ma(d4,d5)",2D,closed,0,0,0,-1,-1,d4,2.0000
5.166008e-01,"Ma(d4,d5)",2D,closed,0,0,0,-1,-1,d5,2.0000
5.166008e-01,"Ma(d4,d5)",2D,closed,0,0,0,1,1,d4,2.0000
5.166008e-01,"Ma(d4,d5)",2D,closed,0,0,0,1,1,d5,2.0000
5.166008e-01,"Ma(d4,d5)",2D,closed,0,0,0,1,3,d4,2.0000
5.166008e-01,"Ma(d4,d5)",2D,closed,0,0,0,3,1,d5,2.0000
5.166008e-01,"Ma(d4,d5)",2D,closed,0,0,0,-1,1,d4,2.0000
5.166008e-01,"Ma(d4,d5)",2D,closed,0,0,0,1,-1,d4,2.0000
5.166008e-01,"Ma(d4,d5)",2D,closed,0,0,0,-1,2,d4,2.0000
5.166008e-01,"Ma(d4,d5)",2D,closed,0,0,0,1,-2,d4,2.0000
5.166008e-01,"Ma(d4,d5)",2D,closed,0,0,0,-1,3,d4,2.0000
5.166008e-01,"Ma(d4,d5)",2D,closed,0,0,0,1,-3,d4,2.0000
6.513728e-01,"Ma(d2,d4)",2D,closed,0,-2,0,-1,0,d4,1.9997
6.513728e-01,"Ma(d2,d4)",2D,closed,0,2,0,1,0,d4,1.9997
1.033202e+00,Ma(d4),1D,closed,0,0,0,-2,0,,
1.033202e+00,Ma(d4),1D,closed,0,0,0,2,0,,
1.033202e+00,"Ma(d4,d5)",2D,closed,0,0,0,-2,-2,d4,2.0000
1.033202e+00,"Ma(d4,d5)",2D,closed,0,0,0,-2,-2,d5,2.0000
1.033202e+00,"Ma(d4,d5)",2D,closed,0,0,0,2,2,d4,2.0000
1.033202e+00,"Ma(d4,d5)",2D,closed,0,0,0,2,2,d5,2.0000
1.033202e+00,"Ma(d4,d5)",2D,closed,0,0,0,-2,2,d4,2.0000
1.033202e+00,"Ma(d4,d5)",2D,closed,0,0,0,2,-2,d4,2.0000
1.549802e+00,Ma(d4),1D,closed,0,0,0,-3,0,,
1.549802e+00,Ma(d4),1D,closed,0,0,0,3,0,,
1.549802e+00,"Ma(d4,d5)",2D,closed,0,0,0,-1,1,d5,2.0000
1.549802e+00,"Ma(d4,d5)",2D,closed,0,0,0,1,-1,d5,2.0000
1.549802e+00,"Ma(d4,d5)",2D,closed,0,0,0,-3,-3,d4,2.0000
1.549802e+00,"Ma(d4,d5)",2D,closed,0,0,0,-3,-3,d5,2.0000
1.549802e+00,"Ma(d4,d5)",2D,closed,0,0,0,3,3,d4,2.0000
1.549802e+00,"Ma(d4,d5)",2D,closed,0,0,0,3,3,d5,2.0000
1.549802e+00,"Ma(d4,d5)",2D,closed,0,0,0,-3,3,d4,2.0000
1.549802e+00,"Ma(d4,d5)",2D,closed,0,0,0,3,-3,d4,2.0000
2.027721e+00,"Ma(d3,d4)",2D,closed,0,0,-2,-1,0,d4,1.6837
2.027721e+00,"Ma(d3,d4)",2D,closed,0,0,2,1,0,d4,1.6837
2.066403e+00,"Ma(d4,d5)",2D,closed,0,0,0,-2,1,d5,2.0000
2.066403e+00,"Ma(d4,d5)",2D,closed,0,0,0,2,-1,d5,2.0000
2.583004e+00,"Ma(d4,d5)",2D,closed,0,0,0,-3,1,d5,2.0000
2.583004e+00,"Ma(d4,d5)",2D,closed,0,0,0,3,-1,d5,2.0000
3.099605e+00,"Ma(d4,d5)",2D,closed,0,0,0,-2,2,d5,2.0000
3.099605e+00,"Ma(d4,d5)",2D,closed,0,0,0,2,-2,d5,2.0000
4.269767e+00,"Ma(d3,d4)",2D,closed,0,0,-1,-1,0,d4,1.6837
4.269767e+00,"Ma(d3,d4)",2D,closed,0,0,1,1,0,d4,1.6837
4.649407e+00,"Ma(d4,d5)",2D,closed,0,0,0,-3,3,d5,2.0000
4.649407e+00,"Ma(d4,d5)",2D,closed,0,0,0,3,-3,d5,2.0000
6.199210e+00,"Ma(d3,d5)",2D,closed,0,0,-3,0,-1,d5,2.0000
6.199210e+00,"Ma(d3,d5)",2D,closed,0,0,-1,0,-3,d3,2.0000
6.199210e+00,"Ma(d3,d5)",2D,closed,0,0,-1,0,-2,d3,2.0000
6.199210e+00,"Ma(d3,d5)",2D,closed,0,0,-1,0,-1,d3,2.0000
6.199210e+00,"Ma(d3,d5)",2D,closed,0,0,-1,0,-1,d5,2.0000
6.199210e+00,Ma(d3),1D,closed,0,0,-1,0,0,,
6.199210e+00,Ma(d3),1D,closed,0,0,1,0,0,,
6.199210e+00,"Ma(d3,d5)",2D,closed,0,0,1,0,1,d3,2.0000
6.199210e+00,"Ma(d3,d5)",2D,closed,0,0,1,0,1,d5,2.0000
6.199210e+00,"Ma(d3,d5)",2D,closed,0,0,1,0,2,d3,2.0000
6.199210e+00,"Ma(d3,d5)",2D,closed,0,0,1,0,3,d3,2.0000
6.199210e+00,"Ma(d3,d5)",2D,closed,0,0,3,0,1,d5,2.0000
6.199210e+00,"Ma(d3,d5)",2D,closed,0,0,-1,0,1,d3,2.0000
6.199210e+00,"Ma(d3,d5)",2D,closed,0,0,-1,0,2,d3,2.0000
6.199210e+00,"Ma(d3,d5)",2D,closed,0,0,1,0,-2,d3,2.0000
6.199210e+00,"Ma(d3,d5)",2D,closed,0,0,1,0,-1,d3,2.0000
6.199210e+00,"Ma(d3,d5)",2D,closed,0,0,-1,0,3,d3,2.0000
6.199210e+00,"Ma(d3,d5)",2D,closed,0,0,1,0,-3,d3,2.0000
6.201363e+00,"Ma(d3,d4)",2D,closed,0,0,-1,-2,0,d3,1.6837
6.201363e+00,"Ma(d3,d4)",2D,closed,0,0,1,2,0,d3,1.6837
6.209264e+00,"Ma(d3,d4)",2D,closed,0,0,-1,-1,0,d3,1.6837
6.209264e+00,"Ma(d3,d4)",2D,closed,0,0,1,1,0,d3,1.6837
6.220698e+00,"Ma(d3,d4,d5)",3D,open,0,0,-1,-1,-1,,
6.220698e+00,"Ma(d3,d4,d5)",3D,open,0,0,-1,-1,1,,
6.220698e+00,"Ma(d3,d4,d5)",3D,open,0,0,-1,1,-1,,
6.220698e+00,"Ma(d3,d4,d5)",3D,open,0,0,-1,1,1,,
6.220698e+00,"Ma(d3,d4,d5)",3D,open,0,0,1,-1,-1,,
6.220698e+00,"Ma(d3,d4,d5)",3D,open,0,0,1,-1,1,,
6.220698e+00,"Ma(d3,d4,d5)",3D,open,0,0,1,1,-1,,
6.220698e+00,"Ma(d3,d4,d5)",3D,open,0,0,1,1,1,,
6.220698e+00,"Ma(d3,d4,d5)",3D,open,0,0,-1,-1,-3,,
6.220698e+00,"Ma(d3,d4,d5)",3D,open,0,0,-1,-1,-2,,
6.220698e+00,"Ma(d3,d4,d5)",3D,open,0,0,-1,-1,2,,
6.220698e+00,"Ma(d3,d4,d5)",3D,open,0,0,-1,-1,3,,
6.220698e+00,"Ma(d3,d4,d5)",3D,open,0,0,-1,1,-3,,
6.220698e+00,"Ma(d3,d4,d5)",3D,open,0,0,-1,1,-2,,
6.220698e+00,"Ma(d3,d4,d5)",3D,open,0,0,-1,1,2,,
6.220698e+00,"Ma(d3,d4,d5)",3D,open,0,0,-1,1,3,,
6.220698e+00,"Ma(d3,d4,d5)",3D,open,0,0,1,-1,-3,,
6.220698e+00,"Ma(d3,d4,d5)",3D,open,0,0,1,-1,-2,,
6.220698e+00,"Ma(d3,d4,d5)",3D,open,0,0,1,-1,2,,
6.220698e+00,"Ma(d3,d4,d5)",3D,open,0,0,1,-1,3,,
6.220698e+00,"Ma(d3,d4,d5)",3D,open,0,0,1,1,-3,,
6.220698e+00,"Ma(d3,d4,d5)",3D,open,0,0,1,1,-2,,
6.220698e+00,"Ma(d3,d4,d5)",3D,open,0,0,1,1,2,,
6.220698e+00,"Ma(d3,d4,d5)",3D,open,0,0,1,1,3,,
6.236394e+00,"Ma(d3,d4)",2D,closed,0,0,-1,-3,0,d3,1.6837
6.236394e+00,"Ma(d3,d4)",2D,closed,0,0,1,3,0,d3,1.6837
6.284720e+00,"Ma(d3,d4,d5)",3D,open,0,0,-1,-2,-2,,
6.284720e+00,"Ma(d3,d4,d5)",3D,open,0,0,-1,-2,-1,,
6.284720e+00,"Ma(d3,d4,d5)",3D,open,0,0,-1,-2,1,,
6.284720e+00,"Ma(d3,d4,d5)",3D,open,0,0,-1,-2,2,,
6.284720e+00,"Ma(d3,d4,d5)",3D,open,0,0,-1,2,-2,,
6.284720e+00,"Ma(d3,d4,d5)",3D,open,0,0,-1,2,-1,,
6.284720e+00,"Ma(d3,d4,d5)",3D,open,0,0,-1,2,1,,
6.284720e+00,"Ma(d3,d4,d5)",3D,open,0,0,-1,2,2,,
6.284720e+00,"Ma(d3,d4,d5)",3D,open,0,0,1,-2,-2,,
6.284720e+00,"Ma(d3,d4,d5)",3D,open,0,0,1,-2,-1,,
6.284720e+00,"Ma(d3,d4,d5)",3D,open,0,0,1,-2,1,,
6.284720e+00,"Ma(d3,d4,d5)",3D,open,0,0,1,-2,2,,
6.284720e+00,"Ma(d3,d4,d5)",3D,open,0,0,1,2,-2,,
6.284720e+00,"Ma(d3,d4,d5)",3D,open,0,0,1,2,-1,,
6.284720e+00,"Ma(d3,d4,d5)",3D,open,0,0,1,2,1,,
6.284720e+00,"Ma(d3,d4,d5)",3D,open,0,0,1,2,2,,
6.284720e+00,"Ma(d3,d4,d5)",3D,open,0,0,-1,-2,-3,,
6.284720e+00,"Ma(d3,d4,d5)",3D,open,0,0,-1,-2,3,,
6.284720e+00,"Ma(d3,d4,d5)",3D,open,0,0,-1,2,-3,,
6.284720e+00,"Ma(d3,d4,d5)",3D,open,0,0,-1,2,3,,
6.284720e+00,"Ma(d3,d4,d5)",3D,open,0,0,1,-2,-3,,
6.284720e+00,"Ma(d3,d4,d5)",3D,open,0,0,1,-2,3,,
6.284720e+00,"Ma(d3,d4,d5)",3D,open,0,0,1,2,-3,,
6.284720e+00,"Ma(d3,d4,d5)",3D,open,0,0,1,2,3,,
6.352347e+00,"Ma(d3,d4)",2D,closed,0,0,-1,1,0,d3,1.6837
6.352347e+00,"Ma(d3,d4)",2D,closed,0,0,1,-1,0,d3,1.6837
6.389999e+00,"Ma(d3,d4,d5)",3D,open,0,0,-1,-3,-3,,
6.389999e+00,"Ma(d3,d4,d5)",3D,open,0,0,-1,-3,-2,,
6.389999e+00,"Ma(d3,d4,d5)",3D,open,0,0,-1,-3,-1,,
6.389999e+00,"Ma(d3,d4,d5)",3D,open,0,0,-1,-3,1,,
6.389999e+00,"Ma(d3,d4,d5)",3D,open,0,0,-1,-3,2,,
6.389999e+00,"Ma(d3,d4,d5)",3D,open,0,0,-1,-3,3,,
6.389999e+00,"Ma(d3,d4,d5)",3D,open,0,0,-1,3,-3,,
6.389999e+00,"Ma(d3,d4,d5)",3D,open,0,0,-1,3,-2,,
6.389999e+00,"Ma(d3,d4,d5)",3D,open,0,0,-1,3,-1,,
6.389999e+00,"Ma(d3,d4,d5)",3D,open,0,0,-1,3,1,,
6.389999e+00,"Ma(d3,d4,d5)",3D,open,0,0,-1,3,2,,
6.389999e+00,"Ma(d3,d4,d5)",3D,open,0,0,-1,3,3,,
6.389999e+00,"Ma(d3,d4,d5)",3D,open,0,0,1,-3,-3,,
6.389999e+00,"Ma(d3,d4,d5)",3D,open,0,0,1,-3,-2,,
6.389999e+00,"Ma(d3,d4,d5)",3D,open,0,0,1,-3,-1,,
6.389999e+00,"Ma(d3,d4,d5)",3D,open,0,0,1,-3,1,,
6.389999e+00,"Ma(d3,d4,d5)",3D,open,0,0,1,-3,2,,
6.389999e+00,"Ma(d3,d4,d5)",3D,open,0,0,1,-3,3,,
6.389999e+00,"Ma(d3,d4,d5)",3D,open,0,0,1,3,-3,,
6.389999e+00,"Ma(d3,d4,d5)",3D,open,0,0,1,3,-2,,
6.389999e+00,"Ma(d3,d4,d5)",3D,open,0,0,1,3,-1,,
6.389999e+00,"Ma(d3,d4,d5)",3D,open,0,0,1,3,1,,
6.389999e+00,"Ma(d3,d4,d5)",3D,open,0,0,1,3,2,,
6.389999e+00,"Ma(d3,d4,d5)",3D,open,0,0,1,3,3,,
6.484722e+00,"Ma(d3,d4)",2D,closed,0,0,-1,2,0,d3,1.6837
6.484722e+00,"Ma(d3,d4)",2D,closed,0,0,1,-2,0,d3,1.6837
6.654674e+00,"Ma(d3,d4)",2D,closed,0,0,-1,3,0,d3,1.6837
6.654674e+00,"Ma(d3,d4)",2D,closed,0,0,1,-3,0,d3,1.6837
8.176356e+00,"Ma(d3,d4)",2D,closed,0,0,-3,-1,0,d4,1.6837
8.176356e+00,"Ma(d3,d4)",2D,closed,0,0,3,1,0,d4,1.6837
8.539534e+00,"Ma(d3,d4)",2D,closed,0,0,-2,-2,0,d4,1.6837
8.539534e+00,"Ma(d3,d4)",2D,closed,0,0,2,2,0,d4,1.6837
1.239842e+01,"Ma(d3,d5)",2D,closed,0,0,-2,0,-2,d3,2.0000
1.239842e+01,"Ma(d3,d5)",2D,closed,0,0,-2,0,-2,d5,2.0000
1.239842e+01,Ma(d3),1D,closed,0,0,-2,0,0,,
1.239842e+01,Ma(d3),1D,closed,0,0,2,0,0,,
1.239842e+01,"Ma(d3,d5)",2D,closed,0,0,2,0,2,d3,2.0000
1.239842e+01,"Ma(d3,d5)",2D,closed,0,0,2,0,2,d5,2.0000
1.239842e+01,"Ma(d3,d5)",2D,closed,0,0,-2,0,2,d3,2.0000
1.239842e+01,"Ma(d3,d5)",2D,closed,0,0,2,0,-2,d3,2.0000
1.240918e+01,"Ma(d3,d4,d5)",3D,open,0,0,-2,-1,-3,,
1.240918e+01,"Ma(d3,d4,d5)",3D,open,0,0,-2,-1,-2,,
1.240918e+01,"Ma(d3,d4,d5)",3D,open,0,0,-2,-1,-1,,
1.240918e+01,"Ma(d3,d4,d5)",3D,open,0,0,-2,-1,1,,
1.240918e+01,"Ma(d3,d4,d5)",3D,open,0,0,-2,-1,2,,
1.240918e+01,"Ma(d3,d4,d5)",3D,open,0,0,-2,-1,3,,
1.240918e+01,"Ma(d3,d4,d5)",3D,open,0,0,-2,1,-3,,
1.240918e+01,"Ma(d3,d4,d5)",3D,open,0,0,-2,1,-2,,
1.240918e+01,"Ma(d3,d4,d5)",3D,open,0,0,-2,1,-1,,
1.240918e+01,"Ma(d3,d4,d5)",3D,open,0,0,-2,1,1,,
1.240918e+01,"Ma(d3,d4,d5)",3D,open,0,0,-2,1,2,,
1.240918e+01,"Ma(d3,d4,d5)",3D,open,0,0,-2,1,3,,
1.240918e+01,"Ma(d3,d4,d5)",3D,open,0,0,2,-1,-3,,
1.240918e+01,"Ma(d3,d4,d5)",3D,open,0,0,2,-1,-2,,
1.240918e+01,"Ma(d3,d4,d5)",3D,open,0,0,2,-1,-1,,
1.240918e+01,"Ma(d3,d4,d5)",3D,open,0,0,2,-1,1,,
1.240918e+01,"Ma(d3,d4,d5)",3D,open,0,0,2,-1,2,,
1.240918e+01,"Ma(d3,d4,d5)",3D,open,0,0,2,-1,3,,
1.240918e+01,"Ma(d3,d4,d5)",3D,open,0,0,2,1,-3,,
1.240918e+01,"Ma(d3,d4,d5)",3D,open,0,0,2,1,-2,,
1.240918e+01,"Ma(d3,d4,d5)",3D,open,0,0,2,1,-1,,
1.240918e+01,"Ma(d3,d4,d5)",3D,open,0,0,2,1,1,,
1.240918e+01,"Ma(d3,d4,d5)",3D,open,0,0,2,1,2,,
1.240918e+01,"Ma(d3,d4,d5)",3D,open,0,0,2,1,3,,
1.241853e+01,"Ma(d3,d4)",2D,closed,0,0,-2,-2,0,d3,1.6837
1.241853e+01,"Ma(d3,d4)",2D,closed,0,0,2,2,0,d3,1.6837
1.244140e+01,"Ma(d3,d4,d5)",3D,open,0,0,-2,-2,-2,,
1.244140e+01,"Ma(d3,d4,d5)",3D,open,0,0,-2,-2,-1,,
1.244140e+01,"Ma(d3,d4,d5)",3D,open,0,0,-2,-2,1,,
1.244140e+01,"Ma(d3,d4,d5)",3D,open,0,0,-2,-2,2,,
1.244140e+01,"Ma(d3,d4,d5)",3D,open,0,0,-2,2,-2,,
1.244140e+01,"Ma(d3,d4,d5)",3D,open,0,0,-2,2,-1,,
1.244140e+01,"Ma(d3,d4,d5)",3D,open,0,0,-2,2,1,,
1.244140e+01,"Ma(d3,d4,d5)",3D,open,0,0,-2,2,2,,
1.244140e+01,"Ma(d3,d4,d5)",3D,open,0,0,2,-2,-2,,
1.244140e+01,"Ma(d3,d4,d5)",3D,open,0,0,2,-2,-1,,
1.244140e+01,"Ma(d3,d4,d5)",3D,open,0,0,2,-2,1,,
1.244140e+01,"Ma(d3,d4,d5)",3D,open,0,0,2,-2,2,,
1.244140e+01,"Ma(d3,d4,d5)",3D,open,0,0,2,2,-2,,
1.244140e+01,"Ma(d3,d4,d5)",3D,open,0,0,2,2,-1,,
1.244140e+01,"Ma(d3,d4,d5)",3D,open,0,0,2,2,1,,
1.244140e+01,"Ma(d3,d4,d5)",3D,open,0,0,2,2,2,,
1.244140e+01,"Ma(d3,d4,d5)",3D,open,0,0,-2,-2,-3,,
1.244140e+01,"Ma(d3,d4,d5)",3D,open,0,0,-2,-2,3,,
1.244140e+01,"Ma(d3,d4,d5)",3D,open,0,0,-2,2,-3,,
1.244140e+01,"Ma(d3,d4,d5)",3D,open,0,0,-2,2,3,,
1.244140e+01,"Ma(d3,d4,d5)",3D,open,0,0,2,-2,-3,,
1.244140e+01,"Ma(d3,d4,d5)",3D,open,0,0,2,-2,3,,
1.244140e+01,"Ma(d3,d4,d5)",3D,open,0,0,2,2,-3,,
1.244140e+01,"Ma(d3,d4,d5)",3D,open,0,0,2,2,3,,
1.249491e+01,"Ma(d3,d4,d5)",3D,open,0,0,-2,-3,-3,,
1.249491e+01,"Ma(d3,d4,d5)",3D,open,0,0,-2,-3,-2,,
1.249491e+01,"Ma(d3,d4,d5)",3D,open,0,0,-2,-3,-1,,
1.249491e+01,"Ma(d3,d4,d5)",3D,open,0,0,-2,-3,1,,
1.249491e+01,"Ma(d3,d4,d5)",3D,open,0,0,-2,-3,2,,
1.249491e+01,"Ma(d3,d4,d5)",3D,open,0,0,-2,-3,3,,
1.249491e+01,"Ma(d3,d4,d5)",3D,open,0,0,-2,3,-3,,
1.249491e+01,"Ma(d3,d4,d5)",3D,open,0,0,-2,3,-2,,
1.249491e+01,"Ma(d3,d4,d5)",3D,open,0,0,-2,3,-1,,
1.249491e+01,"Ma(d3,d4,d5)",3D,open,0,0,-2,3,1,,
1.249491e+01,"Ma(d3,d4,d5)",3D,open,0,0,-2,3,2,,
1.249491e+01,"Ma(d3,d4,d5)",3D,open,0,0,-2,3,3,,
1.249491e+01,"Ma(d3,d4,d5)",3D,open,0,0,2,-3,-3,,
1.249491e+01,"Ma(d3,d4,d5)",3D,open,0,0,2,-3,-2,,
1.249491e+01,"Ma(d3,d4,d5)",3D,open,0,0,2,-3,-1,,
1.249491e+01,"Ma(d3,d4,d5)",3D,open,0,0,2,-3,1,,
1.249491e+01,"Ma(d3,d4,d5)",3D,open,0,0,2,-3,2,,
1.249491e+01,"Ma(d3,d4,d5)",3D,open,0,0,2,-3,3,,
1.249491e+01,"Ma(d3,d4,d5)",3D,open,0,0,2,3,-3,,
1.249491e+01,"Ma(d3,d4,d5)",3D,open,0,0,2,3,-2,,
1.249491e+01,"Ma(d3,d4,d5)",3D,open,0,0,2,3,-1,,
1.249491e+01,"Ma(d3,d4,d5)",3D,open,0,0,2,3,1,,
1.249491e+01,"Ma(d3,d4,d5)",3D,open,0,0,2,3,2,,
1.249491e+01,"Ma(d3,d4,d5)",3D,open,0,0,2,3,3,,
1.270469e+01,"Ma(d3,d4)",2D,closed,0,0,-2,2,0,d3,1.6837
1.270469e+01,"Ma(d3,d4)",2D,closed,0,0,2,-2,0,d3,1.6837
1.280930e+01,"Ma(d3,d4)",2D,closed,0,0,-3,-3,0,d4,1.6837
1.280930e+01,"Ma(d3,d4)",2D,closed,0,0,3,3,0,d4,1.6837
1.664484e+01,"Ma(d3,d4)",2D,closed,0,0,-1,1,0,d4,1.6837
1.664484e+01,"Ma(d3,d4)",2D,closed,0,0,1,-1,0,d4,1.6837
1.859763e+01,"Ma(d3,d5)",2D,closed,0,0,-3,0,-3,d3,2.0000
1.859763e+01,"Ma(d3,d5)",2D,closed,0,0,-3,0,-3,d5,2.0000
1.859763e+01,Ma(d3),1D,closed,0,0,-3,0,0,,
1.859763e+01,"Ma(d3,d5)",2D,closed,0,0,-3,0,3,d3,2.0000
1.859763e+01,"Ma(d3,d5)",2D,closed,0,0,-1,0,1,d5,2.0000
1.859763e+01,"Ma(d3,d5)",2D,closed,0,0,1,0,-1,d5,2.0000
1.859763e+01,"Ma(d3,d5)",2D,closed,0,0,3,0,-3,d3,2.0000
1.859763e+01,Ma(d3),1D,closed,0,0,3,0,0,,
1.859763e+01,"Ma(d3,d5)",2D,closed,0,0,3,0,3,d3,2.0000
1.859763e+01,"Ma(d3,d5)",2D,closed,0,0,3,0,3,d5,2.0000
1.860480e+01,"Ma(d3,d4,d5)",3D,open,0,0,-3,-1,-3,,
1.860480e+01,"Ma(d3,d4,d5)",3D,open,0,0,-3,-1,-2,,
1.860480e+01,"Ma(d3,d4,d5)",3D,open,0,0,-3,-1,-1,,
1.860480e+01,"Ma(d3,d4,d5)",3D,open,0,0,-3,-1,1,,
1.860480e+01,"Ma(d3,d4,d5)",3D,open,0,0,-3,-1,2,,
1.860480e+01,"Ma(d3,d4,d5)",3D,open,0,0,-3,-1,3,,
1.860480e+01,"Ma(d3,d4,d5)",3D,open,0,0,-3,1,-3,,
1.860480e+01,"Ma(d3,d4,d5)",3D,open,0,0,-3,1,-2,,
1.860480e+01,"Ma(d3,d4,d5)",3D,open,0,0,-3,1,-1,,
1.860480e+01,"Ma(d3,d4,d5)",3D,open,0,0,-3,1,1,,
1.860480e+01,"Ma(d3,d4,d5)",3D,open,0,0,-3,1,2,,
1.860480e+01,"Ma(d3,d4,d5)",3D,open,0,0,-3,1,3,,
1.860480e+01,"Ma(d3,d4,d5)",3D,open,0,0,3,-1,-3,,
1.860480e+01,"Ma(d3,d4,d5)",3D,open,0,0,3,-1,-2,,
1.860480e+01,"Ma(d3,d4,d5)",3D,open,0,0,3,-1,-1,,
1.860480e+01,"Ma(d3,d4,d5)",3D,open,0,0,3,-1,1,,
1.860480e+01,"Ma(d3,d4,d5)",3D,open,0,0,3,-1,2,,
1.860480e+01,"Ma(d3,d4,d5)",3D,open,0,0,3,-1,3,,
1.860480e+01,"Ma(d3,d4,d5)",3D,open,0,0,3,1,-3,,
1.860480e+01,"Ma(d3,d4,d5)",3D,open,0,0,3,1,-2,,
1.860480e+01,"Ma(d3,d4,d5)",3D,open,0,0,3,1,-1,,
1.860480e+01,"Ma(d3,d4,d5)",3D,open,0,0,3,1,1,,
1.860480e+01,"Ma(d3,d4,d5)",3D,open,0,0,3,1,2,,
1.860480e+01,"Ma(d3,d4,d5)",3D,open,0,0,3,1,3,,
1.862631e+01,"Ma(d3,d4,d5)",3D,open,0,0,-3,-2,-3,,
1.862631e+01,"Ma(d3,d4,d5)",3D,open,0,0,-3,-2,-2,,
1.862631e+01,"Ma(d3,d4,d5)",3D,open,0,0,-3,-2,-1,,
1.862631e+01,"Ma(d3,d4,d5)",3D,open,0,0,-3,-2,1,,
1.862631e+01,"Ma(d3,d4,d5)",3D,open,0,0,-3,-2,2,,
1.862631e+01,"Ma(d3,d4,d5)",3D,open,0,0,-3,-2,3,,
1.862631e+01,"Ma(d3,d4,d5)",3D,open,0,0,-3,2,-3,,
1.862631e+01,"Ma(d3,d4,d5)",3D,open,0,0,-3,2,-2,,
1.862631e+01,"Ma(d3,d4,d5)",3D,open,0,0,-3,2,-1,,
1.862631e+01,"Ma(d3,d4,d5)",3D,open,0,0,-3,2,1,,
1.862631e+01,"Ma(d3,d4,d5)",3D,open,0,0,-3,2,2,,
1.862631e+01,"Ma(d3,d4,d5)",3D,open,0,0,-3,2,3,,
1.862631e+01,"Ma(d3,d4,d5)",3D,open,0,0,3,-2,-3,,
1.862631e+01,"Ma(d3,d4,d5)",3D,open,0,0,3,-2,-2,,
1.862631e+01,"Ma(d3,d4,d5)",3D,open,0,0,3,-2,-1,,
1.862631e+01,"Ma(d3,d4,d5)",3D,open,0,0,3,-2,1,,
1.862631e+01,"Ma(d3,d4,d5)",3D,open,0,0,3,-2,2,,
1.862631e+01,"Ma(d3,d4,d5)",3D,open,0,0,3,-2,3,,
1.862631e+01,"Ma(d3,d4,d5)",3D,open,0,0,3,2,-3,,
1.862631e+01,"Ma(d3,d4,d5)",3D,open,0,0,3,2,-2,,
1.862631e+01,"Ma(d3,d4,d5)",3D,open,0,0,3,2,-1,,
1.862631e+01,"Ma(d3,d4,d5)",3D,open,0,0,3,2,1,,
1.862631e+01,"Ma(d3,d4,d5)",3D,open,0,0,3,2,2,,
1.862631e+01,"Ma(d3,d4,d5)",3D,open,0,0,3,2,3,,
1.862779e+01,"Ma(d3,d4)",2D,closed,0,0,-3,-3,0,d3,1.6837
1.862779e+01,"Ma(d3,d4)",2D,closed,0,0,3,3,0,d3,1.6837
1.866209e+01,"Ma(d3,d4,d5)",3D,open,0,0,-3,-3,-2,,
1.866209e+01,"Ma(d3,d4,d5)",3D,open,0,0,-3,-3,-1,,
1.866209e+01,"Ma(d3,d4,d5)",3D,open,0,0,-3,-3,1,,
1.866209e+01,"Ma(d3,d4,d5)",3D,open,0,0,-3,-3,2,,
1.866209e+01,"Ma(d3,d4,d5)",3D,open,0,0,-3,3,-2,,
1.866209e+01,"Ma(d3,d4,d5)",3D,open,0,0,-3,3,-1,,
1.866209e+01,"Ma(d3,d4,d5)",3D,open,0,0,-3,3,1,,
1.866209e+01,"Ma(d3,d4,d5)",3D,open,0,0,-3,3,2,,
1.866209e+01,"Ma(d3,d4,d5)",3D,open,0,0,3,-3,-2,,
1.866209e+01,"Ma(d3,d4,d5)",3D,open,0,0,3,-3,-1,,
1.866209e+01,"Ma(d3,d4,d5)",3D,open,0,0,3,-3,1,,
1.866209e+01,"Ma(d3,d4,d5)",3D,open,0,0,3,-3,2,,
1.866209e+01,"Ma(d3,d4,d5)",3D,open,0,0,3,3,-2,,
1.866209e+01,"Ma(d3,d4,d5)",3D,open,0,0,3,3,-1,,
1.866209e+01,"Ma(d3,d4,d5)",3D,open,0,0,3,3,1,,
1.866209e+01,"Ma(d3,d4,d5)",3D,open,0,0,3,3,2,,
1.866209e+01,"Ma(d3,d4,d5)",3D,open,0,0,-3,-3,-3,,
1.866209e+01,"Ma(d3,d4,d5)",3D,open,0,0,-3,-3,3,,
1.866209e+01,"Ma(d3,d4,d5)",3D,open,0,0,-3,3,-3,,
1.866209e+01,"Ma(d3,d4,d5)",3D,open,0,0,-3,3,3,,
1.866209e+01,"Ma(d3,d4,d5)",3D,open,0,0,3,-3,-3,,
1.866209e+01,"Ma(d3,d4,d5)",3D,open,0,0,3,-3,3,,
1.866209e+01,"Ma(d3,d4,d5)",3D,open,0,0,3,3,-3,,
1.866209e+01,"Ma(d3,d4,d5)",3D,open,0,0,3,3,3,,
1.905704e+01,"Ma(d3,d4)",2D,closed,0,0,-3,3,0,d3,1.6837
1.905704e+01,"Ma(d3,d4)",2D,closed,0,0,3,-3,0,d3,1.6837
2.284187e+01,"Ma(d3,d4)",2D,closed,0,0,-2,1,0,d4,1.6837
2.284187e+01,"Ma(d3,d4)",2D,closed,0,0,2,-1,0,d4,1.6837
2.479684e+01,"Ma(d3,d5)",2D,closed,0,0,-2,0,1,d5,2.0000
2.479684e+01,"Ma(d3,d5)",2D,closed,0,0,2,0,-1,d5,2.0000
2.903983e+01,"Ma(d3,d4)",2D,closed,0,0,-3,1,0,d4,1.6837
2.903983e+01,"Ma(d3,d4)",2D,closed,0,0,3,-1,0,d4,1.6837
3.099605e+01,"Ma(d3,d5)",2D,closed,0,0,-3,0,1,d5,2.0000
3.099605e+01,"Ma(d3,d5)",2D,closed,0,0,3,0,-1,d5,2.0000
3.328968e+01,"Ma(d3,d4)",2D,closed,0,0,-2,2,0,d4,1.6837
3.328968e+01,"Ma(d3,d4)",2D,closed,0,0,2,-2,0,d4,1.6837
3.719526e+01,"Ma(d3,d5)",2D,closed,0,0,-2,0,2,d5,2.0000
3.719526e+01,"Ma(d3,d5)",2D,closed,0,0,2,0,-2,d5,2.0000
4.993452e+01,"Ma(d3,d4)",2D,closed,0,0,-3,3,0,d4,1.6837
4.993452e+01,"Ma(d3,d4)",2D,closed,0,0,3,-3,0,d4,1.6837
5.579289e+01,"Ma(d3,d5)",2D,closed,0,0,-3,0,3,d5,2.0000
5.579289e+01,"Ma(d3,d5)",2D,closed,0,0,3,0,-3,d5,2.0000
8.478416e+01,"Ma(d2,d3)",2D,closed,0,-2,-1,0,0,d3,1.9318
8.478416e+01,"Ma(d2,d3)",2D,closed,0,2,1,0,0,d3,1.9318
1.059823e+02,"Ma(d1,d4)",2D,closed,-2,0,0,-1,0,d4,1.9994
1.059823e+02,"Ma(d1,d4)",2D,closed,2,0,0,1,0,d4,1.9994
1.155301e+03,"Ma(d2,d3)",2D,closed,0,-1,-1,0,0,d3,1.9318
1.155301e+03,"Ma(d2,d3)",2D,closed,0,1,1,0,0,d3,1.9318
1.239445e+03,"Ma(d2,d4)",2D,closed,0,-1,0,-1,0,d4,1.9997
1.239445e+03,"Ma(d2,d4)",2D,closed,0,1,0,1,0,d4,1.9997
1.239842e+03,"Ma(d2,d5)",2D,closed,0,-3,0,0,-1,d5,2.0000
1.239842e+03,"Ma(d2,d5)",2D,closed,0,-1,0,0,-3,d2,2.0000
1.239842e+03,"Ma(d2,d5)",2D,closed,0,-1,0,0,-2,d2,2.0000
1.239842e+03,"Ma(d2,d5)",2D,closed,0,-1,0,0,-1,d2,2.0000
1.239842e+03,"Ma(d2,d5)",2D,closed,0,-1,0,0,-1,d5,2.0000
1.239842e+03,Ma(d2),1D,closed,0,-1,0,0,0,,
1.239842e+03,"Ma(d2,d5)",2D,closed,0,-1,0,0,1,d2,2.0000
1.239842e+03,"Ma(d2,d5)",2D,closed,0,-1,0,0,2,d2,2.0000
1.239842e+03,"Ma(d2,d5)",2D,closed,0,-1,0,0,3,d2,2.0000
1.239842e+03,"Ma(d2,d5)",2D,closed,0,1,0,0,-3,d2,2.0000
1.239842e+03,"Ma(d2,d5)",2D,closed,0,1,0,0,-2,d2,2.0000
1.239842e+03,"Ma(d2,d5)",2D,closed,0,1,0,0,-1,d2,2.0000
1.239842e+03,Ma(d2),1D,closed,0,1,0,0,0,,
1.239842e+03,"Ma(d2,d5)",2D,closed,0,1,0,0,1,d2,2.0000
1.239842e+03,"Ma(d2,d5)",2D,closed,0,1,0,0,1,d5,2.0000
1.239842e+03,"Ma(d2,d5)",2D,closed,0,1,0,0,2,d2,2.0000
1.239842e+03,"Ma(d2,d5)",2D,closed,0,1,0,0,3,d2,2.0000
1.239842e+03,"Ma(d2,d5)",2D,closed,0,3,0,0,1,d5,2.0000
1.239842e+03,"Ma(d2,d4)",2D,closed,0,-1,0,-2,0,d2,1.9997
1.239842e+03,"Ma(d2,d4)",2D,closed,0,1,0,2,0,d2,1.9997
1.239842e+03,"Ma(d2,d3)",2D,closed,0,-1,-2,0,0,d2,1.9318
1.239842e+03,"Ma(d2,d3)",2D,closed,0,1,2,0,0,d2,1.9318
1.239842e+03,"Ma(d2,d4)",2D,closed,0,-1,0,-1,0,d2,1.9997
1.239842e+03,"Ma(d2,d4)",2D,closed,0,1,0,1,0,d2,1.9997
1.239842e+03,"Ma(d2,d4,d5)",3D,open,0,-1,0,-1,-3,,
1.239842e+03,"Ma(d2,d4,d5)",3D,open,0,-1,0,-1,-2,,
1.239842e+03,"Ma(d2,d4,d5)",3D,open,0,-1,0,-1,-1,,
1.239842e+03,"Ma(d2,d4,d5)",3D,open,0,-1,0,-1,1,,
1.239842e+03,"Ma(d2,d4,d5)",3D,open,0,-1,0,-1,2,,
1.239842e+03,"Ma(d2,d4,d5)",3D,open,0,-1,0,-1,3,,
1.239842e+03,"Ma(d2,d4,d5)",3D,open,0,-1,0,1,-3,,
1.239842e+03,"Ma(d2,d4,d5)",3D,open,0,-1,0,1,-2,,
1.239842e+03,"Ma(d2,d4,d5)",3D,open,0,-1,0,1,-1,,
1.239842e+03,"Ma(d2,d4,d5)",3D,open,0,-1,0,1,1,,
1.239842e+03,"Ma(d2,d4,d5)",3D,open,0,-1,0,1,2,,
1.239842e+03,"Ma(d2,d4,d5)",3D,open,0,-1,0,1,3,,
1.239842e+03,"Ma(d2,d4,d5)",3D,open,0,1,0,-1,-3,,
1.239842e+03,"Ma(d2,d4,d5)",3D,open,0,1,0,-1,-2,,
1.239842e+03,"Ma(d2,d4,d5)",3D,open,0,1,0,-1,-1,,
1.239842e+03,"Ma(d2,d4,d5)",3D,open,0,1,0,-1,1,,
1.239842e+03,"Ma(d2,d4,d5)",3D,open,0,1,0,-1,2,,
1.239842e+03,"Ma(d2,d4,d5)",3D,open,0,1,0,-1,3,,
1.239842e+03,"Ma(d2,d4,d5)",3D,open,0,1,0,1,-3,,
1.239842e+03,"Ma(d2,d4,d5)",3D,open,0,1,0,1,-2,,
1.239842e+03,"Ma(d2,d4,d5)",3D,open,0,1,0,1,-1,,
1.239842e+03,"Ma(d2,d4,d5)",3D,open,0,1,0,1,1,,
1.239842e+03,"Ma(d2,d4,d5)",3D,open,0,1,0,1,2,,
1.239842e+03,"Ma(d2,d4,d5)",3D,open,0,1,0,1,3,,
1.239842e+03,"Ma(d2,d4)",2D,closed,0,-1,0,-3,0,d2,1.9997
1.239842e+03,"Ma(d2,d4)",2D,closed,0,1,0,3,0,d2,1.9997
1.239842e+03,"Ma(d2,d4,d5)",3D,open,0,-1,0,-2,-3,,
1.239842e+03,"Ma(d2,d4,d5)",3D,open,0,-1,0,-2,-2,,
1.239842e+03,"Ma(d2,d4,d5)",3D,open,0,-1,0,-2,-1,,
1.239842e+03,"Ma(d2,d4,d5)",3D,open,0,-1,0,-2,1,,
1.239842e+03,"Ma(d2,d4,d5)",3D,open,0,-1,0,-2,2,,
1.239842e+03,"Ma(d2,d4,d5)",3D,open,0,-1,0,-2,3,,
1.239842e+03,"Ma(d2,d4,d5)",3D,open,0,-1,0,2,-3,,
1.239842e+03,"Ma(d2,d4,d5)",3D,open,0,-1,0,2,-2,,
1.239842e+03,"Ma(d2,d4,d5)",3D,open,0,-1,0,2,-1,,
1.239842e+03,"Ma(d2,d4,d5)",3D,open,0,-1,0,2,1,,
1.239842e+03,"Ma(d2,d4,d5)",3D,open,0,-1,0,2,2,,
1.239842e+03,"Ma(d2,d4,d5)",3D,open,0,-1,0,2,3,,
1.239842e+03,"Ma(d2,d4,d5)",3D,open,0,1,0,-2,-3,,
1.239842e+03,"Ma(d2,d4,d5)",3D,open,0,1,0,-2,-2,,
1.239842e+03,"Ma(d2,d4,d5)",3D,open,0,1,0,-2,-1,,
1.239842e+03,"Ma(d2,d4,d5)",3D,open,0,1,0,-2,1,,
1.239842e+03,"Ma(d2,d4,d5)",3D,open,0,1,0,-2,2,,
1.239842e+03,"Ma(d2,d4,d5)",3D,open,0,1,0,-2,3,,
1.239842e+03,"Ma(d2,d4,d5)",3D,open,0,1,0,2,-3,,
1.239842e+03,"Ma(d2,d4,d5)",3D,open,0,1,0,2,-2,,
1.239842e+03,"Ma(d2,d4,d5)",3D,open,0,1,0,2,-1,,
1.239842e+03,"Ma(d2,d4,d5)",3D,open,0,1,0,2,1,,
1.239842e+03,"Ma(d2,d4,d5)",3D,open,0,1,0,2,2,,
1.239842e+03,"Ma(d2,d4,d5)",3D,open,0,1,0,2,3,,
1.239843e+03,"Ma(d2,d4)",2D,closed,0,-1,0,1,0,d2,1.9997
1.239843e+03,"Ma(d2,d4)",2D,closed,0,1,0,-1,0,d2,1.9997
1.239843e+03,"Ma(d2,d4,d5)",3D,open,0,-1,0,-3,-3,,
1.239843e+03,"Ma(d2,d4,d5)",3D,open,0,-1,0,-3,-2,,
1.239843e+03,"Ma(d2,d4,d5)",3D,open,0,-1,0,-3,-1,,
1.239843e+03,"Ma(d2,d4,d5)",3D,open,0,-1,0,-3,1,,
1.239843e+03,"Ma(d2,d4,d5)",3D,open,0,-1,0,-3,2,,
1.239843e+03,"Ma(d2,d4,d5)",3D,open,0,-1,0,-3,3,,
1.239843e+03,"Ma(d2,d4,d5)",3D,open,0,-1,0,3,-3,,
1.239843e+03,"Ma(d2,d4,d5)",3D,open,0,-1,0,3,-2,,
1.239843e+03,"Ma(d2,d4,d5)",3D,open,0,-1,0,3,-1,,
1.239843e+03,"Ma(d2,d4,d5)",3D,open,0,-1,0,3,1,,
1.239843e+03,"Ma(d2,d4,d5)",3D,open,0,-1,0,3,2,,
1.239843e+03,"Ma(d2,d4,d5)",3D,open,0,-1,0,3,3,,
1.239843e+03,"Ma(d2,d4,d5)",3D,open,0,1,0,-3,-3,,
1.239843e+03,"Ma(d2,d4,d5)",3D,open,0,1,0,-3,-2,,
1.239843e+03,"Ma(d2,d4,d5)",3D,open,0,1,0,-3,-1,,
1.239843e+03,"Ma(d2,d4,d5)",3D,open,0,1,0,-3,1,,
1.239843e+03,"Ma(d2,d4,d5)",3D,open,0,1,0,-3,2,,
1.239843e+03,"Ma(d2,d4,d5)",3D,open,0,1,0,-3,3,,
1.239843e+03,"Ma(d2,d4,d5)",3D,open,0,1,0,3,-3,,
1.239843e+03,"Ma(d2,d4,d5)",3D,open,0,1,0,3,-2,,
1.239843e+03,"Ma(d2,d4,d5)",3D,open,0,1,0,3,-1,,
1.239843e+03,"Ma(d2,d4,d5)",3D,open,0,1,0,3,1,,
1.239843e+03,"Ma(d2,d4,d5)",3D,open,0,1,0,3,2,,
1.239843e+03,"Ma(d2,d4,d5)",3D,open,0,1,0,3,3,,
1.239844e+03,"Ma(d2,d4)",2D,closed,0,-1,0,2,0,d2,1.9997
1.239844e+03,"Ma(d2,d4)",2D,closed,0,1,0,-2,0,d2,1.9997
1.239845e+03,"Ma(d2,d4)",2D,closed,0,-1,0,3,0,d2,1.9997
1.239845e+03,"Ma(d2,d4)",2D,closed,0,1,0,-3,0,d2,1.9997
1.239855e+03,"Ma(d2,d3)",2D,closed,0,-1,-1,0,0,d2,1.9318
1.239855e+03,"Ma(d2,d3)",2D,closed,0,1,1,0,0,d2,1.9318
1.239857e+03,"Ma(d2,d3,d5)",3D,open,0,-1,-1,0,-3,,
1.239857e+03,"Ma(d2,d3,d5)",3D,open,0,-1,-1,0,-2,,
1.239857e+03,"Ma(d2,d3,d5)",3D,open,0,-1,-1,0,-1,,
1.239857e+03,"Ma(d2,d3,d5)",3D,open,0,-1,-1,0,1,,
1.239857e+03,"Ma(d2,d3,d5)",3D,open,0,-1,-1,0,2,,
1.239857e+03,"Ma(d2,d3,d5)",3D,open,0,-1,-1,0,3,,
1.239857e+03,"Ma(d2,d3,d5)",3D,open,0,-1,1,0,-3,,
1.239857e+03,"Ma(d2,d3,d5)",3D,open,0,-1,1,0,-2,,
1.239857e+03,"Ma(d2,d3,d5)",3D,open,0,-1,1,0,-1,,
1.239857e+03,"Ma(d2,d3,d5)",3D,open,0,-1,1,0,1,,
1.239857e+03,"Ma(d2,d3,d5)",3D,open,0,-1,1,0,2,,
1.239857e+03,"Ma(d2,d3,d5)",3D,open,0,-1,1,0,3,,
1.239857e+03,"Ma(d2,d3,d5)",3D,open,0,1,-1,0,-3,,
1.239857e+03,"Ma(d2,d3,d5)",3D,open,0,1,-1,0,-2,,
1.239857e+03,"Ma(d2,d3,d5)",3D,open,0,1,-1,0,-1,,
1.239857e+03,"Ma(d2,d3,d5)",3D,open,0,1,-1,0,1,,
1.239857e+03,"Ma(d2,d3,d5)",3D,open,0,1,-1,0,2,,
1.239857e+03,"Ma(d2,d3,d5)",3D,open,0,1,-1,0,3,,
1.239857e+03,"Ma(d2,d3,d5)",3D,open,0,1,1,0,-3,,
1.239857e+03,"Ma(d2,d3,d5)",3D,open,0,1,1,0,-2,,
1.239857e+03,"Ma(d2,d3,d5)",3D,open,0,1,1,0,-1,,
1.239857e+03,"Ma(d2,d3,d5)",3D,open,0,1,1,0,1,,
1.239857e+03,"Ma(d2,d3,d5)",3D,open,0,1,1,0,2,,
1.239857e+03,"Ma(d2,d3,d5)",3D,open,0,1,1,0,3,,
1.239858e+03,"Ma(d2,d3,d4,d5)",4D,open,0,-1,-1,-1,-3,,
1.239858e+03,"Ma(d2,d3,d4,d5)",4D,open,0,-1,-1,-1,-2,,
1.239858e+03,"Ma(d2,d3,d4,d5)",4D,open,0,-1,-1,-1,-1,,
1.239858e+03,"Ma(d2,d3,d4)",3D,open,0,-1,-1,-1,0,,
1.239858e+03,"Ma(d2,d3,d4,d5)",4D,open,0,-1,-1,-1,1,,
1.239858e+03,"Ma(d2,d3,d4,d5)",4D,open,0,-1,-1,-1,2,,
1.239858e+03,"Ma(d2,d3,d4,d5)",4D,open,0,-1,-1,-1,3,,
1.239858e+03,"Ma(d2,d3,d4,d5)",4D,open,0,-1,-1,1,-3,,
1.239858e+03,"Ma(d2,d3,d4,d5)",4D,open,0,-1,-1,1,-2,,
1.239858e+03,"Ma(d2,d3,d4,d5)",4D,open,0,-1,-1,1,-1,,
1.239858e+03,"Ma(d2,d3,d4)",3D,open,0,-1,-1,1,0,,
1.239858e+03,"Ma(d2,d3,d4,d5)",4D,open,0,-1,-1,1,1,,
1.239858e+03,"Ma(d2,d3,d4,d5)",4D,open,0,-1,-1,1,2,,
1.239858e+03,"Ma(d2,d3,d4,d5)",4D,open,0,-1,-1,1,3,,
1.239858e+03,"Ma(d2,d3,d4,d5)",4D,open,0,-1,1,-1,-3,,
1.239858e+03,"Ma(d2,d3,d4,d5)",4D,open,0,-1,1,-1,-2,,
1.239858e+03,"Ma(d2,d3,d4,d5)",4D,open,0,-1,1,-1,-1,,
1.239858e+03,"Ma(d2,d3,d4)",3D,open,0,-1,1,-1,0,,
1.239858e+03,"Ma(d2,d3,d4,d5)",4D,open,0,-1,1,-1,1,,
1.239858e+03,"Ma(d2,d3,d4,d5)",4D,open,0,-1,1,-1,2,,
1.239858e+03,"Ma(d2,d3,d4,d5)",4D,open,0,-1,1,-1,3,,
1.239858e+03,"Ma(d2,d3,d4,d5)",4D,open,0,-1,1,1,-3,,
1.239858e+03,"Ma(d2,d3,d4,d5)",4D,open,0,-1,1,1,-2,,
1.239858e+03,"Ma(d2,d3,d4,d5)",4D,open,0,-1,1,1,-1,,
1.239858e+03,"Ma(d2,d3,d4)",3D,open,0,-1,1,1,0,,
1.239858e+03,"Ma(d2,d3,d4,d5)",4D,open,0,-1,1,1,1,,
1.239858e+03,"Ma(d2,d3,d4,d5)",4D,open,0,-1,1,1,2,,
1.239858e+03,"Ma(d2,d3,d4,d5)",4D,open,0,-1,1,1,3,,
1.239858e+03,"Ma(d2,d3,d4,d5)",4D,open,0,1,-1,-1,-3,,
1.239858e+03,"Ma(d2,d3,d4,d5)",4D,open,0,1,-1,-1,-2,,
1.239858e+03,"Ma(d2,d3,d4,d5)",4D,open,0,1,-1,-1,-1,,
1.239858e+03,"Ma(d2,d3,d4)",3D,open,0,1,-1,-1,0,,
1.239858e+03,"Ma(d2,d3,d4,d5)",4D,open,0,1,-1,-1,1,,
1.239858e+03,"Ma(d2,d3,d4,d5)",4D,open,0,1,-1,-1,2,,
1.239858e+03,"Ma(d2,d3,d4,d5)",4D,open,0,1,-1,-1,3,,
1.239858e+03,"Ma(d2,d3,d4,d5)",4D,open,0,1,-1,1,-3,,
1.239858e+03,"Ma(d2,d3,d4,d5)",4D,open,0,1,-1,1,-2,,
1.239858e+03,"Ma(d2,d3,d4,d5)",4D,open,0,1,-1,1,-1,,
1.239858e+03,"Ma(d2,d3,d4)",3D,open,0,1,-1,1,0,,
1.239858e+03,"Ma(d2,d3,d4,d5)",4D,open,0,1,-1,1,1,,
1.239858e+03,"Ma(d2,d3,d4,d5)",4D,open,0,1,-1,1,2,,
1.239858e+03,"Ma(d2,d3,d4,d5)",4D,open,0,1,-1,1,3,,
1.239858e+03,"Ma(d2,d3,d4,d5)",4D,open,0,1,1,-1,-3,,
1.239858e+03,"Ma(d2,d3,d4,d5)",4D,open,0,1,1,-1,-2,,
1.239858e+03,"Ma(d2,d3,d4,d5)",4D,open,0,1,1,-1,-1,,
1.239858e+03,"Ma(d2,d3,d4)",3D,open,0,1,1,-1,0,,
1.239858e+03,"Ma(d2,d3,d4,d5)",4D,open,0,1,1,-1,1,,
1.239858e+03,"Ma(d2,d3,d4,d5)",4D,open,0,1,1,-1,2,,
1.239858e+03,"Ma(d2,d3,d4,d5)",4D,open,0,1,1,-1,3,,
1.239858e+03,"Ma(d2,d3,d4,d5)",4D,open,0,1,1,1,-3,,
1.239858e+03,"Ma(d2,d3,d4,d5)",4D,open,0,1,1,1,-2,,
1.239858e+03,"Ma(d2,d3,d4,d5)",4D,open,0,1,1,1,-1,,
1.239858e+03,"Ma(d2,d3,d4)",3D,open,0,1,1,1,0,,
1.239858e+03,"Ma(d2,d3,d4,d5)",4D,open,0,1,1,1,1,,
1.239858e+03,"Ma(d2,d3,d4,d5)",4D,open,0,1,1,1,2,,
1.239858e+03,"Ma(d2,d3,d4,d5)",4D,open,0,1,1,1,3,,
1.239858e+03,"Ma(d2,d3,d4,d5)",4D,open,0,-1,-1,-2,-3,,
1.239858e+03,"Ma(d2,d3,d4,d5)",4D,open,0,-1,-1,-2,-2,,
1.239858e+03,"Ma(d2,d3,d4,d5)",4D,open,0,-1,-1,-2,-1,,
1.239858e+03,"Ma(d2,d3,d4)",3D,open,0,-1,-1,-2,0,,
1.239858e+03,"Ma(d2,d3,d4,d5)",4D,open,0,-1,-1,-2,1,,
1.239858e+03,"Ma(d2,d3,d4,d5)",4D,open,0,-1,-1,-2,2,,
1.239858e+03,"Ma(d2,d3,d4,d5)",4D,open,0,-1,-1,-2,3,,
1.239858e+03,"Ma(d2,d3,d4,d5)",4D,open,0,-1,-1,2,-3,,
1.239858e+03,"Ma(d2,d3,d4,d5)",4D,open,0,-1,-1,2,-2,,
1.239858e+03,"Ma(d2,d3,d4,d5)",4D,open,0,-1,-1,2,-1,,
1.239858e+03,"Ma(d2,d3,d4)",3D,open,0,-1,-1,2,0,,
1.239858e+03,"Ma(d2,d3,d4,d5)",4D,open,0,-1,-1,2,1,,
1.239858e+03,"Ma(d2,d3,d4,d5)",4D,open,0,-1,-1,2,2,,
1.239858e+03,"Ma(d2,d3,d4,d5)",4D,open,0,-1,-1,2,3,,
1.239858e+03,"Ma(d2,d3,d4,d5)",4D,open,0,-1,1,-2,-3,,
1.239858e+03,"Ma(d2,d3,d4,d5)",4D,open,0,-1,1,-2,-2,,
1.239858e+03,"Ma(d2,d3,d4,d5)",4D,open,0,-1,1,-2,-1,,
1.239858e+03,"Ma(d2,d3,d4)",3D,open,0,-1,1,-2,0,,
1.239858e+03,"Ma(d2,d3,d4,d5)",4D,open,0,-1,1,-2,1,,
1.239858e+03,"Ma(d2,d3,d4,d5)",4D,open,0,-1,1,-2,2,,
1.239858e+03,"Ma(d2,d3,d4,d5)",4D,open,0,-1,1,-2,3,,
1.239858e+03,"Ma(d2,d3,d4,d5)",4D,open,0,-1,1,2,-3,,
1.239858e+03,"Ma(d2,d3,d4,d5)",4D,open,0,-1,1,2,-2,,
1.239858e+03,"Ma(d2,d3,d4,d5)",4D,open,0,-1,1,2,-1,,
1.239858e+03,"Ma(d2,d3,d4)",3D,open,0,-1,1,2,0,,
1.239858e+03,"Ma(d2,d3,d4,d5)",4D,open,0,-1,1,2,1,,
1.239858e+03,"Ma(d2,d3,d4,d5)",4D,open,0,-1,1,2,2,,
1.239858e+03,"Ma(d2,d3,d4,d5)",4D,open,0,-1,1,2,3,,
1.239858e+03,"Ma(d2,d3,d4,d5)",4D,open,0,1,-1,-2,-3,,
1.239858e+03,"Ma(d2,d3,d4,d5)",4D,open,0,1,-1,-2,-2,,
1.239858e+03,"Ma(d2,d3,d4,d5)",4D,open,0,1,-1,-2,-1,,
1.239858e+03,"Ma(d2,d3,d4)",3D,open,0,1,-1,-2,0,,
1.239858e+03,"Ma(d2,d3,d4,d5)",4D,open,0,1,-1,-2,1,,
1.239858e+03,"Ma(d2,d3,d4,d5)",4D,open,0,1,-1,-2,2,,
1.239858e+03,"Ma(d2,d3,d4,d5)",4D,open,0,1,-1,-2,3,,
1.239858e+03,"Ma(d2,d3,d4,d5)",4D,open,0,1,-1,2,-3,,
1.239858e+03,"Ma(d2,d3,d4,d5)",4D,open,0,1,-1,2,-2,,
1.239858e+03,"Ma(d2,d3,d4,d5)",4D,open,0,1,-1,2,-1,,
1.239858e+03,"Ma(d2,d3,d4)",3D,open,0,1,-1,2,0,,
1.239858e+03,"Ma(d2,d3,d4,d5)",4D,open,0,1,-1,2,1,,
1.239858e+03,"Ma(d2,d3,d4,d5)",4D,open,0,1,-1,2,2,,
1.239858e+03,"Ma(d2,d3,d4,d5)",4D,open,0,1,-1,2,3,,
1.239858e+03,"Ma(d2,d3,d4,d5)",4D,open,0,1,1,-2,-3,,
1.239858e+03,"Ma(d2,d3,d4,d5)",4D,open,0,1,1,-2,-2,,
1.239858e+03,"Ma(d2,d3,d4,d5)",4D,open,0,1,1,-2,-1,,
1.239858e+03,"Ma(d2,d3,d4)",3D,open,0,1,1,-2,0,,
1.239858e+03,"Ma(d2,d3,d4,d5)",4D,open,0,1,1,-2,1,,
1.239858e+03,"Ma(d2,d3,d4,d5)",4D,open,0,1,1,-2,2,,
1.239858e+03,"Ma(d2,d3,d4,d5)",4D,open,0,1,1,-2,3,,
1.239858e+03,"Ma(d2,d3,d4,d5)",4D,open,0,1,1,2,-3,,
1.239858e+03,"Ma(d2,d3,d4,d5)",4D,open,0,1,1,2,-2,,
1.239858e+03,"Ma(d2,d3,d4,d5)",4D,open,0,1,1,2,-1,,
1.239858e+03,"Ma(d2,d3,d4)",3D,open,0,1,1,2,0,,
1.239858e+03,"Ma(d2,d3,d4,d5)",4D,open,0,1,1,2,1,,
1.239858e+03,"Ma(d2,d3,d4,d5)",4D,open,0,1,1,2,2,,
1.239858e+03,"Ma(d2,d3,d4,d5)",4D,open,0,1,1,2,3,,
1.239858e+03,"Ma(d2,d3,d4,d5)",4D,open,0,-1,-1,-3,-3,,
1.239858e+03,"Ma(d2,d3,d4,d5)",4D,open,0,-1,-1,-3,-2,,
1.239858e+03,"Ma(d2,d3,d4,d5)",4D,open,0,-1,-1,-3,-1,,
1.239858e+03,"Ma(d2,d3,d4)",3D,open,0,-1,-1,-3,0,,
1.239858e+03,"Ma(d2,d3,d4,d5)",4D,open,0,-1,-1,-3,1,,
1.239858e+03,"Ma(d2,d3,d4,d5)",4D,open,0,-1,-1,-3,2,,
1.239858e+03,"Ma(d2,d3,d4,d5)",4D,open,0,-1,-1,-3,3,,
1.239858e+03,"Ma(d2,d3,d4,d5)",4D,open,0,-1,-1,3,-3,,
1.239858e+03,"Ma(d2,d3,d4,d5)",4D,open,0,-1,-1,3,-2,,
1.239858e+03,"Ma(d2,d3,d4,d5)",4D,open,0,-1,-1,3,-1,,
1.239858e+03,"Ma(d2,d3,d4)",3D,open,0,-1,-1,3,0,,
1.239858e+03,"Ma(d2,d3,d4,d5)",4D,open,0,-1,-1,3,1,,
1.239858e+03,"Ma(d2,d3,d4,d5)",4D,open,0,-1,-1,3,2,,
1.239858e+03,"Ma(d2,d3,d4,d5)",4D,open,0,-1,-1,3,3,,
1.239858e+03,"Ma(d2,d3,d4,d5)",4D,open,0,-1,1,-3,-3,,
1.239858e+03,"Ma(d2,d3,d4,d5)",4D,open,0,-1,1,-3,-2,,
1.239858e+03,"Ma(d2,d3,d4,d5)",4D,open,0,-1,1,-3,-1,,
1.239858e+03,"Ma(d2,d3,d4)",3D,open,0,-1,1,-3,0,,
1.239858e+03,"Ma(d2,d3,d4,d5)",4D,open,0,-1,1,-3,1,,
1.239858e+03,"Ma(d2,d3,d4,d5)",4D,open,0,-1,1,-3,2,,
1.239858e+03,"Ma(d2,d3,d4,d5)",4D,open,0,-1,1,-3,3,,
1.239858e+03,"Ma(d2,d3,d4,d5)",4D,open,0,-1,1,3,-3,,
1.239858e+03,"Ma(d2,d3,d4,d5)",4D,open,0,-1,1,3,-2,,
1.239858e+03,"Ma(d2,d3,d4,d5)",4D,open,0,-1,1,3,-1,,
1.239858e+03,"Ma(d2,d3,d4)",3D,open,0,-1,1,3,0,,
1.239858e+03,"Ma(d2,d3,d4,d5)",4D,open,0,-1,1,3,1,,
1.239858e+03,"Ma(d2,d3,d4,d5)",4D,open,0,-1,1,3,2,,
1.239858e+03,"Ma(d2,d3,d4,d5)",4D,open,0,-1,1,3,3,,
1.239858e+03,"Ma(d2,d3,d4,d5)",4D,open,0,1,-1,-3,-3,,
1.239858e+03,"Ma(d2,d3,d4,d5)",4D,open,0,1,-1,-3,-2,,
1.239858e+03,"Ma(d2,d3,d4,d5)",4D,open,0,1,-1,-3,-1,,
1.239858e+03,"Ma(d2,d3,d4)",3D,open,0,1,-1,-3,0,,
1.239858e+03,"Ma(d2,d3,d4,d5)",4D,open,0,1,-1,-3,1,,
1.239858e+03,"Ma(d2,d3,d4,d5)",4D,open,0,1,-1,-3,2,,
1.239858e+03,"Ma(d2,d3,d4,d5)",4D,open,0,1,-1,-3,3,,
1.239858e+03,"Ma(d2,d3,d4,d5)",4D,open,0,1,-1,3,-3,,
1.239858e+03,"Ma(d2,d3,d4,d5)",4D,open,0,1,-1,3,-2,,
1.239858e+03,"Ma(d2,d3,d4,d5)",4D,open,0,1,-1,3,-1,,
1.239858e+03,"Ma(d2,d3,d4)",3D,open,0,1,-1,3,0,,
1.239858e+03,"Ma(d2,d3,d4,d5)",4D,open,0,1,-1,3,1,,
1.239858e+03,"Ma(d2,d3,d4,d5)",4D,open,0,1,-1,3,2,,
1.239858e+03,"Ma(d2,d3,d4,d5)",4D,open,0,1,-1,3,3,,
1.239858e+03,"Ma(d2,d3,d4,d5)",4D,open,0,1,1,-3,-3,,
1.239858e+03,"Ma(d2,d3,d4,d5)",4D,open,0,1,1,-3,-2,,
1.239858e+03,"Ma(d2,d3,d4,d5)",4D,open,0,1,1,-3,-1,,
1.239858e+03,"Ma(d2,d3,d4)",3D,open,0,1,1,-3,0,,
1.239858e+03,"Ma(d2,d3,d4,d5)",4D,open,0,1,1,-3,1,,
1.239858e+03,"Ma(d2,d3,d4,d5)",4D,open,0,1,1,-3,2,,
1.239858e+03,"Ma(d2,d3,d4,d5)",4D,open,0,1,1,-3,3,,
1.239858e+03,"Ma(d2,d3,d4,d5)",4D,open,0,1,1,3,-3,,
1.239858e+03,"Ma(d2,d3,d4,d5)",4D,open,0,1,1,3,-2,,
1.239858e+03,"Ma(d2,d3,d4,d5)",4D,open,0,1,1,3,-1,,
1.239858e+03,"Ma(d2,d3,d4)",3D,open,0,1,1,3,0,,
1.239858e+03,"Ma(d2,d3,d4,d5)",4D,open,0,1,1,3,1,,
1.239858e+03,"Ma(d2,d3,d4,d5)",4D,open,0,1,1,3,2,,
1.239858e+03,"Ma(d2,d3,d4,d5)",4D,open,0,1,1,3,3,,
1.239860e+03,"Ma(d2,d3)",2D,closed,0,-1,-3,0,0,d2,1.9318
1.239860e+03,"Ma(d2,d3)",2D,closed,0,1,3,0,0,d2,1.9318
1.239904e+03,"Ma(d2,d3,d5)",3D,open,0,-1,-2,0,-3,,
1.239904e+03,"Ma(d2,d3,d5)",3D,open,0,-1,-2,0,-2,,
1.239904e+03,"Ma(d2,d3,d5)",3D,open,0,-1,-2,0,-1,,
1.239904e+03,"Ma(d2,d3,d5)",3D,open,0,-1,-2,0,1,,
1.239904e+03,"Ma(d2,d3,d5)",3D,open,0,-1,-2,0,2,,
1.239904e+03,"Ma(d2,d3,d5)",3D,open,0,-1,-2,0,3,,
1.239904e+03,"Ma(d2,d3,d5)",3D,open,0,-1,2,0,-3,,
1.239904e+03,"Ma(d2,d3,d5)",3D,open,0,-1,2,0,-2,,
1.239904e+03,"Ma(d2,d3,d5)",3D,open,0,-1,2,0,-1,,
1.239904e+03,"Ma(d2,d3,d5)",3D,open,0,-1,2,0,1,,
1.239904e+03,"Ma(d2,d3,d5)",3D,open,0,-1,2,0,2,,
1.239904e+03,"Ma(d2,d3,d5)",3D,open,0,-1,2,0,3,,
1.239904e+03,"Ma(d2,d3,d5)",3D,open,0,1,-2,0,-3,,
1.239904e+03,"Ma(d2,d3,d5)",3D,open,0,1,-2,0,-2,,
1.239904e+03,"Ma(d2,d3,d5)",3D,open,0,1,-2,0,-1,,
1.239904e+03,"Ma(d2,d3,d5)",3D,open,0,1,-2,0,1,,
1.239904e+03,"Ma(d2,d3,d5)",3D,open,0,1,-2,0,2,,
1.239904e+03,"Ma(d2,d3,d5)",3D,open,0,1,-2,0,3,,
1.239904e+03,"Ma(d2,d3,d5)",3D,open,0,1,2,0,-3,,
1.239904e+03,"Ma(d2,d3,d5)",3D,open,0,1,2,0,-2,,
1.239904e+03,"Ma(d2,d3,d5)",3D,open,0,1,2,0,-1,,
1.239904e+03,"Ma(d2,d3,d5)",3D,open,0,1,2,0,1,,
1.239904e+03,"Ma(d2,d3,d5)",3D,open,0,1,2,0,2,,
1.239904e+03,"Ma(d2,d3,d5)",3D,open,0,1,2,0,3,,
1.239904e+03,"Ma(d2,d3,d4,d5)",4D,open,0,-1,-2,-1,-3,,
1.239904e+03,"Ma(d2,d3,d4,d5)",4D,open,0,-1,-2,-1,-2,,
1.239904e+03,"Ma(d2,d3,d4,d5)",4D,open,0,-1,-2,-1,-1,,
1.239904e+03,"Ma(d2,d3,d4)",3D,open,0,-1,-2,-1,0,,
1.239904e+03,"Ma(d2,d3,d4,d5)",4D,open,0,-1,-2,-1,1,,
1.239904e+03,"Ma(d2,d3,d4,d5)",4D,open,0,-1,-2,-1,2,,
1.239904e+03,"Ma(d2,d3,d4,d5)",4D,open,0,-1,-2,-1,3,,
1.239904e+03,"Ma(d2,d3,d4,d5)",4D,open,0,-1,-2,1,-3,,
1.239904e+03,"Ma(d2,d3,d4,d5)",4D,open,0,-1,-2,1,-2,,
1.239904e+03,"Ma(d2,d3,d4,d5)",4D,open,0,-1,-2,1,-1,,
1.239904e+03,"Ma(d2,d3,d4)",3D,open,0,-1,-2,1,0,,
1.239904e+03,"Ma(d2,d3,d4,d5)",4D,open,0,-1,-2,1,1,,
1.239904e+03,"Ma(d2,d3,d4,d5)",4D,open,0,-1,-2,1,2,,
1.239904e+03,"Ma(d2,d3,d4,d5)",4D,open,0,-1,-2,1,3,,
1.239904e+03,"Ma(d2,d3,d4,d5)",4D,open,0,-1,2,-1,-3,,
1.239904e+03,"Ma(d2,d3,d4,d5)",4D,open,0,-1,2,-1,-2,,
1.239904e+03,"Ma(d2,d3,d4,d5)",4D,open,0,-1,2,-1,-1,,
1.239904e+03,"Ma(d2,d3,d4)",3D,open,0,-1,2,-1,0,,
1.239904e+03,"Ma(d2,d3,d4,d5)",4D,open,0,-1,2,-1,1,,
1.239904e+03,"Ma(d2,d3,d4,d5)",4D,open,0,-1,2,-1,2,,
1.239904e+03,"Ma(d2,d3,d4,d5)",4D,open,0,-1,2,-1,3,,
1.239904e+03,"Ma(d2,d3,d4,d5)",4D,open,0,-1,2,1,-3,,
1.239904e+03,"Ma(d2,d3,d4,d5)",4D,open,0,-1,2,1,-2,,
1.239904e+03,"Ma(d2,d3,d4,d5)",4D,open,0,-1,2,1,-1,,
1.239904e+03,"Ma(d2,d3,d4)",3D,open,0,-1,2,1,0,,
1.239904e+03,"Ma(d2,d3,d4,d5)",4D,open,0,-1,2,1,1,,
1.239904e+03,"Ma(d2,d3,d4,d5)",4D,open,0,-1,2,1,2,,
1.239904e+03,"Ma(d2,d3,d4,d5)",4D,open,0,-1,2,1,3,,
1.239904e+03,"Ma(d2,d3,d4,d5)",4D,open,0,1,-2,-1,-3,,
1.239904e+03,"Ma(d2,d3,d4,d5)",4D,open,0,1,-2,-1,-2,,
1.239904e+03,"Ma(d2,d3,d4,d5)",4D,open,0,1,-2,-1,-1,,
1.239904e+03,"Ma(d2,d3,d4)",3D,open,0,1,-2,-1,0,,
1.239904e+03,"Ma(d2,d3,d4,d5)",4D,open,0,1,-2,-1,1,,
1.239904e+03,"Ma(d2,d3,d4,d5)",4D,open,0,1,-2,-1,2,,
1.239904e+03,"Ma(d2,d3,d4,d5)",4D,open,0,1,-2,-1,3,,
1.239904e+03,"Ma(d2,d3,d4,d5)",4D,open,0,1,-2,1,-3,,
1.239904e+03,"Ma(d2,d3,d4,d5)",4D,open,0,1,-2,1,-2,,
1.239904e+03,"Ma(d2,d3,d4,d5)",4D,open,0,1,-2,1,-1,,
1.239904e+03,"Ma(d2,d3,d4)",3D,open,0,1,-2,1,0,,
1.239904e+03,"Ma(d2,d3,d4,d5)",4D,open,0,1,-2,1,1,,
1.239904e+03,"Ma(d2,d3,d4,d5)",4D,open,0,1,-2,1,2,,
1.239904e+03,"Ma(d2,d3,d4,d5)",4D,open,0,1,-2,1,3,,
1.239904e+03,"Ma(d2,d3,d4,d5)",4D,open,0,1,2,-1,-3,,
1.239904e+03,"Ma(d2,d3,d4,d5)",4D,open,0,1,2,-1,-2,,
1.239904e+03,"Ma(d2,d3,d4,d5)",4D,open,0,1,2,-1,-1,,
1.239904e+03,"Ma(d2,d3,d4)",3D,open,0,1,2,-1,0,,
1.239904e+03,"Ma(d2,d3,d4,d5)",4D,open,0,1,2,-1,1,,
1.239904e+03,"Ma(d2,d3,d4,d5)",4D,open,0,1,2,-1,2,,
1.239904e+03,"Ma(d2,d3,d4,d5)",4D,open,0,1,2,-1,3,,
1.239904e+03,"Ma(d2,d3,d4,d5)",4D,open,0,1,2,1,-3,,
1.239904e+03,"Ma(d2,d3,d4,d5)",4D,open,0,1,2,1,-2,,
1.239904e+03,"Ma(d2,d3,d4,d5)",4D,open,0,1,2,1,-1,,
1.239904e+03,"Ma(d2,d3,d4)",3D,open,0,1,2,1,0,,
1.239904e+03,"Ma(d2,d3,d4,d5)",4D,open,0,1,2,1,1,,
1.239904e+03,"Ma(d2,d3,d4,d5)",4D,open,0,1,2,1,2,,
1.239904e+03,"Ma(d2,d3,d4,d5)",4D,open,0,1,2,1,3,,
1.239904e+03,"Ma(d2,d3,d4,d5)",4D,open,0,-1,-2,-2,-3,,
1.239904e+03,"Ma(d2,d3,d4,d5)",4D,open,0,-1,-2,-2,-2,,
1.239904e+03,"Ma(d2,d3,d4,d5)",4D,open,0,-1,-2,-2,-1,,
1.239904e+03,"Ma(d2,d3,d4)",3D,open,0,-1,-2,-2,0,,
1.239904e+03,"Ma(d2,d3,d4,d5)",4D,open,0,-1,-2,-2,1,,
1.239904e+03,"Ma(d2,d3,d4,d5)",4D,open,0,-1,-2,-2,2,,
1.239904e+03,"Ma(d2,d3,d4,d5)",4D,open,0,-1,-2,-2,3,,
1.239904e+03,"Ma(d2,d3,d4,d5)",4D,open,0,-1,-2,2,-3,,
1.239904e+03,"Ma(d2,d3,d4,d5)",4D,open,0,-1,-2,2,-2,,
1.239904e+03,"Ma(d2,d3,d4,d5)",4D,open,0,-1,-2,2,-1,,
1.239904e+03,"Ma(d2,d3,d4)",3D,open,0,-1,-2,2,0,,
1.239904e+03,"Ma(d2,d3,d4,d5)",4D,open,0,-1,-2,2,1,,
1.239904e+03,"Ma(d2,d3,d4,d5)",4D,open,0,-1,-2,2,2,,
1.239904e+03,"Ma(d2,d3,d4,d5)",4D,open,0,-1,-2,2,3,,
1.239904e+03,"Ma(d2,d3,d4,d5)",4D,open,0,-1,2,-2,-3,,
1.239904e+03,"Ma(d2,d3,d4,d5)",4D,open,0,-1,2,-2,-2,,
1.239904e+03,"Ma(d2,d3,d4,d5)",4D,open,0,-1,2,-2,-1,,
1.239904e+03,"Ma(d2,d3,d4)",3D,open,0,-1,2,-2,0,,
1.239904e+03,"Ma(d2,d3,d4,d5)",4D,open,0,-1,2,-2,1,,
1.239904e+03,"Ma(d2,d3,d4,d5)",4D,open,0,-1,2,-2,2,,
1.239904e+03,"Ma(d2,d3,d4,d5)",4D,open,0,-1,2,-2,3,,
1.239904e+03,"Ma(d2,d3,d4,d5)",4D,open,0,-1,2,2,-3,,
1.239904e+03,"Ma(d2,d3,d4,d5)",4D,open,0,-1,2,2,-2,,
1.239904e+03,"Ma(d2,d3,d4,d5)",4D,open,0,-1,2,2,-1,,
1.239904e+03,"Ma(d2,d3,d4)",3D,open,0,-1,2,2,0,,
1.239904e+03,"Ma(d2,d3,d4,d5)",4D,open,0,-1,2,2,1,,
1.239904e+03,"Ma(d2,d3,d4,d5)",4D,open,0,-1,2,2,2,,
1.239904e+03,"Ma(d2,d3,d4,d5)",4D,open,0,-1,2,2,3,,
1.239904e+03,"Ma(d2,d3,d4,d5)",4D,open,0,1,-2,-2,-3,,
1.239904e+03,"Ma(d2,d3,d4,d5)",4D,open,0,1,-2,-2,-2,,
1.239904e+03,"Ma(d2,d3,d4,d5)",4D,open,0,1,-2,-2,-1,,
1.239904e+03,"Ma(d2,d3,d4)",3D,open,0,1,-2,-2,0,,
1.239904e+03,"Ma(d2,d3,d4,d5)",4D,open,0,1,-2,-2,1,,
1.239904e+03,"Ma(d2,d3,d4,d5)",4D,open,0,1,-2,-2,2,,
1.239904e+03,"Ma(d2,d3,d4,d5)",4D,open,0,1,-2,-2,3,,
1.239904e+03,"Ma(d2,d3,d4,d5)",4D,open,0,1,-2,2,-3,,
1.239904e+03,"Ma(d2,d3,d4,d5)",4D,open,0,1,-2,2,-2,,
1.239904e+03,"Ma(d2,d3,d4,d5)",4D,open,0,1,-2,2,-1,,
1.239904e+03,"Ma(d2,d3,d4)",3D,open,0,1,-2,2,0,,
1.239904e+03,"Ma(d2,d3,d4,d5)",4D,open,0,1,-2,2,1,,
1.239904e+03,"Ma(d2,d3,d4,d5)",4D,open,0,1,-2,2,2,,
1.239904e+03,"Ma(d2,d3,d4,d5)",4D,open,0,1,-2,2,3,,
1.239904e+03,"Ma(d2,d3,d4,d5)",4D,open,0,1,2,-2,-3,,
1.239904e+03,"Ma(d2,d3,d4,d5)",4D,open,0,1,2,-2,-2,,
1.239904e+03,"Ma(d2,d3,d4,d5)",4D,open,0,1,2,-2,-1,,
1.239904e+03,"Ma(d2,d3,d4)",3D,open,0,1,2,-2,0,,
1.239904e+03,"Ma(d2,d3,d4,d5)",4D,open,0,1,2,-2,1,,
1.239904e+03,"Ma(d2,d3,d4,d5)",4D,open,0,1,2,-2,2,,
1.239904e+03,"Ma(d2,d3,d4,d5)",4D,open,0,1,2,-2,3,,
1.239904e+03,"Ma(d2,d3,d4,d5)",4D,open,0,1,2,2,-3,,
1.239904e+03,"Ma(d2,d3,d4,d5)",4D,open,0,1,2,2,-2,,
1.239904e+03,"Ma(d2,d3,d4,d5)",4D,open,0,1,2,2,-1,,
1.239904e+03,"Ma(d2,d3,d4)",3D,open,0,1,2,2,0,,
1.239904e+03,"Ma(d2,d3,d4,d5)",4D,open,0,1,2,2,1,,
1.239904e+03,"Ma(d2,d3,d4,d5)",4D,open,0,1,2,2,2,,
1.239904e+03,"Ma(d2,d3,d4,d5)",4D,open,0,1,2,2,3,,
1.239905e+03,"Ma(d2,d3,d4,d5)",4D,open,0,-1,-2,-3,-3,,
1.239905e+03,"Ma(d2,d3,d4,d5)",4D,open,0,-1,-2,-3,-2,,
1.239905e+03,"Ma(d2,d3,d4,d5)",4D,open,0,-1,-2,-3,-1,,
1.239905e+03,"Ma(d2,d3,d4)",3D,open,0,-1,-2,-3,0,,
1.239905e+03,"Ma(d2,d3,d4,d5)",4D,open,0,-1,-2,-3,1,,
1.239905e+03,"Ma(d2,d3,d4,d5)",4D,open,0,-1,-2,-3,2,,
1.239905e+03,"Ma(d2,d3,d4,d5)",4D,open,0,-1,-2,-3,3,,
1.239905e+03,"Ma(d2,d3,d4,d5)",4D,open,0,-1,-2,3,-3,,
1.239905e+03,"Ma(d2,d3,d4,d5)",4D,open,0,-1,-2,3,-2,,
1.239905e+03,"Ma(d2,d3,d4,d5)",4D,open,0,-1,-2,3,-1,,
1.239905e+03,"Ma(d2,d3,d4)",3D,open,0,-1,-2,3,0,,
1.239905e+03,"Ma(d2,d3,d4,d5)",4D,open,0,-1,-2,3,1,,
1.239905e+03,"Ma(d2,d3,d4,d5)",4D,open,0,-1,-2,3,2,,
1.239905e+03,"Ma(d2,d3,d4,d5)",4D,open,0,-1,-2,3,3,,
1.239905e+03,"Ma(d2,d3,d4,d5)",4D,open,0,-1,2,-3,-3,,
1.239905e+03,"Ma(d2,d3,d4,d5)",4D,open,0,-1,2,-3,-2,,
1.239905e+03,"Ma(d2,d3,d4,d5)",4D,open,0,-1,2,-3,-1,,
1.239905e+03,"Ma(d2,d3,d4)",3D,open,0,-1,2,-3,0,,
1.239905e+03,"Ma(d2,d3,d4,d5)",4D,open,0,-1,2,-3,1,,
1.239905e+03,"Ma(d2,d3,d4,d5)",4D,open,0,-1,2,-3,2,,
1.239905e+03,"Ma(d2,d3,d4,d5)",4D,open,0,-1,2,-3,3,,
1.239905e+03,"Ma(d2,d3,d4,d5)",4D,open,0,-1,2,3,-3,,
1.239905e+03,"Ma(d2,d3,d4,d5)",4D,open,0,-1,2,3,-2,,
1.239905e+03,"Ma(d2,d3,d4,d5)",4D,open,0,-1,2,3,-1,,
1.239905e+03,"Ma(d2,d3,d4)",3D,open,0,-1,2,3,0,,
1.239905e+03,"Ma(d2,d3,d4,d5)",4D,open,0,-1,2,3,1,,
1.239905e+03,"Ma(d2,d3,d4,d5)",4D,open,0,-1,2,3,2,,
1.239905e+03,"Ma(d2,d3,d4,d5)",4D,open,0,-1,2,3,3,,
1.239905e+03,"Ma(d2,d3,d4,d5)",4D,open,0,1,-2,-3,-3,,
1.239905e+03,"Ma(d2,d3,d4,d5)",4D,open,0,1,-2,-3,-2,,
1.239905e+03,"Ma(d2,d3,d4,d5)",4D,open,0,1,-2,-3,-1,,
1.239905e+03,"Ma(d2,d3,d4)",3D,open,0,1,-2,-3,0,,
1.239905e+03,"Ma(d2,d3,d4,d5)",4D,open,0,1,-2,-3,1,,
1.239905e+03,"Ma(d2,d3,d4,d5)",4D,open,0,1,-2,-3,2,,
1.239905e+03,"Ma(d2,d3,d4,d5)",4D,open,0,1,-2,-3,3,,
1.239905e+03,"Ma(d2,d3,d4,d5)",4D,open,0,1,-2,3,-3,,
1.239905e+03,"Ma(d2,d3,d4,d5)",4D,open,0,1,-2,3,-2,,
1.239905e+03,"Ma(d2,d3,d4,d5)",4D,open,0,1,-2,3,-1,,
1.239905e+03,"Ma(d2,d3,d4)",3D,open,0,1,-2,3,0,,
1.239905e+03,"Ma(d2,d3,d4,d5)",4D,open,0,1,-2,3,1,,
1.239905e+03,"Ma(d2,d3,d4,d5)",4D,open,0,1,-2,3,2,,
1.239905e+03,"Ma(d2,d3,d4,d5)",4D,open,0,1,-2,3,3,,
1.239905e+03,"Ma(d2,d3,d4,d5)",4D,open,0,1,2,-3,-3,,
1.239905e+03,"Ma(d2,d3,d4,d5)",4D,open,0,1,2,-3,-2,,
1.239905e+03,"Ma(d2,d3,d4,d5)",4D,open,0,1,2,-3,-1,,
1.239905e+03,"Ma(d2,d3,d4)",3D,open,0,1,2,-3,0,,
1.239905e+03,"Ma(d2,d3,d4,d5)",4D,open,0,1,2,-3,1,,
1.239905e+03,"Ma(d2,d3,d4,d5)",4D,open,0,1,2,-3,2,,
1.239905e+03,"Ma(d2,d3,d4,d5)",4D,open,0,1,2,-3,3,,
1.239905e+03,"Ma(d2,d3,d4,d5)",4D,open,0,1,2,3,-3,,
1.239905e+03,"Ma(d2,d3,d4,d5)",4D,open,0,1,2,3,-2,,
1.239905e+03,"Ma(d2,d3,d4,d5)",4D,open,0,1,2,3,-1,,
1.239905e+03,"Ma(d2,d3,d4)",3D,open,0,1,2,3,0,,
1.239905e+03,"Ma(d2,d3,d4,d5)",4D,open,0,1,2,3,1,,
1.239905e+03,"Ma(d2,d3,d4,d5)",4D,open,0,1,2,3,2,,
1.239905e+03,"Ma(d2,d3,d4,d5)",4D,open,0,1,2,3,3,,
1.239975e+03,"Ma(d2,d3)",2D,closed,0,-1,1,0,0,d2,1.9318
1.239975e+03,"Ma(d2,d3)",2D,closed,0,1,-1,0,0,d2,1.9318
1.239981e+03,"Ma(d2,d3,d5)",3D,open,0,-1,-3,0,-3,,
1.239981e+03,"Ma(d2,d3,d5)",3D,open,0,-1,-3,0,-2,,
1.239981e+03,"Ma(d2,d3,d5)",3D,open,0,-1,-3,0,-1,,
1.239981e+03,"Ma(d2,d3,d5)",3D,open,0,-1,-3,0,1,,
1.239981e+03,"Ma(d2,d3,d5)",3D,open,0,-1,-3,0,2,,
1.239981e+03,"Ma(d2,d3,d5)",3D,open,0,-1,-3,0,3,,
1.239981e+03,"Ma(d2,d3,d5)",3D,open,0,-1,3,0,-3,,
1.239981e+03,"Ma(d2,d3,d5)",3D,open,0,-1,3,0,-2,,
1.239981e+03,"Ma(d2,d3,d5)",3D,open,0,-1,3,0,-1,,
1.239981e+03,"Ma(d2,d3,d5)",3D,open,0,-1,3,0,1,,
1.239981e+03,"Ma(d2,d3,d5)",3D,open,0,-1,3,0,2,,
1.239981e+03,"Ma(d2,d3,d5)",3D,open,0,-1,3,0,3,,
1.239981e+03,"Ma(d2,d3,d5)",3D,open,0,1,-3,0,-3,,
1.239981e+03,"Ma(d2,d3,d5)",3D,open,0,1,-3,0,-2,,
1.239981e+03,"Ma(d2,d3,d5)",3D,open,0,1,-3,0,-1,,
1.239981e+03,"Ma(d2,d3,d5)",3D,open,0,1,-3,0,1,,
1.239981e+03,"Ma(d2,d3,d5)",3D,open,0,1,-3,0,2,,
1.239981e+03,"Ma(d2,d3,d5)",3D,open,0,1,-3,0,3,,
1.239981e+03,"Ma(d2,d3,d5)",3D,open,0,1,3,0,-3,,
1.239981e+03,"Ma(d2,d3,d5)",3D,open,0,1,3,0,-2,,
1.239981e+03,"Ma(d2,d3,d5)",3D,open,0,1,3,0,-1,,
1.239981e+03,"Ma(d2,d3,d5)",3D,open,0,1,3,0,1,,
1.239981e+03,"Ma(d2,d3,d5)",3D,open,0,1,3,0,2,,
1.239981e+03,"Ma(d2,d3,d5)",3D,open,0,1,3,0,3,,
1.239982e+03,"Ma(d2,d3,d4,d5)",4D,open,0,-1,-3,-1,-3,,
1.239982e+03,"Ma(d2,d3,d4,d5)",4D,open,0,-1,-3,-1,-2,,
1.239982e+03,"Ma(d2,d3,d4,d5)",4D,open,0,-1,-3,-1,-1,,
1.239982e+03,"Ma(d2,d3,d4)",3D,open,0,-1,-3,-1,0,,
1.239982e+03,"Ma(d2,d3,d4,d5)",4D,open,0,-1,-3,-1,1,,
1.239982e+03,"Ma(d2,d3,d4,d5)",4D,open,0,-1,-3,-1,2,,
1.239982e+03,"Ma(d2,d3,d4,d5)",4D,open,0,-1,-3,-1,3,,
1.239982e+03,"Ma(d2,d3,d4,d5)",4D,open,0,-1,-3,1,-3,,
1.239982e+03,"Ma(d2,d3,d4,d5)",4D,open,0,-1,-3,1,-2,,
1.239982e+03,"Ma(d2,d3,d4,d5)",4D,open,0,-1,-3,1,-1,,
1.239982e+03,"Ma(d2,d3,d4)",3D,open,0,-1,-3,1,0,,
1.239982e+03,"Ma(d2,d3,d4,d5)",4D,open,0,-1,-3,1,1,,
1.239982e+03,"Ma(d2,d3,d4,d5)",4D,open,0,-1,-3,1,2,,
1.239982e+03,"Ma(d2,d3,d4,d5)",4D,open,0,-1,-3,1,3,,
1.239982e+03,"Ma(d2,d3,d4,d5)",4D,open,0,-1,3,-1,-3,,
1.239982e+03,"Ma(d2,d3,d4,d5)",4D,open,0,-1,3,-1,-2,,
1.239982e+03,"Ma(d2,d3,d4,d5)",4D,open,0,-1,3,-1,-1,,
1.239982e+03,"Ma(d2,d3,d4)",3D,open,0,-1,3,-1,0,,
1.239982e+03,"Ma(d2,d3,d4,d5)",4D,open,0,-1,3,-1,1,,
1.239982e+03,"Ma(d2,d3,d4,d5)",4D,open,0,-1,3,-1,2,,
1.239982e+03,"Ma(d2,d3,d4,d5)",4D,open,0,-1,3,-1,3,,
1.239982e+03,"Ma(d2,d3,d4,d5)",4D,open,0,-1,3,1,-3,,
1.239982e+03,"Ma(d2,d3,d4,d5)",4D,open,0,-1,3,1,-2,,
1.239982e+03,"Ma(d2,d3,d4,d5)",4D,open,0,-1,3,1,-1,,
1.239982e+03,"Ma(d2,d3,d4)",3D,open,0,-1,3,1,0,,
1.239982e+03,"Ma(d2,d3,d4,d5)",4D,open,0,-1,3,1,1,,
1.239982e+03,"Ma(d2,d3,d4,d5)",4D,open,0,-1,3,1,2,,
1.239982e+03,"Ma(d2,d3,d4,d5)",4D,open,0,-1,3,1,3,,
1.239982e+03,"Ma(d2,d3,d4,d5)",4D,open,0,1,-3,-1,-3,,
1.239982e+03,"Ma(d2,d3,d4,d5)",4D,open,0,1,-3,-1,-2,,
1.239982e+03,"Ma(d2,d3,d4,d5)",4D,open,0,1,-3,-1,-1,,
1.239982e+03,"Ma(d2,d3,d4)",3D,open,0,1,-3,-1,0,,
1.239982e+03,"Ma(d2,d3,d4,d5)",4D,open,0,1,-3,-1,1,,
1.239982e+03,"Ma(d2,d3,d4,d5)",4D,open,0,1,-3,-1,2,,
1.239982e+03,"Ma(d2,d3,d4,d5)",4D,open,0,1,-3,-1,3,,
1.239982e+03,"Ma(d2,d3,d4,d5)",4D,open,0,1,-3,1,-3,,
1.239982e+03,"Ma(d2,d3,d4,d5)",4D,open,0,1,-3,1,-2,,
1.239982e+03,"Ma(d2,d3,d4,d5)",4D,open,0,1,-3,1,-1,,
1.239982e+03,"Ma(d2,d3,d4)",3D,open,0,1,-3,1,0,,
1.239982e+03,"Ma(d2,d3,d4,d5)",4D,open,0,1,-3,1,1,,
1.239982e+03,"Ma(d2,d3,d4,d5)",4D,open,0,1,-3,1,2,,
1.239982e+03,"Ma(d2,d3,d4,d5)",4D,open,0,1,-3,1,3,,
1.239982e+03,"Ma(d2,d3,d4,d5)",4D,open,0,1,3,-1,-3,,
1.239982e+03,"Ma(d2,d3,d4,d5)",4D,open,0,1,3,-1,-2,,
1.239982e+03,"Ma(d2,d3,d4,d5)",4D,open,0,1,3,-1,-1,,
1.239982e+03,"Ma(d2,d3,d4)",3D,open,0,1,3,-1,0,,
1.239982e+03,"Ma(d2,d3,d4,d5)",4D,open,0,1,3,-1,1,,
1.239982e+03,"Ma(d2,d3,d4,d5)",4D,open,0,1,3,-1,2,,
1.239982e+03,"Ma(d2,d3,d4,d5)",4D,open,0,1,3,-1,3,,
1.239982e+03,"Ma(d2,d3,d4,d5)",4D,open,0,1,3,1,-3,,
1.239982e+03,"Ma(d2,d3,d4,d5)",4D,open,0,1,3,1,-2,,
1.239982e+03,"Ma(d2,d3,d4,d5)",4D,open,0,1,3,1,-1,,
1.239982e+03,"Ma(d2,d3,d4)",3D,open,0,1,3,1,0,,
1.239982e+03,"Ma(d2,d3,d4,d5)",4D,open,0,1,3,1,1,,
1.239982e+03,"Ma(d2,d3,d4,d5)",4D,open,0,1,3,1,2,,
1.239982e+03,"Ma(d2,d3,d4,d5)",4D,open,0,1,3,1,3,,
1.239982e+03,"Ma(d2,d3,d4,d5)",4D,open,0,-1,-3,-2,-3,,
1.239982e+03,"Ma(d2,d3,d4,d5)",4D,open,0,-1,-3,-2,-2,,
1.239982e+03,"Ma(d2,d3,d4,d5)",4D,open,0,-1,-3,-2,-1,,
1.239982e+03,"Ma(d2,d3,d4)",3D,open,0,-1,-3,-2,0,,
1.239982e+03,"Ma(d2,d3,d4,d5)",4D,open,0,-1,-3,-2,1,,
1.239982e+03,"Ma(d2,d3,d4,d5)",4D,open,0,-1,-3,-2,2,,
1.239982e+03,"Ma(d2,d3,d4,d5)",4D,open,0,-1,-3,-2,3,,
1.239982e+03,"Ma(d2,d3,d4,d5)",4D,open,0,-1,-3,2,-3,,
1.239982e+03,"Ma(d2,d3,d4,d5)",4D,open,0,-1,-3,2,-2,,
1.239982e+03,"Ma(d2,d3,d4,d5)",4D,open,0,-1,-3,2,-1,,
1.239982e+03,"Ma(d2,d3,d4)",3D,open,0,-1,-3,2,0,,
1.239982e+03,"Ma(d2,d3,d4,d5)",4D,open,0,-1,-3,2,1,,
1.239982e+03,"Ma(d2,d3,d4,d5)",4D,open,0,-1,-3,2,2,,
1.239982e+03,"Ma(d2,d3,d4,d5)",4D,open,0,-1,-3,2,3,,
1.239982e+03,"Ma(d2,d3,d4,d5)",4D,open,0,-1,3,-2,-3,,
1.239982e+03,"Ma(d2,d3,d4,d5)",4D,open,0,-1,3,-2,-2,,
1.239982e+03,"Ma(d2,d3,d4,d5)",4D,open,0,-1,3,-2,-1,,
1.239982e+03,"Ma(d2,d3,d4)",3D,open,0,-1,3,-2,0,,
1.239982e+03,"Ma(d2,d3,d4,d5)",4D,open,0,-1,3,-2,1,,
1.239982e+03,"Ma(d2,d3,d4,d5)",4D,open,0,-1,3,-2,2,,
1.239982e+03,"Ma(d2,d3,d4,d5)",4D,open,0,-1,3,-2,3,,
1.239982e+03,"Ma(d2,d3,d4,d5)",4D,open,0,-1,3,2,-3,,
1.239982e+03,"Ma(d2,d3,d4,d5)",4D,open,0,-1,3,2,-2,,
1.239982e+03,"Ma(d2,d3,d4,d5)",4D,open,0,-1,3,2,-1,,
1.239982e+03,"Ma(d2,d3,d4)",3D,open,0,-1,3,2,0,,
1.239982e+03,"Ma(d2,d3,d4,d5)",4D,open,0,-1,3,2,1,,
1.239982e+03,"Ma(d2,d3,d4,d5)",4D,open,0,-1,3,2,2,,
1.239982e+03,"Ma(d2,d3,d4,d5)",4D,open,0,-1,3,2,3,,
1.239982e+03,"Ma(d2,d3,d4,d5)",4D,open,0,1,-3,-2,-3,,
1.239982e+03,"Ma(d2,d3,d4,d5)",4D,open,0,1,-3,-2,-2,,
1.239982e+03,"Ma(d2,d3,d4,d5)",4D,open,0,1,-3,-2,-1,,
1.239982e+03,"Ma(d2,d3,d4)",3D,open,0,1,-3,-2,0,,
1.239982e+03,"Ma(d2,d3,d4,d5)",4D,open,0,1,-3,-2,1,,
1.239982e+03,"Ma(d2,d3,d4,d5)",4D,open,0,1,-3,-2,2,,
1.239982e+03,"Ma(d2,d3,d4,d5)",4D,open,0,1,-3,-2,3,,
1.239982e+03,"Ma(d2,d3,d4,d5)",4D,open,0,1,-3,2,-3,,
1.239982e+03,"Ma(d2,d3,d4,d5)",4D,open,0,1,-3,2,-2,,
1.239982e+03,"Ma(d2,d3,d4,d5)",4D,open,0,1,-3,2,-1,,
1.239982e+03,"Ma(d2,d3,d4)",3D,open,0,1,-3,2,0,,
1.239982e+03,"Ma(d2,d3,d4,d5)",4D,open,0,1,-3,2,1,,
1.239982e+03,"Ma(d2,d3,d4,d5)",4D,open,0,1,-3,2,2,,
1.239982e+03,"Ma(d2,d3,d4,d5)",4D,open,0,1,-3,2,3,,
1.239982e+03,"Ma(d2,d3,d4,d5)",4D,open,0,1,3,-2,-3,,
1.239982e+03,"Ma(d2,d3,d4,d5)",4D,open,0,1,3,-2,-2,,
1.239982e+03,"Ma(d2,d3,d4,d5)",4D,open,0,1,3,-2,-1,,
1.239982e+03,"Ma(d2,d3,d4)",3D,open,0,1,3,-2,0,,
1.239982e+03,"Ma(d2,d3,d4,d5)",4D,open,0,1,3,-2,1,,
1.239982e+03,"Ma(d2,d3,d4,d5)",4D,open,0,1,3,-2,2,,
1.239982e+03,"Ma(d2,d3,d4,d5)",4D,open,0,1,3,-2,3,,
1.239982e+03,"Ma(d2,d3,d4,d5)",4D,open,0,1,3,2,-3,,
1.239982e+03,"Ma(d2,d3,d4,d5)",4D,open,0,1,3,2,-2,,
1.239982e+03,"Ma(d2,d3,d4,d5)",4D,open,0,1,3,2,-1,,
1.239982e+03,"Ma(d2,d3,d4)",3D,open,0,1,3,2,0,,
1.239982e+03,"Ma(d2,d3,d4,d5)",4D,open,0,1,3,2,1,,
1.239982e+03,"Ma(d2,d3,d4,d5)",4D,open,0,1,3,2,2,,
1.239982e+03,"Ma(d2,d3,d4,d5)",4D,open,0,1,3,2,3,,
1.239982e+03,"Ma(d2,d3,d4,d5)",4D,open,0,-1,-3,-3,-3,,
1.239982e+03,"Ma(d2,d3,d4,d5)",4D,open,0,-1,-3,-3,-2,,
1.239982e+03,"Ma(d2,d3,d4,d5)",4D,open,0,-1,-3,-3,-1,,
1.239982e+03,"Ma(d2,d3,d4)",3D,open,0,-1,-3,-3,0,,
1.239982e+03,"Ma(d2,d3,d4,d5)",4D,open,0,-1,-3,-3,1,,
1.239982e+03,"Ma(d2,d3,d4,d5)",4D,open,0,-1,-3,-3,2,,
1.239982e+03,"Ma(d2,d3,d4,d5)",4D,open,0,-1,-3,-3,3,,
1.239982e+03,"Ma(d2,d3,d4,d5)",4D,open,0,-1,-3,3,-3,,
1.239982e+03,"Ma(d2,d3,d4,d5)",4D,open,0,-1,-3,3,-2,,
1.239982e+03,"Ma(d2,d3,d4,d5)",4D,open,0,-1,-3,3,-1,,
1.239982e+03,"Ma(d2,d3,d4)",3D,open,0,-1,-3,3,0,,
1.239982e+03,"Ma(d2,d3,d4,d5)",4D,open,0,-1,-3,3,1,,
1.239982e+03,"Ma(d2,d3,d4,d5)",4D,open,0,-1,-3,3,2,,
1.239982e+03,"Ma(d2,d3,d4,d5)",4D,open,0,-1,-3,3,3,,
1.239982e+03,"Ma(d2,d3,d4,d5)",4D,open,0,-1,3,-3,-3,,
1.239982e+03,"Ma(d2,d3,d4,d5)",4D,open,0,-1,3,-3,-2,,
1.239982e+03,"Ma(d2,d3,d4,d5)",4D,open,0,-1,3,-3,-1,,
1.239982e+03,"Ma(d2,d3,d4)",3D,open,0,-1,3,-3,0,,
1.239982e+03,"Ma(d2,d3,d4,d5)",4D,open,0,-1,3,-3,1,,
1.239982e+03,"Ma(d2,d3,d4,d5)",4D,open,0,-1,3,-3,2,,
1.239982e+03,"Ma(d2,d3,d4,d5)",4D,open,0,-1,3,-3,3,,
1.239982e+03,"Ma(d2,d3,d4,d5)",4D,open,0,-1,3,3,-3,,
1.239982e+03,"Ma(d2,d3,d4,d5)",4D,open,0,-1,3,3,-2,,
1.239982e+03,"Ma(d2,d3,d4,d5)",4D,open,0,-1,3,3,-1,,
1.239982e+03,"Ma(d2,d3,d4)",3D,open,0,-1,3,3,0,,
1.239982e+03,"Ma(d2,d3,d4,d5)",4D,open,0,-1,3,3,1,,
1.239982e+03,"Ma(d2,d3,d4,d5)",4D,open,0,-1,3,3,2,,
1.239982e+03,"Ma(d2,d3,d4,d5)",4D,open,0,-1,3,3,3,,
1.239982e+03,"Ma(d2,d3,d4,d5)",4D,open,0,1,-3,-3,-3,,
1.239982e+03,"Ma(d2,d3,d4,d5)",4D,open,0,1,-3,-3,-2,,
1.239982e+03,"Ma(d2,d3,d4,d5)",4D,open,0,1,-3,-3,-1,,
1.239982e+03,"Ma(d2,d3,d4)",3D,open,0,1,-3,-3,0,,
1.239982e+03,"Ma(d2,d3,d4,d5)",4D,open,0,1,-3,-3,1,,
1.239982e+03,"Ma(d2,d3,d4,d5)",4D,open,0,1,-3,-3,2,,
1.239982e+03,"Ma(d2,d3,d4,d5)",4D,open,0,1,-3,-3,3,,
1.239982e+03,"Ma(d2,d3,d4,d5)",4D,open,0,1,-3,3,-3,,
1.239982e+03,"Ma(d2,d3,d4,d5)",4D,open,0,1,-3,3,-2,,
1.239982e+03,"Ma(d2,d3,d4,d5)",4D,open,0,1,-3,3,-1,,
1.239982e+03,"Ma(d2,d3,d4)",3D,open,0,1,-3,3,0,,
1.239982e+03,"Ma(d2,d3,d4,d5)",4D,open,0,1,-3,3,1,,
1.239982e+03,"Ma(d2,d3,d4,d5)",4D,open,0,1,-3,3,2,,
1.239982e+03,"Ma(d2,d3,d4,d5)",4D,open,0,1,-3,3,3,,
1.239982e+03,"Ma(d2,d3,d4,d5)",4D,open,0,1,3,-3,-3,,
1.239982e+03,"Ma(d2,d3,d4,d5)",4D,open,0,1,3,-3,-2,,
1.239982e+03,"Ma(d2,d3,d4,d5)",4D,open,0,1,3,-3,-1,,
1.239982e+03,"Ma(d2,d3,d4)",3D,open,0,1,3,-3,0,,
1.239982e+03,"Ma(d2,d3,d4,d5)",4D,open,0,1,3,-3,1,,
1.239982e+03,"Ma(d2,d3,d4,d5)",4D,open,0,1,3,-3,2,,
1.239982e+03,"Ma(d2,d3,d4,d5)",4D,open,0,1,3,-3,3,,
1.239982e+03,"Ma(d2,d3,d4,d5)",4D,open,0,1,3,3,-3,,
1.239982e+03,"Ma(d2,d3,d4,d5)",4D,open,0,1,3,3,-2,,
1.239982e+03,"Ma(d2,d3,d4,d5)",4D,open,0,1,3,3,-1,,
1.239982e+03,"Ma(d2,d3,d4)",3D,open,0,1,3,3,0,,
1.239982e+03,"Ma(d2,d3,d4,d5)",4D,open,0,1,3,3,1,,
1.239982e+03,"Ma(d2,d3,d4,d5)",4D,open,0,1,3,3,2,,
1.239982e+03,"Ma(d2,d3,d4,d5)",4D,open,0,1,3,3,3,,
1.240082e+03,"Ma(d2,d3)",2D,closed,0,-1,2,0,0,d2,1.9318
1.240082e+03,"Ma(d2,d3)",2D,closed,0,1,-2,0,0,d2,1.9318
1.240219e+03,"Ma(d2,d3)",2D,closed,0,-1,3,0,0,d2,1.9318
1.240219e+03,"Ma(d2,d3)",2D,closed,0,1,-3,0,0,d2,1.9318
1.240239e+03,"Ma(d2,d4)",2D,closed,0,-3,0,-1,0,d4,1.9997
1.240239e+03,"Ma(d2,d4)",2D,closed,0,3,0,1,0,d4,1.9997
1.324414e+03,"Ma(d2,d3)",2D,closed,0,-3,-1,0,0,d3,1.9318
1.324414e+03,"Ma(d2,d3)",2D,closed,0,3,1,0,0,d3,1.9318
1.777583e+03,"Ma(d1,d2)",2D,closed,-2,-1,0,0,0,d2,2.0075
1.777583e+03,"Ma(d1,d2)",2D,closed,2,1,0,0,0,d2,2.0075
2.310603e+03,"Ma(d2,d3)",2D,closed,0,-2,-2,0,0,d3,1.9318
2.310603e+03,"Ma(d2,d3)",2D,closed,0,2,2,0,0,d3,1.9318
2.478891e+03,"Ma(d2,d4)",2D,closed,0,-2,0,-2,0,d4,1.9997
2.478891e+03,"Ma(d2,d4)",2D,closed,0,2,0,2,0,d4,1.9997
2.479684e+03,"Ma(d2,d5)",2D,closed,0,-2,0,0,-2,d2,2.0000
2.479684e+03,"Ma(d2,d5)",2D,closed,0,-2,0,0,-2,d5,2.0000
2.479684e+03,Ma(d2),1D,closed,0,-2,0,0,0,,
2.479684e+03,"Ma(d2,d5)",2D,closed,0,-2,0,0,2,d2,2.0000
2.479684e+03,"Ma(d2,d5)",2D,closed,0,2,0,0,-2,d2,2.0000
2.479684e+03,Ma(d2),1D,closed,0,2,0,0,0,,
2.479684e+03,"Ma(d2,d5)",2D,closed,0,2,0,0,2,d2,2.0000
2.479684e+03,"Ma(d2,d5)",2D,closed,0,2,0,0,2,d5,2.0000
2.479684e+03,"Ma(d2,d4,d5)",3D,open,0,-2,0,-1,-3,,
2.479684e+03,"Ma(d2,d4,d5)",3D,open,0,-2,0,-1,-2,,
2.479684e+03,"Ma(d2,d4,d5)",3D,open,0,-2,0,-1,-1,,
2.479684e+03,"Ma(d2,d4,d5)",3D,open,0,-2,0,-1,1,,
2.479684e+03,"Ma(d2,d4,d5)",3D,open,0,-2,0,-1,2,,
2.479684e+03,"Ma(d2,d4,d5)",3D,open,0,-2,0,-1,3,,
2.479684e+03,"Ma(d2,d4,d5)",3D,open,0,-2,0,1,-3,,
2.479684e+03,"Ma(d2,d4,d5)",3D,open,0,-2,0,1,-2,,
2.479684e+03,"Ma(d2,d4,d5)",3D,open,0,-2,0,1,-1,,
2.479684e+03,"Ma(d2,d4,d5)",3D,open,0,-2,0,1,1,,
2.479684e+03,"Ma(d2,d4,d5)",3D,open,0,-2,0,1,2,,
2.479684e+03,"Ma(d2,d4,d5)",3D,open,0,-2,0,1,3,,
2.479684e+03,"Ma(d2,d4,d5)",3D,open,0,2,0,-1,-3,,
2.479684e+03,"Ma(d2,d4,d5)",3D,open,0,2,0,-1,-2,,
2.479684e+03,"Ma(d2,d4,d5)",3D,open,0,2,0,-1,-1,,
2.479684e+03,"Ma(d2,d4,d5)",3D,open,0,2,0,-1,1,,
2.479684e+03,"Ma(d2,d4,d5)",3D,open,0,2,0,-1,2,,
2.479684e+03,"Ma(d2,d4,d5)",3D,open,0,2,0,-1,3,,
2.479684e+03,"Ma(d2,d4,d5)",3D,open,0,2,0,1,-3,,
2.479684e+03,"Ma(d2,d4,d5)",3D,open,0,2,0,1,-2,,
2.479684e+03,"Ma(d2,d4,d5)",3D,open,0,2,0,1,-1,,
2.479684e+03,"Ma(d2,d4,d5)",3D,open,0,2,0,1,1,,
2.479684e+03,"Ma(d2,d4,d5)",3D,open,0,2,0,1,2,,
2.479684e+03,"Ma(d2,d4,d5)",3D,open,0,2,0,1,3,,
2.479684e+03,"Ma(d2,d4)",2D,closed,0,-2,0,-2,0,d2,1.9997
2.479684e+03,"Ma(d2,d4)",2D,closed,0,2,0,2,0,d2,1.9997
2.479684e+03,"Ma(d2,d4,d5)",3D,open,0,-2,0,-2,-3,,
2.479684e+03,"Ma(d2,d4,d5)",3D,open,0,-2,0,-2,-2,,
2.479684e+03,"Ma(d2,d4,d5)",3D,open,0,-2,0,-2,-1,,
2.479684e+03,"Ma(d2,d4,d5)",3D,open,0,-2,0,-2,1,,
2.479684e+03,"Ma(d2,d4,d5)",3D,open,0,-2,0,-2,2,,
2.479684e+03,"Ma(d2,d4,d5)",3D,open,0,-2,0,-2,3,,
2.479684e+03,"Ma(d2,d4,d5)",3D,open,0,-2,0,2,-3,,
2.479684e+03,"Ma(d2,d4,d5)",3D,open,0,-2,0,2,-2,,
2.479684e+03,"Ma(d2,d4,d5)",3D,open,0,-2,0,2,-1,,
2.479684e+03,"Ma(d2,d4,d5)",3D,open,0,-2,0,2,1,,
2.479684e+03,"Ma(d2,d4,d5)",3D,open,0,-2,0,2,2,,
2.479684e+03,"Ma(d2,d4,d5)",3D,open,0,-2,0,2,3,,
2.479684e+03,"Ma(d2,d4,d5)",3D,open,0,2,0,-2,-3,,
2.479684e+03,"Ma(d2,d4,d5)",3D,open,0,2,0,-2,-2,,
2.479684e+03,"Ma(d2,d4,d5)",3D,open,0,2,0,-2,-1,,
2.479684e+03,"Ma(d2,d4,d5)",3D,open,0,2,0,-2,1,,
2.479684e+03,"Ma(d2,d4,d5)",3D,open,0,2,0,-2,2,,
2.479684e+03,"Ma(d2,d4,d5)",3D,open,0,2,0,-2,3,,
2.479684e+03,"Ma(d2,d4,d5)",3D,open,0,2,0,2,-3,,
2.479684e+03,"Ma(d2,d4,d5)",3D,open,0,2,0,2,-2,,
2.479684e+03,"Ma(d2,d4,d5)",3D,open,0,2,0,2,-1,,
2.479684e+03,"Ma(d2,d4,d5)",3D,open,0,2,0,2,1,,
2.479684e+03,"Ma(d2,d4,d5)",3D,open,0,2,0,2,2,,
2.479684e+03,"Ma(d2,d4,d5)",3D,open,0,2,0,2,3,,
2.479684e+03,"Ma(d2,d4,d5)",3D,open,0,-2,0,-3,-3,,
2.479684e+03,"Ma(d2,d4,d5)",3D,open,0,-2,0,-3,-2,,
2.479684e+03,"Ma(d2,d4,d5)",3D,open,0,-2,0,-3,-1,,
2.479684e+03,"Ma(d2,d4,d5)",3D,open,0,-2,0,-3,1,,
2.479684e+03,"Ma(d2,d4,d5)",3D,open,0,-2,0,-3,2,,
2.479684e+03,"Ma(d2,d4,d5)",3D,open,0,-2,0,-3,3,,
2.479684e+03,"Ma(d2,d4,d5)",3D,open,0,-2,0,3,-3,,
2.479684e+03,"Ma(d2,d4,d5)",3D,open,0,-2,0,3,-2,,
2.479684e+03,"Ma(d2,d4,d5)",3D,open,0,-2,0,3,-1,,
2.479684e+03,"Ma(d2,d4,d5)",3D,open,0,-2,0,3,1,,
2.479684e+03,"Ma(d2,d4,d5)",3D,open,0,-2,0,3,2,,
2.479684e+03,"Ma(d2,d4,d5)",3D,open,0,-2,0,3,3,,
2.479684e+03,"Ma(d2,d4,d5)",3D,open,0,2,0,-3,-3,,
2.479684e+03,"Ma(d2,d4,d5)",3D,open,0,2,0,-3,-2,,
2.479684e+03,"Ma(d2,d4,d5)",3D,open,0,2,0,-3,-1,,
2.479684e+03,"Ma(d2,d4,d5)",3D,open,0,2,0,-3,1,,
2.479684e+03,"Ma(d2,d4,d5)",3D,open,0,2,0,-3,2,,
2.479684e+03,"Ma(d2,d4,d5)",3D,open,0,2,0,-3,3,,
2.479684e+03,"Ma(d2,d4,d5)",3D,open,0,2,0,3,-3,,
2.479684e+03,"Ma(d2,d4,d5)",3D,open,0,2,0,3,-2,,
2.479684e+03,"Ma(d2,d4,d5)",3D,open,0,2,0,3,-1,,
2.479684e+03,"Ma(d2,d4,d5)",3D,open,0,2,0,3,1,,
2.479684e+03,"Ma(d2,d4,d5)",3D,open,0,2,0,3,2,,
2.479684e+03,"Ma(d2,d4,d5)",3D,open,0,2,0,3,3,,
2.479686e+03,"Ma(d2,d4)",2D,closed,0,-2,0,2,0,d2,1.9997
2.479686e+03,"Ma(d2,d4)",2D,closed,0,2,0,-2,0,d2,1.9997
2.479692e+03,"Ma(d2,d3,d5)",3D,open,0,-2,-1,0,-3,,
2.479692e+03,"Ma(d2,d3,d5)",3D,open,0,-2,-1,0,-2,,
2.479692e+03,"Ma(d2,d3,d5)",3D,open,0,-2,-1,0,-1,,
2.479692e+03,"Ma(d2,d3,d5)",3D,open,0,-2,-1,0,1,,
2.479692e+03,"Ma(d2,d3,d5)",3D,open,0,-2,-1,0,2,,
2.479692e+03,"Ma(d2,d3,d5)",3D,open,0,-2,-1,0,3,,
2.479692e+03,"Ma(d2,d3,d5)",3D,open,0,-2,1,0,-3,,
2.479692e+03,"Ma(d2,d3,d5)",3D,open,0,-2,1,0,-2,,
2.479692e+03,"Ma(d2,d3,d5)",3D,open,0,-2,1,0,-1,,
2.479692e+03,"Ma(d2,d3,d5)",3D,open,0,-2,1,0,1,,
2.479692e+03,"Ma(d2,d3,d5)",3D,open,0,-2,1,0,2,,
2.479692e+03,"Ma(d2,d3,d5)",3D,open,0,-2,1,0,3,,
2.479692e+03,"Ma(d2,d3,d5)",3D,open,0,2,-1,0,-3,,
2.479692e+03,"Ma(d2,d3,d5)",3D,open,0,2,-1,0,-2,,
2.479692e+03,"Ma(d2,d3,d5)",3D,open,0,2,-1,0,-1,,
2.479692e+03,"Ma(d2,d3,d5)",3D,open,0,2,-1,0,1,,
2.479692e+03,"Ma(d2,d3,d5)",3D,open,0,2,-1,0,2,,
2.479692e+03,"Ma(d2,d3,d5)",3D,open,0,2,-1,0,3,,
2.479692e+03,"Ma(d2,d3,d5)",3D,open,0,2,1,0,-3,,
2.479692e+03,"Ma(d2,d3,d5)",3D,open,0,2,1,0,-2,,
2.479692e+03,"Ma(d2,d3,d5)",3D,open,0,2,1,0,-1,,
2.479692e+03,"Ma(d2,d3,d5)",3D,open,0,2,1,0,1,,
2.479692e+03,"Ma(d2,d3,d5)",3D,open,0,2,1,0,2,,
2.479692e+03,"Ma(d2,d3,d5)",3D,open,0,2,1,0,3,,
2.479692e+03,"Ma(d2,d3,d4,d5)",4D,open,0,-2,-1,-1,-3,,
2.479692e+03,"Ma(d2,d3,d4,d5)",4D,open,0,-2,-1,-1,-2,,
2.479692e+03,"Ma(d2,d3,d4,d5)",4D,open,0,-2,-1,-1,-1,,
2.479692e+03,"Ma(d2,d3,d4)",3D,open,0,-2,-1,-1,0,,
2.479692e+03,"Ma(d2,d3,d4,d5)",4D,open,0,-2,-1,-1,1,,
2.479692e+03,"Ma(d2,d3,d4,d5)",4D,open,0,-2,-1,-1,2,,
2.479692e+03,"Ma(d2,d3,d4,d5)",4D,open,0,-2,-1,-1,3,,
2.479692e+03,"Ma(d2,d3,d4,d5)",4D,open,0,-2,-1,1,-3,,
2.479692e+03,"Ma(d2,d3,d4,d5)",4D,open,0,-2,-1,1,-2,,
2.479692e+03,"Ma(d2,d3,d4,d5)",4D,open,0,-2,-1,1,-1,,
2.479692e+03,"Ma(d2,d3,d4)",3D,open,0,-2,-1,1,0,,
2.479692e+03,"Ma(d2,d3,d4,d5)",4D,open,0,-2,-1,1,1,,
2.479692e+03,"Ma(d2,d3,d4,d5)",4D,open,0,-2,-1,1,2,,
2.479692e+03,"Ma(d2,d3,d4,d5)",4D,open,0,-2,-1,1,3,,
2.479692e+03,"Ma(d2,d3,d4,d5)",4D,open,0,-2,1,-1,-3,,
2.479692e+03,"Ma(d2,d3,d4,d5)",4D,open,0,-2,1,-1,-2,,
2.479692e+03,"Ma(d2,d3,d4,d5)",4D,open,0,-2,1,-1,-1,,
2.479692e+03,"Ma(d2,d3,d4)",3D,open,0,-2,1,-1,0,,
2.479692e+03,"Ma(d2,d3,d4,d5)",4D,open,0,-2,1,-1,1,,
2.479692e+03,"Ma(d2,d3,d4,d5)",4D,open,0,-2,1,-1,2,,
2.479692e+03,"Ma(d2,d3,d4,d5)",4D,open,0,-2,1,-1,3,,
2.479692e+03,"Ma(d2,d3,d4,d5)",4D,open,0,-2,1,1,-3,,
2.479692e+03,"Ma(d2,d3,d4,d5)",4D,open,0,-2,1,1,-2,,
2.479692e+03,"Ma(d2,d3,d4,d5)",4D,open,0,-2,1,1,-1,,
2.479692e+03,"Ma(d2,d3,d4)",3D,open,0,-2,1,1,0,,
2.479692e+03,"Ma(d2,d3,d4,d5)",4D,open,0,-2,1,1,1,,
2.479692e+03,"Ma(d2,d3,d4,d5)",4D,open,0,-2,1,1,2,,
2.479692e+03,"Ma(d2,d3,d4,d5)",4D,open,0,-2,1,1,3,,
2.479692e+03,"Ma(d2,d3,d4,d5)",4D,open,0,2,-1,-1,-3,,
2.479692e+03,"Ma(d2,d3,d4,d5)",4D,open,0,2,-1,-1,-2,,
2.479692e+03,"Ma(d2,d3,d4,d5)",4D,open,0,2,-1,-1,-1,,
2.479692e+03,"Ma(d2,d3,d4)",3D,open,0,2,-1,-1,0,,
2.479692e+03,"Ma(d2,d3,d4,d5)",4D,open,0,2,-1,-1,1,,
2.479692e+03,"Ma(d2,d3,d4,d5)",4D,open,0,2,-1,-1,2,,
2.479692e+03,"Ma(d2,d3,d4,d5)",4D,open,0,2,-1,-1,3,,
2.479692e+03,"Ma(d2,d3,d4,d5)",4D,open,0,2,-1,1,-3,,
2.479692e+03,"Ma(d2,d3,d4,d5)",4D,open,0,2,-1,1,-2,,
2.479692e+03,"Ma(d2,d3,d4,d5)",4D,open,0,2,-1,1,-1,,
2.479692e+03,"Ma(d2,d3,d4)",3D,open,0,2,-1,1,0,,
2.479692e+03,"Ma(d2,d3,d4,d5)",4D,open,0,2,-1,1,1,,
2.479692e+03,"Ma(d2,d3,d4,d5)",4D,open,0,2,-1,1,2,,
2.479692e+03,"Ma(d2,d3,d4,d5)",4D,open,0,2,-1,1,3,,
2.479692e+03,"Ma(d2,d3,d4,d5)",4D,open,0,2,1,-1,-3,,
2.479692e+03,"Ma(d2,d3,d4,d5)",4D,open,0,2,1,-1,-2,,
2.479692e+03,"Ma(d2,d3,d4,d5)",4D,open,0,2,1,-1,-1,,
2.479692e+03,"Ma(d2,d3,d4)",3D,open,0,2,1,-1,0,,
2.479692e+03,"Ma(d2,d3,d4,d5)",4D,open,0,2,1,-1,1,,
2.479692e+03,"Ma(d2,d3,d4,d5)",4D,open,0,2,1,-1,2,,
2.479692e+03,"Ma(d2,d3,d4,d5)",4D,open,0,2,1,-1,3,,
2.479692e+03,"Ma(d2,d3,d4,d5)",4D,open,0,2,1,1,-3,,
2.479692e+03,"Ma(d2,d3,d4,d5)",4D,open,0,2,1,1,-2,,
2.479692e+03,"Ma(d2,d3,d4,d5)",4D,open,0,2,1,1,-1,,
2.479692e+03,"Ma(d2,d3,d4)",3D,open,0,2,1,1,0,,
2.479692e+03,"Ma(d2,d3,d4,d5)",4D,open,0,2,1,1,1,,
2.479692e+03,"Ma(d2,d3,d4,d5)",4D,open,0,2,1,1,2,,
2.479692e+03,"Ma(d2,d3,d4,d5)",4D,open,0,2,1,1,3,,
2.479692e+03,"Ma(d2,d3,d4,d5)",4D,open,0,-2,-1,-2,-3,,
2.479692e+03,"Ma(d2,d3,d4,d5)",4D,open,0,-2,-1,-2,-2,,
2.479692e+03,"Ma(d2,d3,d4,d5)",4D,open,0,-2,-1,-2,-1,,
2.479692e+03,"Ma(d2,d3,d4)",3D,open,0,-2,-1,-2,0,,
2.479692e+03,"Ma(d2,d3,d4,d5)",4D,open,0,-2,-1,-2,1,,
2.479692e+03,"Ma(d2,d3,d4,d5)",4D,open,0,-2,-1,-2,2,,
2.479692e+03,"Ma(d2,d3,d4,d5)",4D,open,0,-2,-1,-2,3,,
2.479692e+03,"Ma(d2,d3,d4,d5)",4D,open,0,-2,-1,2,-3,,
2.479692e+03,"Ma(d2,d3,d4,d5)",4D,open,0,-2,-1,2,-2,,
2.479692e+03,"Ma(d2,d3,d4,d5)",4D,open,0,-2,-1,2,-1,,
2.479692e+03,"Ma(d2,d3,d4)",3D,open,0,-2,-1,2,0,,
2.479692e+03,"Ma(d2,d3,d4,d5)",4D,open,0,-2,-1,2,1,,
2.479692e+03,"Ma(d2,d3,d4,d5)",4D,open,0,-2,-1,2,2,,
2.479692e+03,"Ma(d2,d3,d4,d5)",4D,open,0,-2,-1,2,3,,
2.479692e+03,"Ma(d2,d3,d4,d5)",4D,open,0,-2,1,-2,-3,,
2.479692e+03,"Ma(d2,d3,d4,d5)",4D,open,0,-2,1,-2,-2,,
2.479692e+03,"Ma(d2,d3,d4,d5)",4D,open,0,-2,1,-2,-1,,
2.479692e+03,"Ma(d2,d3,d4)",3D,open,0,-2,1,-2,0,,
2.479692e+03,"Ma(d2,d3,d4,d5)",4D,open,0,-2,1,-2,1,,
2.479692e+03,"Ma(d2,d3,d4,d5)",4D,open,0,-2,1,-2,2,,
2.479692e+03,"Ma(d2,d3,d4,d5)",4D,open,0,-2,1,-2,3,,
2.479692e+03,"Ma(d2,d3,d4,d5)",4D,open,0,-2,1,2,-3,,
2.479692e+03,"Ma(d2,d3,d4,d5)",4D,open,0,-2,1,2,-2,,
2.479692e+03,"Ma(d2,d3,d4,d5)",4D,open,0,-2,1,2,-1,,
2.479692e+03,"Ma(d2,d3,d4)",3D,open,0,-2,1,2,0,,
2.479692e+03,"Ma(d2,d3,d4,d5)",4D,open,0,-2,1,2,1,,
2.479692e+03,"Ma(d2,d3,d4,d5)",4D,open,0,-2,1,2,2,,
2.479692e+03,"Ma(d2,d3,d4,d5)",4D,open,0,-2,1,2,3,,
2.479692e+03,"Ma(d2,d3,d4,d5)",4D,open,0,2,-1,-2,-3,,
2.479692e+03,"Ma(d2,d3,d4,d5)",4D,open,0,2,-1,-2,-2,,
2.479692e+03,"Ma(d2,d3,d4,d5)",4D,open,0,2,-1,-2,-1,,
2.479692e+03,"Ma(d2,d3,d4)",3D,open,0,2,-1,-2,0,,
2.479692e+03,"Ma(d2,d3,d4,d5)",4D,open,0,2,-1,-2,1,,
2.479692e+03,"Ma(d2,d3,d4,d5)",4D,open,0,2,-1,-2,2,,
2.479692e+03,"Ma(d2,d3,d4,d5)",4D,open,0,2,-1,-2,3,,
2.479692e+03,"Ma(d2,d3,d4,d5)",4D,open,0,2,-1,2,-3,,
2.479692e+03,"Ma(d2,d3,d4,d5)",4D,open,0,2,-1,2,-2,,
2.479692e+03,"Ma(d2,d3,d4,d5)",4D,open,0,2,-1,2,-1,,
2.479692e+03,"Ma(d2,d3,d4)",3D,open,0,2,-1,2,0,,
2.479692e+03,"Ma(d2,d3,d4,d5)",4D,open,0,2,-1,2,1,,
2.479692e+03,"Ma(d2,d3,d4,d5)",4D,open,0,2,-1,2,2,,
2.479692e+03,"Ma(d2,d3,d4,d5)",4D,open,0,2,-1,2,3,,
2.479692e+03,"Ma(d2,d3,d4,d5)",4D,open,0,2,1,-2,-3,,
2.479692e+03,"Ma(d2,d3,d4,d5)",4D,open,0,2,1,-2,-2,,
2.479692e+03,"Ma(d2,d3,d4,d5)",4D,open,0,2,1,-2,-1,,
2.479692e+03,"Ma(d2,d3,d4)",3D,open,0,2,1,-2,0,,
2.479692e+03,"Ma(d2,d3,d4,d5)",4D,open,0,2,1,-2,1,,
2.479692e+03,"Ma(d2,d3,d4,d5)",4D,open,0,2,1,-2,2,,
2.479692e+03,"Ma(d2,d3,d4,d5)",4D,open,0,2,1,-2,3,,
2.479692e+03,"Ma(d2,d3,d4,d5)",4D,open,0,2,1,2,-3,,
2.479692e+03,"Ma(d2,d3,d4,d5)",4D,open,0,2,1,2,-2,,
2.479692e+03,"Ma(d2,d3,d4,d5)",4D,open,0,2,1,2,-1,,
2.479692e+03,"Ma(d2,d3,d4)",3D,open,0,2,1,2,0,,
2.479692e+03,"Ma(d2,d3,d4,d5)",4D,open,0,2,1,2,1,,
2.479692e+03,"Ma(d2,d3,d4,d5)",4D,open,0,2,1,2,2,,
2.479692e+03,"Ma(d2,d3,d4,d5)",4D,open,0,2,1,2,3,,
2.479692e+03,"Ma(d2,d3,d4,d5)",4D,open,0,-2,-1,-3,-3,,
2.479692e+03,"Ma(d2,d3,d4,d5)",4D,open,0,-2,-1,-3,-2,,
2.479692e+03,"Ma(d2,d3,d4,d5)",4D,open,0,-2,-1,-3,-1,,
2.479692e+03,"Ma(d2,d3,d4)",3D,open,0,-2,-1,-3,0,,
2.479692e+03,"Ma(d2,d3,d4,d5)",4D,open,0,-2,-1,-3,1,,
2.479692e+03,"Ma(d2,d3,d4,d5)",4D,open,0,-2,-1,-3,2,,
2.479692e+03,"Ma(d2,d3,d4,d5)",4D,open,0,-2,-1,-3,3,,
2.479692e+03,"Ma(d2,d3,d4,d5)",4D,open,0,-2,-1,3,-3,,
2.479692e+03,"Ma(d2,d3,d4,d5)",4D,open,0,-2,-1,3,-2,,
2.479692e+03,"Ma(d2,d3,d4,d5)",4D,open,0,-2,-1,3,-1,,
2.479692e+03,"Ma(d2,d3,d4)",3D,open,0,-2,-1,3,0,,
2.479692e+03,"Ma(d2,d3,d4,d5)",4D,open,0,-2,-1,3,1,,
2.479692e+03,"Ma(d2,d3,d4,d5)",4D,open,0,-2,-1,3,2,,
2.479692e+03,"Ma(d2,d3,d4,d5)",4D,open,0,-2,-1,3,3,,
2.479692e+03,"Ma(d2,d3,d4,d5)",4D,open,0,-2,1,-3,-3,,
2.479692e+03,"Ma(d2,d3,d4,d5)",4D,open,0,-2,1,-3,-2,,
2.479692e+03,"Ma(d2,d3,d4,d5)",4D,open,0,-2,1,-3,-1,,
2.479692e+03,"Ma(d2,d3,d4)",3D,open,0,-2,1,-3,0,,
2.479692e+03,"Ma(d2,d3,d4,d5)",4D,open,0,-2,1,-3,1,,
2.479692e+03,"Ma(d2,d3,d4,d5)",4D,open,0,-2,1,-3,2,,
2.479692e+03,"Ma(d2,d3,d4,d5)",4D,open,0,-2,1,-3,3,,
2.479692e+03,"Ma(d2,d3,d4,d5)",4D,open,0,-2,1,3,-3,,
2.479692e+03,"Ma(d2,d3,d4,d5)",4D,open,0,-2,1,3,-2,,
2.479692e+03,"Ma(d2,d3,d4,d5)",4D,open,0,-2,1,3,-1,,
2.479692e+03,"Ma(d2,d3,d4)",3D,open,0,-2,1,3,0,,
2.479692e+03,"Ma(d2,d3,d4,d5)",4D,open,0,-2,1,3,1,,
2.479692e+03,"Ma(d2,d3,d4,d5)",4D,open,0,-2,1,3,2,,
2.479692e+03,"Ma(d2,d3,d4,d5)",4D,open,0,-2,1,3,3,,
2.479692e+03,"Ma(d2,d3,d4,d5)",4D,open,0,2,-1,-3,-3,,
2.479692e+03,"Ma(d2,d3,d4,d5)",4D,open,0,2,-1,-3,-2,,
2.479692e+03,"Ma(d2,d3,d4,d5)",4D,open,0,2,-1,-3,-1,,
2.479692e+03,"Ma(d2,d3,d4)",3D,open,0,2,-1,-3,0,,
2.479692e+03,"Ma(d2,d3,d4,d5)",4D,open,0,2,-1,-3,1,,
2.479692e+03,"Ma(d2,d3,d4,d5)",4D,open,0,2,-1,-3,2,,
2.479692e+03,"Ma(d2,d3,d4,d5)",4D,open,0,2,-1,-3,3,,
2.479692e+03,"Ma(d2,d3,d4,d5)",4D,open,0,2,-1,3,-3,,
2.479692e+03,"Ma(d2,d3,d4,d5)",4D,open,0,2,-1,3,-2,,
2.479692e+03,"Ma(d2,d3,d4,d5)",4D,open,0,2,-1,3,-1,,
2.479692e+03,"Ma(d2,d3,d4)",3D,open,0,2,-1,3,0,,
2.479692e+03,"Ma(d2,d3,d4,d5)",4D,open,0,2,-1,3,1,,
2.479692e+03,"Ma(d2,d3,d4,d5)",4D,open,0,2,-1,3,2,,
2.479692e+03,"Ma(d2,d3,d4,d5)",4D,open,0,2,-1,3,3,,
2.479692e+03,"Ma(d2,d3,d4,d5)",4D,open,0,2,1,-3,-3,,
2.479692e+03,"Ma(d2,d3,d4,d5)",4D,open,0,2,1,-3,-2,,
2.479692e+03,"Ma(d2,d3,d4,d5)",4D,open,0,2,1,-3,-1,,
2.479692e+03,"Ma(d2,d3,d4)",3D,open,0,2,1,-3,0,,
2.479692e+03,"Ma(d2,d3,d4,d5)",4D,open,0,2,1,-3,1,,
2.479692e+03,"Ma(d2,d3,d4,d5)",4D,open,0,2,1,-3,2,,
2.479692e+03,"Ma(d2,d3,d4,d5)",4D,open,0,2,1,-3,3,,
2.479692e+03,"Ma(d2,d3,d4,d5)",4D,open,0,2,1,3,-3,,
2.479692e+03,"Ma(d2,d3,d4,d5)",4D,open,0,2,1,3,-2,,
2.479692e+03,"Ma(d2,d3,d4,d5)",4D,open,0,2,1,3,-1,,
2.479692e+03,"Ma(d2,d3,d4)",3D,open,0,2,1,3,0,,
2.479692e+03,"Ma(d2,d3,d4,d5)",4D,open,0,2,1,3,1,,
2.479692e+03,"Ma(d2,d3,d4,d5)",4D,open,0,2,1,3,2,,
2.479692e+03,"Ma(d2,d3,d4,d5)",4D,open,0,2,1,3,3,,
2.479711e+03,"Ma(d2,d3)",2D,closed,0,-2,-2,0,0,d2,1.9318
2.479711e+03,"Ma(d2,d3)",2D,closed,0,2,2,0,0,d2,1.9318
2.479715e+03,"Ma(d2,d3,d5)",3D,open,0,-2,-2,0,-3,,
2.479715e+03,"Ma(d2,d3,d5)",3D,open,0,-2,-2,0,-2,,
2.479715e+03,"Ma(d2,d3,d5)",3D,open,0,-2,-2,0,-1,,
2.479715e+03,"Ma(d2,d3,d5)",3D,open,0,-2,-2,0,1,,
2.479715e+03,"Ma(d2,d3,d5)",3D,open,0,-2,-2,0,2,,
2.479715e+03,"Ma(d2,d3,d5)",3D,open,0,-2,-2,0,3,,
2.479715e+03,"Ma(d2,d3,d5)",3D,open,0,-2,2,0,-3,,
2.479715e+03,"Ma(d2,d3,d5)",3D,open,0,-2,2,0,-2,,
2.479715e+03,"Ma(d2,d3,d5)",3D,open,0,-2,2,0,-1,,
2.479715e+03,"Ma(d2,d3,d5)",3D,open,0,-2,2,0,1,,
2.479715e+03,"Ma(d2,d3,d5)",3D,open,0,-2,2,0,2,,
2.479715e+03,"Ma(d2,d3,d5)",3D,open,0,-2,2,0,3,,
2.479715e+03,"Ma(d2,d3,d5)",3D,open,0,2,-2,0,-3,,
2.479715e+03,"Ma(d2,d3,d5)",3D,open,0,2,-2,0,-2,,
2.479715e+03,"Ma(d2,d3,d5)",3D,open,0,2,-2,0,-1,,
2.479715e+03,"Ma(d2,d3,d5)",3D,open,0,2,-2,0,1,,
2.479715e+03,"Ma(d2,d3,d5)",3D,open,0,2,-2,0,2,,
2.479715e+03,"Ma(d2,d3,d5)",3D,open,0,2,-2,0,3,,
2.479715e+03,"Ma(d2,d3,d5)",3D,open,0,2,2,0,-3,,
2.479715e+03,"Ma(d2,d3,d5)",3D,open,0,2,2,0,-2,,
2.479715e+03,"Ma(d2,d3,d5)",3D,open,0,2,2,0,-1,,
2.479715e+03,"Ma(d2,d3,d5)",3D,open,0,2,2,0,1,,
2.479715e+03,"Ma(d2,d3,d5)",3D,open,0,2,2,0,2,,
2.479715e+03,"Ma(d2,d3,d5)",3D,open,0,2,2,0,3,,
2.479715e+03,"Ma(d2,d3,d4,d5)",4D,open,0,-2,-2,-1,-3,,
2.479715e+03,"Ma(d2,d3,d4,d5)",4D,open,0,-2,-2,-1,-2,,
2.479715e+03,"Ma(d2,d3,d4,d5)",4D,open,0,-2,-2,-1,-1,,
2.479715e+03,"Ma(d2,d3,d4)",3D,open,0,-2,-2,-1,0,,
2.479715e+03,"Ma(d2,d3,d4,d5)",4D,open,0,-2,-2,-1,1,,
2.479715e+03,"Ma(d2,d3,d4,d5)",4D,open,0,-2,-2,-1,2,,
2.479715e+03,"Ma(d2,d3,d4,d5)",4D,open,0,-2,-2,-1,3,,
2.479715e+03,"Ma(d2,d3,d4,d5)",4D,open,0,-2,-2,1,-3,,
2.479715e+03,"Ma(d2,d3,d4,d5)",4D,open,0,-2,-2,1,-2,,
2.479715e+03,"Ma(d2,d3,d4,d5)",4D,open,0,-2,-2,1,-1,,
2.479715e+03,"Ma(d2,d3,d4)",3D,open,0,-2,-2,1,0,,
2.479715e+03,"Ma(d2,d3,d4,d5)",4D,open,0,-2,-2,1,1,,
2.479715e+03,"Ma(d2,d3,d4,d5)",4D,open,0,-2,-2,1,2,,
2.479715e+03,"Ma(d2,d3,d4,d5)",4D,open,0,-2,-2,1,3,,
2.479715e+03,"Ma(d2,d3,d4,d5)",4D,open,0,-2,2,-1,-3,,
2.479715e+03,"Ma(d2,d3,d4,d5)",4D,open,0,-2,2,-1,-2,,
2.479715e+03,"Ma(d2,d3,d4,d5)",4D,open,0,-2,2,-1,-1,,
2.479715e+03,"Ma(d2,d3,d4)",3D,open,0,-2,2,-1,0,,
2.479715e+03,"Ma(d2,d3,d4,d5)",4D,open,0,-2,2,-1,1,,
2.479715e+03,"Ma(d2,d3,d4,d5)",4D,open,0,-2,2,-1,2,,
2.479715e+03,"Ma(d2,d3,d4,d5)",4D,open,0,-2,2,-1,3,,
2.479715e+03,"Ma(d2,d3,d4,d5)",4D,open,0,-2,2,1,-3,,
2.479715e+03,"Ma(d2,d3,d4,d5)",4D,open,0,-2,2,1,-2,,
2.479715e+03,"Ma(d2,d3,d4,d5)",4D,open,0,-2,2,1,-1,,
2.479715e+03,"Ma(d2,d3,d4)",3D,open,0,-2,2,1,0,,
2.479715e+03,"Ma(d2,d3,d4,d5)",4D,open,0,-2,2,1,1,,
2.479715e+03,"Ma(d2,d3,d4,d5)",4D,open,0,-2,2,1,2,,
2.479715e+03,"Ma(d2,d3,d4,d5)",4D,open,0,-2,2,1,3,,
2.479715e+03,"Ma(d2,d3,d4,d5)",4D,open,0,2,-2,-1,-3,,
2.479715e+03,"Ma(d2,d3,d4,d5)",4D,open,0,2,-2,-1,-2,,
2.479715e+03,"Ma(d2,d3,d4,d5)",4D,open,0,2,-2,-1,-1,,
2.479715e+03,"Ma(d2,d3,d4)",3D,open,0,2,-2,-1,0,,
2.479715e+03,"Ma(d2,d3,d4,d5)",4D,open,0,2,-2,-1,1,,
2.479715e+03,"Ma(d2,d3,d4,d5)",4D,open,0,2,-2,-1,2,,
2.479715e+03,"Ma(d2,d3,d4,d5)",4D,open,0,2,-2,-1,3,,
2.479715e+03,"Ma(d2,d3,d4,d5)",4D,open,0,2,-2,1,-3,,
2.479715e+03,"Ma(d2,d3,d4,d5)",4D,open,0,2,-2,1,-2,,
2.479715e+03,"Ma(d2,d3,d4,d5)",4D,open,0,2,-2,1,-1,,
2.479715e+03,"Ma(d2,d3,d4)",3D,open,0,2,-2,1,0,,
2.479715e+03,"Ma(d2,d3,d4,d5)",4D,open,0,2,-2,1,1,,
2.479715e+03,"Ma(d2,d3,d4,d5)",4D,open,0,2,-2,1,2,,
2.479715e+03,"Ma(d2,d3,d4,d5)",4D,open,0,2,-2,1,3,,
2.479715e+03,"Ma(d2,d3,d4,d5)",4D,open,0,2,2,-1,-3,,
2.479715e+03,"Ma(d2,d3,d4,d5)",4D,open,0,2,2,-1,-2,,
2.479715e+03,"Ma(d2,d3,d4,d5)",4D,open,0,2,2,-1,-1,,
2.479715e+03,"Ma(d2,d3,d4)",3D,open,0,2,2,-1,0,,
2.479715e+03,"Ma(d2,d3,d4,d5)",4D,open,0,2,2,-1,1,,
2.479715e+03,"Ma(d2,d3,d4,d5)",4D,open,0,2,2,-1,2,,
2.479715e+03,"Ma(d2,d3,d4,d5)",4D,open,0,2,2,-1,3,,
2.479715e+03,"Ma(d2,d3,d4,d5)",4D,open,0,2,2,1,-3,,
2.479715e+03,"Ma(d2,d3,d4,d5)",4D,open,0,2,2,1,-2,,
2.479715e+03,"Ma(d2,d3,d4,d5)",4D,open,0,2,2,1,-1,,
2.479715e+03,"Ma(d2,d3,d4)",3D,open,0,2,2,1,0,,
2.479715e+03,"Ma(d2,d3,d4,d5)",4D,open,0,2,2,1,1,,
2.479715e+03,"Ma(d2,d3,d4,d5)",4D,open,0,2,2,1,2,,
2.479715e+03,"Ma(d2,d3,d4,d5)",4D,open,0,2,2,1,3,,
2.479715e+03,"Ma(d2,d3,d4,d5)",4D,open,0,-2,-2,-2,-3,,
2.479715e+03,"Ma(d2,d3,d4,d5)",4D,open,0,-2,-2,-2,-2,,
2.479715e+03,"Ma(d2,d3,d4,d5)",4D,open,0,-2,-2,-2,-1,,
2.479715e+03,"Ma(d2,d3,d4)",3D,open,0,-2,-2,-2,0,,
2.479715e+03,"Ma(d2,d3,d4,d5)",4D,open,0,-2,-2,-2,1,,
2.479715e+03,"Ma(d2,d3,d4,d5)",4D,open,0,-2,-2,-2,2,,
2.479715e+03,"Ma(d2,d3,d4,d5)",4D,open,0,-2,-2,-2,3,,
2.479715e+03,"Ma(d2,d3,d4,d5)",4D,open,0,-2,-2,2,-3,,
2.479715e+03,"Ma(d2,d3,d4,d5)",4D,open,0,-2,-2,2,-2,,
2.479715e+03,"Ma(d2,d3,d4,d5)",4D,open,0,-2,-2,2,-1,,
2.479715e+03,"Ma(d2,d3,d4)",3D,open,0,-2,-2,2,0,,
2.479715e+03,"Ma(d2,d3,d4,d5)",4D,open,0,-2,-2,2,1,,
2.479715e+03,"Ma(d2,d3,d4,d5)",4D,open,0,-2,-2,2,2,,
2.479715e+03,"Ma(d2,d3,d4,d5)",4D,open,0,-2,-2,2,3,,
2.479715e+03,"Ma(d2,d3,d4,d5)",4D,open,0,-2,2,-2,-3,,
2.479715e+03,"Ma(d2,d3,d4,d5)",4D,open,0,-2,2,-2,-2,,
2.479715e+03,"Ma(d2,d3,d4,d5)",4D,open,0,-2,2,-2,-1,,
2.479715e+03,"Ma(d2,d3,d4)",3D,open,0,-2,2,-2,0,,
2.479715e+03,"Ma(d2,d3,d4,d5)",4D,open,0,-2,2,-2,1,,
2.479715e+03,"Ma(d2,d3,d4,d5)",4D,open,0,-2,2,-2,2,,
2.479715e+03,"Ma(d2,d3,d4,d5)",4D,open,0,-2,2,-2,3,,
2.479715e+03,"Ma(d2,d3,d4,d5)",4D,open,0,-2,2,2,-3,,
2.479715e+03,"Ma(d2,d3,d4,d5)",4D,open,0,-2,2,2,-2,,
2.479715e+03,"Ma(d2,d3,d4,d5)",4D,open,0,-2,2,2,-1,,
2.479715e+03,"Ma(d2,d3,d4)",3D,open,0,-2,2,2,0,,
2.479715e+03,"Ma(d2,d3,d4,d5)",4D,open,0,-2,2,2,1,,
2.479715e+03,"Ma(d2,d3,d4,d5)",4D,open,0,-2,2,2,2,,
2.479715e+03,"Ma(d2,d3,d4,d5)",4D,open,0,-2,2,2,3,,
2.479715e+03,"Ma(d2,d3,d4,d5)",4D,open,0,2,-2,-2,-3,,
2.479715e+03,"Ma(d2,d3,d4,d5)",4D,open,0,2,-2,-2,-2,,
2.479715e+03,"Ma(d2,d3,d4,d5)",4D,open,0,2,-2,-2,-1,,
2.479715e+03,"Ma(d2,d3,d4)",3D,open,0,2,-2,-2,0,,
2.479715e+03,"Ma(d2,d3,d4,d5)",4D,open,0,2,-2,-2,1,,
2.479715e+03,"Ma(d2,d3,d4,d5)",4D,open,0,2,-2,-2,2,,
2.479715e+03,"Ma(d2,d3,d4,d5)",4D,open,0,2,-2,-2,3,,
2.479715e+03,"Ma(d2,d3,d4,d5)",4D,open,0,2,-2,2,-3,,
2.479715e+03,"Ma(d2,d3,d4,d5)",4D,open,0,2,-2,2,-2,,
2.479715e+03,"Ma(d2,d3,d4,d5)",4D,open,0,2,-2,2,-1,,
2.479715e+03,"Ma(d2,d3,d4)",3D,open,0,2,-2,2,0,,
2.479715e+03,"Ma(d2,d3,d4,d5)",4D,open,0,2,-2,2,1,,
2.479715e+03,"Ma(d2,d3,d4,d5)",4D,open,0,2,-2,2,2,,
2.479715e+03,"Ma(d2,d3,d4,d5)",4D,open,0,2,-2,2,3,,
2.479715e+03,"Ma(d2,d3,d4,d5)",4D,open,0,2,2,-2,-3,,
2.479715e+03,"Ma(d2,d3,d4,d5)",4D,open,0,2,2,-2,-2,,
2.479715e+03,"Ma(d2,d3,d4,d5)",4D,open,0,2,2,-2,-1,,
2.479715e+03,"Ma(d2,d3,d4)",3D,open,0,2,2,-2,0,,
2.479715e+03,"Ma(d2,d3,d4,d5)",4D,open,0,2,2,-2,1,,
2.479715e+03,"Ma(d2,d3,d4,d5)",4D,open,0,2,2,-2,2,,
2.479715e+03,"Ma(d2,d3,d4,d5)",4D,open,0,2,2,-2,3,,
2.479715e+03,"Ma(d2,d3,d4,d5)",4D,open,0,2,2,2,-3,,
2.479715e+03,"Ma(d2,d3,d4,d5)",4D,open,0,2,2,2,-2,,
2.479715e+03,"Ma(d2,d3,d4,d5)",4D,open,0,2,2,2,-1,,
2.479715e+03,"Ma(d2,d3,d4)",3D,open,0,2,2,2,0,,
2.479715e+03,"Ma(d2,d3,d4,d5)",4D,open,0,2,2,2,1,,
2.479715e+03,"Ma(d2,d3,d4,d5)",4D,open,0,2,2,2,2,,
2.479715e+03,"Ma(d2,d3,d4,d5)",4D,open,0,2,2,2,3,,
2.479715e+03,"Ma(d2,d3,d4,d5)",4D,open,0,-2,-2,-3,-3,,
2.479715e+03,"Ma(d2,d3,d4,d5)",4D,open,0,-2,-2,-3,-2,,
2.479715e+03,"Ma(d2,d3,d4,d5)",4D,open,0,-2,-2,-3,-1,,
2.479715e+03,"Ma(d2,d3,d4)",3D,open,0,-2,-2,-3,0,,
2.479715e+03,"Ma(d2,d3,d4,d5)",4D,open,0,-2,-2,-3,1,,
2.479715e+03,"Ma(d2,d3,d4,d5)",4D,open,0,-2,-2,-3,2,,
2.479715e+03,"Ma(d2,d3,d4,d5)",4D,open,0,-2,-2,-3,3,,
2.479715e+03,"Ma(d2,d3,d4,d5)",4D,open,0,-2,-2,3,-3,,
2.479715e+03,"Ma(d2,d3,d4,d5)",4D,open,0,-2,-2,3,-2,,
2.479715e+03,"Ma(d2,d3,d4,d5)",4D,open,0,-2,-2,3,-1,,
2.479715e+03,"Ma(d2,d3,d4)",3D,open,0,-2,-2,3,0,,
2.479715e+03,"Ma(d2,d3,d4,d5)",4D,open,0,-2,-2,3,1,,
2.479715e+03,"Ma(d2,d3,d4,d5)",4D,open,0,-2,-2,3,2,,
2.479715e+03,"Ma(d2,d3,d4,d5)",4D,open,0,-2,-2,3,3,,
2.479715e+03,"Ma(d2,d3,d4,d5)",4D,open,0,-2,2,-3,-3,,
2.479715e+03,"Ma(d2,d3,d4,d5)",4D,open,0,-2,2,-3,-2,,
2.479715e+03,"Ma(d2,d3,d4,d5)",4D,open,0,-2,2,-3,-1,,
2.479715e+03,"Ma(d2,d3,d4)",3D,open,0,-2,2,-3,0,,
2.479715e+03,"Ma(d2,d3,d4,d5)",4D,open,0,-2,2,-3,1,,
2.479715e+03,"Ma(d2,d3,d4,d5)",4D,open,0,-2,2,-3,2,,
2.479715e+03,"Ma(d2,d3,d4,d5)",4D,open,0,-2,2,-3,3,,
2.479715e+03,"Ma(d2,d3,d4,d5)",4D,open,0,-2,2,3,-3,,
2.479715e+03,"Ma(d2,d3,d4,d5)",4D,open,0,-2,2,3,-2,,
2.479715e+03,"Ma(d2,d3,d4,d5)",4D,open,0,-2,2,3,-1,,
2.479715e+03,"Ma(d2,d3,d4)",3D,open,0,-2,2,3,0,,
2.479715e+03,"Ma(d2,d3,d4,d5)",4D,open,0,-2,2,3,1,,
2.479715e+03,"Ma(d2,d3,d4,d5)",4D,open,0,-2,2,3,2,,
2.479715e+03,"Ma(d2,d3,d4,d5)",4D,open,0,-2,2,3,3,,
2.479715e+03,"Ma(d2,d3,d4,d5)",4D,open,0,2,-2,-3,-3,,
2.479715e+03,"Ma(d2,d3,d4,d5)",4D,open,0,2,-2,-3,-2,,
2.479715e+03,"Ma(d2,d3,d4,d5)",4D,open,0,2,-2,-3,-1,,
2.479715e+03,"Ma(d2,d3,d4)",3D,open,0,2,-2,-3,0,,
2.479715e+03,"Ma(d2,d3,d4,d5)",4D,open,0,2,-2,-3,1,,
2.479715e+03,"Ma(d2,d3,d4,d5)",4D,open,0,2,-2,-3,2,,
2.479715e+03,"Ma(d2,d3,d4,d5)",4D,open,0,2,-2,-3,3,,
2.479715e+03,"Ma(d2,d3,d4,d5)",4D,open,0,2,-2,3,-3,,
2.479715e+03,"Ma(d2,d3,d4,d5)",4D,open,0,2,-2,3,-2,,
2.479715e+03,"Ma(d2,d3,d4,d5)",4D,open,0,2,-2,3,-1,,
2.479715e+03,"Ma(d2,d3,d4)",3D,open,0,2,-2,3,0,,
2.479715e+03,"Ma(d2,d3,d4,d5)",4D,open,0,2,-2,3,1,,
2.479715e+03,"Ma(d2,d3,d4,d5)",4D,open,0,2,-2,3,2,,
2.479715e+03,"Ma(d2,d3,d4,d5)",4D,open,0,2,-2,3,3,,
2.479715e+03,"Ma(d2,d3,d4,d5)",4D,open,0,2,2,-3,-3,,
2.479715e+03,"Ma(d2,d3,d4,d5)",4D,open,0,2,2,-3,-2,,
2.479715e+03,"Ma(d2,d3,d4,d5)",4D,open,0,2,2,-3,-1,,
2.479715e+03,"Ma(d2,d3,d4)",3D,open,0,2,2,-3,0,,
2.479715e+03,"Ma(d2,d3,d4,d5)",4D,open,0,2,2,-3,1,,
2.479715e+03,"Ma(d2,d3,d4,d5)",4D,open,0,2,2,-3,2,,
2.479715e+03,"Ma(d2,d3,d4,d5)",4D,open,0,2,2,-3,3,,
2.479715e+03,"Ma(d2,d3,d4,d5)",4D,open,0,2,2,3,-3,,
2.479715e+03,"Ma(d2,d3,d4,d5)",4D,open,0,2,2,3,-2,,
2.479715e+03,"Ma(d2,d3,d4,d5)",4D,open,0,2,2,3,-1,,
2.479715e+03,"Ma(d2,d3,d4)",3D,open,0,2,2,3,0,,
2.479715e+03,"Ma(d2,d3,d4,d5)",4D,open,0,2,2,3,1,,
2.479715e+03,"Ma(d2,d3,d4,d5)",4D,open,0,2,2,3,2,,
2.479715e+03,"Ma(d2,d3,d4,d5)",4D,open,0,2,2,3,3,,
2.479754e+03,"Ma(d2,d3,d5)",3D,open,0,-2,-3,0,-3,,
2.479754e+03,"Ma(d2,d3,d5)",3D,open,0,-2,-3,0,-2,,
2.479754e+03,"Ma(d2,d3,d5)",3D,open,0,-2,-3,0,-1,,
2.479754e+03,"Ma(d2,d3,d5)",3D,open,0,-2,-3,0,1,,
2.479754e+03,"Ma(d2,d3,d5)",3D,open,0,-2,-3,0,2,,
2.479754e+03,"Ma(d2,d3,d5)",3D,open,0,-2,-3,0,3,,
2.479754e+03,"Ma(d2,d3,d5)",3D,open,0,-2,3,0,-3,,
2.479754e+03,"Ma(d2,d3,d5)",3D,open,0,-2,3,0,-2,,
2.479754e+03,"Ma(d2,d3,d5)",3D,open,0,-2,3,0,-1,,
2.479754e+03,"Ma(d2,d3,d5)",3D,open,0,-2,3,0,1,,
2.479754e+03,"Ma(d2,d3,d5)",3D,open,0,-2,3,0,2,,
2.479754e+03,"Ma(d2,d3,d5)",3D,open,0,-2,3,0,3,,
2.479754e+03,"Ma(d2,d3,d5)",3D,open,0,2,-3,0,-3,,
2.479754e+03,"Ma(d2,d3,d5)",3D,open,0,2,-3,0,-2,,
2.479754e+03,"Ma(d2,d3,d5)",3D,open,0,2,-3,0,-1,,
2.479754e+03,"Ma(d2,d3,d5)",3D,open,0,2,-3,0,1,,
2.479754e+03,"Ma(d2,d3,d5)",3D,open,0,2,-3,0,2,,
2.479754e+03,"Ma(d2,d3,d5)",3D,open,0,2,-3,0,3,,
2.479754e+03,"Ma(d2,d3,d5)",3D,open,0,2,3,0,-3,,
2.479754e+03,"Ma(d2,d3,d5)",3D,open,0,2,3,0,-2,,
2.479754e+03,"Ma(d2,d3,d5)",3D,open,0,2,3,0,-1,,
2.479754e+03,"Ma(d2,d3,d5)",3D,open,0,2,3,0,1,,
2.479754e+03,"Ma(d2,d3,d5)",3D,open,0,2,3,0,2,,
2.479754e+03,"Ma(d2,d3,d5)",3D,open,0,2,3,0,3,,
2.479754e+03,"Ma(d2,d3,d4,d5)",4D,open,0,-2,-3,-1,-3,,
2.479754e+03,"Ma(d2,d3,d4,d5)",4D,open,0,-2,-3,-1,-2,,
2.479754e+03,"Ma(d2,d3,d4,d5)",4D,open,0,-2,-3,-1,-1,,
2.479754e+03,"Ma(d2,d3,d4)",3D,open,0,-2,-3,-1,0,,
2.479754e+03,"Ma(d2,d3,d4,d5)",4D,open,0,-2,-3,-1,1,,
2.479754e+03,"Ma(d2,d3,d4,d5)",4D,open,0,-2,-3,-1,2,,
2.479754e+03,"Ma(d2,d3,d4,d5)",4D,open,0,-2,-3,-1,3,,
2.479754e+03,"Ma(d2,d3,d4,d5)",4D,open,0,-2,-3,1,-3,,
2.479754e+03,"Ma(d2,d3,d4,d5)",4D,open,0,-2,-3,1,-2,,
2.479754e+03,"Ma(d2,d3,d4,d5)",4D,open,0,-2,-3,1,-1,,
2.479754e+03,"Ma(d2,d3,d4)",3D,open,0,-2,-3,1,0,,
2.479754e+03,"Ma(d2,d3,d4,d5)",4D,open,0,-2,-3,1,1,,
2.479754e+03,"Ma(d2,d3,d4,d5)",4D,open,0,-2,-3,1,2,,
2.479754e+03,"Ma(d2,d3,d4,d5)",4D,open,0,-2,-3,1,3,,
2.479754e+03,"Ma(d2,d3,d4,d5)",4D,open,0,-2,3,-1,-3,,
2.479754e+03,"Ma(d2,d3,d4,d5)",4D,open,0,-2,3,-1,-2,,
2.479754e+03,"Ma(d2,d3,d4,d5)",4D,open,0,-2,3,-1,-1,,
2.479754e+03,"Ma(d2,d3,d4)",3D,open,0,-2,3,-1,0,,
2.479754e+03,"Ma(d2,d3,d4,d5)",4D,open,0,-2,3,-1,1,,
2.479754e+03,"Ma(d2,d3,d4,d5)",4D,open,0,-2,3,-1,2,,
2.479754e+03,"Ma(d2,d3,d4,d5)",4D,open,0,-2,3,-1,3,,
2.479754e+03,"Ma(d2,d3,d4,d5)",4D,open,0,-2,3,1,-3,,
2.479754e+03,"Ma(d2,d3,d4,d5)",4D,open,0,-2,3,1,-2,,
2.479754e+03,"Ma(d2,d3,d4,d5)",4D,open,0,-2,3,1,-1,,
2.479754e+03,"Ma(d2,d3,d4)",3D,open,0,-2,3,1,0,,
2.479754e+03,"Ma(d2,d3,d4,d5)",4D,open,0,-2,3,1,1,,
2.479754e+03,"Ma(d2,d3,d4,d5)",4D,open,0,-2,3,1,2,,
2.479754e+03,"Ma(d2,d3,d4,d5)",4D,open,0,-2,3,1,3,,
2.479754e+03,"Ma(d2,d3,d4,d5)",4D,open,0,2,-3,-1,-3,,
2.479754e+03,"Ma(d2,d3,d4,d5)",4D,open,0,2,-3,-1,-2,,
2.479754e+03,"Ma(d2,d3,d4,d5)",4D,open,0,2,-3,-1,-1,,
2.479754e+03,"Ma(d2,d3,d4)",3D,open,0,2,-3,-1,0,,
2.479754e+03,"Ma(d2,d3,d4,d5)",4D,open,0,2,-3,-1,1,,
2.479754e+03,"Ma(d2,d3,d4,d5)",4D,open,0,2,-3,-1,2,,
2.479754e+03,"Ma(d2,d3,d4,d5)",4D,open,0,2,-3,-1,3,,
2.479754e+03,"Ma(d2,d3,d4,d5)",4D,open,0,2,-3,1,-3,,
2.479754e+03,"Ma(d2,d3,d4,d5)",4D,open,0,2,-3,1,-2,,
2.479754e+03,"Ma(d2,d3,d4,d5)",4D,open,0,2,-3,1,-1,,
2.479754e+03,"Ma(d2,d3,d4)",3D,open,0,2,-3,1,0,,
2.479754e+03,"Ma(d2,d3,d4,d5)",4D,open,0,2,-3,1,1,,
2.479754e+03,"Ma(d2,d3,d4,d5)",4D,open,0,2,-3,1,2,,
2.479754e+03,"Ma(d2,d3,d4,d5)",4D,open,0,2,-3,1,3,,
2.479754e+03,"Ma(d2,d3,d4,d5)",4D,open,0,2,3,-1,-3,,
2.479754e+03,"Ma(d2,d3,d4,d5)",4D,open,0,2,3,-1,-2,,
2.479754e+03,"Ma(d2,d3,d4,d5)",4D,open,0,2,3,-1,-1,,
2.479754e+03,"Ma(d2,d3,d4)",3D,open,0,2,3,-1,0,,
2.479754e+03,"Ma(d2,d3,d4,d5)",4D,open,0,2,3,-1,1,,
2.479754e+03,"Ma(d2,d3,d4,d5)",4D,open,0,2,3,-1,2,,
2.479754e+03,"Ma(d2,d3,d4,d5)",4D,open,0,2,3,-1,3,,
2.479754e+03,"Ma(d2,d3,d4,d5)",4D,open,0,2,3,1,-3,,
2.479754e+03,"Ma(d2,d3,d4,d5)",4D,open,0,2,3,1,-2,,
2.479754e+03,"Ma(d2,d3,d4,d5)",4D,open,0,2,3,1,-1,,
2.479754e+03,"Ma(d2,d3,d4)",3D,open,0,2,3,1,0,,
2.479754e+03,"Ma(d2,d3,d4,d5)",4D,open,0,2,3,1,1,,
2.479754e+03,"Ma(d2,d3,d4,d5)",4D,open,0,2,3,1,2,,
2.479754e+03,"Ma(d2,d3,d4,d5)",4D,open,0,2,3,1,3,,
2.479754e+03,"Ma(d2,d3,d4,d5)",4D,open,0,-2,-3,-2,-3,,
2.479754e+03,"Ma(d2,d3,d4,d5)",4D,open,0,-2,-3,-2,-2,,
2.479754e+03,"Ma(d2,d3,d4,d5)",4D,open,0,-2,-3,-2,-1,,
2.479754e+03,"Ma(d2,d3,d4)",3D,open,0,-2,-3,-2,0,,
2.479754e+03,"Ma(d2,d3,d4,d5)",4D,open,0,-2,-3,-2,1,,
2.479754e+03,"Ma(d2,d3,d4,d5)",4D,open,0,-2,-3,-2,2,,
2.479754e+03,"Ma(d2,d3,d4,d5)",4D,open,0,-2,-3,-2,3,,
2.479754e+03,"Ma(d2,d3,d4,d5)",4D,open,0,-2,-3,2,-3,,
2.479754e+03,"Ma(d2,d3,d4,d5)",4D,open,0,-2,-3,2,-2,,
2.479754e+03,"Ma(d2,d3,d4,d5)",4D,open,0,-2,-3,2,-1,,
2.479754e+03,"Ma(d2,d3,d4)",3D,open,0,-2,-3,2,0,,
2.479754e+03,"Ma(d2,d3,d4,d5)",4D,open,0,-2,-3,2,1,,
2.479754e+03,"Ma(d2,d3,d4,d5)",4D,open,0,-2,-3,2,2,,
2.479754e+03,"Ma(d2,d3,d4,d5)",4D,open,0,-2,-3,2,3,,
2.479754e+03,"Ma(d2,d3,d4,d5)",4D,open,0,-2,3,-2,-3,,
2.479754e+03,"Ma(d2,d3,d4,d5)",4D,open,0,-2,3,-2,-2,,
2.479754e+03,"Ma(d2,d3,d4,d5)",4D,open,0,-2,3,-2,-1,,
2.479754e+03,"Ma(d2,d3,d4)",3D,open,0,-2,3,-2,0,,
2.479754e+03,"Ma(d2,d3,d4,d5)",4D,open,0,-2,3,-2,1,,
2.479754e+03,"Ma(d2,d3,d4,d5)",4D,open,0,-2,3,-2,2,,
2.479754e+03,"Ma(d2,d3,d4,d5)",4D,open,0,-2,3,-2,3,,
2.479754e+03,"Ma(d2,d3,d4,d5)",4D,open,0,-2,3,2,-3,,
2.479754e+03,"Ma(d2,d3,d4,d5)",4D,open,0,-2,3,2,-2,,
2.479754e+03,"Ma(d2,d3,d4,d5)",4D,open,0,-2,3,2,-1,,
2.479754e+03,"Ma(d2,d3,d4)",3D,open,0,-2,3,2,0,,
2.479754e+03,"Ma(d2,d3,d4,d5)",4D,open,0,-2,3,2,1,,
2.479754e+03,"Ma(d2,d3,d4,d5)",4D,open,0,-2,3,2,2,,
2.479754e+03,"Ma(d2,d3,d4,d5)",4D,open,0,-2,3,2,3,,
2.479754e+03,"Ma(d2,d3,d4,d5)",4D,open,0,2,-3,-2,-3,,
2.479754e+03,"Ma(d2,d3,d4,d5)",4D,open,0,2,-3,-2,-2,,
2.479754e+03,"Ma(d2,d3,d4,d5)",4D,open,0,2,-3,-2,-1,,
2.479754e+03,"Ma(d2,d3,d4)",3D,open,0,2,-3,-2,0,,
2.479754e+03,"Ma(d2,d3,d4,d5)",4D,open,0,2,-3,-2,1,,
2.479754e+03,"Ma(d2,d3,d4,d5)",4D,open,0,2,-3,-2,2,,
2.479754e+03,"Ma(d2,d3,d4,d5)",4D,open,0,2,-3,-2,3,,
2.479754e+03,"Ma(d2,d3,d4,d5)",4D,open,0,2,-3,2,-3,,
2.479754e+03,"Ma(d2,d3,d4,d5)",4D,open,0,2,-3,2,-2,,
2.479754e+03,"Ma(d2,d3,d4,d5)",4D,open,0,2,-3,2,-1,,
2.479754e+03,"Ma(d2,d3,d4)",3D,open,0,2,-3,2,0,,
2.479754e+03,"Ma(d2,d3,d4,d5)",4D,open,0,2,-3,2,1,,
2.479754e+03,"Ma(d2,d3,d4,d5)",4D,open,0,2,-3,2,2,,
2.479754e+03,"Ma(d2,d3,d4,d5)",4D,open,0,2,-3,2,3,,
2.479754e+03,"Ma(d2,d3,d4,d5)",4D,open,0,2,3,-2,-3,,
2.479754e+03,"Ma(d2,d3,d4,d5)",4D,open,0,2,3,-2,-2,,
2.479754e+03,"Ma(d2,d3,d4,d5)",4D,open,0,2,3,-2,-1,,
2.479754e+03,"Ma(d2,d3,d4)",3D,open,0,2,3,-2,0,,
2.479754e+03,"Ma(d2,d3,d4,d5)",4D,open,0,2,3,-2,1,,
2.479754e+03,"Ma(d2,d3,d4,d5)",4D,open,0,2,3,-2,2,,
2.479754e+03,"Ma(d2,d3,d4,d5)",4D,open,0,2,3,-2,3,,
2.479754e+03,"Ma(d2,d3,d4,d5)",4D,open,0,2,3,2,-3,,
2.479754e+03,"Ma(d2,d3,d4,d5)",4D,open,0,2,3,2,-2,,
2.479754e+03,"Ma(d2,d3,d4,d5)",4D,open,0,2,3,2,-1,,
2.479754e+03,"Ma(d2,d3,d4)",3D,open,0,2,3,2,0,,
2.479754e+03,"Ma(d2,d3,d4,d5)",4D,open,0,2,3,2,1,,
2.479754e+03,"Ma(d2,d3,d4,d5)",4D,open,0,2,3,2,2,,
2.479754e+03,"Ma(d2,d3,d4,d5)",4D,open,0,2,3,2,3,,
2.479754e+03,"Ma(d2,d3,d4,d5)",4D,open,0,-2,-3,-3,-3,,
2.479754e+03,"Ma(d2,d3,d4,d5)",4D,open,0,-2,-3,-3,-2,,
2.479754e+03,"Ma(d2,d3,d4,d5)",4D,open,0,-2,-3,-3,-1,,
2.479754e+03,"Ma(d2,d3,d4)",3D,open,0,-2,-3,-3,0,,
2.479754e+03,"Ma(d2,d3,d4,d5)",4D,open,0,-2,-3,-3,1,,
2.479754e+03,"Ma(d2,d3,d4,d5)",4D,open,0,-2,-3,-3,2,,
2.479754e+03,"Ma(d2,d3,d4,d5)",4D,open,0,-2,-3,-3,3,,
2.479754e+03,"Ma(d2,d3,d4,d5)",4D,open,0,-2,-3,3,-3,,
2.479754e+03,"Ma(d2,d3,d4,d5)",4D,open,0,-2,-3,3,-2,,
2.479754e+03,"Ma(d2,d3,d4,d5)",4D,open,0,-2,-3,3,-1,,
2.479754e+03,"Ma(d2,d3,d4)",3D,open,0,-2,-3,3,0,,
2.479754e+03,"Ma(d2,d3,d4,d5)",4D,open,0,-2,-3,3,1,,
2.479754e+03,"Ma(d2,d3,d4,d5)",4D,open,0,-2,-3,3,2,,
2.479754e+03,"Ma(d2,d3,d4,d5)",4D,open,0,-2,-3,3,3,,
2.479754e+03,"Ma(d2,d3,d4,d5)",4D,open,0,-2,3,-3,-3,,
2.479754e+03,"Ma(d2,d3,d4,d5)",4D,open,0,-2,3,-3,-2,,
2.479754e+03,"Ma(d2,d3,d4,d5)",4D,open,0,-2,3,-3,-1,,
2.479754e+03,"Ma(d2,d3,d4)",3D,open,0,-2,3,-3,0,,
2.479754e+03,"Ma(d2,d3,d4,d5)",4D,open,0,-2,3,-3,1,,
2.479754e+03,"Ma(d2,d3,d4,d5)",4D,open,0,-2,3,-3,2,,
2.479754e+03,"Ma(d2,d3,d4,d5)",4D,open,0,-2,3,-3,3,,
2.479754e+03,"Ma(d2,d3,d4,d5)",4D,open,0,-2,3,3,-3,,
2.479754e+03,"Ma(d2,d3,d4,d5)",4D,open,0,-2,3,3,-2,,
2.479754e+03,"Ma(d2,d3,d4,d5)",4D,open,0,-2,3,3,-1,,
2.479754e+03,"Ma(d2,d3,d4)",3D,open,0,-2,3,3,0,,
2.479754e+03,"Ma(d2,d3,d4,d5)",4D,open,0,-2,3,3,1,,
2.479754e+03,"Ma(d2,d3,d4,d5)",4D,open,0,-2,3,3,2,,
2.479754e+03,"Ma(d2,d3,d4,d5)",4D,open,0,-2,3,3,3,,
2.479754e+03,"Ma(d2,d3,d4,d5)",4D,open,0,2,-3,-3,-3,,
2.479754e+03,"Ma(d2,d3,d4,d5)",4D,open,0,2,-3,-3,-2,,
2.479754e+03,"Ma(d2,d3,d4,d5)",4D,open,0,2,-3,-3,-1,,
2.479754e+03,"Ma(d2,d3,d4)",3D,open,0,2,-3,-3,0,,
2.479754e+03,"Ma(d2,d3,d4,d5)",4D,open,0,2,-3,-3,1,,
2.479754e+03,"Ma(d2,d3,d4,d5)",4D,open,0,2,-3,-3,2,,
2.479754e+03,"Ma(d2,d3,d4,d5)",4D,open,0,2,-3,-3,3,,
2.479754e+03,"Ma(d2,d3,d4,d5)",4D,open,0,2,-3,3,-3,,
2.479754e+03,"Ma(d2,d3,d4,d5)",4D,open,0,2,-3,3,-2,,
2.479754e+03,"Ma(d2,d3,d4,d5)",4D,open,0,2,-3,3,-1,,
2.479754e+03,"Ma(d2,d3,d4)",3D,open,0,2,-3,3,0,,
2.479754e+03,"Ma(d2,d3,d4,d5)",4D,open,0,2,-3,3,1,,
2.479754e+03,"Ma(d2,d3,d4,d5)",4D,open,0,2,-3,3,2,,
2.479754e+03,"Ma(d2,d3,d4,d5)",4D,open,0,2,-3,3,3,,
2.479754e+03,"Ma(d2,d3,d4,d5)",4D,open,0,2,3,-3,-3,,
2.479754e+03,"Ma(d2,d3,d4,d5)",4D,open,0,2,3,-3,-2,,
2.479754e+03,"Ma(d2,d3,d4,d5)",4D,open,0,2,3,-3,-1,,
2.479754e+03,"Ma(d2,d3,d4)",3D,open,0,2,3,-3,0,,
2.479754e+03,"Ma(d2,d3,d4,d5)",4D,open,0,2,3,-3,1,,
2.479754e+03,"Ma(d2,d3,d4,d5)",4D,open,0,2,3,-3,2,,
2.479754e+03,"Ma(d2,d3,d4,d5)",4D,open,0,2,3,-3,3,,
2.479754e+03,"Ma(d2,d3,d4,d5)",4D,open,0,2,3,3,-3,,
2.479754e+03,"Ma(d2,d3,d4,d5)",4D,open,0,2,3,3,-2,,
2.479754e+03,"Ma(d2,d3,d4,d5)",4D,open,0,2,3,3,-1,,
2.479754e+03,"Ma(d2,d3,d4)",3D,open,0,2,3,3,0,,
2.479754e+03,"Ma(d2,d3,d4,d5)",4D,open,0,2,3,3,1,,
2.479754e+03,"Ma(d2,d3,d4,d5)",4D,open,0,2,3,3,2,,
2.479754e+03,"Ma(d2,d3,d4,d5)",4D,open,0,2,3,3,3,,
2.479950e+03,"Ma(d2,d3)",2D,closed,0,-2,2,0,0,d2,1.9318
2.479950e+03,"Ma(d2,d3)",2D,closed,0,2,-2,0,0,d2,1.9318
3.465904e+03,"Ma(d2,d3)",2D,closed,0,-3,-3,0,0,d3,1.9318
3.465904e+03,"Ma(d2,d3)",2D,closed,0,3,3,0,0,d3,1.9318
3.634974e+03,"Ma(d2,d3)",2D,closed,0,-1,1,0,0,d3,1.9318
3.634974e+03,"Ma(d2,d3)",2D,closed,0,1,-1,0,0,d3,1.9318
3.718336e+03,"Ma(d2,d4)",2D,closed,0,-3,0,-3,0,d4,1.9997
3.718336e+03,"Ma(d2,d4)",2D,closed,0,3,0,3,0,d4,1.9997
3.719129e+03,"Ma(d2,d4)",2D,closed,0,-1,0,1,0,d4,1.9997
3.719129e+03,"Ma(d2,d4)",2D,closed,0,1,0,-1,0,d4,1.9997
3.719526e+03,"Ma(d2,d5)",2D,closed,0,-3,0,0,-3,d2,2.0000
3.719526e+03,"Ma(d2,d5)",2D,closed,0,-3,0,0,-3,d5,2.0000
3.719526e+03,Ma(d2),1D,closed,0,-3,0,0,0,,
3.719526e+03,"Ma(d2,d5)",2D,closed,0,-3,0,0,3,d2,2.0000
3.719526e+03,"Ma(d2,d5)",2D,closed,0,-1,0,0,1,d5,2.0000
3.719526e+03,"Ma(d2,d5)",2D,closed,0,1,0,0,-1,d5,2.0000
3.719526e+03,"Ma(d2,d5)",2D,closed,0,3,0,0,-3,d2,2.0000
3.719526e+03,Ma(d2),1D,closed,0,3,0,0,0,,
3.719526e+03,"Ma(d2,d5)",2D,closed,0,3,0,0,3,d2,2.0000
3.719526e+03,"Ma(d2,d5)",2D,closed,0,3,0,0,3,d5,2.0000
3.719526e+03,"Ma(d2,d4,d5)",3D,open,0,-3,0,-1,-3,,
3.719526e+03,"Ma(d2,d4,d5)",3D,open,0,-3,0,-1,-2,,
3.719526e+03,"Ma(d2,d4,d5)",3D,open,0,-3,0,-1,-1,,
3.719526e+03,"Ma(d2,d4,d5)",3D,open,0,-3,0,-1,1,,
3.719526e+03,"Ma(d2,d4,d5)",3D,open,0,-3,0,-1,2,,
3.719526e+03,"Ma(d2,d4,d5)",3D,open,0,-3,0,-1,3,,
3.719526e+03,"Ma(d2,d4,d5)",3D,open,0,-3,0,1,-3,,
3.719526e+03,"Ma(d2,d4,d5)",3D,open,0,-3,0,1,-2,,
3.719526e+03,"Ma(d2,d4,d5)",3D,open,0,-3,0,1,-1,,
3.719526e+03,"Ma(d2,d4,d5)",3D,open,0,-3,0,1,1,,
3.719526e+03,"Ma(d2,d4,d5)",3D,open,0,-3,0,1,2,,
3.719526e+03,"Ma(d2,d4,d5)",3D,open,0,-3,0,1,3,,
3.719526e+03,"Ma(d2,d4,d5)",3D,open,0,3,0,-1,-3,,
3.719526e+03,"Ma(d2,d4,d5)",3D,open,0,3,0,-1,-2,,
3.719526e+03,"Ma(d2,d4,d5)",3D,open,0,3,0,-1,-1,,
3.719526e+03,"Ma(d2,d4,d5)",3D,open,0,3,0,-1,1,,
3.719526e+03,"Ma(d2,d4,d5)",3D,open,0,3,0,-1,2,,
3.719526e+03,"Ma(d2,d4,d5)",3D,open,0,3,0,-1,3,,
3.719526e+03,"Ma(d2,d4,d5)",3D,open,0,3,0,1,-3,,
3.719526e+03,"Ma(d2,d4,d5)",3D,open,0,3,0,1,-2,,
3.719526e+03,"Ma(d2,d4,d5)",3D,open,0,3,0,1,-1,,
3.719526e+03,"Ma(d2,d4,d5)",3D,open,0,3,0,1,1,,
3.719526e+03,"Ma(d2,d4,d5)",3D,open,0,3,0,1,2,,
3.719526e+03,"Ma(d2,d4,d5)",3D,open,0,3,0,1,3,,
3.719526e+03,"Ma(d2,d4,d5)",3D,open,0,-3,0,-2,-3,,
3.719526e+03,"Ma(d2,d4,d5)",3D,open,0,-3,0,-2,-2,,
3.719526e+03,"Ma(d2,d4,d5)",3D,open,0,-3,0,-2,-1,,
3.719526e+03,"Ma(d2,d4,d5)",3D,open,0,-3,0,-2,1,,
3.719526e+03,"Ma(d2,d4,d5)",3D,open,0,-3,0,-2,2,,
3.719526e+03,"Ma(d2,d4,d5)",3D,open,0,-3,0,-2,3,,
3.719526e+03,"Ma(d2,d4,d5)",3D,open,0,-3,0,2,-3,,
3.719526e+03,"Ma(d2,d4,d5)",3D,open,0,-3,0,2,-2,,
3.719526e+03,"Ma(d2,d4,d5)",3D,open,0,-3,0,2,-1,,
3.719526e+03,"Ma(d2,d4,d5)",3D,open,0,-3,0,2,1,,
3.719526e+03,"Ma(d2,d4,d5)",3D,open,0,-3,0,2,2,,
3.719526e+03,"Ma(d2,d4,d5)",3D,open,0,-3,0,2,3,,
3.719526e+03,"Ma(d2,d4,d5)",3D,open,0,3,0,-2,-3,,
3.719526e+03,"Ma(d2,d4,d5)",3D,open,0,3,0,-2,-2,,
3.719526e+03,"Ma(d2,d4,d5)",3D,open,0,3,0,-2,-1,,
3.719526e+03,"Ma(d2,d4,d5)",3D,open,0,3,0,-2,1,,
3.719526e+03,"Ma(d2,d4,d5)",3D,open,0,3,0,-2,2,,
3.719526e+03,"Ma(d2,d4,d5)",3D,open,0,3,0,-2,3,,
3.719526e+03,"Ma(d2,d4,d5)",3D,open,0,3,0,2,-3,,
3.719526e+03,"Ma(d2,d4,d5)",3D,open,0,3,0,2,-2,,
3.719526e+03,"Ma(d2,d4,d5)",3D,open,0,3,0,2,-1,,
3.719526e+03,"Ma(d2,d4,d5)",3D,open,0,3,0,2,1,,
3.719526e+03,"Ma(d2,d4,d5)",3D,open,0,3,0,2,2,,
3.719526e+03,"Ma(d2,d4,d5)",3D,open,0,3,0,2,3,,
3.719526e+03,"Ma(d2,d4)",2D,closed,0,-3,0,-3,0,d2,1.9997
3.719526e+03,"Ma(d2,d4)",2D,closed,0,3,0,3,0,d2,1.9997
3.719526e+03,"Ma(d2,d4,d5)",3D,open,0,-3,0,-3,-3,,
3.719526e+03,"Ma(d2,d4,d5)",3D,open,0,-3,0,-3,-2,,
3.719526e+03,"Ma(d2,d4,d5)",3D,open,0,-3,0,-3,-1,,
3.719526e+03,"Ma(d2,d4,d5)",3D,open,0,-3,0,-3,1,,
3.719526e+03,"Ma(d2,d4,d5)",3D,open,0,-3,0,-3,2,,
3.719526e+03,"Ma(d2,d4,d5)",3D,open,0,-3,0,-3,3,,
3.719526e+03,"Ma(d2,d4,d5)",3D,open,0,-3,0,3,-3,,
3.719526e+03,"Ma(d2,d4,d5)",3D,open,0,-3,0,3,-2,,
3.719526e+03,"Ma(d2,d4,d5)",3D,open,0,-3,0,3,-1,,
3.719526e+03,"Ma(d2,d4,d5)",3D,open,0,-3,0,3,1,,
3.719526e+03,"Ma(d2,d4,d5)",3D,open,0,-3,0,3,2,,
3.719526e+03,"Ma(d2,d4,d5)",3D,open,0,-3,0,3,3,,
3.719526e+03,"Ma(d2,d4,d5)",3D,open,0,3,0,-3,-3,,
3.719526e+03,"Ma(d2,d4,d5)",3D,open,0,3,0,-3,-2,,
3.719526e+03,"Ma(d2,d4,d5)",3D,open,0,3,0,-3,-1,,
3.719526e+03,"Ma(d2,d4,d5)",3D,open,0,3,0,-3,1,,
3.719526e+03,"Ma(d2,d4,d5)",3D,open,0,3,0,-3,2,,
3.719526e+03,"Ma(d2,d4,d5)",3D,open,0,3,0,-3,3,,
3.719526e+03,"Ma(d2,d4,d5)",3D,open,0,3,0,3,-3,,
3.719526e+03,"Ma(d2,d4,d5)",3D,open,0,3,0,3,-2,,
3.719526e+03,"Ma(d2,d4,d5)",3D,open,0,3,0,3,-1,,
3.719526e+03,"Ma(d2,d4,d5)",3D,open,0,3,0,3,1,,
3.719526e+03,"Ma(d2,d4,d5)",3D,open,0,3,0,3,2,,
3.719526e+03,"Ma(d2,d4,d5)",3D,open,0,3,0,3,3,,
3.719529e+03,"Ma(d2,d4)",2D,closed,0,-3,0,3,0,d2,1.9997
3.719529e+03,"Ma(d2,d4)",2D,closed,0,3,0,-3,0,d2,1.9997
3.719531e+03,"Ma(d2,d3,d5)",3D,open,0,-3,-1,0,-3,,
3.719531e+03,"Ma(d2,d3,d5)",3D,open,0,-3,-1,0,-2,,
3.719531e+03,"Ma(d2,d3,d5)",3D,open,0,-3,-1,0,-1,,
3.719531e+03,"Ma(d2,d3,d5)",3D,open,0,-3,-1,0,1,,
3.719531e+03,"Ma(d2,d3,d5)",3D,open,0,-3,-1,0,2,,
3.719531e+03,"Ma(d2,d3,d5)",3D,open,0,-3,-1,0,3,,
3.719531e+03,"Ma(d2,d3,d5)",3D,open,0,-3,1,0,-3,,
3.719531e+03,"Ma(d2,d3,d5)",3D,open,0,-3,1,0,-2,,
3.719531e+03,"Ma(d2,d3,d5)",3D,open,0,-3,1,0,-1,,
3.719531e+03,"Ma(d2,d3,d5)",3D,open,0,-3,1,0,1,,
3.719531e+03,"Ma(d2,d3,d5)",3D,open,0,-3,1,0,2,,
3.719531e+03,"Ma(d2,d3,d5)",3D,open,0,-3,1,0,3,,
3.719531e+03,"Ma(d2,d3,d5)",3D,open,0,3,-1,0,-3,,
3.719531e+03,"Ma(d2,d3,d5)",3D,open,0,3,-1,0,-2,,
3.719531e+03,"Ma(d2,d3,d5)",3D,open,0,3,-1,0,-1,,
3.719531e+03,"Ma(d2,d3,d5)",3D,open,0,3,-1,0,1,,
3.719531e+03,"Ma(d2,d3,d5)",3D,open,0,3,-1,0,2,,
3.719531e+03,"Ma(d2,d3,d5)",3D,open,0,3,-1,0,3,,
3.719531e+03,"Ma(d2,d3,d5)",3D,open,0,3,1,0,-3,,
3.719531e+03,"Ma(d2,d3,d5)",3D,open,0,3,1,0,-2,,
3.719531e+03,"Ma(d2,d3,d5)",3D,open,0,3,1,0,-1,,
3.719531e+03,"Ma(d2,d3,d5)",3D,open,0,3,1,0,1,,
3.719531e+03,"Ma(d2,d3,d5)",3D,open,0,3,1,0,2,,
3.719531e+03,"Ma(d2,d3,d5)",3D,open,0,3,1,0,3,,
3.719531e+03,"Ma(d2,d3,d4,d5)",4D,open,0,-3,-1,-1,-3,,
3.719531e+03,"Ma(d2,d3,d4,d5)",4D,open,0,-3,-1,-1,-2,,
3.719531e+03,"Ma(d2,d3,d4,d5)",4D,open,0,-3,-1,-1,-1,,
3.719531e+03,"Ma(d2,d3,d4)",3D,open,0,-3,-1,-1,0,,
3.719531e+03,"Ma(d2,d3,d4,d5)",4D,open,0,-3,-1,-1,1,,
3.719531e+03,"Ma(d2,d3,d4,d5)",4D,open,0,-3,-1,-1,2,,
3.719531e+03,"Ma(d2,d3,d4,d5)",4D,open,0,-3,-1,-1,3,,
3.719531e+03,"Ma(d2,d3,d4,d5)",4D,open,0,-3,-1,1,-3,,
3.719531e+03,"Ma(d2,d3,d4,d5)",4D,open,0,-3,-1,1,-2,,
3.719531e+03,"Ma(d2,d3,d4,d5)",4D,open,0,-3,-1,1,-1,,
3.719531e+03,"Ma(d2,d3,d4)",3D,open,0,-3,-1,1,0,,
3.719531e+03,"Ma(d2,d3,d4,d5)",4D,open,0,-3,-1,1,1,,
3.719531e+03,"Ma(d2,d3,d4,d5)",4D,open,0,-3,-1,1,2,,
3.719531e+03,"Ma(d2,d3,d4,d5)",4D,open,0,-3,-1,1,3,,
3.719531e+03,"Ma(d2,d3,d4,d5)",4D,open,0,-3,1,-1,-3,,
3.719531e+03,"Ma(d2,d3,d4,d5)",4D,open,0,-3,1,-1,-2,,
3.719531e+03,"Ma(d2,d3,d4,d5)",4D,open,0,-3,1,-1,-1,,
3.719531e+03,"Ma(d2,d3,d4)",3D,open,0,-3,1,-1,0,,
3.719531e+03,"Ma(d2,d3,d4,d5)",4D,open,0,-3,1,-1,1,,
3.719531e+03,"Ma(d2,d3,d4,d5)",4D,open,0,-3,1,-1,2,,
3.719531e+03,"Ma(d2,d3,d4,d5)",4D,open,0,-3,1,-1,3,,
3.719531e+03,"Ma(d2,d3,d4,d5)",4D,open,0,-3,1,1,-3,,
3.719531e+03,"Ma(d2,d3,d4,d5)",4D,open,0,-3,1,1,-2,,
3.719531e+03,"Ma(d2,d3,d4,d5)",4D,open,0,-3,1,1,-1,,
3.719531e+03,"Ma(d2,d3,d4)",3D,open,0,-3,1,1,0,,
3.719531e+03,"Ma(d2,d3,d4,d5)",4D,open,0,-3,1,1,1,,
3.719531e+03,"Ma(d2,d3,d4,d5)",4D,open,0,-3,1,1,2,,
3.719531e+03,"Ma(d2,d3,d4,d5)",4D,open,0,-3,1,1,3,,
3.719531e+03,"Ma(d2,d3,d4,d5)",4D,open,0,3,-1,-1,-3,,
3.719531e+03,"Ma(d2,d3,d4,d5)",4D,open,0,3,-1,-1,-2,,
3.719531e+03,"Ma(d2,d3,d4,d5)",4D,open,0,3,-1,-1,-1,,
3.719531e+03,"Ma(d2,d3,d4)",3D,open,0,3,-1,-1,0,,
3.719531e+03,"Ma(d2,d3,d4,d5)",4D,open,0,3,-1,-1,1,,
3.719531e+03,"Ma(d2,d3,d4,d5)",4D,open,0,3,-1,-1,2,,
3.719531e+03,"Ma(d2,d3,d4,d5)",4D,open,0,3,-1,-1,3,,
3.719531e+03,"Ma(d2,d3,d4,d5)",4D,open,0,3,-1,1,-3,,
3.719531e+03,"Ma(d2,d3,d4,d5)",4D,open,0,3,-1,1,-2,,
3.719531e+03,"Ma(d2,d3,d4,d5)",4D,open,0,3,-1,1,-1,,
3.719531e+03,"Ma(d2,d3,d4)",3D,open,0,3,-1,1,0,,
3.719531e+03,"Ma(d2,d3,d4,d5)",4D,open,0,3,-1,1,1,,
3.719531e+03,"Ma(d2,d3,d4,d5)",4D,open,0,3,-1,1,2,,
3.719531e+03,"Ma(d2,d3,d4,d5)",4D,open,0,3,-1,1,3,,
3.719531e+03,"Ma(d2,d3,d4,d5)",4D,open,0,3,1,-1,-3,,
3.719531e+03,"Ma(d2,d3,d4,d5)",4D,open,0,3,1,-1,-2,,
3.719531e+03,"Ma(d2,d3,d4,d5)",4D,open,0,3,1,-1,-1,,
3.719531e+03,"Ma(d2,d3,d4)",3D,open,0,3,1,-1,0,,
3.719531e+03,"Ma(d2,d3,d4,d5)",4D,open,0,3,1,-1,1,,
3.719531e+03,"Ma(d2,d3,d4,d5)",4D,open,0,3,1,-1,2,,
3.719531e+03,"Ma(d2,d3,d4,d5)",4D,open,0,3,1,-1,3,,
3.719531e+03,"Ma(d2,d3,d4,d5)",4D,open,0,3,1,1,-3,,
3.719531e+03,"Ma(d2,d3,d4,d5)",4D,open,0,3,1,1,-2,,
3.719531e+03,"Ma(d2,d3,d4,d5)",4D,open,0,3,1,1,-1,,
3.719531e+03,"Ma(d2,d3,d4)",3D,open,0,3,1,1,0,,
3.719531e+03,"Ma(d2,d3,d4,d5)",4D,open,0,3,1,1,1,,
3.719531e+03,"Ma(d2,d3,d4,d5)",4D,open,0,3,1,1,2,,
3.719531e+03,"Ma(d2,d3,d4,d5)",4D,open,0,3,1,1,3,,
3.719531e+03,"Ma(d2,d3,d4,d5)",4D,open,0,-3,-1,-2,-3,,
3.719531e+03,"Ma(d2,d3,d4,d5)",4D,open,0,-3,-1,-2,-2,,
3.719531e+03,"Ma(d2,d3,d4,d5)",4D,open,0,-3,-1,-2,-1,,
3.719531e+03,"Ma(d2,d3,d4)",3D,open,0,-3,-1,-2,0,,
3.719531e+03,"Ma(d2,d3,d4,d5)",4D,open,0,-3,-1,-2,1,,
3.719531e+03,"Ma(d2,d3,d4,d5)",4D,open,0,-3,-1,-2,2,,
3.719531e+03,"Ma(d2,d3,d4,d5)",4D,open,0,-3,-1,-2,3,,
3.719531e+03,"Ma(d2,d3,d4,d5)",4D,open,0,-3,-1,2,-3,,
3.719531e+03,"Ma(d2,d3,d4,d5)",4D,open,0,-3,-1,2,-2,,
3.719531e+03,"Ma(d2,d3,d4,d5)",4D,open,0,-3,-1,2,-1,,
3.719531e+03,"Ma(d2,d3,d4)",3D,open,0,-3,-1,2,0,,
3.719531e+03,"Ma(d2,d3,d4,d5)",4D,open,0,-3,-1,2,1,,
3.719531e+03,"Ma(d2,d3,d4,d5)",4D,open,0,-3,-1,2,2,,
3.719531e+03,"Ma(d2,d3,d4,d5)",4D,open,0,-3,-1,2,3,,
3.719531e+03,"Ma(d2,d3,d4,d5)",4D,open,0,-3,1,-2,-3,,
3.719531e+03,"Ma(d2,d3,d4,d5)",4D,open,0,-3,1,-2,-2,,
3.719531e+03,"Ma(d2,d3,d4,d5)",4D,open,0,-3,1,-2,-1,,
3.719531e+03,"Ma(d2,d3,d4)",3D,open,0,-3,1,-2,0,,
3.719531e+03,"Ma(d2,d3,d4,d5)",4D,open,0,-3,1,-2,1,,
3.719531e+03,"Ma(d2,d3,d4,d5)",4D,open,0,-3,1,-2,2,,
3.719531e+03,"Ma(d2,d3,d4,d5)",4D,open,0,-3,1,-2,3,,
3.719531e+03,"Ma(d2,d3,d4,d5)",4D,open,0,-3,1,2,-3,,
3.719531e+03,"Ma(d2,d3,d4,d5)",4D,open,0,-3,1,2,-2,,
3.719531e+03,"Ma(d2,d3,d4,d5)",4D,open,0,-3,1,2,-1,,
3.719531e+03,"Ma(d2,d3,d4)",3D,open,0,-3,1,2,0,,
3.719531e+03,"Ma(d2,d3,d4,d5)",4D,open,0,-3,1,2,1,,
3.719531e+03,"Ma(d2,d3,d4,d5)",4D,open,0,-3,1,2,2,,
3.719531e+03,"Ma(d2,d3,d4,d5)",4D,open,0,-3,1,2,3,,
3.719531e+03,"Ma(d2,d3,d4,d5)",4D,open,0,3,-1,-2,-3,,
3.719531e+03,"Ma(d2,d3,d4,d5)",4D,open,0,3,-1,-2,-2,,
3.719531e+03,"Ma(d2,d3,d4,d5)",4D,open,0,3,-1,-2,-1,,
3.719531e+03,"Ma(d2,d3,d4)",3D,open,0,3,-1,-2,0,,
3.719531e+03,"Ma(d2,d3,d4,d5)",4D,open,0,3,-1,-2,1,,
3.719531e+03,"Ma(d2,d3,d4,d5)",4D,open,0,3,-1,-2,2,,
3.719531e+03,"Ma(d2,d3,d4,d5)",4D,open,0,3,-1,-2,3,,
3.719531e+03,"Ma(d2,d3,d4,d5)",4D,open,0,3,-1,2,-3,,
3.719531e+03,"Ma(d2,d3,d4,d5)",4D,open,0,3,-1,2,-2,,
3.719531e+03,"Ma(d2,d3,d4,d5)",4D,open,0,3,-1,2,-1,,
3.719531e+03,"Ma(d2,d3,d4)",3D,open,0,3,-1,2,0,,
3.719531e+03,"Ma(d2,d3,d4,d5)",4D,open,0,3,-1,2,1,,
3.719531e+03,"Ma(d2,d3,d4,d5)",4D,open,0,3,-1,2,2,,
3.719531e+03,"Ma(d2,d3,d4,d5)",4D,open,0,3,-1,2,3,,
3.719531e+03,"Ma(d2,d3,d4,d5)",4D,open,0,3,1,-2,-3,,
3.719531e+03,"Ma(d2,d3,d4,d5)",4D,open,0,3,1,-2,-2,,
3.719531e+03,"Ma(d2,d3,d4,d5)",4D,open,0,3,1,-2,-1,,
3.719531e+03,"Ma(d2,d3,d4)",3D,open,0,3,1,-2,0,,
3.719531e+03,"Ma(d2,d3,d4,d5)",4D,open,0,3,1,-2,1,,
3.719531e+03,"Ma(d2,d3,d4,d5)",4D,open,0,3,1,-2,2,,
3.719531e+03,"Ma(d2,d3,d4,d5)",4D,open,0,3,1,-2,3,,
3.719531e+03,"Ma(d2,d3,d4,d5)",4D,open,0,3,1,2,-3,,
3.719531e+03,"Ma(d2,d3,d4,d5)",4D,open,0,3,1,2,-2,,
3.719531e+03,"Ma(d2,d3,d4,d5)",4D,open,0,3,1,2,-1,,
3.719531e+03,"Ma(d2,d3,d4)",3D,open,0,3,1,2,0,,
3.719531e+03,"Ma(d2,d3,d4,d5)",4D,open,0,3,1,2,1,,
3.719531e+03,"Ma(d2,d3,d4,d5)",4D,open,0,3,1,2,2,,
3.719531e+03,"Ma(d2,d3,d4,d5)",4D,open,0,3,1,2,3,,
3.719531e+03,"Ma(d2,d3,d4,d5)",4D,open,0,-3,-1,-3,-3,,
3.719531e+03,"Ma(d2,d3,d4,d5)",4D,open,0,-3,-1,-3,-2,,
3.719531e+03,"Ma(d2,d3,d4,d5)",4D,open,0,-3,-1,-3,-1,,
3.719531e+03,"Ma(d2,d3,d4)",3D,open,0,-3,-1,-3,0,,
3.719531e+03,"Ma(d2,d3,d4,d5)",4D,open,0,-3,-1,-3,1,,
3.719531e+03,"Ma(d2,d3,d4,d5)",4D,open,0,-3,-1,-3,2,,
3.719531e+03,"Ma(d2,d3,d4,d5)",4D,open,0,-3,-1,-3,3,,
3.719531e+03,"Ma(d2,d3,d4,d5)",4D,open,0,-3,-1,3,-3,,
3.719531e+03,"Ma(d2,d3,d4,d5)",4D,open,0,-3,-1,3,-2,,
3.719531e+03,"Ma(d2,d3,d4,d5)",4D,open,0,-3,-1,3,-1,,
3.719531e+03,"Ma(d2,d3,d4)",3D,open,0,-3,-1,3,0,,
3.719531e+03,"Ma(d2,d3,d4,d5)",4D,open,0,-3,-1,3,1,,
3.719531e+03,"Ma(d2,d3,d4,d5)",4D,open,0,-3,-1,3,2,,
3.719531e+03,"Ma(d2,d3,d4,d5)",4D,open,0,-3,-1,3,3,,
3.719531e+03,"Ma(d2,d3,d4,d5)",4D,open,0,-3,1,-3,-3,,
3.719531e+03,"Ma(d2,d3,d4,d5)",4D,open,0,-3,1,-3,-2,,
3.719531e+03,"Ma(d2,d3,d4,d5)",4D,open,0,-3,1,-3,-1,,
3.719531e+03,"Ma(d2,d3,d4)",3D,open,0,-3,1,-3,0,,
3.719531e+03,"Ma(d2,d3,d4,d5)",4D,open,0,-3,1,-3,1,,
3.719531e+03,"Ma(d2,d3,d4,d5)",4D,open,0,-3,1,-3,2,,
3.719531e+03,"Ma(d2,d3,d4,d5)",4D,open,0,-3,1,-3,3,,
3.719531e+03,"Ma(d2,d3,d4,d5)",4D,open,0,-3,1,3,-3,,
3.719531e+03,"Ma(d2,d3,d4,d5)",4D,open,0,-3,1,3,-2,,
3.719531e+03,"Ma(d2,d3,d4,d5)",4D,open,0,-3,1,3,-1,,
3.719531e+03,"Ma(d2,d3,d4)",3D,open,0,-3,1,3,0,,
3.719531e+03,"Ma(d2,d3,d4,d5)",4D,open,0,-3,1,3,1,,
3.719531e+03,"Ma(d2,d3,d4,d5)",4D,open,0,-3,1,3,2,,
3.719531e+03,"Ma(d2,d3,d4,d5)",4D,open,0,-3,1,3,3,,
3.719531e+03,"Ma(d2,d3,d4,d5)",4D,open,0,3,-1,-3,-3,,
3.719531e+03,"Ma(d2,d3,d4,d5)",4D,open,0,3,-1,-3,-2,,
3.719531e+03,"Ma(d2,d3,d4,d5)",4D,open,0,3,-1,-3,-1,,
3.719531e+03,"Ma(d2,d3,d4)",3D,open,0,3,-1,-3,0,,
3.719531e+03,"Ma(d2,d3,d4,d5)",4D,open,0,3,-1,-3,1,,
3.719531e+03,"Ma(d2,d3,d4,d5)",4D,open,0,3,-1,-3,2,,
3.719531e+03,"Ma(d2,d3,d4,d5)",4D,open,0,3,-1,-3,3,,
3.719531e+03,"Ma(d2,d3,d4,d5)",4D,open,0,3,-1,3,-3,,
3.719531e+03,"Ma(d2,d3,d4,d5)",4D,open,0,3,-1,3,-2,,
3.719531e+03,"Ma(d2,d3,d4,d5)",4D,open,0,3,-1,3,-1,,
3.719531e+03,"Ma(d2,d3,d4)",3D,open,0,3,-1,3,0,,
3.719531e+03,"Ma(d2,d3,d4,d5)",4D,open,0,3,-1,3,1,,
3.719531e+03,"Ma(d2,d3,d4,d5)",4D,open,0,3,-1,3,2,,
3.719531e+03,"Ma(d2,d3,d4,d5)",4D,open,0,3,-1,3,3,,
3.719531e+03,"Ma(d2,d3,d4,d5)",4D,open,0,3,1,-3,-3,,
3.719531e+03,"Ma(d2,d3,d4,d5)",4D,open,0,3,1,-3,-2,,
3.719531e+03,"Ma(d2,d3,d4,d5)",4D,open,0,3,1,-3,-1,,
3.719531e+03,"Ma(d2,d3,d4)",3D,open,0,3,1,-3,0,,
3.719531e+03,"Ma(d2,d3,d4,d5)",4D,open,0,3,1,-3,1,,
3.719531e+03,"Ma(d2,d3,d4,d5)",4D,open,0,3,1,-3,2,,
3.719531e+03,"Ma(d2,d3,d4,d5)",4D,open,0,3,1,-3,3,,
3.719531e+03,"Ma(d2,d3,d4,d5)",4D,open,0,3,1,3,-3,,
3.719531e+03,"Ma(d2,d3,d4,d5)",4D,open,0,3,1,3,-2,,
3.719531e+03,"Ma(d2,d3,d4,d5)",4D,open,0,3,1,3,-1,,
3.719531e+03,"Ma(d2,d3,d4)",3D,open,0,3,1,3,0,,
3.719531e+03,"Ma(d2,d3,d4,d5)",4D,open,0,3,1,3,1,,
3.719531e+03,"Ma(d2,d3,d4,d5)",4D,open,0,3,1,3,2,,
3.719531e+03,"Ma(d2,d3,d4,d5)",4D,open,0,3,1,3,3,,
3.719547e+03,"Ma(d2,d3,d5)",3D,open,0,-3,-2,0,-3,,
3.719547e+03,"Ma(d2,d3,d5)",3D,open,0,-3,-2,0,-2,,
3.719547e+03,"Ma(d2,d3,d5)",3D,open,0,-3,-2,0,-1,,
3.719547e+03,"Ma(d2,d3,d5)",3D,open,0,-3,-2,0,1,,
3.719547e+03,"Ma(d2,d3,d5)",3D,open,0,-3,-2,0,2,,
3.719547e+03,"Ma(d2,d3,d5)",3D,open,0,-3,-2,0,3,,
3.719547e+03,"Ma(d2,d3,d5)",3D,open,0,-3,2,0,-3,,
3.719547e+03,"Ma(d2,d3,d5)",3D,open,0,-3,2,0,-2,,
3.719547e+03,"Ma(d2,d3,d5)",3D,open,0,-3,2,0,-1,,
3.719547e+03,"Ma(d2,d3,d5)",3D,open,0,-3,2,0,1,,
3.719547e+03,"Ma(d2,d3,d5)",3D,open,0,-3,2,0,2,,
3.719547e+03,"Ma(d2,d3,d5)",3D,open,0,-3,2,0,3,,
3.719547e+03,"Ma(d2,d3,d5)",3D,open,0,3,-2,0,-3,,
3.719547e+03,"Ma(d2,d3,d5)",3D,open,0,3,-2,0,-2,,
3.719547e+03,"Ma(d2,d3,d5)",3D,open,0,3,-2,0,-1,,
3.719547e+03,"Ma(d2,d3,d5)",3D,open,0,3,-2,0,1,,
3.719547e+03,"Ma(d2,d3,d5)",3D,open,0,3,-2,0,2,,
3.719547e+03,"Ma(d2,d3,d5)",3D,open,0,3,-2,0,3,,
3.719547e+03,"Ma(d2,d3,d5)",3D,open,0,3,2,0,-3,,
3.719547e+03,"Ma(d2,d3,d5)",3D,open,0,3,2,0,-2,,
3.719547e+03,"Ma(d2,d3,d5)",3D,open,0,3,2,0,-1,,
3.719547e+03,"Ma(d2,d3,d5)",3D,open,0,3,2,0,1,,
3.719547e+03,"Ma(d2,d3,d5)",3D,open,0,3,2,0,2,,
3.719547e+03,"Ma(d2,d3,d5)",3D,open,0,3,2,0,3,,
3.719547e+03,"Ma(d2,d3,d4,d5)",4D,open,0,-3,-2,-1,-3,,
3.719547e+03,"Ma(d2,d3,d4,d5)",4D,open,0,-3,-2,-1,-2,,
3.719547e+03,"Ma(d2,d3,d4,d5)",4D,open,0,-3,-2,-1,-1,,
3.719547e+03,"Ma(d2,d3,d4)",3D,open,0,-3,-2,-1,0,,
3.719547e+03,"Ma(d2,d3,d4,d5)",4D,open,0,-3,-2,-1,1,,
3.719547e+03,"Ma(d2,d3,d4,d5)",4D,open,0,-3,-2,-1,2,,
3.719547e+03,"Ma(d2,d3,d4,d5)",4D,open,0,-3,-2,-1,3,,
3.719547e+03,"Ma(d2,d3,d4,d5)",4D,open,0,-3,-2,1,-3,,
3.719547e+03,"Ma(d2,d3,d4,d5)",4D,open,0,-3,-2,1,-2,,
3.719547e+03,"Ma(d2,d3,d4,d5)",4D,open,0,-3,-2,1,-1,,
3.719547e+03,"Ma(d2,d3,d4)",3D,open,0,-3,-2,1,0,,
3.719547e+03,"Ma(d2,d3,d4,d5)",4D,open,0,-3,-2,1,1,,
3.719547e+03,"Ma(d2,d3,d4,d5)",4D,open,0,-3,-2,1,2,,
3.719547e+03,"Ma(d2,d3,d4,d5)",4D,open,0,-3,-2,1,3,,
3.719547e+03,"Ma(d2,d3,d4,d5)",4D,open,0,-3,2,-1,-3,,
3.719547e+03,"Ma(d2,d3,d4,d5)",4D,open,0,-3,2,-1,-2,,
3.719547e+03,"Ma(d2,d3,d4,d5)",4D,open,0,-3,2,-1,-1,,
3.719547e+03,"Ma(d2,d3,d4)",3D,open,0,-3,2,-1,0,,
3.719547e+03,"Ma(d2,d3,d4,d5)",4D,open,0,-3,2,-1,1,,
3.719547e+03,"Ma(d2,d3,d4,d5)",4D,open,0,-3,2,-1,2,,
3.719547e+03,"Ma(d2,d3,d4,d5)",4D,open,0,-3,2,-1,3,,
3.719547e+03,"Ma(d2,d3,d4,d5)",4D,open,0,-3,2,1,-3,,
3.719547e+03,"Ma(d2,d3,d4,d5)",4D,open,0,-3,2,1,-2,,
3.719547e+03,"Ma(d2,d3,d4,d5)",4D,open,0,-3,2,1,-1,,
3.719547e+03,"Ma(d2,d3,d4)",3D,open,0,-3,2,1,0,,
3.719547e+03,"Ma(d2,d3,d4,d5)",4D,open,0,-3,2,1,1,,
3.719547e+03,"Ma(d2,d3,d4,d5)",4D,open,0,-3,2,1,2,,
3.719547e+03,"Ma(d2,d3,d4,d5)",4D,open,0,-3,2,1,3,,
3.719547e+03,"Ma(d2,d3,d4,d5)",4D,open,0,3,-2,-1,-3,,
3.719547e+03,"Ma(d2,d3,d4,d5)",4D,open,0,3,-2,-1,-2,,
3.719547e+03,"Ma(d2,d3,d4,d5)",4D,open,0,3,-2,-1,-1,,
3.719547e+03,"Ma(d2,d3,d4)",3D,open,0,3,-2,-1,0,,
3.719547e+03,"Ma(d2,d3,d4,d5)",4D,open,0,3,-2,-1,1,,
3.719547e+03,"Ma(d2,d3,d4,d5)",4D,open,0,3,-2,-1,2,,
3.719547e+03,"Ma(d2,d3,d4,d5)",4D,open,0,3,-2,-1,3,,
3.719547e+03,"Ma(d2,d3,d4,d5)",4D,open,0,3,-2,1,-3,,
3.719547e+03,"Ma(d2,d3,d4,d5)",4D,open,0,3,-2,1,-2,,
3.719547e+03,"Ma(d2,d3,d4,d5)",4D,open,0,3,-2,1,-1,,
3.719547e+03,"Ma(d2,d3,d4)",3D,open,0,3,-2,1,0,,
3.719547e+03,"Ma(d2,d3,d4,d5)",4D,open,0,3,-2,1,1,,
3.719547e+03,"Ma(d2,d3,d4,d5)",4D,open,0,3,-2,1,2,,
3.719547e+03,"Ma(d2,d3,d4,d5)",4D,open,0,3,-2,1,3,,
3.719547e+03,"Ma(d2,d3,d4,d5)",4D,open,0,3,2,-1,-3,,
3.719547e+03,"Ma(d2,d3,d4,d5)",4D,open,0,3,2,-1,-2,,
3.719547e+03,"Ma(d2,d3,d4,d5)",4D,open,0,3,2,-1,-1,,
3.719547e+03,"Ma(d2,d3,d4)",3D,open,0,3,2,-1,0,,
3.719547e+03,"Ma(d2,d3,d4,d5)",4D,open,0,3,2,-1,1,,
3.719547e+03,"Ma(d2,d3,d4,d5)",4D,open,0,3,2,-1,2,,
3.719547e+03,"Ma(d2,d3,d4,d5)",4D,open,0,3,2,-1,3,,
3.719547e+03,"Ma(d2,d3,d4,d5)",4D,open,0,3,2,1,-3,,
3.719547e+03,"Ma(d2,d3,d4,d5)",4D,open,0,3,2,1,-2,,
3.719547e+03,"Ma(d2,d3,d4,d5)",4D,open,0,3,2,1,-1,,
3.719547e+03,"Ma(d2,d3,d4)",3D,open,0,3,2,1,0,,
3.719547e+03,"Ma(d2,d3,d4,d5)",4D,open,0,3,2,1,1,,
3.719547e+03,"Ma(d2,d3,d4,d5)",4D,open,0,3,2,1,2,,
3.719547e+03,"Ma(d2,d3,d4,d5)",4D,open,0,3,2,1,3,,
3.719547e+03,"Ma(d2,d3,d4,d5)",4D,open,0,-3,-2,-2,-3,,
3.719547e+03,"Ma(d2,d3,d4,d5)",4D,open,0,-3,-2,-2,-2,,
3.719547e+03,"Ma(d2,d3,d4,d5)",4D,open,0,-3,-2,-2,-1,,
3.719547e+03,"Ma(d2,d3,d4)",3D,open,0,-3,-2,-2,0,,
3.719547e+03,"Ma(d2,d3,d4,d5)",4D,open,0,-3,-2,-2,1,,
3.719547e+03,"Ma(d2,d3,d4,d5)",4D,open,0,-3,-2,-2,2,,
3.719547e+03,"Ma(d2,d3,d4,d5)",4D,open,0,-3,-2,-2,3,,
3.719547e+03,"Ma(d2,d3,d4,d5)",4D,open,0,-3,-2,2,-3,,
3.719547e+03,"Ma(d2,d3,d4,d5)",4D,open,0,-3,-2,2,-2,,
3.719547e+03,"Ma(d2,d3,d4,d5)",4D,open,0,-3,-2,2,-1,,
3.719547e+03,"Ma(d2,d3,d4)",3D,open,0,-3,-2,2,0,,
3.719547e+03,"Ma(d2,d3,d4,d5)",4D,open,0,-3,-2,2,1,,
3.719547e+03,"Ma(d2,d3,d4,d5)",4D,open,0,-3,-2,2,2,,
3.719547e+03,"Ma(d2,d3,d4,d5)",4D,open,0,-3,-2,2,3,,
3.719547e+03,"Ma(d2,d3,d4,d5)",4D,open,0,-3,2,-2,-3,,
3.719547e+03,"Ma(d2,d3,d4,d5)",4D,open,0,-3,2,-2,-2,,
3.719547e+03,"Ma(d2,d3,d4,d5)",4D,open,0,-3,2,-2,-1,,
3.719547e+03,"Ma(d2,d3,d4)",3D,open,0,-3,2,-2,0,,
3.719547e+03,"Ma(d2,d3,d4,d5)",4D,open,0,-3,2,-2,1,,
3.719547e+03,"Ma(d2,d3,d4,d5)",4D,open,0,-3,2,-2,2,,
3.719547e+03,"Ma(d2,d3,d4,d5)",4D,open,0,-3,2,-2,3,,
3.719547e+03,"Ma(d2,d3,d4,d5)",4D,open,0,-3,2,2,-3,,
3.719547e+03,"Ma(d2,d3,d4,d5)",4D,open,0,-3,2,2,-2,,
3.719547e+03,"Ma(d2,d3,d4,d5)",4D,open,0,-3,2,2,-1,,
3.719547e+03,"Ma(d2,d3,d4)",3D,open,0,-3,2,2,0,,
3.719547e+03,"Ma(d2,d3,d4,d5)",4D,open,0,-3,2,2,1,,
3.719547e+03,"Ma(d2,d3,d4,d5)",4D,open,0,-3,2,2,2,,
3.719547e+03,"Ma(d2,d3,d4,d5)",4D,open,0,-3,2,2,3,,
3.719547e+03,"Ma(d2,d3,d4,d5)",4D,open,0,3,-2,-2,-3,,
3.719547e+03,"Ma(d2,d3,d4,d5)",4D,open,0,3,-2,-2,-2,,
3.719547e+03,"Ma(d2,d3,d4,d5)",4D,open,0,3,-2,-2,-1,,
3.719547e+03,"Ma(d2,d3,d4)",3D,open,0,3,-2,-2,0,,
3.719547e+03,"Ma(d2,d3,d4,d5)",4D,open,0,3,-2,-2,1,,
3.719547e+03,"Ma(d2,d3,d4,d5)",4D,open,0,3,-2,-2,2,,
3.719547e+03,"Ma(d2,d3,d4,d5)",4D,open,0,3,-2,-2,3,,
3.719547e+03,"Ma(d2,d3,d4,d5)",4D,open,0,3,-2,2,-3,,
3.719547e+03,"Ma(d2,d3,d4,d5)",4D,open,0,3,-2,2,-2,,
3.719547e+03,"Ma(d2,d3,d4,d5)",4D,open,0,3,-2,2,-1,,
3.719547e+03,"Ma(d2,d3,d4)",3D,open,0,3,-2,2,0,,
3.719547e+03,"Ma(d2,d3,d4,d5)",4D,open,0,3,-2,2,1,,
3.719547e+03,"Ma(d2,d3,d4,d5)",4D,open,0,3,-2,2,2,,
3.719547e+03,"Ma(d2,d3,d4,d5)",4D,open,0,3,-2,2,3,,
3.719547e+03,"Ma(d2,d3,d4,d5)",4D,open,0,3,2,-2,-3,,
3.719547e+03,"Ma(d2,d3,d4,d5)",4D,open,0,3,2,-2,-2,,
3.719547e+03,"Ma(d2,d3,d4,d5)",4D,open,0,3,2,-2,-1,,
3.719547e+03,"Ma(d2,d3,d4)",3D,open,0,3,2,-2,0,,
3.719547e+03,"Ma(d2,d3,d4,d5)",4D,open,0,3,2,-2,1,,
3.719547e+03,"Ma(d2,d3,d4,d5)",4D,open,0,3,2,-2,2,,
3.719547e+03,"Ma(d2,d3,d4,d5)",4D,open,0,3,2,-2,3,,
3.719547e+03,"Ma(d2,d3,d4,d5)",4D,open,0,3,2,2,-3,,
3.719547e+03,"Ma(d2,d3,d4,d5)",4D,open,0,3,2,2,-2,,
3.719547e+03,"Ma(d2,d3,d4,d5)",4D,open,0,3,2,2,-1,,
3.719547e+03,"Ma(d2,d3,d4)",3D,open,0,3,2,2,0,,
3.719547e+03,"Ma(d2,d3,d4,d5)",4D,open,0,3,2,2,1,,
3.719547e+03,"Ma(d2,d3,d4,d5)",4D,open,0,3,2,2,2,,
3.719547e+03,"Ma(d2,d3,d4,d5)",4D,open,0,3,2,2,3,,
3.719547e+03,"Ma(d2,d3,d4,d5)",4D,open,0,-3,-2,-3,-3,,
3.719547e+03,"Ma(d2,d3,d4,d5)",4D,open,0,-3,-2,-3,-2,,
3.719547e+03,"Ma(d2,d3,d4,d5)",4D,open,0,-3,-2,-3,-1,,
3.719547e+03,"Ma(d2,d3,d4)",3D,open,0,-3,-2,-3,0,,
3.719547e+03,"Ma(d2,d3,d4,d5)",4D,open,0,-3,-2,-3,1,,
3.719547e+03,"Ma(d2,d3,d4,d5)",4D,open,0,-3,-2,-3,2,,
3.719547e+03,"Ma(d2,d3,d4,d5)",4D,open,0,-3,-2,-3,3,,
3.719547e+03,"Ma(d2,d3,d4,d5)",4D,open,0,-3,-2,3,-3,,
3.719547e+03,"Ma(d2,d3,d4,d5)",4D,open,0,-3,-2,3,-2,,
3.719547e+03,"Ma(d2,d3,d4,d5)",4D,open,0,-3,-2,3,-1,,
3.719547e+03,"Ma(d2,d3,d4)",3D,open,0,-3,-2,3,0,,
3.719547e+03,"Ma(d2,d3,d4,d5)",4D,open,0,-3,-2,3,1,,
3.719547e+03,"Ma(d2,d3,d4,d5)",4D,open,0,-3,-2,3,2,,
3.719547e+03,"Ma(d2,d3,d4,d5)",4D,open,0,-3,-2,3,3,,
3.719547e+03,"Ma(d2,d3,d4,d5)",4D,open,0,-3,2,-3,-3,,
3.719547e+03,"Ma(d2,d3,d4,d5)",4D,open,0,-3,2,-3,-2,,
3.719547e+03,"Ma(d2,d3,d4,d5)",4D,open,0,-3,2,-3,-1,,
3.719547e+03,"Ma(d2,d3,d4)",3D,open,0,-3,2,-3,0,,
3.719547e+03,"Ma(d2,d3,d4,d5)",4D,open,0,-3,2,-3,1,,
3.719547e+03,"Ma(d2,d3,d4,d5)",4D,open,0,-3,2,-3,2,,
3.719547e+03,"Ma(d2,d3,d4,d5)",4D,open,0,-3,2,-3,3,,
3.719547e+03,"Ma(d2,d3,d4,d5)",4D,open,0,-3,2,3,-3,,
3.719547e+03,"Ma(d2,d3,d4,d5)",4D,open,0,-3,2,3,-2,,
3.719547e+03,"Ma(d2,d3,d4,d5)",4D,open,0,-3,2,3,-1,,
3.719547e+03,"Ma(d2,d3,d4)",3D,open,0,-3,2,3,0,,
3.719547e+03,"Ma(d2,d3,d4,d5)",4D,open,0,-3,2,3,1,,
3.719547e+03,"Ma(d2,d3,d4,d5)",4D,open,0,-3,2,3,2,,
3.719547e+03,"Ma(d2,d3,d4,d5)",4D,open,0,-3,2,3,3,,
3.719547e+03,"Ma(d2,d3,d4,d5)",4D,open,0,3,-2,-3,-3,,
3.719547e+03,"Ma(d2,d3,d4,d5)",4D,open,0,3,-2,-3,-2,,
3.719547e+03,"Ma(d2,d3,d4,d5)",4D,open,0,3,-2,-3,-1,,
3.719547e+03,"Ma(d2,d3,d4)",3D,open,0,3,-2,-3,0,,
3.719547e+03,"Ma(d2,d3,d4,d5)",4D,open,0,3,-2,-3,1,,
3.719547e+03,"Ma(d2,d3,d4,d5)",4D,open,0,3,-2,-3,2,,
3.719547e+03,"Ma(d2,d3,d4,d5)",4D,open,0,3,-2,-3,3,,
3.719547e+03,"Ma(d2,d3,d4,d5)",4D,open,0,3,-2,3,-3,,
3.719547e+03,"Ma(d2,d3,d4,d5)",4D,open,0,3,-2,3,-2,,
3.719547e+03,"Ma(d2,d3,d4,d5)",4D,open,0,3,-2,3,-1,,
3.719547e+03,"Ma(d2,d3,d4)",3D,open,0,3,-2,3,0,,
3.719547e+03,"Ma(d2,d3,d4,d5)",4D,open,0,3,-2,3,1,,
3.719547e+03,"Ma(d2,d3,d4,d5)",4D,open,0,3,-2,3,2,,
3.719547e+03,"Ma(d2,d3,d4,d5)",4D,open,0,3,-2,3,3,,
3.719547e+03,"Ma(d2,d3,d4,d5)",4D,open,0,3,2,-3,-3,,
3.719547e+03,"Ma(d2,d3,d4,d5)",4D,open,0,3,2,-3,-2,,
3.719547e+03,"Ma(d2,d3,d4,d5)",4D,open,0,3,2,-3,-1,,
3.719547e+03,"Ma(d2,d3,d4)",3D,open,0,3,2,-3,0,,
3.719547e+03,"Ma(d2,d3,d4,d5)",4D,open,0,3,2,-3,1,,
3.719547e+03,"Ma(d2,d3,d4,d5)",4D,open,0,3,2,-3,2,,
3.719547e+03,"Ma(d2,d3,d4,d5)",4D,open,0,3,2,-3,3,,
3.719547e+03,"Ma(d2,d3,d4,d5)",4D,open,0,3,2,3,-3,,
3.719547e+03,"Ma(d2,d3,d4,d5)",4D,open,0,3,2,3,-2,,
3.719547e+03,"Ma(d2,d3,d4,d5)",4D,open,0,3,2,3,-1,,
3.719547e+03,"Ma(d2,d3,d4)",3D,open,0,3,2,3,0,,
3.719547e+03,"Ma(d2,d3,d4,d5)",4D,open,0,3,2,3,1,,
3.719547e+03,"Ma(d2,d3,d4,d5)",4D,open,0,3,2,3,2,,
3.719547e+03,"Ma(d2,d3,d4,d5)",4D,open,0,3,2,3,3,,
3.719566e+03,"Ma(d2,d3)",2D,closed,0,-3,-3,0,0,d2,1.9318
3.719566e+03,"Ma(d2,d3)",2D,closed,0,3,3,0,0,d2,1.9318
3.719572e+03,"Ma(d2,d3,d5)",3D,open,0,-3,-3,0,-3,,
3.719572e+03,"Ma(d2,d3,d5)",3D,open,0,-3,-3,0,-2,,
3.719572e+03,"Ma(d2,d3,d5)",3D,open,0,-3,-3,0,-1,,
3.719572e+03,"Ma(d2,d3,d5)",3D,open,0,-3,-3,0,1,,
3.719572e+03,"Ma(d2,d3,d5)",3D,open,0,-3,-3,0,2,,
3.719572e+03,"Ma(d2,d3,d5)",3D,open,0,-3,-3,0,3,,
3.719572e+03,"Ma(d2,d3,d5)",3D,open,0,-3,3,0,-3,,
3.719572e+03,"Ma(d2,d3,d5)",3D,open,0,-3,3,0,-2,,
3.719572e+03,"Ma(d2,d3,d5)",3D,open,0,-3,3,0,-1,,
3.719572e+03,"Ma(d2,d3,d5)",3D,open,0,-3,3,0,1,,
3.719572e+03,"Ma(d2,d3,d5)",3D,open,0,-3,3,0,2,,
3.719572e+03,"Ma(d2,d3,d5)",3D,open,0,-3,3,0,3,,
3.719572e+03,"Ma(d2,d3,d5)",3D,open,0,3,-3,0,-3,,
3.719572e+03,"Ma(d2,d3,d5)",3D,open,0,3,-3,0,-2,,
3.719572e+03,"Ma(d2,d3,d5)",3D,open,0,3,-3,0,-1,,
3.719572e+03,"Ma(d2,d3,d5)",3D,open,0,3,-3,0,1,,
3.719572e+03,"Ma(d2,d3,d5)",3D,open,0,3,-3,0,2,,
3.719572e+03,"Ma(d2,d3,d5)",3D,open,0,3,-3,0,3,,
3.719572e+03,"Ma(d2,d3,d5)",3D,open,0,3,3,0,-3,,
3.719572e+03,"Ma(d2,d3,d5)",3D,open,0,3,3,0,-2,,
3.719572e+03,"Ma(d2,d3,d5)",3D,open,0,3,3,0,-1,,
3.719572e+03,"Ma(d2,d3,d5)",3D,open,0,3,3,0,1,,
3.719572e+03,"Ma(d2,d3,d5)",3D,open,0,3,3,0,2,,
3.719572e+03,"Ma(d2,d3,d5)",3D,open,0,3,3,0,3,,
3.719572e+03,"Ma(d2,d3,d4,d5)",4D,open,0,-3,-3,-1,-3,,
3.719572e+03,"Ma(d2,d3,d4,d5)",4D,open,0,-3,-3,-1,-2,,
3.719572e+03,"Ma(d2,d3,d4,d5)",4D,open,0,-3,-3,-1,-1,,
3.719572e+03,"Ma(d2,d3,d4)",3D,open,0,-3,-3,-1,0,,
3.719572e+03,"Ma(d2,d3,d4,d5)",4D,open,0,-3,-3,-1,1,,
3.719572e+03,"Ma(d2,d3,d4,d5)",4D,open,0,-3,-3,-1,2,,
3.719572e+03,"Ma(d2,d3,d4,d5)",4D,open,0,-3,-3,-1,3,,
3.719572e+03,"Ma(d2,d3,d4,d5)",4D,open,0,-3,-3,1,-3,,
3.719572e+03,"Ma(d2,d3,d4,d5)",4D,open,0,-3,-3,1,-2,,
3.719572e+03,"Ma(d2,d3,d4,d5)",4D,open,0,-3,-3,1,-1,,
3.719572e+03,"Ma(d2,d3,d4)",3D,open,0,-3,-3,1,0,,
3.719572e+03,"Ma(d2,d3,d4,d5)",4D,open,0,-3,-3,1,1,,
3.719572e+03,"Ma(d2,d3,d4,d5)",4D,open,0,-3,-3,1,2,,
3.719572e+03,"Ma(d2,d3,d4,d5)",4D,open,0,-3,-3,1,3,,
3.719572e+03,"Ma(d2,d3,d4,d5)",4D,open,0,-3,3,-1,-3,,
3.719572e+03,"Ma(d2,d3,d4,d5)",4D,open,0,-3,3,-1,-2,,
3.719572e+03,"Ma(d2,d3,d4,d5)",4D,open,0,-3,3,-1,-1,,
3.719572e+03,"Ma(d2,d3,d4)",3D,open,0,-3,3,-1,0,,
3.719572e+03,"Ma(d2,d3,d4,d5)",4D,open,0,-3,3,-1,1,,
3.719572e+03,"Ma(d2,d3,d4,d5)",4D,open,0,-3,3,-1,2,,
3.719572e+03,"Ma(d2,d3,d4,d5)",4D,open,0,-3,3,-1,3,,
3.719572e+03,"Ma(d2,d3,d4,d5)",4D,open,0,-3,3,1,-3,,
3.719572e+03,"Ma(d2,d3,d4,d5)",4D,open,0,-3,3,1,-2,,
3.719572e+03,"Ma(d2,d3,d4,d5)",4D,open,0,-3,3,1,-1,,
3.719572e+03,"Ma(d2,d3,d4)",3D,open,0,-3,3,1,0,,
3.719572e+03,"Ma(d2,d3,d4,d5)",4D,open,0,-3,3,1,1,,
3.719572e+03,"Ma(d2,d3,d4,d5)",4D,open,0,-3,3,1,2,,
3.719572e+03,"Ma(d2,d3,d4,d5)",4D,open,0,-3,3,1,3,,
3.719572e+03,"Ma(d2,d3,d4,d5)",4D,open,0,3,-3,-1,-3,,
3.719572e+03,"Ma(d2,d3,d4,d5)",4D,open,0,3,-3,-1,-2,,
3.719572e+03,"Ma(d2,d3,d4,d5)",4D,open,0,3,-3,-1,-1,,
3.719572e+03,"Ma(d2,d3,d4)",3D,open,0,3,-3,-1,0,,
3.719572e+03,"Ma(d2,d3,d4,d5)",4D,open,0,3,-3,-1,1,,
3.719572e+03,"Ma(d2,d3,d4,d5)",4D,open,0,3,-3,-1,2,,
3.719572e+03,"Ma(d2,d3,d4,d5)",4D,open,0,3,-3,-1,3,,
3.719572e+03,"Ma(d2,d3,d4,d5)",4D,open,0,3,-3,1,-3,,
3.719572e+03,"Ma(d2,d3,d4,d5)",4D,open,0,3,-3,1,-2,,
3.719572e+03,"Ma(d2,d3,d4,d5)",4D,open,0,3,-3,1,-1,,
3.719572e+03,"Ma(d2,d3,d4)",3D,open,0,3,-3,1,0,,
3.719572e+03,"Ma(d2,d3,d4,d5)",4D,open,0,3,-3,1,1,,
3.719572e+03,"Ma(d2,d3,d4,d5)",4D,open,0,3,-3,1,2,,
3.719572e+03,"Ma(d2,d3,d4,d5)",4D,open,0,3,-3,1,3,,
3.719572e+03,"Ma(d2,d3,d4,d5)",4D,open,0,3,3,-1,-3,,
3.719572e+03,"Ma(d2,d3,d4,d5)",4D,open,0,3,3,-1,-2,,
3.719572e+03,"Ma(d2,d3,d4,d5)",4D,open,0,3,3,-1,-1,,
3.719572e+03,"Ma(d2,d3,d4)",3D,open,0,3,3,-1,0,,
3.719572e+03,"Ma(d2,d3,d4,d5)",4D,open,0,3,3,-1,1,,
3.719572e+03,"Ma(d2,d3,d4,d5)",4D,open,0,3,3,-1,2,,
3.719572e+03,"Ma(d2,d3,d4,d5)",4D,open,0,3,3,-1,3,,
3.719572e+03,"Ma(d2,d3,d4,d5)",4D,open,0,3,3,1,-3,,
3.719572e+03,"Ma(d2,d3,d4,d5)",4D,open,0,3,3,1,-2,,
3.719572e+03,"Ma(d2,d3,d4,d5)",4D,open,0,3,3,1,-1,,
3.719572e+03,"Ma(d2,d3,d4)",3D,open,0,3,3,1,0,,
3.719572e+03,"Ma(d2,d3,d4,d5)",4D,open,0,3,3,1,1,,
3.719572e+03,"Ma(d2,d3,d4,d5)",4D,open,0,3,3,1,2,,
3.719572e+03,"Ma(d2,d3,d4,d5)",4D,open,0,3,3,1,3,,
3.719573e+03,"Ma(d2,d3,d4,d5)",4D,open,0,-3,-3,-2,-3,,
3.719573e+03,"Ma(d2,d3,d4,d5)",4D,open,0,-3,-3,-2,-2,,
3.719573e+03,"Ma(d2,d3,d4,d5)",4D,open,0,-3,-3,-2,-1,,
3.719573e+03,"Ma(d2,d3,d4)",3D,open,0,-3,-3,-2,0,,
3.719573e+03,"Ma(d2,d3,d4,d5)",4D,open,0,-3,-3,-2,1,,
3.719573e+03,"Ma(d2,d3,d4,d5)",4D,open,0,-3,-3,-2,2,,
3.719573e+03,"Ma(d2,d3,d4,d5)",4D,open,0,-3,-3,-2,3,,
3.719573e+03,"Ma(d2,d3,d4,d5)",4D,open,0,-3,-3,2,-3,,
3.719573e+03,"Ma(d2,d3,d4,d5)",4D,open,0,-3,-3,2,-2,,
3.719573e+03,"Ma(d2,d3,d4,d5)",4D,open,0,-3,-3,2,-1,,
3.719573e+03,"Ma(d2,d3,d4)",3D,open,0,-3,-3,2,0,,
3.719573e+03,"Ma(d2,d3,d4,d5)",4D,open,0,-3,-3,2,1,,
3.719573e+03,"Ma(d2,d3,d4,d5)",4D,open,0,-3,-3,2,2,,
3.719573e+03,"Ma(d2,d3,d4,d5)",4D,open,0,-3,-3,2,3,,
3.719573e+03,"Ma(d2,d3,d4,d5)",4D,open,0,-3,3,-2,-3,,
3.719573e+03,"Ma(d2,d3,d4,d5)",4D,open,0,-3,3,-2,-2,,
3.719573e+03,"Ma(d2,d3,d4,d5)",4D,open,0,-3,3,-2,-1,,
3.719573e+03,"Ma(d2,d3,d4)",3D,open,0,-3,3,-2,0,,
3.719573e+03,"Ma(d2,d3,d4,d5)",4D,open,0,-3,3,-2,1,,
3.719573e+03,"Ma(d2,d3,d4,d5)",4D,open,0,-3,3,-2,2,,
3.719573e+03,"Ma(d2,d3,d4,d5)",4D,open,0,-3,3,-2,3,,
3.719573e+03,"Ma(d2,d3,d4,d5)",4D,open,0,-3,3,2,-3,,
3.719573e+03,"Ma(d2,d3,d4,d5)",4D,open,0,-3,3,2,-2,,
3.719573e+03,"Ma(d2,d3,d4,d5)",4D,open,0,-3,3,2,-1,,
3.719573e+03,"Ma(d2,d3,d4)",3D,open,0,-3,3,2,0,,
3.719573e+03,"Ma(d2,d3,d4,d5)",4D,open,0,-3,3,2,1,,
3.719573e+03,"Ma(d2,d3,d4,d5)",4D,open,0,-3,3,2,2,,
3.719573e+03,"Ma(d2,d3,d4,d5)",4D,open,0,-3,3,2,3,,
3.719573e+03,"Ma(d2,d3,d4,d5)",4D,open,0,3,-3,-2,-3,,
3.719573e+03,"Ma(d2,d3,d4,d5)",4D,open,0,3,-3,-2,-2,,
3.719573e+03,"Ma(d2,d3,d4,d5)",4D,open,0,3,-3,-2,-1,,
3.719573e+03,"Ma(d2,d3,d4)",3D,open,0,3,-3,-2,0,,
3.719573e+03,"Ma(d2,d3,d4,d5)",4D,open,0,3,-3,-2,1,,
3.719573e+03,"Ma(d2,d3,d4,d5)",4D,open,0,3,-3,-2,2,,
3.719573e+03,"Ma(d2,d3,d4,d5)",4D,open,0,3,-3,-2,3,,
3.719573e+03,"Ma(d2,d3,d4,d5)",4D,open,0,3,-3,2,-3,,
3.719573e+03,"Ma(d2,d3,d4,d5)",4D,open,0,3,-3,2,-2,,
3.719573e+03,"Ma(d2,d3,d4,d5)",4D,open,0,3,-3,2,-1,,
3.719573e+03,"Ma(d2,d3,d4)",3D,open,0,3,-3,2,0,,
3.719573e+03,"Ma(d2,d3,d4,d5)",4D,open,0,3,-3,2,1,,
3.719573e+03,"Ma(d2,d3,d4,d5)",4D,open,0,3,-3,2,2,,
3.719573e+03,"Ma(d2,d3,d4,d5)",4D,open,0,3,-3,2,3,,
3.719573e+03,"Ma(d2,d3,d4,d5)",4D,open,0,3,3,-2,-3,,
3.719573e+03,"Ma(d2,d3,d4,d5)",4D,open,0,3,3,-2,-2,,
3.719573e+03,"Ma(d2,d3,d4,d5)",4D,open,0,3,3,-2,-1,,
3.719573e+03,"Ma(d2,d3,d4)",3D,open,0,3,3,-2,0,,
3.719573e+03,"Ma(d2,d3,d4,d5)",4D,open,0,3,3,-2,1,,
3.719573e+03,"Ma(d2,d3,d4,d5)",4D,open,0,3,3,-2,2,,
3.719573e+03,"Ma(d2,d3,d4,d5)",4D,open,0,3,3,-2,3,,
3.719573e+03,"Ma(d2,d3,d4,d5)",4D,open,0,3,3,2,-3,,
3.719573e+03,"Ma(d2,d3,d4,d5)",4D,open,0,3,3,2,-2,,
3.719573e+03,"Ma(d2,d3,d4,d5)",4D,open,0,3,3,2,-1,,
3.719573e+03,"Ma(d2,d3,d4)",3D,open,0,3,3,2,0,,
3.719573e+03,"Ma(d2,d3,d4,d5)",4D,open,0,3,3,2,1,,
3.719573e+03,"Ma(d2,d3,d4,d5)",4D,open,0,3,3,2,2,,
3.719573e+03,"Ma(d2,d3,d4,d5)",4D,open,0,3,3,2,3,,
3.719573e+03,"Ma(d2,d3,d4,d5)",4D,open,0,-3,-3,-3,-3,,
3.719573e+03,"Ma(d2,d3,d4,d5)",4D,open,0,-3,-3,-3,-2,,
3.719573e+03,"Ma(d2,d3,d4,d5)",4D,open,0,-3,-3,-3,-1,,
3.719573e+03,"Ma(d2,d3,d4)",3D,open,0,-3,-3,-3,0,,
3.719573e+03,"Ma(d2,d3,d4,d5)",4D,open,0,-3,-3,-3,1,,
3.719573e+03,"Ma(d2,d3,d4,d5)",4D,open,0,-3,-3,-3,2,,
3.719573e+03,"Ma(d2,d3,d4,d5)",4D,open,0,-3,-3,-3,3,,
3.719573e+03,"Ma(d2,d3,d4,d5)",4D,open,0,-3,-3,3,-3,,
3.719573e+03,"Ma(d2,d3,d4,d5)",4D,open,0,-3,-3,3,-2,,
3.719573e+03,"Ma(d2,d3,d4,d5)",4D,open,0,-3,-3,3,-1,,
3.719573e+03,"Ma(d2,d3,d4)",3D,open,0,-3,-3,3,0,,
3.719573e+03,"Ma(d2,d3,d4,d5)",4D,open,0,-3,-3,3,1,,
3.719573e+03,"Ma(d2,d3,d4,d5)",4D,open,0,-3,-3,3,2,,
3.719573e+03,"Ma(d2,d3,d4,d5)",4D,open,0,-3,-3,3,3,,
3.719573e+03,"Ma(d2,d3,d4,d5)",4D,open,0,-3,3,-3,-3,,
3.719573e+03,"Ma(d2,d3,d4,d5)",4D,open,0,-3,3,-3,-2,,
3.719573e+03,"Ma(d2,d3,d4,d5)",4D,open,0,-3,3,-3,-1,,
3.719573e+03,"Ma(d2,d3,d4)",3D,open,0,-3,3,-3,0,,
3.719573e+03,"Ma(d2,d3,d4,d5)",4D,open,0,-3,3,-3,1,,
3.719573e+03,"Ma(d2,d3,d4,d5)",4D,open,0,-3,3,-3,2,,
3.719573e+03,"Ma(d2,d3,d4,d5)",4D,open,0,-3,3,-3,3,,
3.719573e+03,"Ma(d2,d3,d4,d5)",4D,open,0,-3,3,3,-3,,
3.719573e+03,"Ma(d2,d3,d4,d5)",4D,open,0,-3,3,3,-2,,
3.719573e+03,"Ma(d2,d3,d4,d5)",4D,open,0,-3,3,3,-1,,
3.719573e+03,"Ma(d2,d3,d4)",3D,open,0,-3,3,3,0,,
3.719573e+03,"Ma(d2,d3,d4,d5)",4D,open,0,-3,3,3,1,,
3.719573e+03,"Ma(d2,d3,d4,d5)",4D,open,0,-3,3,3,2,,
3.719573e+03,"Ma(d2,d3,d4,d5)",4D,open,0,-3,3,3,3,,
3.719573e+03,"Ma(d2,d3,d4,d5)",4D,open,0,3,-3,-3,-3,,
3.719573e+03,"Ma(d2,d3,d4,d5)",4D,open,0,3,-3,-3,-2,,
3.719573e+03,"Ma(d2,d3,d4,d5)",4D,open,0,3,-3,-3,-1,,
3.719573e+03,"Ma(d2,d3,d4)",3D,open,0,3,-3,-3,0,,
3.719573e+03,"Ma(d2,d3,d4,d5)",4D,open,0,3,-3,-3,1,,
3.719573e+03,"Ma(d2,d3,d4,d5)",4D,open,0,3,-3,-3,2,,
3.719573e+03,"Ma(d2,d3,d4,d5)",4D,open,0,3,-3,-3,3,,
3.719573e+03,"Ma(d2,d3,d4,d5)",4D,open,0,3,-3,3,-3,,
3.719573e+03,"Ma(d2,d3,d4,d5)",4D,open,0,3,-3,3,-2,,
3.719573e+03,"Ma(d2,d3,d4,d5)",4D,open,0,3,-3,3,-1,,
3.719573e+03,"Ma(d2,d3,d4)",3D,open,0,3,-3,3,0,,
3.719573e+03,"Ma(d2,d3,d4,d5)",4D,open,0,3,-3,3,1,,
3.719573e+03,"Ma(d2,d3,d4,d5)",4D,open,0,3,-3,3,2,,
3.719573e+03,"Ma(d2,d3,d4,d5)",4D,open,0,3,-3,3,3,,
3.719573e+03,"Ma(d2,d3,d4,d5)",4D,open,0,3,3,-3,-3,,
3.719573e+03,"Ma(d2,d3,d4,d5)",4D,open,0,3,3,-3,-2,,
3.719573e+03,"Ma(d2,d3,d4,d5)",4D,open,0,3,3,-3,-1,,
3.719573e+03,"Ma(d2,d3,d4)",3D,open,0,3,3,-3,0,,
3.719573e+03,"Ma(d2,d3,d4,d5)",4D,open,0,3,3,-3,1,,
3.719573e+03,"Ma(d2,d3,d4,d5)",4D,open,0,3,3,-3,2,,
3.719573e+03,"Ma(d2,d3,d4,d5)",4D,open,0,3,3,-3,3,,
3.719573e+03,"Ma(d2,d3,d4,d5)",4D,open,0,3,3,3,-3,,
3.719573e+03,"Ma(d2,d3,d4,d5)",4D,open,0,3,3,3,-2,,
3.719573e+03,"Ma(d2,d3,d4,d5)",4D,open,0,3,3,3,-1,,
3.719573e+03,"Ma(d2,d3,d4)",3D,open,0,3,3,3,0,,
3.719573e+03,"Ma(d2,d3,d4,d5)",4D,open,0,3,3,3,1,,
3.719573e+03,"Ma(d2,d3,d4,d5)",4D,open,0,3,3,3,2,,
3.719573e+03,"Ma(d2,d3,d4,d5)",4D,open,0,3,3,3,3,,
3.719926e+03,"Ma(d2,d3)",2D,closed,0,-3,3,0,0,d2,1.9318
3.719926e+03,"Ma(d2,d3)",2D,closed,0,3,-3,0,0,d2,1.9318
4.008261e+03,"Ma(d1,d3)",2D,closed,-2,0,-1,0,0,d3,1.9764
4.008261e+03,"Ma(d1,d3)",2D,closed,2,0,1,0,0,d3,1.9764
4.874815e+03,"Ma(d2,d3)",2D,closed,0,-2,1,0,0,d3,1.9318
4.874815e+03,"Ma(d2,d3)",2D,closed,0,2,-1,0,0,d3,1.9318
4.958971e+03,"Ma(d2,d4)",2D,closed,0,-2,0,1,0,d4,1.9997
4.958971e+03,"Ma(d2,d4)",2D,closed,0,2,0,-1,0,d4,1.9997
4.959368e+03,"Ma(d2,d5)",2D,closed,0,-2,0,0,1,d5,2.0000
4.959368e+03,"Ma(d2,d5)",2D,closed,0,2,0,0,-1,d5,2.0000
6.114656e+03,"Ma(d2,d3)",2D,closed,0,-3,1,0,0,d3,1.9318
6.114656e+03,"Ma(d2,d3)",2D,closed,0,3,-1,0,0,d3,1.9318
6.198813e+03,"Ma(d2,d4)",2D,closed,0,-3,0,1,0,d4,1.9997
6.198813e+03,"Ma(d2,d4)",2D,closed,0,3,0,-1,0,d4,1.9997
6.199210e+03,"Ma(d2,d5)",2D,closed,0,-3,0,0,1,d5,2.0000
6.199210e+03,"Ma(d2,d5)",2D,closed,0,3,0,0,-1,d5,2.0000
7.269948e+03,"Ma(d2,d3)",2D,closed,0,-2,2,0,0,d3,1.9318
7.269948e+03,"Ma(d2,d3)",2D,closed,0,2,-2,0,0,d3,1.9318
7.438258e+03,"Ma(d2,d4)",2D,closed,0,-2,0,2,0,d4,1.9997
7.438258e+03,"Ma(d2,d4)",2D,closed,0,2,0,-2,0,d4,1.9997
7.439052e+03,"Ma(d2,d5)",2D,closed,0,-2,0,0,2,d5,2.0000
7.439052e+03,"Ma(d2,d5)",2D,closed,0,2,0,0,-2,d5,2.0000
1.090492e+04,"Ma(d2,d3)",2D,closed,0,-3,3,0,0,d3,1.9318
1.090492e+04,"Ma(d2,d3)",2D,closed,0,3,-3,0,0,d3,1.9318
1.115739e+04,"Ma(d2,d4)",2D,closed,0,-3,0,3,0,d4,1.9997
1.115739e+04,"Ma(d2,d4)",2D,closed,0,3,0,-3,0,d4,1.9997
1.115858e+04,"Ma(d2,d5)",2D,closed,0,-3,0,0,3,d5,2.0000
1.115858e+04,"Ma(d2,d5)",2D,closed,0,3,0,0,-3,d5,2.0000
1.658331e+05,"Ma(d1,d3)",2D,closed,-1,0,-1,0,0,d3,1.9764
1.658331e+05,"Ma(d1,d3)",2D,closed,1,0,1,0,0,d3,1.9764
1.685721e+05,"Ma(d1,d2)",2D,closed,-3,-1,0,0,0,d2,2.0075
1.685721e+05,"Ma(d1,d2)",2D,closed,3,1,0,0,0,d2,2.0075
1.697354e+05,"Ma(d1,d4)",2D,closed,-1,0,0,-1,0,d4,1.9994
1.697354e+05,"Ma(d1,d4)",2D,closed,1,0,0,1,0,d4,1.9994
1.698414e+05,"Ma(d1,d5)",2D,closed,-3,0,0,0,-1,d5,2.0000
1.698414e+05,"Ma(d1,d4)",2D,closed,-1,0,0,-2,0,d1,1.9994
1.698414e+05,"Ma(d1,d5)",2D,closed,-1,0,0,0,-3,d1,2.0000
1.698414e+05,"Ma(d1,d5)",2D,closed,-1,0,0,0,-2,d1,2.0000
1.698414e+05,"Ma(d1,d5)",2D,closed,-1,0,0,0,-1,d1,2.0000
1.698414e+05,"Ma(d1,d5)",2D,closed,-1,0,0,0,-1,d5,2.0000
1.698414e+05,Ma(d1),1D,closed,-1,0,0,0,0,,
1.698414e+05,"Ma(d1,d5)",2D,closed,-1,0,0,0,1,d1,2.0000
1.698414e+05,"Ma(d1,d5)",2D,closed,-1,0,0,0,2,d1,2.0000
1.698414e+05,"Ma(d1,d5)",2D,closed,-1,0,0,0,3,d1,2.0000
1.698414e+05,"Ma(d1,d5)",2D,closed,1,0,0,0,-3,d1,2.0000
1.698414e+05,"Ma(d1,d5)",2D,closed,1,0,0,0,-2,d1,2.0000
1.698414e+05,"Ma(d1,d5)",2D,closed,1,0,0,0,-1,d1,2.0000
1.698414e+05,Ma(d1),1D,closed,1,0,0,0,0,,
1.698414e+05,"Ma(d1,d5)",2D,closed,1,0,0,0,1,d1,2.0000
1.698414e+05,"Ma(d1,d5)",2D,closed,1,0,0,0,1,d5,2.0000
1.698414e+05,"Ma(d1,d5)",2D,closed,1,0,0,0,2,d1,2.0000
1.698414e+05,"Ma(d1,d5)",2D,closed,1,0,0,0,3,d1,2.0000
1.698414e+05,"Ma(d1,d4)",2D,closed,1,0,0,2,0,d1,1.9994
1.698414e+05,"Ma(d1,d5)",2D,closed,3,0,0,0,1,d5,2.0000
1.698414e+05,"Ma(d1,d3)",2D,closed,-1,0,-2,0,0,d1,1.9764
1.698414e+05,"Ma(d1,d3)",2D,closed,1,0,2,0,0,d1,1.9764
1.698414e+05,"Ma(d1,d4)",2D,closed,-1,0,0,-1,0,d1,1.9994
1.698414e+05,"Ma(d1,d4)",2D,closed,1,0,0,1,0,d1,1.9994
1.698414e+05,"Ma(d1,d4,d5)",3D,open,-1,0,0,-1,-3,,
1.698414e+05,"Ma(d1,d4,d5)",3D,open,-1,0,0,-1,-2,,
1.698414e+05,"Ma(d1,d4,d5)",3D,open,-1,0,0,-1,-1,,
1.698414e+05,"Ma(d1,d4,d5)",3D,open,-1,0,0,-1,1,,
1.698414e+05,"Ma(d1,d4,d5)",3D,open,-1,0,0,-1,2,,
1.698414e+05,"Ma(d1,d4,d5)",3D,open,-1,0,0,-1,3,,
1.698414e+05,"Ma(d1,d4,d5)",3D,open,-1,0,0,1,-3,,
1.698414e+05,"Ma(d1,d4,d5)",3D,open,-1,0,0,1,-2,,
1.698414e+05,"Ma(d1,d4,d5)",3D,open,-1,0,0,1,-1,,
1.698414e+05,"Ma(d1,d4,d5)",3D,open,-1,0,0,1,1,,
1.698414e+05,"Ma(d1,d4,d5)",3D,open,-1,0,0,1,2,,
1.698414e+05,"Ma(d1,d4,d5)",3D,open,-1,0,0,1,3,,
1.698414e+05,"Ma(d1,d4,d5)",3D,open,1,0,0,-1,-3,,
1.698414e+05,"Ma(d1,d4,d5)",3D,open,1,0,0,-1,-2,,
1.698414e+05,"Ma(d1,d4,d5)",3D,open,1,0,0,-1,-1,,
1.698414e+05,"Ma(d1,d4,d5)",3D,open,1,0,0,-1,1,,
1.698414e+05,"Ma(d1,d4,d5)",3D,open,1,0,0,-1,2,,
1.698414e+05,"Ma(d1,d4,d5)",3D,open,1,0,0,-1,3,,
1.698414e+05,"Ma(d1,d4,d5)",3D,open,1,0,0,1,-3,,
1.698414e+05,"Ma(d1,d4,d5)",3D,open,1,0,0,1,-2,,
1.698414e+05,"Ma(d1,d4,d5)",3D,open,1,0,0,1,-1,,
1.698414e+05,"Ma(d1,d4,d5)",3D,open,1,0,0,1,1,,
1.698414e+05,"Ma(d1,d4,d5)",3D,open,1,0,0,1,2,,
1.698414e+05,"Ma(d1,d4,d5)",3D,open,1,0,0,1,3,,
1.698414e+05,"Ma(d1,d4)",2D,closed,-1,0,0,-3,0,d1,1.9994
1.698414e+05,"Ma(d1,d4)",2D,closed,1,0,0,3,0,d1,1.9994
1.698414e+05,"Ma(d1,d4,d5)",3D,open,-1,0,0,-2,-3,,
1.698414e+05,"Ma(d1,d4,d5)",3D,open,-1,0,0,-2,-2,,
1.698414e+05,"Ma(d1,d4,d5)",3D,open,-1,0,0,-2,-1,,
1.698414e+05,"Ma(d1,d4,d5)",3D,open,-1,0,0,-2,1,,
1.698414e+05,"Ma(d1,d4,d5)",3D,open,-1,0,0,-2,2,,
1.698414e+05,"Ma(d1,d4,d5)",3D,open,-1,0,0,-2,3,,
1.698414e+05,"Ma(d1,d4,d5)",3D,open,-1,0,0,2,-3,,
1.698414e+05,"Ma(d1,d4,d5)",3D,open,-1,0,0,2,-2,,
1.698414e+05,"Ma(d1,d4,d5)",3D,open,-1,0,0,2,-1,,
1.698414e+05,"Ma(d1,d4,d5)",3D,open,-1,0,0,2,1,,
1.698414e+05,"Ma(d1,d4,d5)",3D,open,-1,0,0,2,2,,
1.698414e+05,"Ma(d1,d4,d5)",3D,open,-1,0,0,2,3,,
1.698414e+05,"Ma(d1,d4,d5)",3D,open,1,0,0,-2,-3,,
1.698414e+05,"Ma(d1,d4,d5)",3D,open,1,0,0,-2,-2,,
1.698414e+05,"Ma(d1,d4,d5)",3D,open,1,0,0,-2,-1,,
1.698414e+05,"Ma(d1,d4,d5)",3D,open,1,0,0,-2,1,,
1.698414e+05,"Ma(d1,d4,d5)",3D,open,1,0,0,-2,2,,
1.698414e+05,"Ma(d1,d4,d5)",3D,open,1,0,0,-2,3,,
1.698414e+05,"Ma(d1,d4,d5)",3D,open,1,0,0,2,-3,,
1.698414e+05,"Ma(d1,d4,d5)",3D,open,1,0,0,2,-2,,
1.698414e+05,"Ma(d1,d4,d5)",3D,open,1,0,0,2,-1,,
1.698414e+05,"Ma(d1,d4,d5)",3D,open,1,0,0,2,1,,
1.698414e+05,"Ma(d1,d4,d5)",3D,open,1,0,0,2,2,,
1.698414e+05,"Ma(d1,d4,d5)",3D,open,1,0,0,2,3,,
1.698414e+05,"Ma(d1,d4)",2D,closed,-1,0,0,1,0,d1,1.9994
1.698414e+05,"Ma(d1,d4)",2D,closed,1,0,0,-1,0,d1,1.9994
1.698414e+05,"Ma(d1,d4,d5)",3D,open,-1,0,0,-3,-3,,
1.698414e+05,"Ma(d1,d4,d5)",3D,open,-1,0,0,-3,-2,,
1.698414e+05,"Ma(d1,d4,d5)",3D,open,-1,0,0,-3,-1,,
1.698414e+05,"Ma(d1,d4,d5)",3D,open,-1,0,0,-3,1,,
1.698414e+05,"Ma(d1,d4,d5)",3D,open,-1,0,0,-3,2,,
1.698414e+05,"Ma(d1,d4,d5)",3D,open,-1,0,0,-3,3,,
1.698414e+05,"Ma(d1,d4,d5)",3D,open,-1,0,0,3,-3,,
1.698414e+05,"Ma(d1,d4,d5)",3D,open,-1,0,0,3,-2,,
1.698414e+05,"Ma(d1,d4,d5)",3D,open,-1,0,0,3,-1,,
1.698414e+05,"Ma(d1,d4,d5)",3D,open,-1,0,0,3,1,,
1.698414e+05,"Ma(d1,d4,d5)",3D,open,-1,0,0,3,2,,
1.698414e+05,"Ma(d1,d4,d5)",3D,open,-1,0,0,3,3,,
1.698414e+05,"Ma(d1,d4,d5)",3D,open,1,0,0,-3,-3,,
1.698414e+05,"Ma(d1,d4,d5)",3D,open,1,0,0,-3,-2,,
1.698414e+05,"Ma(d1,d4,d5)",3D,open,1,0,0,-3,-1,,
1.698414e+05,"Ma(d1,d4,d5)",3D,open,1,0,0,-3,1,,
1.698414e+05,"Ma(d1,d4,d5)",3D,open,1,0,0,-3,2,,
1.698414e+05,"Ma(d1,d4,d5)",3D,open,1,0,0,-3,3,,
1.698414e+05,"Ma(d1,d4,d5)",3D,open,1,0,0,3,-3,,
1.698414e+05,"Ma(d1,d4,d5)",3D,open,1,0,0,3,-2,,
1.698414e+05,"Ma(d1,d4,d5)",3D,open,1,0,0,3,-1,,
1.698414e+05,"Ma(d1,d4,d5)",3D,open,1,0,0,3,1,,
1.698414e+05,"Ma(d1,d4,d5)",3D,open,1,0,0,3,2,,
1.698414e+05,"Ma(d1,d4,d5)",3D,open,1,0,0,3,3,,
1.698414e+05,"Ma(d1,d4)",2D,closed,-1,0,0,2,0,d1,1.9994
1.698414e+05,"Ma(d1,d4)",2D,closed,1,0,0,-2,0,d1,1.9994
1.698414e+05,"Ma(d1,d4)",2D,closed,-1,0,0,3,0,d1,1.9994
1.698414e+05,"Ma(d1,d4)",2D,closed,1,0,0,-3,0,d1,1.9994
1.698414e+05,"Ma(d1,d3)",2D,closed,-1,0,-1,0,0,d1,1.9764
1.698414e+05,"Ma(d1,d3)",2D,closed,1,0,1,0,0,d1,1.9764
1.698414e+05,"Ma(d1,d3,d5)",3D,open,-1,0,-1,0,-3,,
1.698414e+05,"Ma(d1,d3,d5)",3D,open,-1,0,-1,0,-2,,
1.698414e+05,"Ma(d1,d3,d5)",3D,open,-1,0,-1,0,-1,,
1.698414e+05,"Ma(d1,d3,d5)",3D,open,-1,0,-1,0,1,,
1.698414e+05,"Ma(d1,d3,d5)",3D,open,-1,0,-1,0,2,,
1.698414e+05,"Ma(d1,d3,d5)",3D,open,-1,0,-1,0,3,,
1.698414e+05,"Ma(d1,d3,d5)",3D,open,-1,0,1,0,-3,,
1.698414e+05,"Ma(d1,d3,d5)",3D,open,-1,0,1,0,-2,,
1.698414e+05,"Ma(d1,d3,d5)",3D,open,-1,0,1,0,-1,,
1.698414e+05,"Ma(d1,d3,d5)",3D,open,-1,0,1,0,1,,
1.698414e+05,"Ma(d1,d3,d5)",3D,open,-1,0,1,0,2,,
1.698414e+05,"Ma(d1,d3,d5)",3D,open,-1,0,1,0,3,,
1.698414e+05,"Ma(d1,d3,d5)",3D,open,1,0,-1,0,-3,,
1.698414e+05,"Ma(d1,d3,d5)",3D,open,1,0,-1,0,-2,,
1.698414e+05,"Ma(d1,d3,d5)",3D,open,1,0,-1,0,-1,,
1.698414e+05,"Ma(d1,d3,d5)",3D,open,1,0,-1,0,1,,
1.698414e+05,"Ma(d1,d3,d5)",3D,open,1,0,-1,0,2,,
1.698414e+05,"Ma(d1,d3,d5)",3D,open,1,0,-1,0,3,,
1.698414e+05,"Ma(d1,d3,d5)",3D,open,1,0,1,0,-3,,
1.698414e+05,"Ma(d1,d3,d5)",3D,open,1,0,1,0,-2,,
1.698414e+05,"Ma(d1,d3,d5)",3D,open,1,0,1,0,-1,,
1.698414e+05,"Ma(d1,d3,d5)",3D,open,1,0,1,0,1,,
1.698414e+05,"Ma(d1,d3,d5)",3D,open,1,0,1,0,2,,
1.698414e+05,"Ma(d1,d3,d5)",3D,open,1,0,1,0,3,,
1.698414e+05,"Ma(d1,d3,d4,d5)",4D,open,-1,0,-1,-1,-3,,
1.698414e+05,"Ma(d1,d3,d4,d5)",4D,open,-1,0,-1,-1,-2,,
1.698414e+05,"Ma(d1,d3,d4,d5)",4D,open,-1,0,-1,-1,-1,,
1.698414e+05,"Ma(d1,d3,d4)",3D,open,-1,0,-1,-1,0,,
1.698414e+05,"Ma(d1,d3,d4,d5)",4D,open,-1,0,-1,-1,1,,
1.698414e+05,"Ma(d1,d3,d4,d5)",4D,open,-1,0,-1,-1,2,,
1.698414e+05,"Ma(d1,d3,d4,d5)",4D,open,-1,0,-1,-1,3,,
1.698414e+05,"Ma(d1,d3,d4,d5)",4D,open,-1,0,-1,1,-3,,
1.698414e+05,"Ma(d1,d3,d4,d5)",4D,open,-1,0,-1,1,-2,,
1.698414e+05,"Ma(d1,d3,d4,d5)",4D,open,-1,0,-1,1,-1,,
1.698414e+05,"Ma(d1,d3,d4)",3D,open,-1,0,-1,1,0,,
1.698414e+05,"Ma(d1,d3,d4,d5)",4D,open,-1,0,-1,1,1,,
1.698414e+05,"Ma(d1,d3,d4,d5)",4D,open,-1,0,-1,1,2,,
1.698414e+05,"Ma(d1,d3,d4,d5)",4D,open,-1,0,-1,1,3,,
1.698414e+05,"Ma(d1,d3,d4,d5)",4D,open,-1,0,1,-1,-3,,
1.698414e+05,"Ma(d1,d3,d4,d5)",4D,open,-1,0,1,-1,-2,,
1.698414e+05,"Ma(d1,d3,d4,d5)",4D,open,-1,0,1,-1,-1,,
1.698414e+05,"Ma(d1,d3,d4)",3D,open,-1,0,1,-1,0,,
1.698414e+05,"Ma(d1,d3,d4,d5)",4D,open,-1,0,1,-1,1,,
1.698414e+05,"Ma(d1,d3,d4,d5)",4D,open,-1,0,1,-1,2,,
1.698414e+05,"Ma(d1,d3,d4,d5)",4D,open,-1,0,1,-1,3,,
1.698414e+05,"Ma(d1,d3,d4,d5)",4D,open,-1,0,1,1,-3,,
1.698414e+05,"Ma(d1,d3,d4,d5)",4D,open,-1,0,1,1,-2,,
1.698414e+05,"Ma(d1,d3,d4,d5)",4D,open,-1,0,1,1,-1,,
1.698414e+05,"Ma(d1,d3,d4)",3D,open,-1,0,1,1,0,,
1.698414e+05,"Ma(d1,d3,d4,d5)",4D,open,-1,0,1,1,1,,
1.698414e+05,"Ma(d1,d3,d4,d5)",4D,open,-1,0,1,1,2,,
1.698414e+05,"Ma(d1,d3,d4,d5)",4D,open,-1,0,1,1,3,,
1.698414e+05,"Ma(d1,d3,d4,d5)",4D,open,1,0,-1,-1,-3,,
1.698414e+05,"Ma(d1,d3,d4,d5)",4D,open,1,0,-1,-1,-2,,
1.698414e+05,"Ma(d1,d3,d4,d5)",4D,open,1,0,-1,-1,-1,,
1.698414e+05,"Ma(d1,d3,d4)",3D,open,1,0,-1,-1,0,,
1.698414e+05,"Ma(d1,d3,d4,d5)",4D,open,1,0,-1,-1,1,,
1.698414e+05,"Ma(d1,d3,d4,d5)",4D,open,1,0,-1,-1,2,,
1.698414e+05,"Ma(d1,d3,d4,d5)",4D,open,1,0,-1,-1,3,,
1.698414e+05,"Ma(d1,d3,d4,d5)",4D,open,1,0,-1,1,-3,,
1.698414e+05,"Ma(d1,d3,d4,d5)",4D,open,1,0,-1,1,-2,,
1.698414e+05,"Ma(d1,d3,d4,d5)",4D,open,1,0,-1,1,-1,,
1.698414e+05,"Ma(d1,d3,d4)",3D,open,1,0,-1,1,0,,
1.698414e+05,"Ma(d1,d3,d4,d5)",4D,open,1,0,-1,1,1,,
1.698414e+05,"Ma(d1,d3,d4,d5)",4D,open,1,0,-1,1,2,,
1.698414e+05,"Ma(d1,d3,d4,d5)",4D,open,1,0,-1,1,3,,
1.698414e+05,"Ma(d1,d3,d4,d5)",4D,open,1,0,1,-1,-3,,
1.698414e+05,"Ma(d1,d3,d4,d5)",4D,open,1,0,1,-1,-2,,
1.698414e+05,"Ma(d1,d3,d4,d5)",4D,open,1,0,1,-1,-1,,
1.698414e+05,"Ma(d1,d3,d4)",3D,open,1,0,1,-1,0,,
1.698414e+05,"Ma(d1,d3,d4,d5)",4D,open,1,0,1,-1,1,,
1.698414e+05,"Ma(d1,d3,d4,d5)",4D,open,1,0,1,-1,2,,
1.698414e+05,"Ma(d1,d3,d4,d5)",4D,open,1,0,1,-1,3,,
1.698414e+05,"Ma(d1,d3,d4,d5)",4D,open,1,0,1,1,-3,,
1.698414e+05,"Ma(d1,d3,d4,d5)",4D,open,1,0,1,1,-2,,
1.698414e+05,"Ma(d1,d3,d4,d5)",4D,open,1,0,1,1,-1,,
1.698414e+05,"Ma(d1,d3,d4)",3D,open,1,0,1,1,0,,
1.698414e+05,"Ma(d1,d3,d4,d5)",4D,open,1,0,1,1,1,,
1.698414e+05,"Ma(d1,d3,d4,d5)",4D,open,1,0,1,1,2,,
1.698414e+05,"Ma(d1,d3,d4,d5)",4D,open,1,0,1,1,3,,
1.698414e+05,"Ma(d1,d3,d4,d5)",4D,open,-1,0,-1,-2,-3,,
1.698414e+05,"Ma(d1,d3,d4,d5)",4D,open,-1,0,-1,-2,-2,,
1.698414e+05,"Ma(d1,d3,d4,d5)",4D,open,-1,0,-1,-2,-1,,
1.698414e+05,"Ma(d1,d3,d4)",3D,open,-1,0,-1,-2,0,,
1.698414e+05,"Ma(d1,d3,d4,d5)",4D,open,-1,0,-1,-2,1,,
1.698414e+05,"Ma(d1,d3,d4,d5)",4D,open,-1,0,-1,-2,2,,
1.698414e+05,"Ma(d1,d3,d4,d5)",4D,open,-1,0,-1,-2,3,,
1.698414e+05,"Ma(d1,d3,d4,d5)",4D,open,-1,0,-1,2,-3,,
1.698414e+05,"Ma(d1,d3,d4,d5)",4D,open,-1,0,-1,2,-2,,
1.698414e+05,"Ma(d1,d3,d4,d5)",4D,open,-1,0,-1,2,-1,,
1.698414e+05,"Ma(d1,d3,d4)",3D,open,-1,0,-1,2,0,,
1.698414e+05,"Ma(d1,d3,d4,d5)",4D,open,-1,0,-1,2,1,,
1.698414e+05,"Ma(d1,d3,d4,d5)",4D,open,-1,0,-1,2,2,,
1.698414e+05,"Ma(d1,d3,d4,d5)",4D,open,-1,0,-1,2,3,,
1.698414e+05,"Ma(d1,d3,d4,d5)",4D,open,-1,0,1,-2,-3,,
1.698414e+05,"Ma(d1,d3,d4,d5)",4D,open,-1,0,1,-2,-2,,
1.698414e+05,"Ma(d1,d3,d4,d5)",4D,open,-1,0,1,-2,-1,,
1.698414e+05,"Ma(d1,d3,d4)",3D,open,-1,0,1,-2,0,,
1.698414e+05,"Ma(d1,d3,d4,d5)",4D,open,-1,0,1,-2,1,,
1.698414e+05,"Ma(d1,d3,d4,d5)",4D,open,-1,0,1,-2,2,,
1.698414e+05,"Ma(d1,d3,d4,d5)",4D,open,-1,0,1,-2,3,,
1.698414e+05,"Ma(d1,d3,d4,d5)",4D,open,-1,0,1,2,-3,,
1.698414e+05,"Ma(d1,d3,d4,d5)",4D,open,-1,0,1,2,-2,,
1.698414e+05,"Ma(d1,d3,d4,d5)",4D,open,-1,0,1,2,-1,,
1.698414e+05,"Ma(d1,d3,d4)",3D,open,-1,0,1,2,0,,
1.698414e+05,"Ma(d1,d3,d4,d5)",4D,open,-1,0,1,2,1,,
1.698414e+05,"Ma(d1,d3,d4,d5)",4D,open,-1,0,1,2,2,,
1.698414e+05,"Ma(d1,d3,d4,d5)",4D,open,-1,0,1,2,3,,
1.698414e+05,"Ma(d1,d3,d4,d5)",4D,open,1,0,-1,-2,-3,,
1.698414e+05,"Ma(d1,d3,d4,d5)",4D,open,1,0,-1,-2,-2,,
1.698414e+05,"Ma(d1,d3,d4,d5)",4D,open,1,0,-1,-2,-1,,
1.698414e+05,"Ma(d1,d3,d4)",3D,open,1,0,-1,-2,0,,
1.698414e+05,"Ma(d1,d3,d4,d5)",4D,open,1,0,-1,-2,1,,
1.698414e+05,"Ma(d1,d3,d4,d5)",4D,open,1,0,-1,-2,2,,
1.698414e+05,"Ma(d1,d3,d4,d5)",4D,open,1,0,-1,-2,3,,
1.698414e+05,"Ma(d1,d3,d4,d5)",4D,open,1,0,-1,2,-3,,
1.698414e+05,"Ma(d1,d3,d4,d5)",4D,open,1,0,-1,2,-2,,
1.698414e+05,"Ma(d1,d3,d4,d5)",4D,open,1,0,-1,2,-1,,
1.698414e+05,"Ma(d1,d3,d4)",3D,open,1,0,-1,2,0,,
1.698414e+05,"Ma(d1,d3,d4,d5)",4D,open,1,0,-1,2,1,,
1.698414e+05,"Ma(d1,d3,d4,d5)",4D,open,1,0,-1,2,2,,
1.698414e+05,"Ma(d1,d3,d4,d5)",4D,open,1,0,-1,2,3,,
1.698414e+05,"Ma(d1,d3,d4,d5)",4D,open,1,0,1,-2,-3,,
1.698414e+05,"Ma(d1,d3,d4,d5)",4D,open,1,0,1,-2,-2,,
1.698414e+05,"Ma(d1,d3,d4,d5)",4D,open,1,0,1,-2,-1,,
1.698414e+05,"Ma(d1,d3,d4)",3D,open,1,0,1,-2,0,,
1.698414e+05,"Ma(d1,d3,d4,d5)",4D,open,1,0,1,-2,1,,
1.698414e+05,"Ma(d1,d3,d4,d5)",4D,open,1,0,1,-2,2,,
1.698414e+05,"Ma(d1,d3,d4,d5)",4D,open,1,0,1,-2,3,,
1.698414e+05,"Ma(d1,d3,d4,d5)",4D,open,1,0,1,2,-3,,
1.698414e+05,"Ma(d1,d3,d4,d5)",4D,open,1,0,1,2,-2,,
1.698414e+05,"Ma(d1,d3,d4,d5)",4D,open,1,0,1,2,-1,,
1.698414e+05,"Ma(d1,d3,d4)",3D,open,1,0,1,2,0,,
1.698414e+05,"Ma(d1,d3,d4,d5)",4D,open,1,0,1,2,1,,
1.698414e+05,"Ma(d1,d3,d4,d5)",4D,open,1,0,1,2,2,,
1.698414e+05,"Ma(d1,d3,d4,d5)",4D,open,1,0,1,2,3,,
1.698414e+05,"Ma(d1,d3)",2D,closed,-1,0,-3,0,0,d1,1.9764
1.698414e+05,"Ma(d1,d3)",2D,closed,1,0,3,0,0,d1,1.9764
1.698414e+05,"Ma(d1,d3,d4,d5)",4D,open,-1,0,-1,-3,-3,,
1.698414e+05,"Ma(d1,d3,d4,d5)",4D,open,-1,0,-1,-3,-2,,
1.698414e+05,"Ma(d1,d3,d4,d5)",4D,open,-1,0,-1,-3,-1,,
1.698414e+05,"Ma(d1,d3,d4)",3D,open,-1,0,-1,-3,0,,
1.698414e+05,"Ma(d1,d3,d4,d5)",4D,open,-1,0,-1,-3,1,,
1.698414e+05,"Ma(d1,d3,d4,d5)",4D,open,-1,0,-1,-3,2,,
1.698414e+05,"Ma(d1,d3,d4,d5)",4D,open,-1,0,-1,-3,3,,
1.698414e+05,"Ma(d1,d3,d4,d5)",4D,open,-1,0,-1,3,-3,,
1.698414e+05,"Ma(d1,d3,d4,d5)",4D,open,-1,0,-1,3,-2,,
1.698414e+05,"Ma(d1,d3,d4,d5)",4D,open,-1,0,-1,3,-1,,
1.698414e+05,"Ma(d1,d3,d4)",3D,open,-1,0,-1,3,0,,
1.698414e+05,"Ma(d1,d3,d4,d5)",4D,open,-1,0,-1,3,1,,
1.698414e+05,"Ma(d1,d3,d4,d5)",4D,open,-1,0,-1,3,2,,
1.698414e+05,"Ma(d1,d3,d4,d5)",4D,open,-1,0,-1,3,3,,
1.698414e+05,"Ma(d1,d3,d4,d5)",4D,open,-1,0,1,-3,-3,,
1.698414e+05,"Ma(d1,d3,d4,d5)",4D,open,-1,0,1,-3,-2,,
1.698414e+05,"Ma(d1,d3,d4,d5)",4D,open,-1,0,1,-3,-1,,
1.698414e+05,"Ma(d1,d3,d4)",3D,open,-1,0,1,-3,0,,
1.698414e+05,"Ma(d1,d3,d4,d5)",4D,open,-1,0,1,-3,1,,
1.698414e+05,"Ma(d1,d3,d4,d5)",4D,open,-1,0,1,-3,2,,
1.698414e+05,"Ma(d1,d3,d4,d5)",4D,open,-1,0,1,-3,3,,
1.698414e+05,"Ma(d1,d3,d4,d5)",4D,open,-1,0,1,3,-3,,
1.698414e+05,"Ma(d1,d3,d4,d5)",4D,open,-1,0,1,3,-2,,
1.698414e+05,"Ma(d1,d3,d4,d5)",4D,open,-1,0,1,3,-1,,
1.698414e+05,"Ma(d1,d3,d4)",3D,open,-1,0,1,3,0,,
1.698414e+05,"Ma(d1,d3,d4,d5)",4D,open,-1,0,1,3,1,,
1.698414e+05,"Ma(d1,d3,d4,d5)",4D,open,-1,0,1,3,2,,
1.698414e+05,"Ma(d1,d3,d4,d5)",4D,open,-1,0,1,3,3,,
1.698414e+05,"Ma(d1,d3,d4,d5)",4D,open,1,0,-1,-3,-3,,
1.698414e+05,"Ma(d1,d3,d4,d5)",4D,open,1,0,-1,-3,-2,,
1.698414e+05,"Ma(d1,d3,d4,d5)",4D,open,1,0,-1,-3,-1,,
1.698414e+05,"Ma(d1,d3,d4)",3D,open,1,0,-1,-3,0,,
1.698414e+05,"Ma(d1,d3,d4,d5)",4D,open,1,0,-1,-3,1,,
1.698414e+05,"Ma(d1,d3,d4,d5)",4D,open,1,0,-1,-3,2,,
1.698414e+05,"Ma(d1,d3,d4,d5)",4D,open,1,0,-1,-3,3,,
1.698414e+05,"Ma(d1,d3,d4,d5)",4D,open,1,0,-1,3,-3,,
1.698414e+05,"Ma(d1,d3,d4,d5)",4D,open,1,0,-1,3,-2,,
1.698414e+05,"Ma(d1,d3,d4,d5)",4D,open,1,0,-1,3,-1,,
1.698414e+05,"Ma(d1,d3,d4)",3D,open,1,0,-1,3,0,,
1.698414e+05,"Ma(d1,d3,d4,d5)",4D,open,1,0,-1,3,1,,
1.698414e+05,"Ma(d1,d3,d4,d5)",4D,open,1,0,-1,3,2,,
1.698414e+05,"Ma(d1,d3,d4,d5)",4D,open,1,0,-1,3,3,,
1.698414e+05,"Ma(d1,d3,d4,d5)",4D,open,1,0,1,-3,-3,,
1.698414e+05,"Ma(d1,d3,d4,d5)",4D,open,1,0,1,-3,-2,,
1.698414e+05,"Ma(d1,d3,d4,d5)",4D,open,1,0,1,-3,-1,,
1.698414e+05,"Ma(d1,d3,d4)",3D,open,1,0,1,-3,0,,
1.698414e+05,"Ma(d1,d3,d4,d5)",4D,open,1,0,1,-3,1,,
1.698414e+05,"Ma(d1,d3,d4,d5)",4D,open,1,0,1,-3,2,,
1.698414e+05,"Ma(d1,d3,d4,d5)",4D,open,1,0,1,-3,3,,
1.698414e+05,"Ma(d1,d3,d4,d5)",4D,open,1,0,1,3,-3,,
1.698414e+05,"Ma(d1,d3,d4,d5)",4D,open,1,0,1,3,-2,,
1.698414e+05,"Ma(d1,d3,d4,d5)",4D,open,1,0,1,3,-1,,
1.698414e+05,"Ma(d1,d3,d4)",3D,open,1,0,1,3,0,,
1.698414e+05,"Ma(d1,d3,d4,d5)",4D,open,1,0,1,3,1,,
1.698414e+05,"Ma(d1,d3,d4,d5)",4D,open,1,0,1,3,2,,
1.698414e+05,"Ma(d1,d3,d4,d5)",4D,open,1,0,1,3,3,,
1.698414e+05,"Ma(d1,d2)",2D,closed,-1,-2,0,0,0,d1,2.0075
1.698414e+05,"Ma(d1,d2)",2D,closed,1,2,0,0,0,d1,2.0075
1.698414e+05,"Ma(d1,d3,d5)",3D,open,-1,0,-2,0,-3,,
1.698414e+05,"Ma(d1,d3,d5)",3D,open,-1,0,-2,0,-2,,
1.698414e+05,"Ma(d1,d3,d5)",3D,open,-1,0,-2,0,-1,,
1.698414e+05,"Ma(d1,d3,d5)",3D,open,-1,0,-2,0,1,,
1.698414e+05,"Ma(d1,d3,d5)",3D,open,-1,0,-2,0,2,,
1.698414e+05,"Ma(d1,d3,d5)",3D,open,-1,0,-2,0,3,,
1.698414e+05,"Ma(d1,d3,d5)",3D,open,-1,0,2,0,-3,,
1.698414e+05,"Ma(d1,d3,d5)",3D,open,-1,0,2,0,-2,,
1.698414e+05,"Ma(d1,d3,d5)",3D,open,-1,0,2,0,-1,,
1.698414e+05,"Ma(d1,d3,d5)",3D,open,-1,0,2,0,1,,
1.698414e+05,"Ma(d1,d3,d5)",3D,open,-1,0,2,0,2,,
1.698414e+05,"Ma(d1,d3,d5)",3D,open,-1,0,2,0,3,,
1.698414e+05,"Ma(d1,d3,d5)",3D,open,1,0,-2,0,-3,,
1.698414e+05,"Ma(d1,d3,d5)",3D,open,1,0,-2,0,-2,,
1.698414e+05,"Ma(d1,d3,d5)",3D,open,1,0,-2,0,-1,,
1.698414e+05,"Ma(d1,d3,d5)",3D,open,1,0,-2,0,1,,
1.698414e+05,"Ma(d1,d3,d5)",3D,open,1,0,-2,0,2,,
1.698414e+05,"Ma(d1,d3,d5)",3D,open,1,0,-2,0,3,,
1.698414e+05,"Ma(d1,d3,d5)",3D,open,1,0,2,0,-3,,
1.698414e+05,"Ma(d1,d3,d5)",3D,open,1,0,2,0,-2,,
1.698414e+05,"Ma(d1,d3,d5)",3D,open,1,0,2,0,-1,,
1.698414e+05,"Ma(d1,d3,d5)",3D,open,1,0,2,0,1,,
1.698414e+05,"Ma(d1,d3,d5)",3D,open,1,0,2,0,2,,
1.698414e+05,"Ma(d1,d3,d5)",3D,open,1,0,2,0,3,,
1.698414e+05,"Ma(d1,d3,d4,d5)",4D,open,-1,0,-2,-1,-3,,
1.698414e+05,"Ma(d1,d3,d4,d5)",4D,open,-1,0,-2,-1,-2,,
1.698414e+05,"Ma(d1,d3,d4,d5)",4D,open,-1,0,-2,-1,-1,,
1.698414e+05,"Ma(d1,d3,d4)",3D,open,-1,0,-2,-1,0,,
1.698414e+05,"Ma(d1,d3,d4,d5)",4D,open,-1,0,-2,-1,1,,
1.698414e+05,"Ma(d1,d3,d4,d5)",4D,open,-1,0,-2,-1,2,,
1.698414e+05,"Ma(d1,d3,d4,d5)",4D,open,-1,0,-2,-1,3,,
1.698414e+05,"Ma(d1,d3,d4,d5)",4D,open,-1,0,-2,1,-3,,
1.698414e+05,"Ma(d1,d3,d4,d5)",4D,open,-1,0,-2,1,-2,,
1.698414e+05,"Ma(d1,d3,d4,d5)",4D,open,-1,0,-2,1,-1,,
1.698414e+05,"Ma(d1,d3,d4)",3D,open,-1,0,-2,1,0,,
1.698414e+05,"Ma(d1,d3,d4,d5)",4D,open,-1,0,-2,1,1,,
1.698414e+05,"Ma(d1,d3,d4,d5)",4D,open,-1,0,-2,1,2,,
1.698414e+05,"Ma(d1,d3,d4,d5)",4D,open,-1,0,-2,1,3,,
1.698414e+05,"Ma(d1,d3,d4,d5)",4D,open,-1,0,2,-1,-3,,
1.698414e+05,"Ma(d1,d3,d4,d5)",4D,open,-1,0,2,-1,-2,,
1.698414e+05,"Ma(d1,d3,d4,d5)",4D,open,-1,0,2,-1,-1,,
1.698414e+05,"Ma(d1,d3,d4)",3D,open,-1,0,2,-1,0,,
1.698414e+05,"Ma(d1,d3,d4,d5)",4D,open,-1,0,2,-1,1,,
1.698414e+05,"Ma(d1,d3,d4,d5)",4D,open,-1,0,2,-1,2,,
1.698414e+05,"Ma(d1,d3,d4,d5)",4D,open,-1,0,2,-1,3,,
1.698414e+05,"Ma(d1,d3,d4,d5)",4D,open,-1,0,2,1,-3,,
1.698414e+05,"Ma(d1,d3,d4,d5)",4D,open,-1,0,2,1,-2,,
1.698414e+05,"Ma(d1,d3,d4,d5)",4D,open,-1,0,2,1,-1,,
1.698414e+05,"Ma(d1,d3,d4)",3D,open,-1,0,2,1,0,,
1.698414e+05,"Ma(d1,d3,d4,d5)",4D,open,-1,0,2,1,1,,
1.698414e+05,"Ma(d1,d3,d4,d5)",4D,open,-1,0,2,1,2,,
1.698414e+05,"Ma(d1,d3,d4,d5)",4D,open,-1,0,2,1,3,,
1.698414e+05,"Ma(d1,d3,d4,d5)",4D,open,1,0,-2,-1,-3,,
1.698414e+05,"Ma(d1,d3,d4,d5)",4D,open,1,0,-2,-1,-2,,
1.698414e+05,"Ma(d1,d3,d4,d5)",4D,open,1,0,-2,-1,-1,,
1.698414e+05,"Ma(d1,d3,d4)",3D,open,1,0,-2,-1,0,,
1.698414e+05,"Ma(d1,d3,d4,d5)",4D,open,1,0,-2,-1,1,,
1.698414e+05,"Ma(d1,d3,d4,d5)",4D,open,1,0,-2,-1,2,,
1.698414e+05,"Ma(d1,d3,d4,d5)",4D,open,1,0,-2,-1,3,,
1.698414e+05,"Ma(d1,d3,d4,d5)",4D,open,1,0,-2,1,-3,,
1.698414e+05,"Ma(d1,d3,d4,d5)",4D,open,1,0,-2,1,-2,,
1.698414e+05,"Ma(d1,d3,d4,d5)",4D,open,1,0,-2,1,-1,,
1.698414e+05,"Ma(d1,d3,d4)",3D,open,1,0,-2,1,0,,
1.698414e+05,"Ma(d1,d3,d4,d5)",4D,open,1,0,-2,1,1,,
1.698414e+05,"Ma(d1,d3,d4,d5)",4D,open,1,0,-2,1,2,,
1.698414e+05,"Ma(d1,d3,d4,d5)",4D,open,1,0,-2,1,3,,
1.698414e+05,"Ma(d1,d3,d4,d5)",4D,open,1,0,2,-1,-3,,
1.698414e+05,"Ma(d1,d3,d4,d5)",4D,open,1,0,2,-1,-2,,
1.698414e+05,"Ma(d1,d3,d4,d5)",4D,open,1,0,2,-1,-1,,
1.698414e+05,"Ma(d1,d3,d4)",3D,open,1,0,2,-1,0,,
1.698414e+05,"Ma(d1,d3,d4,d5)",4D,open,1,0,2,-1,1,,
1.698414e+05,"Ma(d1,d3,d4,d5)",4D,open,1,0,2,-1,2,,
1.698414e+05,"Ma(d1,d3,d4,d5)",4D,open,1,0,2,-1,3,,
1.698414e+05,"Ma(d1,d3,d4,d5)",4D,open,1,0,2,1,-3,,
1.698414e+05,"Ma(d1,d3,d4,d5)",4D,open,1,0,2,1,-2,,
1.698414e+05,"Ma(d1,d3,d4,d5)",4D,open,1,0,2,1,-1,,
1.698414e+05,"Ma(d1,d3,d4)",3D,open,1,0,2,1,0,,
1.698414e+05,"Ma(d1,d3,d4,d5)",4D,open,1,0,2,1,1,,
1.698414e+05,"Ma(d1,d3,d4,d5)",4D,open,1,0,2,1,2,,
1.698414e+05,"Ma(d1,d3,d4,d5)",4D,open,1,0,2,1,3,,
1.698414e+05,"Ma(d1,d3,d4,d5)",4D,open,-1,0,-2,-2,-3,,
1.698414e+05,"Ma(d1,d3,d4,d5)",4D,open,-1,0,-2,-2,-2,,
1.698414e+05,"Ma(d1,d3,d4,d5)",4D,open,-1,0,-2,-2,-1,,
1.698414e+05,"Ma(d1,d3,d4)",3D,open,-1,0,-2,-2,0,,
1.698414e+05,"Ma(d1,d3,d4,d5)",4D,open,-1,0,-2,-2,1,,
1.698414e+05,"Ma(d1,d3,d4,d5)",4D,open,-1,0,-2,-2,2,,
1.698414e+05,"Ma(d1,d3,d4,d5)",4D,open,-1,0,-2,-2,3,,
1.698414e+05,"Ma(d1,d3,d4,d5)",4D,open,-1,0,-2,2,-3,,
1.698414e+05,"Ma(d1,d3,d4,d5)",4D,open,-1,0,-2,2,-2,,
1.698414e+05,"Ma(d1,d3,d4,d5)",4D,open,-1,0,-2,2,-1,,
1.698414e+05,"Ma(d1,d3,d4)",3D,open,-1,0,-2,2,0,,
1.698414e+05,"Ma(d1,d3,d4,d5)",4D,open,-1,0,-2,2,1,,
1.698414e+05,"Ma(d1,d3,d4,d5)",4D,open,-1,0,-2,2,2,,
1.698414e+05,"Ma(d1,d3,d4,d5)",4D,open,-1,0,-2,2,3,,
1.698414e+05,"Ma(d1,d3,d4,d5)",4D,open,-1,0,2,-2,-3,,
1.698414e+05,"Ma(d1,d3,d4,d5)",4D,open,-1,0,2,-2,-2,,
1.698414e+05,"Ma(d1,d3,d4,d5)",4D,open,-1,0,2,-2,-1,,
1.698414e+05,"Ma(d1,d3,d4)",3D,open,-1,0,2,-2,0,,
1.698414e+05,"Ma(d1,d3,d4,d5)",4D,open,-1,0,2,-2,1,,
1.698414e+05,"Ma(d1,d3,d4,d5)",4D,open,-1,0,2,-2,2,,
1.698414e+05,"Ma(d1,d3,d4,d5)",4D,open,-1,0,2,-2,3,,
1.698414e+05,"Ma(d1,d3,d4,d5)",4D,open,-1,0,2,2,-3,,
1.698414e+05,"Ma(d1,d3,d4,d5)",4D,open,-1,0,2,2,-2,,
1.698414e+05,"Ma(d1,d3,d4,d5)",4D,open,-1,0,2,2,-1,,
1.698414e+05,"Ma(d1,d3,d4)",3D,open,-1,0,2,2,0,,
1.698414e+05,"Ma(d1,d3,d4,d5)",4D,open,-1,0,2,2,1,,
1.698414e+05,"Ma(d1,d3,d4,d5)",4D,open,-1,0,2,2,2,,
1.698414e+05,"Ma(d1,d3,d4,d5)",4D,open,-1,0,2,2,3,,
1.698414e+05,"Ma(d1,d3,d4,d5)",4D,open,1,0,-2,-2,-3,,
1.698414e+05,"Ma(d1,d3,d4,d5)",4D,open,1,0,-2,-2,-2,,
1.698414e+05,"Ma(d1,d3,d4,d5)",4D,open,1,0,-2,-2,-1,,
1.698414e+05,"Ma(d1,d3,d4)",3D,open,1,0,-2,-2,0,,
1.698414e+05,"Ma(d1,d3,d4,d5)",4D,open,1,0,-2,-2,1,,
1.698414e+05,"Ma(d1,d3,d4,d5)",4D,open,1,0,-2,-2,2,,
1.698414e+05,"Ma(d1,d3,d4,d5)",4D,open,1,0,-2,-2,3,,
1.698414e+05,"Ma(d1,d3,d4,d5)",4D,open,1,0,-2,2,-3,,
1.698414e+05,"Ma(d1,d3,d4,d5)",4D,open,1,0,-2,2,-2,,
1.698414e+05,"Ma(d1,d3,d4,d5)",4D,open,1,0,-2,2,-1,,
1.698414e+05,"Ma(d1,d3,d4)",3D,open,1,0,-2,2,0,,
1.698414e+05,"Ma(d1,d3,d4,d5)",4D,open,1,0,-2,2,1,,
1.698414e+05,"Ma(d1,d3,d4,d5)",4D,open,1,0,-2,2,2,,
1.698414e+05,"Ma(d1,d3,d4,d5)",4D,open,1,0,-2,2,3,,
1.698414e+05,"Ma(d1,d3,d4,d5)",4D,open,1,0,2,-2,-3,,
1.698414e+05,"Ma(d1,d3,d4,d5)",4D,open,1,0,2,-2,-2,,
1.698414e+05,"Ma(d1,d3,d4,d5)",4D,open,1,0,2,-2,-1,,
1.698414e+05,"Ma(d1,d3,d4)",3D,open,1,0,2,-2,0,,
1.698414e+05,"Ma(d1,d3,d4,d5)",4D,open,1,0,2,-2,1,,
1.698414e+05,"Ma(d1,d3,d4,d5)",4D,open,1,0,2,-2,2,,
1.698414e+05,"Ma(d1,d3,d4,d5)",4D,open,1,0,2,-2,3,,
1.698414e+05,"Ma(d1,d3,d4,d5)",4D,open,1,0,2,2,-3,,
1.698414e+05,"Ma(d1,d3,d4,d5)",4D,open,1,0,2,2,-2,,
1.698414e+05,"Ma(d1,d3,d4,d5)",4D,open,1,0,2,2,-1,,
1.698414e+05,"Ma(d1,d3,d4)",3D,open,1,0,2,2,0,,
1.698414e+05,"Ma(d1,d3,d4,d5)",4D,open,1,0,2,2,1,,
1.698414e+05,"Ma(d1,d3,d4,d5)",4D,open,1,0,2,2,2,,
1.698414e+05,"Ma(d1,d3,d4,d5)",4D,open,1,0,2,2,3,,
1.698414e+05,"Ma(d1,d3,d4,d5)",4D,open,-1,0,-2,-3,-3,,
1.698414e+05,"Ma(d1,d3,d4,d5)",4D,open,-1,0,-2,-3,-2,,
1.698414e+05,"Ma(d1,d3,d4,d5)",4D,open,-1,0,-2,-3,-1,,
1.698414e+05,"Ma(d1,d3,d4)",3D,open,-1,0,-2,-3,0,,
1.698414e+05,"Ma(d1,d3,d4,d5)",4D,open,-1,0,-2,-3,1,,
1.698414e+05,"Ma(d1,d3,d4,d5)",4D,open,-1,0,-2,-3,2,,
1.698414e+05,"Ma(d1,d3,d4,d5)",4D,open,-1,0,-2,-3,3,,
1.698414e+05,"Ma(d1,d3,d4,d5)",4D,open,-1,0,-2,3,-3,,
1.698414e+05,"Ma(d1,d3,d4,d5)",4D,open,-1,0,-2,3,-2,,
1.698414e+05,"Ma(d1,d3,d4,d5)",4D,open,-1,0,-2,3,-1,,
1.698414e+05,"Ma(d1,d3,d4)",3D,open,-1,0,-2,3,0,,
1.698414e+05,"Ma(d1,d3,d4,d5)",4D,open,-1,0,-2,3,1,,
1.698414e+05,"Ma(d1,d3,d4,d5)",4D,open,-1,0,-2,3,2,,
1.698414e+05,"Ma(d1,d3,d4,d5)",4D,open,-1,0,-2,3,3,,
1.698414e+05,"Ma(d1,d3,d4,d5)",4D,open,-1,0,2,-3,-3,,
1.698414e+05,"Ma(d1,d3,d4,d5)",4D,open,-1,0,2,-3,-2,,
1.698414e+05,"Ma(d1,d3,d4,d5)",4D,open,-1,0,2,-3,-1,,
1.698414e+05,"Ma(d1,d3,d4)",3D,open,-1,0,2,-3,0,,
1.698414e+05,"Ma(d1,d3,d4,d5)",4D,open,-1,0,2,-3,1,,
1.698414e+05,"Ma(d1,d3,d4,d5)",4D,open,-1,0,2,-3,2,,
1.698414e+05,"Ma(d1,d3,d4,d5)",4D,open,-1,0,2,-3,3,,
1.698414e+05,"Ma(d1,d3,d4,d5)",4D,open,-1,0,2,3,-3,,
1.698414e+05,"Ma(d1,d3,d4,d5)",4D,open,-1,0,2,3,-2,,
1.698414e+05,"Ma(d1,d3,d4,d5)",4D,open,-1,0,2,3,-1,,
1.698414e+05,"Ma(d1,d3,d4)",3D,open,-1,0,2,3,0,,
1.698414e+05,"Ma(d1,d3,d4,d5)",4D,open,-1,0,2,3,1,,
1.698414e+05,"Ma(d1,d3,d4,d5)",4D,open,-1,0,2,3,2,,
1.698414e+05,"Ma(d1,d3,d4,d5)",4D,open,-1,0,2,3,3,,
1.698414e+05,"Ma(d1,d3,d4,d5)",4D,open,1,0,-2,-3,-3,,
1.698414e+05,"Ma(d1,d3,d4,d5)",4D,open,1,0,-2,-3,-2,,
1.698414e+05,"Ma(d1,d3,d4,d5)",4D,open,1,0,-2,-3,-1,,
1.698414e+05,"Ma(d1,d3,d4)",3D,open,1,0,-2,-3,0,,
1.698414e+05,"Ma(d1,d3,d4,d5)",4D,open,1,0,-2,-3,1,,
1.698414e+05,"Ma(d1,d3,d4,d5)",4D,open,1,0,-2,-3,2,,
1.698414e+05,"Ma(d1,d3,d4,d5)",4D,open,1,0,-2,-3,3,,
1.698414e+05,"Ma(d1,d3,d4,d5)",4D,open,1,0,-2,3,-3,,
1.698414e+05,"Ma(d1,d3,d4,d5)",4D,open,1,0,-2,3,-2,,
1.698414e+05,"Ma(d1,d3,d4,d5)",4D,open,1,0,-2,3,-1,,
1.698414e+05,"Ma(d1,d3,d4)",3D,open,1,0,-2,3,0,,
1.698414e+05,"Ma(d1,d3,d4,d5)",4D,open,1,0,-2,3,1,,
1.698414e+05,"Ma(d1,d3,d4,d5)",4D,open,1,0,-2,3,2,,
1.698414e+05,"Ma(d1,d3,d4,d5)",4D,open,1,0,-2,3,3,,
1.698414e+05,"Ma(d1,d3,d4,d5)",4D,open,1,0,2,-3,-3,,
1.698414e+05,"Ma(d1,d3,d4,d5)",4D,open,1,0,2,-3,-2,,
1.698414e+05,"Ma(d1,d3,d4,d5)",4D,open,1,0,2,-3,-1,,
1.698414e+05,"Ma(d1,d3,d4)",3D,open,1,0,2,-3,0,,
1.698414e+05,"Ma(d1,d3,d4,d5)",4D,open,1,0,2,-3,1,,
1.698414e+05,"Ma(d1,d3,d4,d5)",4D,open,1,0,2,-3,2,,
1.698414e+05,"Ma(d1,d3,d4,d5)",4D,open,1,0,2,-3,3,,
1.698414e+05,"Ma(d1,d3,d4,d5)",4D,open,1,0,2,3,-3,,
1.698414e+05,"Ma(d1,d3,d4,d5)",4D,open,1,0,2,3,-2,,
1.698414e+05,"Ma(d1,d3,d4,d5)",4D,open,1,0,2,3,-1,,
1.698414e+05,"Ma(d1,d3,d4)",3D,open,1,0,2,3,0,,
1.698414e+05,"Ma(d1,d3,d4,d5)",4D,open,1,0,2,3,1,,
1.698414e+05,"Ma(d1,d3,d4,d5)",4D,open,1,0,2,3,2,,
1.698414e+05,"Ma(d1,d3,d4,d5)",4D,open,1,0,2,3,3,,
1.698414e+05,"Ma(d1,d3)",2D,closed,-1,0,1,0,0,d1,1.9764
1.698414e+05,"Ma(d1,d3)",2D,closed,1,0,-1,0,0,d1,1.9764
1.698414e+05,"Ma(d1,d3,d5)",3D,open,-1,0,-3,0,-3,,
1.698414e+05,"Ma(d1,d3,d5)",3D,open,-1,0,-3,0,-2,,
1.698414e+05,"Ma(d1,d3,d5)",3D,open,-1,0,-3,0,-1,,
1.698414e+05,"Ma(d1,d3,d5)",3D,open,-1,0,-3,0,1,,
1.698414e+05,"Ma(d1,d3,d5)",3D,open,-1,0,-3,0,2,,
1.698414e+05,"Ma(d1,d3,d5)",3D,open,-1,0,-3,0,3,,
1.698414e+05,"Ma(d1,d3,d5)",3D,open,-1,0,3,0,-3,,
1.698414e+05,"Ma(d1,d3,d5)",3D,open,-1,0,3,0,-2,,
1.698414e+05,"Ma(d1,d3,d5)",3D,open,-1,0,3,0,-1,,
1.698414e+05,"Ma(d1,d3,d5)",3D,open,-1,0,3,0,1,,
1.698414e+05,"Ma(d1,d3,d5)",3D,open,-1,0,3,0,2,,
1.698414e+05,"Ma(d1,d3,d5)",3D,open,-1,0,3,0,3,,
1.698414e+05,"Ma(d1,d3,d5)",3D,open,1,0,-3,0,-3,,
1.698414e+05,"Ma(d1,d3,d5)",3D,open,1,0,-3,0,-2,,
1.698414e+05,"Ma(d1,d3,d5)",3D,open,1,0,-3,0,-1,,
1.698414e+05,"Ma(d1,d3,d5)",3D,open,1,0,-3,0,1,,
1.698414e+05,"Ma(d1,d3,d5)",3D,open,1,0,-3,0,2,,
1.698414e+05,"Ma(d1,d3,d5)",3D,open,1,0,-3,0,3,,
1.698414e+05,"Ma(d1,d3,d5)",3D,open,1,0,3,0,-3,,
1.698414e+05,"Ma(d1,d3,d5)",3D,open,1,0,3,0,-2,,
1.698414e+05,"Ma(d1,d3,d5)",3D,open,1,0,3,0,-1,,
1.698414e+05,"Ma(d1,d3,d5)",3D,open,1,0,3,0,1,,
1.698414e+05,"Ma(d1,d3,d5)",3D,open,1,0,3,0,2,,
1.698414e+05,"Ma(d1,d3,d5)",3D,open,1,0,3,0,3,,
1.698414e+05,"Ma(d1,d3,d4,d5)",4D,open,-1,0,-3,-1,-3,,
1.698414e+05,"Ma(d1,d3,d4,d5)",4D,open,-1,0,-3,-1,-2,,
1.698414e+05,"Ma(d1,d3,d4,d5)",4D,open,-1,0,-3,-1,-1,,
1.698414e+05,"Ma(d1,d3,d4)",3D,open,-1,0,-3,-1,0,,
1.698414e+05,"Ma(d1,d3,d4,d5)",4D,open,-1,0,-3,-1,1,,
1.698414e+05,"Ma(d1,d3,d4,d5)",4D,open,-1,0,-3,-1,2,,
1.698414e+05,"Ma(d1,d3,d4,d5)",4D,open,-1,0,-3,-1,3,,
1.698414e+05,"Ma(d1,d3,d4,d5)",4D,open,-1,0,-3,1,-3,,
1.698414e+05,"Ma(d1,d3,d4,d5)",4D,open,-1,0,-3,1,-2,,
1.698414e+05,"Ma(d1,d3,d4,d5)",4D,open,-1,0,-3,1,-1,,
1.698414e+05,"Ma(d1,d3,d4)",3D,open,-1,0,-3,1,0,,
1.698414e+05,"Ma(d1,d3,d4,d5)",4D,open,-1,0,-3,1,1,,
1.698414e+05,"Ma(d1,d3,d4,d5)",4D,open,-1,0,-3,1,2,,
1.698414e+05,"Ma(d1,d3,d4,d5)",4D,open,-1,0,-3,1,3,,
1.698414e+05,"Ma(d1,d3,d4,d5)",4D,open,-1,0,3,-1,-3,,
1.698414e+05,"Ma(d1,d3,d4,d5)",4D,open,-1,0,3,-1,-2,,
1.698414e+05,"Ma(d1,d3,d4,d5)",4D,open,-1,0,3,-1,-1,,
1.698414e+05,"Ma(d1,d3,d4)",3D,open,-1,0,3,-1,0,,
1.698414e+05,"Ma(d1,d3,d4,d5)",4D,open,-1,0,3,-1,1,,
1.698414e+05,"Ma(d1,d3,d4,d5)",4D,open,-1,0,3,-1,2,,
1.698414e+05,"Ma(d1,d3,d4,d5)",4D,open,-1,0,3,-1,3,,
1.698414e+05,"Ma(d1,d3,d4,d5)",4D,open,-1,0,3,1,-3,,
1.698414e+05,"Ma(d1,d3,d4,d5)",4D,open,-1,0,3,1,-2,,
1.698414e+05,"Ma(d1,d3,d4,d5)",4D,open,-1,0,3,1,-1,,
1.698414e+05,"Ma(d1,d3,d4)",3D,open,-1,0,3,1,0,,
1.698414e+05,"Ma(d1,d3,d4,d5)",4D,open,-1,0,3,1,1,,
1.698414e+05,"Ma(d1,d3,d4,d5)",4D,open,-1,0,3,1,2,,
1.698414e+05,"Ma(d1,d3,d4,d5)",4D,open,-1,0,3,1,3,,
1.698414e+05,"Ma(d1,d3,d4,d5)",4D,open,1,0,-3,-1,-3,,
1.698414e+05,"Ma(d1,d3,d4,d5)",4D,open,1,0,-3,-1,-2,,
1.698414e+05,"Ma(d1,d3,d4,d5)",4D,open,1,0,-3,-1,-1,,
1.698414e+05,"Ma(d1,d3,d4)",3D,open,1,0,-3,-1,0,,
1.698414e+05,"Ma(d1,d3,d4,d5)",4D,open,1,0,-3,-1,1,,
1.698414e+05,"Ma(d1,d3,d4,d5)",4D,open,1,0,-3,-1,2,,
1.698414e+05,"Ma(d1,d3,d4,d5)",4D,open,1,0,-3,-1,3,,
1.698414e+05,"Ma(d1,d3,d4,d5)",4D,open,1,0,-3,1,-3,,
1.698414e+05,"Ma(d1,d3,d4,d5)",4D,open,1,0,-3,1,-2,,
1.698414e+05,"Ma(d1,d3,d4,d5)",4D,open,1,0,-3,1,-1,,
1.698414e+05,"Ma(d1,d3,d4)",3D,open,1,0,-3,1,0,,
1.698414e+05,"Ma(d1,d3,d4,d5)",4D,open,1,0,-3,1,1,,
1.698414e+05,"Ma(d1,d3,d4,d5)",4D,open,1,0,-3,1,2,,
1.698414e+05,"Ma(d1,d3,d4,d5)",4D,open,1,0,-3,1,3,,
1.698414e+05,"Ma(d1,d3,d4,d5)",4D,open,1,0,3,-1,-3,,
1.698414e+05,"Ma(d1,d3,d4,d5)",4D,open,1,0,3,-1,-2,,
1.698414e+05,"Ma(d1,d3,d4,d5)",4D,open,1,0,3,-1,-1,,
1.698414e+05,"Ma(d1,d3,d4)",3D,open,1,0,3,-1,0,,
1.698414e+05,"Ma(d1,d3,d4,d5)",4D,open,1,0,3,-1,1,,
1.698414e+05,"Ma(d1,d3,d4,d5)",4D,open,1,0,3,-1,2,,
1.698414e+05,"Ma(d1,d3,d4,d5)",4D,open,1,0,3,-1,3,,
1.698414e+05,"Ma(d1,d3,d4,d5)",4D,open,1,0,3,1,-3,,
1.698414e+05,"Ma(d1,d3,d4,d5)",4D,open,1,0,3,1,-2,,
1.698414e+05,"Ma(d1,d3,d4,d5)",4D,open,1,0,3,1,-1,,
1.698414e+05,"Ma(d1,d3,d4)",3D,open,1,0,3,1,0,,
1.698414e+05,"Ma(d1,d3,d4,d5)",4D,open,1,0,3,1,1,,
1.698414e+05,"Ma(d1,d3,d4,d5)",4D,open,1,0,3,1,2,,
1.698414e+05,"Ma(d1,d3,d4,d5)",4D,open,1,0,3,1,3,,
1.698414e+05,"Ma(d1,d3,d4,d5)",4D,open,-1,0,-3,-2,-3,,
1.698414e+05,"Ma(d1,d3,d4,d5)",4D,open,-1,0,-3,-2,-2,,
1.698414e+05,"Ma(d1,d3,d4,d5)",4D,open,-1,0,-3,-2,-1,,
1.698414e+05,"Ma(d1,d3,d4)",3D,open,-1,0,-3,-2,0,,
1.698414e+05,"Ma(d1,d3,d4,d5)",4D,open,-1,0,-3,-2,1,,
1.698414e+05,"Ma(d1,d3,d4,d5)",4D,open,-1,0,-3,-2,2,,
1.698414e+05,"Ma(d1,d3,d4,d5)",4D,open,-1,0,-3,-2,3,,
1.698414e+05,"Ma(d1,d3,d4,d5)",4D,open,-1,0,-3,2,-3,,
1.698414e+05,"Ma(d1,d3,d4,d5)",4D,open,-1,0,-3,2,-2,,
1.698414e+05,"Ma(d1,d3,d4,d5)",4D,open,-1,0,-3,2,-1,,
1.698414e+05,"Ma(d1,d3,d4)",3D,open,-1,0,-3,2,0,,
1.698414e+05,"Ma(d1,d3,d4,d5)",4D,open,-1,0,-3,2,1,,
1.698414e+05,"Ma(d1,d3,d4,d5)",4D,open,-1,0,-3,2,2,,
1.698414e+05,"Ma(d1,d3,d4,d5)",4D,open,-1,0,-3,2,3,,
1.698414e+05,"Ma(d1,d3,d4,d5)",4D,open,-1,0,3,-2,-3,,
1.698414e+05,"Ma(d1,d3,d4,d5)",4D,open,-1,0,3,-2,-2,,
1.698414e+05,"Ma(d1,d3,d4,d5)",4D,open,-1,0,3,-2,-1,,
1.698414e+05,"Ma(d1,d3,d4)",3D,open,-1,0,3,-2,0,,
1.698414e+05,"Ma(d1,d3,d4,d5)",4D,open,-1,0,3,-2,1,,
1.698414e+05,"Ma(d1,d3,d4,d5)",4D,open,-1,0,3,-2,2,,
1.698414e+05,"Ma(d1,d3,d4,d5)",4D,open,-1,0,3,-2,3,,
1.698414e+05,"Ma(d1,d3,d4,d5)",4D,open,-1,0,3,2,-3,,
1.698414e+05,"Ma(d1,d3,d4,d5)",4D,open,-1,0,3,2,-2,,
1.698414e+05,"Ma(d1,d3,d4,d5)",4D,open,-1,0,3,2,-1,,
1.698414e+05,"Ma(d1,d3,d4)",3D,open,-1,0,3,2,0,,
1.698414e+05,"Ma(d1,d3,d4,d5)",4D,open,-1,0,3,2,1,,
1.698414e+05,"Ma(d1,d3,d4,d5)",4D,open,-1,0,3,2,2,,
1.698414e+05,"Ma(d1,d3,d4,d5)",4D,open,-1,0,3,2,3,,
1.698414e+05,"Ma(d1,d3,d4,d5)",4D,open,1,0,-3,-2,-3,,
1.698414e+05,"Ma(d1,d3,d4,d5)",4D,open,1,0,-3,-2,-2,,
1.698414e+05,"Ma(d1,d3,d4,d5)",4D,open,1,0,-3,-2,-1,,
1.698414e+05,"Ma(d1,d3,d4)",3D,open,1,0,-3,-2,0,,
1.698414e+05,"Ma(d1,d3,d4,d5)",4D,open,1,0,-3,-2,1,,
1.698414e+05,"Ma(d1,d3,d4,d5)",4D,open,1,0,-3,-2,2,,
1.698414e+05,"Ma(d1,d3,d4,d5)",4D,open,1,0,-3,-2,3,,
1.698414e+05,"Ma(d1,d3,d4,d5)",4D,open,1,0,-3,2,-3,,
1.698414e+05,"Ma(d1,d3,d4,d5)",4D,open,1,0,-3,2,-2,,
1.698414e+05,"Ma(d1,d3,d4,d5)",4D,open,1,0,-3,2,-1,,
1.698414e+05,"Ma(d1,d3,d4)",3D,open,1,0,-3,2,0,,
1.698414e+05,"Ma(d1,d3,d4,d5)",4D,open,1,0,-3,2,1,,
1.698414e+05,"Ma(d1,d3,d4,d5)",4D,open,1,0,-3,2,2,,
1.698414e+05,"Ma(d1,d3,d4,d5)",4D,open,1,0,-3,2,3,,
1.698414e+05,"Ma(d1,d3,d4,d5)",4D,open,1,0,3,-2,-3,,
1.698414e+05,"Ma(d1,d3,d4,d5)",4D,open,1,0,3,-2,-2,,
1.698414e+05,"Ma(d1,d3,d4,d5)",4D,open,1,0,3,-2,-1,,
1.698414e+05,"Ma(d1,d3,d4)",3D,open,1,0,3,-2,0,,
1.698414e+05,"Ma(d1,d3,d4,d5)",4D,open,1,0,3,-2,1,,
1.698414e+05,"Ma(d1,d3,d4,d5)",4D,open,1,0,3,-2,2,,
1.698414e+05,"Ma(d1,d3,d4,d5)",4D,open,1,0,3,-2,3,,
1.698414e+05,"Ma(d1,d3,d4,d5)",4D,open,1,0,3,2,-3,,
1.698414e+05,"Ma(d1,d3,d4,d5)",4D,open,1,0,3,2,-2,,
1.698414e+05,"Ma(d1,d3,d4,d5)",4D,open,1,0,3,2,-1,,
1.698414e+05,"Ma(d1,d3,d4)",3D,open,1,0,3,2,0,,
1.698414e+05,"Ma(d1,d3,d4,d5)",4D,open,1,0,3,2,1,,
1.698414e+05,"Ma(d1,d3,d4,d5)",4D,open,1,0,3,2,2,,
1.698414e+05,"Ma(d1,d3,d4,d5)",4D,open,1,0,3,2,3,,
1.698414e+05,"Ma(d1,d3,d4,d5)",4D,open,-1,0,-3,-3,-3,,
1.698414e+05,"Ma(d1,d3,d4,d5)",4D,open,-1,0,-3,-3,-2,,
1.698414e+05,"Ma(d1,d3,d4,d5)",4D,open,-1,0,-3,-3,-1,,
1.698414e+05,"Ma(d1,d3,d4)",3D,open,-1,0,-3,-3,0,,
1.698414e+05,"Ma(d1,d3,d4,d5)",4D,open,-1,0,-3,-3,1,,
1.698414e+05,"Ma(d1,d3,d4,d5)",4D,open,-1,0,-3,-3,2,,
1.698414e+05,"Ma(d1,d3,d4,d5)",4D,open,-1,0,-3,-3,3,,
1.698414e+05,"Ma(d1,d3,d4,d5)",4D,open,-1,0,-3,3,-3,,
1.698414e+05,"Ma(d1,d3,d4,d5)",4D,open,-1,0,-3,3,-2,,
1.698414e+05,"Ma(d1,d3,d4,d5)",4D,open,-1,0,-3,3,-1,,
1.698414e+05,"Ma(d1,d3,d4)",3D,open,-1,0,-3,3,0,,
1.698414e+05,"Ma(d1,d3,d4,d5)",4D,open,-1,0,-3,3,1,,
1.698414e+05,"Ma(d1,d3,d4,d5)",4D,open,-1,0,-3,3,2,,
1.698414e+05,"Ma(d1,d3,d4,d5)",4D,open,-1,0,-3,3,3,,
1.698414e+05,"Ma(d1,d3,d4,d5)",4D,open,-1,0,3,-3,-3,,
1.698414e+05,"Ma(d1,d3,d4,d5)",4D,open,-1,0,3,-3,-2,,
1.698414e+05,"Ma(d1,d3,d4,d5)",4D,open,-1,0,3,-3,-1,,
1.698414e+05,"Ma(d1,d3,d4)",3D,open,-1,0,3,-3,0,,
1.698414e+05,"Ma(d1,d3,d4,d5)",4D,open,-1,0,3,-3,1,,
1.698414e+05,"Ma(d1,d3,d4,d5)",4D,open,-1,0,3,-3,2,,
1.698414e+05,"Ma(d1,d3,d4,d5)",4D,open,-1,0,3,-3,3,,
1.698414e+05,"Ma(d1,d3,d4,d5)",4D,open,-1,0,3,3,-3,,
1.698414e+05,"Ma(d1,d3,d4,d5)",4D,open,-1,0,3,3,-2,,
1.698414e+05,"Ma(d1,d3,d4,d5)",4D,open,-1,0,3,3,-1,,
1.698414e+05,"Ma(d1,d3,d4)",3D,open,-1,0,3,3,0,,
1.698414e+05,"Ma(d1,d3,d4,d5)",4D,open,-1,0,3,3,1,,
1.698414e+05,"Ma(d1,d3,d4,d5)",4D,open,-1,0,3,3,2,,
1.698414e+05,"Ma(d1,d3,d4,d5)",4D,open,-1,0,3,3,3,,
1.698414e+05,"Ma(d1,d3,d4,d5)",4D,open,1,0,-3,-3,-3,,
1.698414e+05,"Ma(d1,d3,d4,d5)",4D,open,1,0,-3,-3,-2,,
1.698414e+05,"Ma(d1,d3,d4,d5)",4D,open,1,0,-3,-3,-1,,
1.698414e+05,"Ma(d1,d3,d4)",3D,open,1,0,-3,-3,0,,
1.698414e+05,"Ma(d1,d3,d4,d5)",4D,open,1,0,-3,-3,1,,
1.698414e+05,"Ma(d1,d3,d4,d5)",4D,open,1,0,-3,-3,2,,
1.698414e+05,"Ma(d1,d3,d4,d5)",4D,open,1,0,-3,-3,3,,
1.698414e+05,"Ma(d1,d3,d4,d5)",4D,open,1,0,-3,3,-3,,
1.698414e+05,"Ma(d1,d3,d4,d5)",4D,open,1,0,-3,3,-2,,
1.698414e+05,"Ma(d1,d3,d4,d5)",4D,open,1,0,-3,3,-1,,
1.698414e+05,"Ma(d1,d3,d4)",3D,open,1,0,-3,3,0,,
1.698414e+05,"Ma(d1,d3,d4,d5)",4D,open,1,0,-3,3,1,,
1.698414e+05,"Ma(d1,d3,d4,d5)",4D,open,1,0,-3,3,2,,
1.698414e+05,"Ma(d1,d3,d4,d5)",4D,open,1,0,-3,3,3,,
1.698414e+05,"Ma(d1,d3,d4,d5)",4D,open,1,0,3,-3,-3,,
1.698414e+05,"Ma(d1,d3,d4,d5)",4D,open,1,0,3,-3,-2,,
1.698414e+05,"Ma(d1,d3,d4,d5)",4D,open,1,0,3,-3,-1,,
1.698414e+05,"Ma(d1,d3,d4)",3D,open,1,0,3,-3,0,,
1.698414e+05,"Ma(d1,d3,d4,d5)",4D,open,1,0,3,-3,1,,
1.698414e+05,"Ma(d1,d3,d4,d5)",4D,open,1,0,3,-3,2,,
1.698414e+05,"Ma(d1,d3,d4,d5)",4D,open,1,0,3,-3,3,,
1.698414e+05,"Ma(d1,d3,d4,d5)",4D,open,1,0,3,3,-3,,
1.698414e+05,"Ma(d1,d3,d4,d5)",4D,open,1,0,3,3,-2,,
1.698414e+05,"Ma(d1,d3,d4,d5)",4D,open,1,0,3,3,-1,,
1.698414e+05,"Ma(d1,d3,d4)",3D,open,1,0,3,3,0,,
1.698414e+05,"Ma(d1,d3,d4,d5)",4D,open,1,0,3,3,1,,
1.698414e+05,"Ma(d1,d3,d4,d5)",4D,open,1,0,3,3,2,,
1.698414e+05,"Ma(d1,d3,d4,d5)",4D,open,1,0,3,3,3,,
1.698414e+05,"Ma(d1,d3)",2D,closed,-1,0,2,0,0,d1,1.9764
1.698414e+05,"Ma(d1,d3)",2D,closed,1,0,-2,0,0,d1,1.9764
1.698414e+05,"Ma(d1,d3)",2D,closed,-1,0,3,0,0,d1,1.9764
1.698414e+05,"Ma(d1,d3)",2D,closed,1,0,-3,0,0,d1,1.9764
1.698458e+05,"Ma(d1,d2)",2D,closed,-1,-3,0,0,0,d1,2.0075
1.698458e+05,"Ma(d1,d2)",2D,closed,1,3,0,0,0,d1,2.0075
1.698459e+05,"Ma(d1,d2,d5)",3D,open,-1,-1,0,0,-3,,
1.698459e+05,"Ma(d1,d2,d5)",3D,open,-1,-1,0,0,-2,,
1.698459e+05,"Ma(d1,d2,d5)",3D,open,-1,-1,0,0,-1,,
1.698459e+05,"Ma(d1,d2,d5)",3D,open,-1,-1,0,0,1,,
1.698459e+05,"Ma(d1,d2,d5)",3D,open,-1,-1,0,0,2,,
1.698459e+05,"Ma(d1,d2,d5)",3D,open,-1,-1,0,0,3,,
1.698459e+05,"Ma(d1,d2,d5)",3D,open,-1,1,0,0,-3,,
1.698459e+05,"Ma(d1,d2,d5)",3D,open,-1,1,0,0,-2,,
1.698459e+05,"Ma(d1,d2,d5)",3D,open,-1,1,0,0,-1,,
1.698459e+05,"Ma(d1,d2,d5)",3D,open,-1,1,0,0,1,,
1.698459e+05,"Ma(d1,d2,d5)",3D,open,-1,1,0,0,2,,
1.698459e+05,"Ma(d1,d2,d5)",3D,open,-1,1,0,0,3,,
1.698459e+05,"Ma(d1,d2,d5)",3D,open,1,-1,0,0,-3,,
1.698459e+05,"Ma(d1,d2,d5)",3D,open,1,-1,0,0,-2,,
1.698459e+05,"Ma(d1,d2,d5)",3D,open,1,-1,0,0,-1,,
1.698459e+05,"Ma(d1,d2,d5)",3D,open,1,-1,0,0,1,,
1.698459e+05,"Ma(d1,d2,d5)",3D,open,1,-1,0,0,2,,
1.698459e+05,"Ma(d1,d2,d5)",3D,open,1,-1,0,0,3,,
1.698459e+05,"Ma(d1,d2,d5)",3D,open,1,1,0,0,-3,,
1.698459e+05,"Ma(d1,d2,d5)",3D,open,1,1,0,0,-2,,
1.698459e+05,"Ma(d1,d2,d5)",3D,open,1,1,0,0,-1,,
1.698459e+05,"Ma(d1,d2,d5)",3D,open,1,1,0,0,1,,
1.698459e+05,"Ma(d1,d2,d5)",3D,open,1,1,0,0,2,,
1.698459e+05,"Ma(d1,d2,d5)",3D,open,1,1,0,0,3,,
1.698459e+05,"Ma(d1,d2,d4,d5)",4D,open,-1,-1,0,-1,-3,,
1.698459e+05,"Ma(d1,d2,d4,d5)",4D,open,-1,-1,0,-1,-2,,
1.698459e+05,"Ma(d1,d2,d4,d5)",4D,open,-1,-1,0,-1,-1,,
1.698459e+05,"Ma(d1,d2,d4)",3D,open,-1,-1,0,-1,0,,
1.698459e+05,"Ma(d1,d2,d4,d5)",4D,open,-1,-1,0,-1,1,,
1.698459e+05,"Ma(d1,d2,d4,d5)",4D,open,-1,-1,0,-1,2,,
1.698459e+05,"Ma(d1,d2,d4,d5)",4D,open,-1,-1,0,-1,3,,
1.698459e+05,"Ma(d1,d2,d4,d5)",4D,open,-1,-1,0,1,-3,,
1.698459e+05,"Ma(d1,d2,d4,d5)",4D,open,-1,-1,0,1,-2,,
1.698459e+05,"Ma(d1,d2,d4,d5)",4D,open,-1,-1,0,1,-1,,
1.698459e+05,"Ma(d1,d2,d4)",3D,open,-1,-1,0,1,0,,
1.698459e+05,"Ma(d1,d2,d4,d5)",4D,open,-1,-1,0,1,1,,
1.698459e+05,"Ma(d1,d2,d4,d5)",4D,open,-1,-1,0,1,2,,
1.698459e+05,"Ma(d1,d2,d4,d5)",4D,open,-1,-1,0,1,3,,
1.698459e+05,"Ma(d1,d2,d4,d5)",4D,open,-1,1,0,-1,-3,,
1.698459e+05,"Ma(d1,d2,d4,d5)",4D,open,-1,1,0,-1,-2,,
1.698459e+05,"Ma(d1,d2,d4,d5)",4D,open,-1,1,0,-1,-1,,
1.698459e+05,"Ma(d1,d2,d4)",3D,open,-1,1,0,-1,0,,
1.698459e+05,"Ma(d1,d2,d4,d5)",4D,open,-1,1,0,-1,1,,
1.698459e+05,"Ma(d1,d2,d4,d5)",4D,open,-1,1,0,-1,2,,
1.698459e+05,"Ma(d1,d2,d4,d5)",4D,open,-1,1,0,-1,3,,
1.698459e+05,"Ma(d1,d2,d4,d5)",4D,open,-1,1,0,1,-3,,
1.698459e+05,"Ma(d1,d2,d4,d5)",4D,open,-1,1,0,1,-2,,
1.698459e+05,"Ma(d1,d2,d4,d5)",4D,open,-1,1,0,1,-1,,
1.698459e+05,"Ma(d1,d2,d4)",3D,open,-1,1,0,1,0,,
1.698459e+05,"Ma(d1,d2,d4,d5)",4D,open,-1,1,0,1,1,,
1.698459e+05,"Ma(d1,d2,d4,d5)",4D,open,-1,1,0,1,2,,
1.698459e+05,"Ma(d1,d2,d4,d5)",4D,open,-1,1,0,1,3,,
1.698459e+05,"Ma(d1,d2,d4,d5)",4D,open,1,-1,0,-1,-3,,
1.698459e+05,"Ma(d1,d2,d4,d5)",4D,open,1,-1,0,-1,-2,,
1.698459e+05,"Ma(d1,d2,d4,d5)",4D,open,1,-1,0,-1,-1,,
1.698459e+05,"Ma(d1,d2,d4)",3D,open,1,-1,0,-1,0,,
1.698459e+05,"Ma(d1,d2,d4,d5)",4D,open,1,-1,0,-1,1,,
1.698459e+05,"Ma(d1,d2,d4,d5)",4D,open,1,-1,0,-1,2,,
1.698459e+05,"Ma(d1,d2,d4,d5)",4D,open,1,-1,0,-1,3,,
1.698459e+05,"Ma(d1,d2,d4,d5)",4D,open,1,-1,0,1,-3,,
1.698459e+05,"Ma(d1,d2,d4,d5)",4D,open,1,-1,0,1,-2,,
1.698459e+05,"Ma(d1,d2,d4,d5)",4D,open,1,-1,0,1,-1,,
1.698459e+05,"Ma(d1,d2,d4)",3D,open,1,-1,0,1,0,,
1.698459e+05,"Ma(d1,d2,d4,d5)",4D,open,1,-1,0,1,1,,
1.698459e+05,"Ma(d1,d2,d4,d5)",4D,open,1,-1,0,1,2,,
1.698459e+05,"Ma(d1,d2,d4,d5)",4D,open,1,-1,0,1,3,,
1.698459e+05,"Ma(d1,d2,d4,d5)",4D,open,1,1,0,-1,-3,,
1.698459e+05,"Ma(d1,d2,d4,d5)",4D,open,1,1,0,-1,-2,,
1.698459e+05,"Ma(d1,d2,d4,d5)",4D,open,1,1,0,-1,-1,,
1.698459e+05,"Ma(d1,d2,d4)",3D,open,1,1,0,-1,0,,
1.698459e+05,"Ma(d1,d2,d4,d5)",4D,open,1,1,0,-1,1,,
1.698459e+05,"Ma(d1,d2,d4,d5)",4D,open,1,1,0,-1,2,,
1.698459e+05,"Ma(d1,d2,d4,d5)",4D,open,1,1,0,-1,3,,
1.698459e+05,"Ma(d1,d2,d4,d5)",4D,open,1,1,0,1,-3,,
1.698459e+05,"Ma(d1,d2,d4,d5)",4D,open,1,1,0,1,-2,,
1.698459e+05,"Ma(d1,d2,d4,d5)",4D,open,1,1,0,1,-1,,
1.698459e+05,"Ma(d1,d2,d4)",3D,open,1,1,0,1,0,,
1.698459e+05,"Ma(d1,d2,d4,d5)",4D,open,1,1,0,1,1,,
1.698459e+05,"Ma(d1,d2,d4,d5)",4D,open,1,1,0,1,2,,
1.698459e+05,"Ma(d1,d2,d4,d5)",4D,open,1,1,0,1,3,,
1.698459e+05,"Ma(d1,d2,d4,d5)",4D,open,-1,-1,0,-2,-3,,
1.698459e+05,"Ma(d1,d2,d4,d5)",4D,open,-1,-1,0,-2,-2,,
1.698459e+05,"Ma(d1,d2,d4,d5)",4D,open,-1,-1,0,-2,-1,,
1.698459e+05,"Ma(d1,d2,d4)",3D,open,-1,-1,0,-2,0,,
1.698459e+05,"Ma(d1,d2,d4,d5)",4D,open,-1,-1,0,-2,1,,
1.698459e+05,"Ma(d1,d2,d4,d5)",4D,open,-1,-1,0,-2,2,,
1.698459e+05,"Ma(d1,d2,d4,d5)",4D,open,-1,-1,0,-2,3,,
1.698459e+05,"Ma(d1,d2,d4,d5)",4D,open,-1,-1,0,2,-3,,
1.698459e+05,"Ma(d1,d2,d4,d5)",4D,open,-1,-1,0,2,-2,,
1.698459e+05,"Ma(d1,d2,d4,d5)",4D,open,-1,-1,0,2,-1,,
1.698459e+05,"Ma(d1,d2,d4)",3D,open,-1,-1,0,2,0,,
1.698459e+05,"Ma(d1,d2,d4,d5)",4D,open,-1,-1,0,2,1,,
1.698459e+05,"Ma(d1,d2,d4,d5)",4D,open,-1,-1,0,2,2,,
1.698459e+05,"Ma(d1,d2,d4,d5)",4D,open,-1,-1,0,2,3,,
1.698459e+05,"Ma(d1,d2,d4,d5)",4D,open,-1,1,0,-2,-3,,
1.698459e+05,"Ma(d1,d2,d4,d5)",4D,open,-1,1,0,-2,-2,,
1.698459e+05,"Ma(d1,d2,d4,d5)",4D,open,-1,1,0,-2,-1,,
1.698459e+05,"Ma(d1,d2,d4)",3D,open,-1,1,0,-2,0,,
1.698459e+05,"Ma(d1,d2,d4,d5)",4D,open,-1,1,0,-2,1,,
1.698459e+05,"Ma(d1,d2,d4,d5)",4D,open,-1,1,0,-2,2,,
1.698459e+05,"Ma(d1,d2,d4,d5)",4D,open,-1,1,0,-2,3,,
1.698459e+05,"Ma(d1,d2,d4,d5)",4D,open,-1,1,0,2,-3,,
1.698459e+05,"Ma(d1,d2,d4,d5)",4D,open,-1,1,0,2,-2,,
1.698459e+05,"Ma(d1,d2,d4,d5)",4D,open,-1,1,0,2,-1,,
1.698459e+05,"Ma(d1,d2,d4)",3D,open,-1,1,0,2,0,,
1.698459e+05,"Ma(d1,d2,d4,d5)",4D,open,-1,1,0,2,1,,
1.698459e+05,"Ma(d1,d2,d4,d5)",4D,open,-1,1,0,2,2,,
1.698459e+05,"Ma(d1,d2,d4,d5)",4D,open,-1,1,0,2,3,,
1.698459e+05,"Ma(d1,d2,d4,d5)",4D,open,1,-1,0,-2,-3,,
1.698459e+05,"Ma(d1,d2,d4,d5)",4D,open,1,-1,0,-2,-2,,
1.698459e+05,"Ma(d1,d2,d4,d5)",4D,open,1,-1,0,-2,-1,,
1.698459e+05,"Ma(d1,d2,d4)",3D,open,1,-1,0,-2,0,,
1.698459e+05,"Ma(d1,d2,d4,d5)",4D,open,1,-1,0,-2,1,,
1.698459e+05,"Ma(d1,d2,d4,d5)",4D,open,1,-1,0,-2,2,,
1.698459e+05,"Ma(d1,d2,d4,d5)",4D,open,1,-1,0,-2,3,,
1.698459e+05,"Ma(d1,d2,d4,d5)",4D,open,1,-1,0,2,-3,,
1.698459e+05,"Ma(d1,d2,d4,d5)",4D,open,1,-1,0,2,-2,,
1.698459e+05,"Ma(d1,d2,d4,d5)",4D,open,1,-1,0,2,-1,,
1.698459e+05,"Ma(d1,d2,d4)",3D,open,1,-1,0,2,0,,
1.698459e+05,"Ma(d1,d2,d4,d5)",4D,open,1,-1,0,2,1,,
1.698459e+05,"Ma(d1,d2,d4,d5)",4D,open,1,-1,0,2,2,,
1.698459e+05,"Ma(d1,d2,d4,d5)",4D,open,1,-1,0,2,3,,
1.698459e+05,"Ma(d1,d2,d4,d5)",4D,open,1,1,0,-2,-3,,
1.698459e+05,"Ma(d1,d2,d4,d5)",4D,open,1,1,0,-2,-2,,
1.698459e+05,"Ma(d1,d2,d4,d5)",4D,open,1,1,0,-2,-1,,
1.698459e+05,"Ma(d1,d2,d4)",3D,open,1,1,0,-2,0,,
1.698459e+05,"Ma(d1,d2,d4,d5)",4D,open,1,1,0,-2,1,,
1.698459e+05,"Ma(d1,d2,d4,d5)",4D,open,1,1,0,-2,2,,
1.698459e+05,"Ma(d1,d2,d4,d5)",4D,open,1,1,0,-2,3,,
1.698459e+05,"Ma(d1,d2,d4,d5)",4D,open,1,1,0,2,-3,,
1.698459e+05,"Ma(d1,d2,d4,d5)",4D,open,1,1,0,2,-2,,
1.698459e+05,"Ma(d1,d2,d4,d5)",4D,open,1,1,0,2,-1,,
1.698459e+05,"Ma(d1,d2,d4)",3D,open,1,1,0,2,0,,
1.698459e+05,"Ma(d1,d2,d4,d5)",4D,open,1,1,0,2,1,,
1.698459e+05,"Ma(d1,d2,d4,d5)",4D,open,1,1,0,2,2,,
1.698459e+05,"Ma(d1,d2,d4,d5)",4D,open,1,1,0,2,3,,
1.698459e+05,"Ma(d1,d2,d4,d5)",4D,open,-1,-1,0,-3,-3,,
1.698459e+05,"Ma(d1,d2,d4,d5)",4D,open,-1,-1,0,-3,-2,,
1.698459e+05,"Ma(d1,d2,d4,d5)",4D,open,-1,-1,0,-3,-1,,
1.698459e+05,"Ma(d1,d2,d4)",3D,open,-1,-1,0,-3,0,,
1.698459e+05,"Ma(d1,d2,d4,d5)",4D,open,-1,-1,0,-3,1,,
1.698459e+05,"Ma(d1,d2,d4,d5)",4D,open,-1,-1,0,-3,2,,
1.698459e+05,"Ma(d1,d2,d4,d5)",4D,open,-1,-1,0,-3,3,,
1.698459e+05,"Ma(d1,d2,d4,d5)",4D,open,-1,-1,0,3,-3,,
1.698459e+05,"Ma(d1,d2,d4,d5)",4D,open,-1,-1,0,3,-2,,
1.698459e+05,"Ma(d1,d2,d4,d5)",4D,open,-1,-1,0,3,-1,,
1.698459e+05,"Ma(d1,d2,d4)",3D,open,-1,-1,0,3,0,,
1.698459e+05,"Ma(d1,d2,d4,d5)",4D,open,-1,-1,0,3,1,,
1.698459e+05,"Ma(d1,d2,d4,d5)",4D,open,-1,-1,0,3,2,,
1.698459e+05,"Ma(d1,d2,d4,d5)",4D,open,-1,-1,0,3,3,,
1.698459e+05,"Ma(d1,d2,d4,d5)",4D,open,-1,1,0,-3,-3,,
1.698459e+05,"Ma(d1,d2,d4,d5)",4D,open,-1,1,0,-3,-2,,
1.698459e+05,"Ma(d1,d2,d4,d5)",4D,open,-1,1,0,-3,-1,,
1.698459e+05,"Ma(d1,d2,d4)",3D,open,-1,1,0,-3,0,,
1.698459e+05,"Ma(d1,d2,d4,d5)",4D,open,-1,1,0,-3,1,,
1.698459e+05,"Ma(d1,d2,d4,d5)",4D,open,-1,1,0,-3,2,,
1.698459e+05,"Ma(d1,d2,d4,d5)",4D,open,-1,1,0,-3,3,,
1.698459e+05,"Ma(d1,d2,d4,d5)",4D,open,-1,1,0,3,-3,,
1.698459e+05,"Ma(d1,d2,d4,d5)",4D,open,-1,1,0,3,-2,,
1.698459e+05,"Ma(d1,d2,d4,d5)",4D,open,-1,1,0,3,-1,,
1.698459e+05,"Ma(d1,d2,d4)",3D,open,-1,1,0,3,0,,
1.698459e+05,"Ma(d1,d2,d4,d5)",4D,open,-1,1,0,3,1,,
1.698459e+05,"Ma(d1,d2,d4,d5)",4D,open,-1,1,0,3,2,,
1.698459e+05,"Ma(d1,d2,d4,d5)",4D,open,-1,1,0,3,3,,
1.698459e+05,"Ma(d1,d2,d4,d5)",4D,open,1,-1,0,-3,-3,,
1.698459e+05,"Ma(d1,d2,d4,d5)",4D,open,1,-1,0,-3,-2,,
1.698459e+05,"Ma(d1,d2,d4,d5)",4D,open,1,-1,0,-3,-1,,
1.698459e+05,"Ma(d1,d2,d4)",3D,open,1,-1,0,-3,0,,
1.698459e+05,"Ma(d1,d2,d4,d5)",4D,open,1,-1,0,-3,1,,
1.698459e+05,"Ma(d1,d2,d4,d5)",4D,open,1,-1,0,-3,2,,
1.698459e+05,"Ma(d1,d2,d4,d5)",4D,open,1,-1,0,-3,3,,
1.698459e+05,"Ma(d1,d2,d4,d5)",4D,open,1,-1,0,3,-3,,
1.698459e+05,"Ma(d1,d2,d4,d5)",4D,open,1,-1,0,3,-2,,
1.698459e+05,"Ma(d1,d2,d4,d5)",4D,open,1,-1,0,3,-1,,
1.698459e+05,"Ma(d1,d2,d4)",3D,open,1,-1,0,3,0,,
1.698459e+05,"Ma(d1,d2,d4,d5)",4D,open,1,-1,0,3,1,,
1.698459e+05,"Ma(d1,d2,d4,d5)",4D,open,1,-1,0,3,2,,
1.698459e+05,"Ma(d1,d2,d4,d5)",4D,open,1,-1,0,3,3,,
1.698459e+05,"Ma(d1,d2,d4,d5)",4D,open,1,1,0,-3,-3,,
1.698459e+05,"Ma(d1,d2,d4,d5)",4D,open,1,1,0,-3,-2,,
1.698459e+05,"Ma(d1,d2,d4,d5)",4D,open,1,1,0,-3,-1,,
1.698459e+05,"Ma(d1,d2,d4)",3D,open,1,1,0,-3,0,,
1.698459e+05,"Ma(d1,d2,d4,d5)",4D,open,1,1,0,-3,1,,
1.698459e+05,"Ma(d1,d2,d4,d5)",4D,open,1,1,0,-3,2,,
1.698459e+05,"Ma(d1,d2,d4,d5)",4D,open,1,1,0,-3,3,,
1.698459e+05,"Ma(d1,d2,d4,d5)",4D,open,1,1,0,3,-3,,
1.698459e+05,"Ma(d1,d2,d4,d5)",4D,open,1,1,0,3,-2,,
1.698459e+05,"Ma(d1,d2,d4,d5)",4D,open,1,1,0,3,-1,,
1.698459e+05,"Ma(d1,d2,d4)",3D,open,1,1,0,3,0,,
1.698459e+05,"Ma(d1,d2,d4,d5)",4D,open,1,1,0,3,1,,
1.698459e+05,"Ma(d1,d2,d4,d5)",4D,open,1,1,0,3,2,,
1.698459e+05,"Ma(d1,d2,d4,d5)",4D,open,1,1,0,3,3,,
1.698459e+05,"Ma(d1,d2,d3,d5)",4D,open,-1,-1,-1,0,-3,,
1.698459e+05,"Ma(d1,d2,d3,d5)",4D,open,-1,-1,-1,0,-2,,
1.698459e+05,"Ma(d1,d2,d3,d5)",4D,open,-1,-1,-1,0,-1,,
1.698459e+05,"Ma(d1,d2,d3)",3D,open,-1,-1,-1,0,0,,
1.698459e+05,"Ma(d1,d2,d3,d5)",4D,open,-1,-1,-1,0,1,,
1.698459e+05,"Ma(d1,d2,d3,d5)",4D,open,-1,-1,-1,0,2,,
1.698459e+05,"Ma(d1,d2,d3,d5)",4D,open,-1,-1,-1,0,3,,
1.698459e+05,"Ma(d1,d2,d3,d5)",4D,open,-1,-1,1,0,-3,,
1.698459e+05,"Ma(d1,d2,d3,d5)",4D,open,-1,-1,1,0,-2,,
1.698459e+05,"Ma(d1,d2,d3,d5)",4D,open,-1,-1,1,0,-1,,
1.698459e+05,"Ma(d1,d2,d3)",3D,open,-1,-1,1,0,0,,
1.698459e+05,"Ma(d1,d2,d3,d5)",4D,open,-1,-1,1,0,1,,
1.698459e+05,"Ma(d1,d2,d3,d5)",4D,open,-1,-1,1,0,2,,
1.698459e+05,"Ma(d1,d2,d3,d5)",4D,open,-1,-1,1,0,3,,
1.698459e+05,"Ma(d1,d2,d3,d5)",4D,open,-1,1,-1,0,-3,,
1.698459e+05,"Ma(d1,d2,d3,d5)",4D,open,-1,1,-1,0,-2,,
1.698459e+05,"Ma(d1,d2,d3,d5)",4D,open,-1,1,-1,0,-1,,
1.698459e+05,"Ma(d1,d2,d3)",3D,open,-1,1,-1,0,0,,
1.698459e+05,"Ma(d1,d2,d3,d5)",4D,open,-1,1,-1,0,1,,
1.698459e+05,"Ma(d1,d2,d3,d5)",4D,open,-1,1,-1,0,2,,
1.698459e+05,"Ma(d1,d2,d3,d5)",4D,open,-1,1,-1,0,3,,
1.698459e+05,"Ma(d1,d2,d3,d5)",4D,open,-1,1,1,0,-3,,
1.698459e+05,"Ma(d1,d2,d3,d5)",4D,open,-1,1,1,0,-2,,
1.698459e+05,"Ma(d1,d2,d3,d5)",4D,open,-1,1,1,0,-1,,
1.698459e+05,"Ma(d1,d2,d3)",3D,open,-1,1,1,0,0,,
1.698459e+05,"Ma(d1,d2,d3,d5)",4D,open,-1,1,1,0,1,,
1.698459e+05,"Ma(d1,d2,d3,d5)",4D,open,-1,1,1,0,2,,
1.698459e+05,"Ma(d1,d2,d3,d5)",4D,open,-1,1,1,0,3,,
1.698459e+05,"Ma(d1,d2,d3,d5)",4D,open,1,-1,-1,0,-3,,
1.698459e+05,"Ma(d1,d2,d3,d5)",4D,open,1,-1,-1,0,-2,,
1.698459e+05,"Ma(d1,d2,d3,d5)",4D,open,1,-1,-1,0,-1,,
1.698459e+05,"Ma(d1,d2,d3)",3D,open,1,-1,-1,0,0,,
1.698459e+05,"Ma(d1,d2,d3,d5)",4D,open,1,-1,-1,0,1,,
1.698459e+05,"Ma(d1,d2,d3,d5)",4D,open,1,-1,-1,0,2,,
1.698459e+05,"Ma(d1,d2,d3,d5)",4D,open,1,-1,-1,0,3,,
1.698459e+05,"Ma(d1,d2,d3,d5)",4D,open,1,-1,1,0,-3,,
1.698459e+05,"Ma(d1,d2,d3,d5)",4D,open,1,-1,1,0,-2,,
1.698459e+05,"Ma(d1,d2,d3,d5)",4D,open,1,-1,1,0,-1,,
1.698459e+05,"Ma(d1,d2,d3)",3D,open,1,-1,1,0,0,,
1.698459e+05,"Ma(d1,d2,d3,d5)",4D,open,1,-1,1,0,1,,
1.698459e+05,"Ma(d1,d2,d3,d5)",4D,open,1,-1,1,0,2,,
1.698459e+05,"Ma(d1,d2,d3,d5)",4D,open,1,-1,1,0,3,,
1.698459e+05,"Ma(d1,d2,d3,d5)",4D,open,1,1,-1,0,-3,,
1.698459e+05,"Ma(d1,d2,d3,d5)",4D,open,1,1,-1,0,-2,,
1.698459e+05,"Ma(d1,d2,d3,d5)",4D,open,1,1,-1,0,-1,,
1.698459e+05,"Ma(d1,d2,d3)",3D,open,1,1,-1,0,0,,
1.698459e+05,"Ma(d1,d2,d3,d5)",4D,open,1,1,-1,0,1,,
1.698459e+05,"Ma(d1,d2,d3,d5)",4D,open,1,1,-1,0,2,,
1.698459e+05,"Ma(d1,d2,d3,d5)",4D,open,1,1,-1,0,3,,
1.698459e+05,"Ma(d1,d2,d3,d5)",4D,open,1,1,1,0,-3,,
1.698459e+05,"Ma(d1,d2,d3,d5)",4D,open,1,1,1,0,-2,,
1.698459e+05,"Ma(d1,d2,d3,d5)",4D,open,1,1,1,0,-1,,
1.698459e+05,"Ma(d1,d2,d3)",3D,open,1,1,1,0,0,,
1.698459e+05,"Ma(d1,d2,d3,d5)",4D,open,1,1,1,0,1,,
1.698459e+05,"Ma(d1,d2,d3,d5)",4D,open,1,1,1,0,2,,
1.698459e+05,"Ma(d1,d2,d3,d5)",4D,open,1,1,1,0,3,,
1.698459e+05,"Ma(d1,d2,d3,d4,d5)",5D,open,-1,-1,-1,-1,-3,,
1.698459e+05,"Ma(d1,d2,d3,d4,d5)",5D,open,-1,-1,-1,-1,-2,,
1.698459e+05,"Ma(d1,d2,d3,d4,d5)",5D,open,-1,-1,-1,-1,-1,,
1.698459e+05,"Ma(d1,d2,d3,d4)",4D,open,-1,-1,-1,-1,0,,
1.698459e+05,"Ma(d1,d2,d3,d4,d5)",5D,open,-1,-1,-1,-1,1,,
1.698459e+05,"Ma(d1,d2,d3,d4,d5)",5D,open,-1,-1,-1,-1,2,,
1.698459e+05,"Ma(d1,d2,d3,d4,d5)",5D,open,-1,-1,-1,-1,3,,
1.698459e+05,"Ma(d1,d2,d3,d4,d5)",5D,open,-1,-1,-1,1,-3,,
1.698459e+05,"Ma(d1,d2,d3,d4,d5)",5D,open,-1,-1,-1,1,-2,,
1.698459e+05,"Ma(d1,d2,d3,d4,d5)",5D,open,-1,-1,-1,1,-1,,
1.698459e+05,"Ma(d1,d2,d3,d4)",4D,open,-1,-1,-1,1,0,,
1.698459e+05,"Ma(d1,d2,d3,d4,d5)",5D,open,-1,-1,-1,1,1,,
1.698459e+05,"Ma(d1,d2,d3,d4,d5)",5D,open,-1,-1,-1,1,2,,
1.698459e+05,"Ma(d1,d2,d3,d4,d5)",5D,open,-1,-1,-1,1,3,,
1.698459e+05,"Ma(d1,d2,d3,d4,d5)",5D,open,-1,-1,1,-1,-3,,
1.698459e+05,"Ma(d1,d2,d3,d4,d5)",5D,open,-1,-1,1,-1,-2,,
1.698459e+05,"Ma(d1,d2,d3,d4,d5)",5D,open,-1,-1,1,-1,-1,,
1.698459e+05,"Ma(d1,d2,d3,d4)",4D,open,-1,-1,1,-1,0,,
1.698459e+05,"Ma(d1,d2,d3,d4,d5)",5D,open,-1,-1,1,-1,1,,
1.698459e+05,"Ma(d1,d2,d3,d4,d5)",5D,open,-1,-1,1,-1,2,,
1.698459e+05,"Ma(d1,d2,d3,d4,d5)",5D,open,-1,-1,1,-1,3,,
1.698459e+05,"Ma(d1,d2,d3,d4,d5)",5D,open,-1,-1,1,1,-3,,
1.698459e+05,"Ma(d1,d2,d3,d4,d5)",5D,open,-1,-1,1,1,-2,,
1.698459e+05,"Ma(d1,d2,d3,d4,d5)",5D,open,-1,-1,1,1,-1,,
1.698459e+05,"Ma(d1,d2,d3,d4)",4D,open,-1,-1,1,1,0,,
1.698459e+05,"Ma(d1,d2,d3,d4,d5)",5D,open,-1,-1,1,1,1,,
1.698459e+05,"Ma(d1,d2,d3,d4,d5)",5D,open,-1,-1,1,1,2,,
1.698459e+05,"Ma(d1,d2,d3,d4,d5)",5D,open,-1,-1,1,1,3,,
1.698459e+05,"Ma(d1,d2,d3,d4,d5)",5D,open,-1,1,-1,-1,-3,,
1.698459e+05,"Ma(d1,d2,d3,d4,d5)",5D,open,-1,1,-1,-1,-2,,
1.698459e+05,"Ma(d1,d2,d3,d4,d5)",5D,open,-1,1,-1,-1,-1,,
1.698459e+05,"Ma(d1,d2,d3,d4)",4D,open,-1,1,-1,-1,0,,
1.698459e+05,"Ma(d1,d2,d3,d4,d5)",5D,open,-1,1,-1,-1,1,,
1.698459e+05,"Ma(d1,d2,d3,d4,d5)",5D,open,-1,1,-1,-1,2,,
1.698459e+05,"Ma(d1,d2,d3,d4,d5)",5D,open,-1,1,-1,-1,3,,
1.698459e+05,"Ma(d1,d2,d3,d4,d5)",5D,open,-1,1,-1,1,-3,,
1.698459e+05,"Ma(d1,d2,d3,d4,d5)",5D,open,-1,1,-1,1,-2,,
1.698459e+05,"Ma(d1,d2,d3,d4,d5)",5D,open,-1,1,-1,1,-1,,
1.698459e+05,"Ma(d1,d2,d3,d4)",4D,open,-1,1,-1,1,0,,
1.698459e+05,"Ma(d1,d2,d3,d4,d5)",5D,open,-1,1,-1,1,1,,
1.698459e+05,"Ma(d1,d2,d3,d4,d5)",5D,open,-1,1,-1,1,2,,
1.698459e+05,"Ma(d1,d2,d3,d4,d5)",5D,open,-1,1,-1,1,3,,
1.698459e+05,"Ma(d1,d2,d3,d4,d5)",5D,open,-1,1,1,-1,-3,,
1.698459e+05,"Ma(d1,d2,d3,d4,d5)",5D,open,-1,1,1,-1,-2,,
1.698459e+05,"Ma(d1,d2,d3,d4,d5)",5D,open,-1,1,1,-1,-1,,
1.698459e+05,"Ma(d1,d2,d3,d4)",4D,open,-1,1,1,-1,0,,
1.698459e+05,"Ma(d1,d2,d3,d4,d5)",5D,open,-1,1,1,-1,1,,
1.698459e+05,"Ma(d1,d2,d3,d4,d5)",5D,open,-1,1,1,-1,2,,
1.698459e+05,"Ma(d1,d2,d3,d4,d5)",5D,open,-1,1,1,-1,3,,
1.698459e+05,"Ma(d1,d2,d3,d4,d5)",5D,open,-1,1,1,1,-3,,
1.698459e+05,"Ma(d1,d2,d3,d4,d5)",5D,open,-1,1,1,1,-2,,
1.698459e+05,"Ma(d1,d2,d3,d4,d5)",5D,open,-1,1,1,1,-1,,
1.698459e+05,"Ma(d1,d2,d3,d4)",4D,open,-1,1,1,1,0,,
1.698459e+05,"Ma(d1,d2,d3,d4,d5)",5D,open,-1,1,1,1,1,,
1.698459e+05,"Ma(d1,d2,d3,d4,d5)",5D,open,-1,1,1,1,2,,
1.698459e+05,"Ma(d1,d2,d3,d4,d5)",5D,open,-1,1,1,1,3,,
1.698459e+05,"Ma(d1,d2,d3,d4,d5)",5D,open,1,-1,-1,-1,-3,,
1.698459e+05,"Ma(d1,d2,d3,d4,d5)",5D,open,1,-1,-1,-1,-2,,
1.698459e+05,"Ma(d1,d2,d3,d4,d5)",5D,open,1,-1,-1,-1,-1,,
1.698459e+05,"Ma(d1,d2,d3,d4)",4D,open,1,-1,-1,-1,0,,
1.698459e+05,"Ma(d1,d2,d3,d4,d5)",5D,open,1,-1,-1,-1,1,,
1.698459e+05,"Ma(d1,d2,d3,d4,d5)",5D,open,1,-1,-1,-1,2,,
1.698459e+05,"Ma(d1,d2,d3,d4,d5)",5D,open,1,-1,-1,-1,3,,
1.698459e+05,"Ma(d1,d2,d3,d4,d5)",5D,open,1,-1,-1,1,-3,,
1.698459e+05,"Ma(d1,d2,d3,d4,d5)",5D,open,1,-1,-1,1,-2,,
1.698459e+05,"Ma(d1,d2,d3,d4,d5)",5D,open,1,-1,-1,1,-1,,
1.698459e+05,"Ma(d1,d2,d3,d4)",4D,open,1,-1,-1,1,0,,
1.698459e+05,"Ma(d1,d2,d3,d4,d5)",5D,open,1,-1,-1,1,1,,
1.698459e+05,"Ma(d1,d2,d3,d4,d5)",5D,open,1,-1,-1,1,2,,
1.698459e+05,"Ma(d1,d2,d3,d4,d5)",5D,open,1,-1,-1,1,3,,
1.698459e+05,"Ma(d1,d2,d3,d4,d5)",5D,open,1,-1,1,-1,-3,,
1.698459e+05,"Ma(d1,d2,d3,d4,d5)",5D,open,1,-1,1,-1,-2,,
1.698459e+05,"Ma(d1,d2,d3,d4,d5)",5D,open,1,-1,1,-1,-1,,
1.698459e+05,"Ma(d1,d2,d3,d4)",4D,open,1,-1,1,-1,0,,
1.698459e+05,"Ma(d1,d2,d3,d4,d5)",5D,open,1,-1,1,-1,1,,
1.698459e+05,"Ma(d1,d2,d3,d4,d5)",5D,open,1,-1,1,-1,2,,
1.698459e+05,"Ma(d1,d2,d3,d4,d5)",5D,open,1,-1,1,-1,3,,
1.698459e+05,"Ma(d1,d2,d3,d4,d5)",5D,open,1,-1,1,1,-3,,
1.698459e+05,"Ma(d1,d2,d3,d4,d5)",5D,open,1,-1,1,1,-2,,
1.698459e+05,"Ma(d1,d2,d3,d4,d5)",5D,open,1,-1,1,1,-1,,
1.698459e+05,"Ma(d1,d2,d3,d4)",4D,open,1,-1,1,1,0,,
1.698459e+05,"Ma(d1,d2,d3,d4,d5)",5D,open,1,-1,1,1,1,,
1.698459e+05,"Ma(d1,d2,d3,d4,d5)",5D,open,1,-1,1,1,2,,
1.698459e+05,"Ma(d1,d2,d3,d4,d5)",5D,open,1,-1,1,1,3,,
1.698459e+05,"Ma(d1,d2,d3,d4,d5)",5D,open,1,1,-1,-1,-3,,
1.698459e+05,"Ma(d1,d2,d3,d4,d5)",5D,open,1,1,-1,-1,-2,,
1.698459e+05,"Ma(d1,d2,d3,d4,d5)",5D,open,1,1,-1,-1,-1,,
1.698459e+05,"Ma(d1,d2,d3,d4)",4D,open,1,1,-1,-1,0,,
1.698459e+05,"Ma(d1,d2,d3,d4,d5)",5D,open,1,1,-1,-1,1,,
1.698459e+05,"Ma(d1,d2,d3,d4,d5)",5D,open,1,1,-1,-1,2,,
1.698459e+05,"Ma(d1,d2,d3,d4,d5)",5D,open,1,1,-1,-1,3,,
1.698459e+05,"Ma(d1,d2,d3,d4,d5)",5D,open,1,1,-1,1,-3,,
1.698459e+05,"Ma(d1,d2,d3,d4,d5)",5D,open,1,1,-1,1,-2,,
1.698459e+05,"Ma(d1,d2,d3,d4,d5)",5D,open,1,1,-1,1,-1,,
1.698459e+05,"Ma(d1,d2,d3,d4)",4D,open,1,1,-1,1,0,,
1.698459e+05,"Ma(d1,d2,d3,d4,d5)",5D,open,1,1,-1,1,1,,
1.698459e+05,"Ma(d1,d2,d3,d4,d5)",5D,open,1,1,-1,1,2,,
1.698459e+05,"Ma(d1,d2,d3,d4,d5)",5D,open,1,1,-1,1,3,,
1.698459e+05,"Ma(d1,d2,d3,d4,d5)",5D,open,1,1,1,-1,-3,,
1.698459e+05,"Ma(d1,d2,d3,d4,d5)",5D,open,1,1,1,-1,-2,,
1.698459e+05,"Ma(d1,d2,d3,d4,d5)",5D,open,1,1,1,-1,-1,,
1.698459e+05,"Ma(d1,d2,d3,d4)",4D,open,1,1,1,-1,0,,
1.698459e+05,"Ma(d1,d2,d3,d4,d5)",5D,open,1,1,1,-1,1,,
1.698459e+05,"Ma(d1,d2,d3,d4,d5)",5D,open,1,1,1,-1,2,,
1.698459e+05,"Ma(d1,d2,d3,d4,d5)",5D,open,1,1,1,-1,3,,
1.698459e+05,"Ma(d1,d2,d3,d4,d5)",5D,open,1,1,1,1,-3,,
1.698459e+05,"Ma(d1,d2,d3,d4,d5)",5D,open,1,1,1,1,-2,,
1.698459e+05,"Ma(d1,d2,d3,d4,d5)",5D,open,1,1,1,1,-1,,
1.698459e+05,"Ma(d1,d2,d3,d4)",4D,open,1,1,1,1,0,,
1.698459e+05,"Ma(d1,d2,d3,d4,d5)",5D,open,1,1,1,1,1,,
1.698459e+05,"Ma(d1,d2,d3,d4,d5)",5D,open,1,1,1,1,2,,
1.698459e+05,"Ma(d1,d2,d3,d4,d5)",5D,open,1,1,1,1,3,,
1.698459e+05,"Ma(d1,d2,d3,d4,d5)",5D,open,-1,-1,-1,-2,-3,,
1.698459e+05,"Ma(d1,d2,d3,d4,d5)",5D,open,-1,-1,-1,-2,-2,,
1.698459e+05,"Ma(d1,d2,d3,d4,d5)",5D,open,-1,-1,-1,-2,-1,,
1.698459e+05,"Ma(d1,d2,d3,d4)",4D,open,-1,-1,-1,-2,0,,
1.698459e+05,"Ma(d1,d2,d3,d4,d5)",5D,open,-1,-1,-1,-2,1,,
1.698459e+05,"Ma(d1,d2,d3,d4,d5)",5D,open,-1,-1,-1,-2,2,,
1.698459e+05,"Ma(d1,d2,d3,d4,d5)",5D,open,-1,-1,-1,-2,3,,
1.698459e+05,"Ma(d1,d2,d3,d4,d5)",5D,open,-1,-1,-1,2,-3,,
1.698459e+05,"Ma(d1,d2,d3,d4,d5)",5D,open,-1,-1,-1,2,-2,,
1.698459e+05,"Ma(d1,d2,d3,d4,d5)",5D,open,-1,-1,-1,2,-1,,
1.698459e+05,"Ma(d1,d2,d3,d4)",4D,open,-1,-1,-1,2,0,,
1.698459e+05,"Ma(d1,d2,d3,d4,d5)",5D,open,-1,-1,-1,2,1,,
1.698459e+05,"Ma(d1,d2,d3,d4,d5)",5D,open,-1,-1,-1,2,2,,
1.698459e+05,"Ma(d1,d2,d3,d4,d5)",5D,open,-1,-1,-1,2,3,,
1.698459e+05,"Ma(d1,d2,d3,d4,d5)",5D,open,-1,-1,1,-2,-3,,
1.698459e+05,"Ma(d1,d2,d3,d4,d5)",5D,open,-1,-1,1,-2,-2,,
1.698459e+05,"Ma(d1,d2,d3,d4,d5)",5D,open,-1,-1,1,-2,-1,,
1.698459e+05,"Ma(d1,d2,d3,d4)",4D,open,-1,-1,1,-2,0,,
1.698459e+05,"Ma(d1,d2,d3,d4,d5)",5D,open,-1,-1,1,-2,1,,
1.698459e+05,"Ma(d1,d2,d3,d4,d5)",5D,open,-1,-1,1,-2,2,,
1.698459e+05,"Ma(d1,d2,d3,d4,d5)",5D,open,-1,-1,1,-2,3,,
1.698459e+05,"Ma(d1,d2,d3,d4,d5)",5D,open,-1,-1,1,2,-3,,
1.698459e+05,"Ma(d1,d2,d3,d4,d5)",5D,open,-1,-1,1,2,-2,,
1.698459e+05,"Ma(d1,d2,d3,d4,d5)",5D,open,-1,-1,1,2,-1,,
1.698459e+05,"Ma(d1,d2,d3,d4)",4D,open,-1,-1,1,2,0,,
1.698459e+05,"Ma(d1,d2,d3,d4,d5)",5D,open,-1,-1,1,2,1,,
1.698459e+05,"Ma(d1,d2,d3,d4,d5)",5D,open,-1,-1,1,2,2,,
1.698459e+05,"Ma(d1,d2,d3,d4,d5)",5D,open,-1,-1,1,2,3,,
1.698459e+05,"Ma(d1,d2,d3,d4,d5)",5D,open,-1,1,-1,-2,-3,,
1.698459e+05,"Ma(d1,d2,d3,d4,d5)",5D,open,-1,1,-1,-2,-2,,
1.698459e+05,"Ma(d1,d2,d3,d4,d5)",5D,open,-1,1,-1,-2,-1,,
1.698459e+05,"Ma(d1,d2,d3,d4)",4D,open,-1,1,-1,-2,0,,
1.698459e+05,"Ma(d1,d2,d3,d4,d5)",5D,open,-1,1,-1,-2,1,,
1.698459e+05,"Ma(d1,d2,d3,d4,d5)",5D,open,-1,1,-1,-2,2,,
1.698459e+05,"Ma(d1,d2,d3,d4,d5)",5D,open,-1,1,-1,-2,3,,
1.698459e+05,"Ma(d1,d2,d3,d4,d5)",5D,open,-1,1,-1,2,-3,,
1.698459e+05,"Ma(d1,d2,d3,d4,d5)",5D,open,-1,1,-1,2,-2,,
1.698459e+05,"Ma(d1,d2,d3,d4,d5)",5D,open,-1,1,-1,2,-1,,
1.698459e+05,"Ma(d1,d2,d3,d4)",4D,open,-1,1,-1,2,0,,
1.698459e+05,"Ma(d1,d2,d3,d4,d5)",5D,open,-1,1,-1,2,1,,
1.698459e+05,"Ma(d1,d2,d3,d4,d5)",5D,open,-1,1,-1,2,2,,
1.698459e+05,"Ma(d1,d2,d3,d4,d5)",5D,open,-1,1,-1,2,3,,
1.698459e+05,"Ma(d1,d2,d3,d4,d5)",5D,open,-1,1,1,-2,-3,,
1.698459e+05,"Ma(d1,d2,d3,d4,d5)",5D,open,-1,1,1,-2,-2,,
1.698459e+05,"Ma(d1,d2,d3,d4,d5)",5D,open,-1,1,1,-2,-1,,
1.698459e+05,"Ma(d1,d2,d3,d4)",4D,open,-1,1,1,-2,0,,
1.698459e+05,"Ma(d1,d2,d3,d4,d5)",5D,open,-1,1,1,-2,1,,
1.698459e+05,"Ma(d1,d2,d3,d4,d5)",5D,open,-1,1,1,-2,2,,
1.698459e+05,"Ma(d1,d2,d3,d4,d5)",5D,open,-1,1,1,-2,3,,
1.698459e+05,"Ma(d1,d2,d3,d4,d5)",5D,open,-1,1,1,2,-3,,
1.698459e+05,"Ma(d1,d2,d3,d4,d5)",5D,open,-1,1,1,2,-2,,
1.698459e+05,"Ma(d1,d2,d3,d4,d5)",5D,open,-1,1,1,2,-1,,
1.698459e+05,"Ma(d1,d2,d3,d4)",4D,open,-1,1,1,2,0,,
1.698459e+05,"Ma(d1,d2,d3,d4,d5)",5D,open,-1,1,1,2,1,,
1.698459e+05,"Ma(d1,d2,d3,d4,d5)",5D,open,-1,1,1,2,2,,
1.698459e+05,"Ma(d1,d2,d3,d4,d5)",5D,open,-1,1,1,2,3,,
1.698459e+05,"Ma(d1,d2,d3,d4,d5)",5D,open,1,-1,-1,-2,-3,,
1.698459e+05,"Ma(d1,d2,d3,d4,d5)",5D,open,1,-1,-1,-2,-2,,
1.698459e+05,"Ma(d1,d2,d3,d4,d5)",5D,open,1,-1,-1,-2,-1,,
1.698459e+05,"Ma(d1,d2,d3,d4)",4D,open,1,-1,-1,-2,0,,
1.698459e+05,"Ma(d1,d2,d3,d4,d5)",5D,open,1,-1,-1,-2,1,,
1.698459e+05,"Ma(d1,d2,d3,d4,d5)",5D,open,1,-1,-1,-2,2,,
1.698459e+05,"Ma(d1,d2,d3,d4,d5)",5D,open,1,-1,-1,-2,3,,
1.698459e+05,"Ma(d1,d2,d3,d4,d5)",5D,open,1,-1,-1,2,-3,,
1.698459e+05,"Ma(d1,d2,d3,d4,d5)",5D,open,1,-1,-1,2,-2,,
1.698459e+05,"Ma(d1,d2,d3,d4,d5)",5D,open,1,-1,-1,2,-1,,
1.698459e+05,"Ma(d1,d2,d3,d4)",4D,open,1,-1,-1,2,0,,
1.698459e+05,"Ma(d1,d2,d3,d4,d5)",5D,open,1,-1,-1,2,1,,
1.698459e+05,"Ma(d1,d2,d3,d4,d5)",5D,open,1,-1,-1,2,2,,
1.698459e+05,"Ma(d1,d2,d3,d4,d5)",5D,open,1,-1,-1,2,3,,
1.698459e+05,"Ma(d1,d2,d3,d4,d5)",5D,open,1,-1,1,-2,-3,,
1.698459e+05,"Ma(d1,d2,d3,d4,d5)",5D,open,1,-1,1,-2,-2,,
1.698459e+05,"Ma(d1,d2,d3,d4,d5)",5D,open,1,-1,1,-2,-1,,
1.698459e+05,"Ma(d1,d2,d3,d4)",4D,open,1,-1,1,-2,0,,
1.698459e+05,"Ma(d1,d2,d3,d4,d5)",5D,open,1,-1,1,-2,1,,
1.698459e+05,"Ma(d1,d2,d3,d4,d5)",5D,open,1,-1,1,-2,2,,
1.698459e+05,"Ma(d1,d2,d3,d4,d5)",5D,open,1,-1,1,-2,3,,
1.698459e+05,"Ma(d1,d2,d3,d4,d5)",5D,open,1,-1,1,2,-3,,
1.698459e+05,"Ma(d1,d2,d3,d4,d5)",5D,open,1,-1,1,2,-2,,
1.698459e+05,"Ma(d1,d2,d3,d4,d5)",5D,open,1,-1,1,2,-1,,
1.698459e+05,"Ma(d1,d2,d3,d4)",4D,open,1,-1,1,2,0,,
1.698459e+05,"Ma(d1,d2,d3,d4,d5)",5D,open,1,-1,1,2,1,,
1.698459e+05,"Ma(d1,d2,d3,d4,d5)",5D,open,1,-1,1,2,2,,
1.698459e+05,"Ma(d1,d2,d3,d4,d5)",5D,open,1,-1,1,2,3,,
1.698459e+05,"Ma(d1,d2,d3,d4,d5)",5D,open,1,1,-1,-2,-3,,
1.698459e+05,"Ma(d1,d2,d3,d4,d5)",5D,open,1,1,-1,-2,-2,,
1.698459e+05,"Ma(d1,d2,d3,d4,d5)",5D,open,1,1,-1,-2,-1,,
1.698459e+05,"Ma(d1,d2,d3,d4)",4D,open,1,1,-1,-2,0,,
1.698459e+05,"Ma(d1,d2,d3,d4,d5)",5D,open,1,1,-1,-2,1,,
1.698459e+05,"Ma(d1,d2,d3,d4,d5)",5D,open,1,1,-1,-2,2,,
1.698459e+05,"Ma(d1,d2,d3,d4,d5)",5D,open,1,1,-1,-2,3,,
1.698459e+05,"Ma(d1,d2,d3,d4,d5)",5D,open,1,1,-1,2,-3,,
1.698459e+05,"Ma(d1,d2,d3,d4,d5)",5D,open,1,1,-1,2,-2,,
1.698459e+05,"Ma(d1,d2,d3,d4,d5)",5D,open,1,1,-1,2,-1,,
1.698459e+05,"Ma(d1,d2,d3,d4)",4D,open,1,1,-1,2,0,,
1.698459e+05,"Ma(d1,d2,d3,d4,d5)",5D,open,1,1,-1,2,1,,
1.698459e+05,"Ma(d1,d2,d3,d4,d5)",5D,open,1,1,-1,2,2,,
1.698459e+05,"Ma(d1,d2,d3,d4,d5)",5D,open,1,1,-1,2,3,,
1.698459e+05,"Ma(d1,d2,d3,d4,d5)",5D,open,1,1,1,-2,-3,,
1.698459e+05,"Ma(d1,d2,d3,d4,d5)",5D,open,1,1,1,-2,-2,,
1.698459e+05,"Ma(d1,d2,d3,d4,d5)",5D,open,1,1,1,-2,-1,,
1.698459e+05,"Ma(d1,d2,d3,d4)",4D,open,1,1,1,-2,0,,
1.698459e+05,"Ma(d1,d2,d3,d4,d5)",5D,open,1,1,1,-2,1,,
1.698459e+05,"Ma(d1,d2,d3,d4,d5)",5D,open,1,1,1,-2,2,,
1.698459e+05,"Ma(d1,d2,d3,d4,d5)",5D,open,1,1,1,-2,3,,
1.698459e+05,"Ma(d1,d2,d3,d4,d5)",5D,open,1,1,1,2,-3,,
1.698459e+05,"Ma(d1,d2,d3,d4,d5)",5D,open,1,1,1,2,-2,,
1.698459e+05,"Ma(d1,d2,d3,d4,d5)",5D,open,1,1,1,2,-1,,
1.698459e+05,"Ma(d1,d2,d3,d4)",4D,open,1,1,1,2,0,,
1.698459e+05,"Ma(d1,d2,d3,d4,d5)",5D,open,1,1,1,2,1,,
1.698459e+05,"Ma(d1,d2,d3,d4,d5)",5D,open,1,1,1,2,2,,
1.698459e+05,"Ma(d1,d2,d3,d4,d5)",5D,open,1,1,1,2,3,,
1.698459e+05,"Ma(d1,d2,d3,d4,d5)",5D,open,-1,-1,-1,-3,-3,,
1.698459e+05,"Ma(d1,d2,d3,d4,d5)",5D,open,-1,-1,-1,-3,-2,,
1.698459e+05,"Ma(d1,d2,d3,d4,d5)",5D,open,-1,-1,-1,-3,-1,,
1.698459e+05,"Ma(d1,d2,d3,d4)",4D,open,-1,-1,-1,-3,0,,
1.698459e+05,"Ma(d1,d2,d3,d4,d5)",5D,open,-1,-1,-1,-3,1,,
1.698459e+05,"Ma(d1,d2,d3,d4,d5)",5D,open,-1,-1,-1,-3,2,,
1.698459e+05,"Ma(d1,d2,d3,d4,d5)",5D,open,-1,-1,-1,-3,3,,
1.698459e+05,"Ma(d1,d2,d3,d4,d5)",5D,open,-1,-1,-1,3,-3,,
1.698459e+05,"Ma(d1,d2,d3,d4,d5)",5D,open,-1,-1,-1,3,-2,,
1.698459e+05,"Ma(d1,d2,d3,d4,d5)",5D,open,-1,-1,-1,3,-1,,
1.698459e+05,"Ma(d1,d2,d3,d4)",4D,open,-1,-1,-1,3,0,,
1.698459e+05,"Ma(d1,d2,d3,d4,d5)",5D,open,-1,-1,-1,3,1,,
1.698459e+05,"Ma(d1,d2,d3,d4,d5)",5D,open,-1,-1,-1,3,2,,
1.698459e+05,"Ma(d1,d2,d3,d4,d5)",5D,open,-1,-1,-1,3,3,,
1.698459e+05,"Ma(d1,d2,d3,d4,d5)",5D,open,-1,-1,1,-3,-3,,
1.698459e+05,"Ma(d1,d2,d3,d4,d5)",5D,open,-1,-1,1,-3,-2,,
1.698459e+05,"Ma(d1,d2,d3,d4,d5)",5D,open,-1,-1,1,-3,-1,,
1.698459e+05,"Ma(d1,d2,d3,d4)",4D,open,-1,-1,1,-3,0,,
1.698459e+05,"Ma(d1,d2,d3,d4,d5)",5D,open,-1,-1,1,-3,1,,
1.698459e+05,"Ma(d1,d2,d3,d4,d5)",5D,open,-1,-1,1,-3,2,,
1.698459e+05,"Ma(d1,d2,d3,d4,d5)",5D,open,-1,-1,1,-3,3,,
1.698459e+05,"Ma(d1,d2,d3,d4,d5)",5D,open,-1,-1,1,3,-3,,
1.698459e+05,"Ma(d1,d2,d3,d4,d5)",5D,open,-1,-1,1,3,-2,,
1.698459e+05,"Ma(d1,d2,d3,d4,d5)",5D,open,-1,-1,1,3,-1,,
1.698459e+05,"Ma(d1,d2,d3,d4)",4D,open,-1,-1,1,3,0,,
1.698459e+05,"Ma(d1,d2,d3,d4,d5)",5D,open,-1,-1,1,3,1,,
1.698459e+05,"Ma(d1,d2,d3,d4,d5)",5D,open,-1,-1,1,3,2,,
1.698459e+05,"Ma(d1,d2,d3,d4,d5)",5D,open,-1,-1,1,3,3,,
1.698459e+05,"Ma(d1,d2,d3,d4,d5)",5D,open,-1,1,-1,-3,-3,,
1.698459e+05,"Ma(d1,d2,d3,d4,d5)",5D,open,-1,1,-1,-3,-2,,
1.698459e+05,"Ma(d1,d2,d3,d4,d5)",5D,open,-1,1,-1,-3,-1,,
1.698459e+05,"Ma(d1,d2,d3,d4)",4D,open,-1,1,-1,-3,0,,
1.698459e+05,"Ma(d1,d2,d3,d4,d5)",5D,open,-1,1,-1,-3,1,,
1.698459e+05,"Ma(d1,d2,d3,d4,d5)",5D,open,-1,1,-1,-3,2,,
1.698459e+05,"Ma(d1,d2,d3,d4,d5)",5D,open,-1,1,-1,-3,3,,
1.698459e+05,"Ma(d1,d2,d3,d4,d5)",5D,open,-1,1,-1,3,-3,,
1.698459e+05,"Ma(d1,d2,d3,d4,d5)",5D,open,-1,1,-1,3,-2,,
1.698459e+05,"Ma(d1,d2,d3,d4,d5)",5D,open,-1,1,-1,3,-1,,
1.698459e+05,"Ma(d1,d2,d3,d4)",4D,open,-1,1,-1,3,0,,
1.698459e+05,"Ma(d1,d2,d3,d4,d5)",5D,open,-1,1,-1,3,1,,
1.698459e+05,"Ma(d1,d2,d3,d4,d5)",5D,open,-1,1,-1,3,2,,
1.698459e+05,"Ma(d1,d2,d3,d4,d5)",5D,open,-1,1,-1,3,3,,
1.698459e+05,"Ma(d1,d2,d3,d4,d5)",5D,open,-1,1,1,-3,-3,,
1.698459e+05,"Ma(d1,d2,d3,d4,d5)",5D,open,-1,1,1,-3,-2,,
1.698459e+05,"Ma(d1,d2,d3,d4,d5)",5D,open,-1,1,1,-3,-1,,
1.698459e+05,"Ma(d1,d2,d3,d4)",4D,open,-1,1,1,-3,0,,
1.698459e+05,"Ma(d1,d2,d3,d4,d5)",5D,open,-1,1,1,-3,1,,
1.698459e+05,"Ma(d1,d2,d3,d4,d5)",5D,open,-1,1,1,-3,2,,
1.698459e+05,"Ma(d1,d2,d3,d4,d5)",5D,open,-1,1,1,-3,3,,
1.698459e+05,"Ma(d1,d2,d3,d4,d5)",5D,open,-1,1,1,3,-3,,
1.698459e+05,"Ma(d1,d2,d3,d4,d5)",5D,open,-1,1,1,3,-2,,
1.698459e+05,"Ma(d1,d2,d3,d4,d5)",5D,open,-1,1,1,3,-1,,
1.698459e+05,"Ma(d1,d2,d3,d4)",4D,open,-1,1,1,3,0,,
1.698459e+05,"Ma(d1,d2,d3,d4,d5)",5D,open,-1,1,1,3,1,,
1.698459e+05,"Ma(d1,d2,d3,d4,d5)",5D,open,-1,1,1,3,2,,
1.698459e+05,"Ma(d1,d2,d3,d4,d5)",5D,open,-1,1,1,3,3,,
1.698459e+05,"Ma(d1,d2,d3,d4,d5)",5D,open,1,-1,-1,-3,-3,,
1.698459e+05,"Ma(d1,d2,d3,d4,d5)",5D,open,1,-1,-1,-3,-2,,
1.698459e+05,"Ma(d1,d2,d3,d4,d5)",5D,open,1,-1,-1,-3,-1,,
1.698459e+05,"Ma(d1,d2,d3,d4)",4D,open,1,-1,-1,-3,0,,
1.698459e+05,"Ma(d1,d2,d3,d4,d5)",5D,open,1,-1,-1,-3,1,,
1.698459e+05,"Ma(d1,d2,d3,d4,d5)",5D,open,1,-1,-1,-3,2,,
1.698459e+05,"Ma(d1,d2,d3,d4,d5)",5D,open,1,-1,-1,-3,3,,
1.698459e+05,"Ma(d1,d2,d3,d4,d5)",5D,open,1,-1,-1,3,-3,,
1.698459e+05,"Ma(d1,d2,d3,d4,d5)",5D,open,1,-1,-1,3,-2,,
1.698459e+05,"Ma(d1,d2,d3,d4,d5)",5D,open,1,-1,-1,3,-1,,
1.698459e+05,"Ma(d1,d2,d3,d4)",4D,open,1,-1,-1,3,0,,
1.698459e+05,"Ma(d1,d2,d3,d4,d5)",5D,open,1,-1,-1,3,1,,
1.698459e+05,"Ma(d1,d2,d3,d4,d5)",5D,open,1,-1,-1,3,2,,
1.698459e+05,"Ma(d1,d2,d3,d4,d5)",5D,open,1,-1,-1,3,3,,
1.698459e+05,"Ma(d1,d2,d3,d4,d5)",5D,open,1,-1,1,-3,-3,,
1.698459e+05,"Ma(d1,d2,d3,d4,d5)",5D,open,1,-1,1,-3,-2,,
1.698459e+05,"Ma(d1,d2,d3,d4,d5)",5D,open,1,-1,1,-3,-1,,
1.698459e+05,"Ma(d1,d2,d3,d4)",4D,open,1,-1,1,-3,0,,
1.698459e+05,"Ma(d1,d2,d3,d4,d5)",5D,open,1,-1,1,-3,1,,
1.698459e+05,"Ma(d1,d2,d3,d4,d5)",5D,open,1,-1,1,-3,2,,
1.698459e+05,"Ma(d1,d2,d3,d4,d5)",5D,open,1,-1,1,-3,3,,
1.698459e+05,"Ma(d1,d2,d3,d4,d5)",5D,open,1,-1,1,3,-3,,
1.698459e+05,"Ma(d1,d2,d3,d4,d5)",5D,open,1,-1,1,3,-2,,
1.698459e+05,"Ma(d1,d2,d3,d4,d5)",5D,open,1,-1,1,3,-1,,
1.698459e+05,"Ma(d1,d2,d3,d4)",4D,open,1,-1,1,3,0,,
1.698459e+05,"Ma(d1,d2,d3,d4,d5)",5D,open,1,-1,1,3,1,,
1.698459e+05,"Ma(d1,d2,d3,d4,d5)",5D,open,1,-1,1,3,2,,
1.698459e+05,"Ma(d1,d2,d3,d4,d5)",5D,open,1,-1,1,3,3,,
1.698459e+05,"Ma(d1,d2,d3,d4,d5)",5D,open,1,1,-1,-3,-3,,
1.698459e+05,"Ma(d1,d2,d3,d4,d5)",5D,open,1,1,-1,-3,-2,,
1.698459e+05,"Ma(d1,d2,d3,d4,d5)",5D,open,1,1,-1,-3,-1,,
1.698459e+05,"Ma(d1,d2,d3,d4)",4D,open,1,1,-1,-3,0,,
1.698459e+05,"Ma(d1,d2,d3,d4,d5)",5D,open,1,1,-1,-3,1,,
1.698459e+05,"Ma(d1,d2,d3,d4,d5)",5D,open,1,1,-1,-3,2,,
1.698459e+05,"Ma(d1,d2,d3,d4,d5)",5D,open,1,1,-1,-3,3,,
1.698459e+05,"Ma(d1,d2,d3,d4,d5)",5D,open,1,1,-1,3,-3,,
1.698459e+05,"Ma(d1,d2,d3,d4,d5)",5D,open,1,1,-1,3,-2,,
1.698459e+05,"Ma(d1,d2,d3,d4,d5)",5D,open,1,1,-1,3,-1,,
1.698459e+05,"Ma(d1,d2,d3,d4)",4D,open,1,1,-1,3,0,,
1.698459e+05,"Ma(d1,d2,d3,d4,d5)",5D,open,1,1,-1,3,1,,
1.698459e+05,"Ma(d1,d2,d3,d4,d5)",5D,open,1,1,-1,3,2,,
1.698459e+05,"Ma(d1,d2,d3,d4,d5)",5D,open,1,1,-1,3,3,,
1.698459e+05,"Ma(d1,d2,d3,d4,d5)",5D,open,1,1,1,-3,-3,,
1.698459e+05,"Ma(d1,d2,d3,d4,d5)",5D,open,1,1,1,-3,-2,,
1.698459e+05,"Ma(d1,d2,d3,d4,d5)",5D,open,1,1,1,-3,-1,,
1.698459e+05,"Ma(d1,d2,d3,d4)",4D,open,1,1,1,-3,0,,
1.698459e+05,"Ma(d1,d2,d3,d4,d5)",5D,open,1,1,1,-3,1,,
1.698459e+05,"Ma(d1,d2,d3,d4,d5)",5D,open,1,1,1,-3,2,,
1.698459e+05,"Ma(d1,d2,d3,d4,d5)",5D,open,1,1,1,-3,3,,
1.698459e+05,"Ma(d1,d2,d3,d4,d5)",5D,open,1,1,1,3,-3,,
1.698459e+05,"Ma(d1,d2,d3,d4,d5)",5D,open,1,1,1,3,-2,,
1.698459e+05,"Ma(d1,d2,d3,d4,d5)",5D,open,1,1,1,3,-1,,
1.698459e+05,"Ma(d1,d2,d3,d4)",4D,open,1,1,1,3,0,,
1.698459e+05,"Ma(d1,d2,d3,d4,d5)",5D,open,1,1,1,3,1,,
1.698459e+05,"Ma(d1,d2,d3,d4,d5)",5D,open,1,1,1,3,2,,
1.698459e+05,"Ma(d1,d2,d3,d4,d5)",5D,open,1,1,1,3,3,,
1.698459e+05,"Ma(d1,d2,d3,d5)",4D,open,-1,-1,-2,0,-3,,
1.698459e+05,"Ma(d1,d2,d3,d5)",4D,open,-1,-1,-2,0,-2,,
1.698459e+05,"Ma(d1,d2,d3,d5)",4D,open,-1,-1,-2,0,-1,,
1.698459e+05,"Ma(d1,d2,d3)",3D,open,-1,-1,-2,0,0,,
1.698459e+05,"Ma(d1,d2,d3,d5)",4D,open,-1,-1,-2,0,1,,
1.698459e+05,"Ma(d1,d2,d3,d5)",4D,open,-1,-1,-2,0,2,,
1.698459e+05,"Ma(d1,d2,d3,d5)",4D,open,-1,-1,-2,0,3,,
1.698459e+05,"Ma(d1,d2,d3,d5)",4D,open,-1,-1,2,0,-3,,
1.698459e+05,"Ma(d1,d2,d3,d5)",4D,open,-1,-1,2,0,-2,,
1.698459e+05,"Ma(d1,d2,d3,d5)",4D,open,-1,-1,2,0,-1,,
1.698459e+05,"Ma(d1,d2,d3)",3D,open,-1,-1,2,0,0,,
1.698459e+05,"Ma(d1,d2,d3,d5)",4D,open,-1,-1,2,0,1,,
1.698459e+05,"Ma(d1,d2,d3,d5)",4D,open,-1,-1,2,0,2,,
1.698459e+05,"Ma(d1,d2,d3,d5)",4D,open,-1,-1,2,0,3,,
1.698459e+05,"Ma(d1,d2,d3,d5)",4D,open,-1,1,-2,0,-3,,
1.698459e+05,"Ma(d1,d2,d3,d5)",4D,open,-1,1,-2,0,-2,,
1.698459e+05,"Ma(d1,d2,d3,d5)",4D,open,-1,1,-2,0,-1,,
1.698459e+05,"Ma(d1,d2,d3)",3D,open,-1,1,-2,0,0,,
1.698459e+05,"Ma(d1,d2,d3,d5)",4D,open,-1,1,-2,0,1,,
1.698459e+05,"Ma(d1,d2,d3,d5)",4D,open,-1,1,-2,0,2,,
1.698459e+05,"Ma(d1,d2,d3,d5)",4D,open,-1,1,-2,0,3,,
1.698459e+05,"Ma(d1,d2,d3,d5)",4D,open,-1,1,2,0,-3,,
1.698459e+05,"Ma(d1,d2,d3,d5)",4D,open,-1,1,2,0,-2,,
1.698459e+05,"Ma(d1,d2,d3,d5)",4D,open,-1,1,2,0,-1,,
1.698459e+05,"Ma(d1,d2,d3)",3D,open,-1,1,2,0,0,,
1.698459e+05,"Ma(d1,d2,d3,d5)",4D,open,-1,1,2,0,1,,
1.698459e+05,"Ma(d1,d2,d3,d5)",4D,open,-1,1,2,0,2,,
1.698459e+05,"Ma(d1,d2,d3,d5)",4D,open,-1,1,2,0,3,,
1.698459e+05,"Ma(d1,d2,d3,d5)",4D,open,1,-1,-2,0,-3,,
1.698459e+05,"Ma(d1,d2,d3,d5)",4D,open,1,-1,-2,0,-2,,
1.698459e+05,"Ma(d1,d2,d3,d5)",4D,open,1,-1,-2,0,-1,,
1.698459e+05,"Ma(d1,d2,d3)",3D,open,1,-1,-2,0,0,,
1.698459e+05,"Ma(d1,d2,d3,d5)",4D,open,1,-1,-2,0,1,,
1.698459e+05,"Ma(d1,d2,d3,d5)",4D,open,1,-1,-2,0,2,,
1.698459e+05,"Ma(d1,d2,d3,d5)",4D,open,1,-1,-2,0,3,,
1.698459e+05,"Ma(d1,d2,d3,d5)",4D,open,1,-1,2,0,-3,,
1.698459e+05,"Ma(d1,d2,d3,d5)",4D,open,1,-1,2,0,-2,,
1.698459e+05,"Ma(d1,d2,d3,d5)",4D,open,1,-1,2,0,-1,,
1.698459e+05,"Ma(d1,d2,d3)",3D,open,1,-1,2,0,0,,
1.698459e+05,"Ma(d1,d2,d3,d5)",4D,open,1,-1,2,0,1,,
1.698459e+05,"Ma(d1,d2,d3,d5)",4D,open,1,-1,2,0,2,,
1.698459e+05,"Ma(d1,d2,d3,d5)",4D,open,1,-1,2,0,3,,
1.698459e+05,"Ma(d1,d2,d3,d5)",4D,open,1,1,-2,0,-3,,
1.698459e+05,"Ma(d1,d2,d3,d5)",4D,open,1,1,-2,0,-2,,
1.698459e+05,"Ma(d1,d2,d3,d5)",4D,open,1,1,-2,0,-1,,
1.698459e+05,"Ma(d1,d2,d3)",3D,open,1,1,-2,0,0,,
1.698459e+05,"Ma(d1,d2,d3,d5)",4D,open,1,1,-2,0,1,,
1.698459e+05,"Ma(d1,d2,d3,d5)",4D,open,1,1,-2,0,2,,
1.698459e+05,"Ma(d1,d2,d3,d5)",4D,open,1,1,-2,0,3,,
1.698459e+05,"Ma(d1,d2,d3,d5)",4D,open,1,1,2,0,-3,,
1.698459e+05,"Ma(d1,d2,d3,d5)",4D,open,1,1,2,0,-2,,
1.698459e+05,"Ma(d1,d2,d3,d5)",4D,open,1,1,2,0,-1,,
1.698459e+05,"Ma(d1,d2,d3)",3D,open,1,1,2,0,0,,
1.698459e+05,"Ma(d1,d2,d3,d5)",4D,open,1,1,2,0,1,,
1.698459e+05,"Ma(d1,d2,d3,d5)",4D,open,1,1,2,0,2,,
1.698459e+05,"Ma(d1,d2,d3,d5)",4D,open,1,1,2,0,3,,
1.698459e+05,"Ma(d1,d2,d3,d4,d5)",5D,open,-1,-1,-2,-1,-3,,
1.698459e+05,"Ma(d1,d2,d3,d4,d5)",5D,open,-1,-1,-2,-1,-2,,
1.698459e+05,"Ma(d1,d2,d3,d4,d5)",5D,open,-1,-1,-2,-1,-1,,
1.698459e+05,"Ma(d1,d2,d3,d4)",4D,open,-1,-1,-2,-1,0,,
1.698459e+05,"Ma(d1,d2,d3,d4,d5)",5D,open,-1,-1,-2,-1,1,,
1.698459e+05,"Ma(d1,d2,d3,d4,d5)",5D,open,-1,-1,-2,-1,2,,
1.698459e+05,"Ma(d1,d2,d3,d4,d5)",5D,open,-1,-1,-2,-1,3,,
1.698459e+05,"Ma(d1,d2,d3,d4,d5)",5D,open,-1,-1,-2,1,-3,,
1.698459e+05,"Ma(d1,d2,d3,d4,d5)",5D,open,-1,-1,-2,1,-2,,
1.698459e+05,"Ma(d1,d2,d3,d4,d5)",5D,open,-1,-1,-2,1,-1,,
1.698459e+05,"Ma(d1,d2,d3,d4)",4D,open,-1,-1,-2,1,0,,
1.698459e+05,"Ma(d1,d2,d3,d4,d5)",5D,open,-1,-1,-2,1,1,,
1.698459e+05,"Ma(d1,d2,d3,d4,d5)",5D,open,-1,-1,-2,1,2,,
1.698459e+05,"Ma(d1,d2,d3,d4,d5)",5D,open,-1,-1,-2,1,3,,
1.698459e+05,"Ma(d1,d2,d3,d4,d5)",5D,open,-1,-1,2,-1,-3,,
1.698459e+05,"Ma(d1,d2,d3,d4,d5)",5D,open,-1,-1,2,-1,-2,,
1.698459e+05,"Ma(d1,d2,d3,d4,d5)",5D,open,-1,-1,2,-1,-1,,
1.698459e+05,"Ma(d1,d2,d3,d4)",4D,open,-1,-1,2,-1,0,,
1.698459e+05,"Ma(d1,d2,d3,d4,d5)",5D,open,-1,-1,2,-1,1,,
1.698459e+05,"Ma(d1,d2,d3,d4,d5)",5D,open,-1,-1,2,-1,2,,
1.698459e+05,"Ma(d1,d2,d3,d4,d5)",5D,open,-1,-1,2,-1,3,,
1.698459e+05,"Ma(d1,d2,d3,d4,d5)",5D,open,-1,-1,2,1,-3,,
1.698459e+05,"Ma(d1,d2,d3,d4,d5)",5D,open,-1,-1,2,1,-2,,
1.698459e+05,"Ma(d1,d2,d3,d4,d5)",5D,open,-1,-1,2,1,-1,,
1.698459e+05,"Ma(d1,d2,d3,d4)",4D,open,-1,-1,2,1,0,,
1.698459e+05,"Ma(d1,d2,d3,d4,d5)",5D,open,-1,-1,2,1,1,,
1.698459e+05,"Ma(d1,d2,d3,d4,d5)",5D,open,-1,-1,2,1,2,,
1.698459e+05,"Ma(d1,d2,d3,d4,d5)",5D,open,-1,-1,2,1,3,,
1.698459e+05,"Ma(d1,d2,d3,d4,d5)",5D,open,-1,1,-2,-1,-3,,
1.698459e+05,"Ma(d1,d2,d3,d4,d5)",5D,open,-1,1,-2,-1,-2,,
1.698459e+05,"Ma(d1,d2,d3,d4,d5)",5D,open,-1,1,-2,-1,-1,,
1.698459e+05,"Ma(d1,d2,d3,d4)",4D,open,-1,1,-2,-1,0,,
1.698459e+05,"Ma(d1,d2,d3,d4,d5)",5D,open,-1,1,-2,-1,1,,
1.698459e+05,"Ma(d1,d2,d3,d4,d5)",5D,open,-1,1,-2,-1,2,,
1.698459e+05,"Ma(d1,d2,d3,d4,d5)",5D,open,-1,1,-2,-1,3,,
1.698459e+05,"Ma(d1,d2,d3,d4,d5)",5D,open,-1,1,-2,1,-3,,
1.698459e+05,"Ma(d1,d2,d3,d4,d5)",5D,open,-1,1,-2,1,-2,,
1.698459e+05,"Ma(d1,d2,d3,d4,d5)",5D,open,-1,1,-2,1,-1,,
1.698459e+05,"Ma(d1,d2,d3,d4)",4D,open,-1,1,-2,1,0,,
1.698459e+05,"Ma(d1,d2,d3,d4,d5)",5D,open,-1,1,-2,1,1,,
1.698459e+05,"Ma(d1,d2,d3,d4,d5)",5D,open,-1,1,-2,1,2,,
1.698459e+05,"Ma(d1,d2,d3,d4,d5)",5D,open,-1,1,-2,1,3,,
1.698459e+05,"Ma(d1,d2,d3,d4,d5)",5D,open,-1,1,2,-1,-3,,
1.698459e+05,"Ma(d1,d2,d3,d4,d5)",5D,open,-1,1,2,-1,-2,,
1.698459e+05,"Ma(d1,d2,d3,d4,d5)",5D,open,-1,1,2,-1,-1,,
1.698459e+05,"Ma(d1,d2,d3,d4)",4D,open,-1,1,2,-1,0,,
1.698459e+05,"Ma(d1,d2,d3,d4,d5)",5D,open,-1,1,2,-1,1,,
1.698459e+05,"Ma(d1,d2,d3,d4,d5)",5D,open,-1,1,2,-1,2,,
1.698459e+05,"Ma(d1,d2,d3,d4,d5)",5D,open,-1,1,2,-1,3,,
1.698459e+05,"Ma(d1,d2,d3,d4,d5)",5D,open,-1,1,2,1,-3,,
1.698459e+05,"Ma(d1,d2,d3,d4,d5)",5D,open,-1,1,2,1,-2,,
1.698459e+05,"Ma(d1,d2,d3,d4,d5)",5D,open,-1,1,2,1,-1,,
1.698459e+05,"Ma(d1,d2,d3,d4)",4D,open,-1,1,2,1,0,,
1.698459e+05,"Ma(d1,d2,d3,d4,d5)",5D,open,-1,1,2,1,1,,
1.698459e+05,"Ma(d1,d2,d3,d4,d5)",5D,open,-1,1,2,1,2,,
1.698459e+05,"Ma(d1,d2,d3,d4,d5)",5D,open,-1,1,2,1,3,,
1.698459e+05,"Ma(d1,d2,d3,d4,d5)",5D,open,1,-1,-2,-1,-3,,
1.698459e+05,"Ma(d1,d2,d3,d4,d5)",5D,open,1,-1,-2,-1,-2,,
1.698459e+05,"Ma(d1,d2,d3,d4,d5)",5D,open,1,-1,-2,-1,-1,,
1.698459e+05,"Ma(d1,d2,d3,d4)",4D,open,1,-1,-2,-1,0,,
1.698459e+05,"Ma(d1,d2,d3,d4,d5)",5D,open,1,-1,-2,-1,1,,
1.698459e+05,"Ma(d1,d2,d3,d4,d5)",5D,open,1,-1,-2,-1,2,,
1.698459e+05,"Ma(d1,d2,d3,d4,d5)",5D,open,1,-1,-2,-1,3,,
1.698459e+05,"Ma(d1,d2,d3,d4,d5)",5D,open,1,-1,-2,1,-3,,
1.698459e+05,"Ma(d1,d2,d3,d4,d5)",5D,open,1,-1,-2,1,-2,,
1.698459e+05,"Ma(d1,d2,d3,d4,d5)",5D,open,1,-1,-2,1,-1,,
1.698459e+05,"Ma(d1,d2,d3,d4)",4D,open,1,-1,-2,1,0,,
1.698459e+05,"Ma(d1,d2,d3,d4,d5)",5D,open,1,-1,-2,1,1,,
1.698459e+05,"Ma(d1,d2,d3,d4,d5)",5D,open,1,-1,-2,1,2,,
1.698459e+05,"Ma(d1,d2,d3,d4,d5)",5D,open,1,-1,-2,1,3,,
1.698459e+05,"Ma(d1,d2,d3,d4,d5)",5D,open,1,-1,2,-1,-3,,
1.698459e+05,"Ma(d1,d2,d3,d4,d5)",5D,open,1,-1,2,-1,-2,,
1.698459e+05,"Ma(d1,d2,d3,d4,d5)",5D,open,1,-1,2,-1,-1,,
1.698459e+05,"Ma(d1,d2,d3,d4)",4D,open,1,-1,2,-1,0,,
1.698459e+05,"Ma(d1,d2,d3,d4,d5)",5D,open,1,-1,2,-1,1,,
1.698459e+05,"Ma(d1,d2,d3,d4,d5)",5D,open,1,-1,2,-1,2,,
1.698459e+05,"Ma(d1,d2,d3,d4,d5)",5D,open,1,-1,2,-1,3,,
1.698459e+05,"Ma(d1,d2,d3,d4,d5)",5D,open,1,-1,2,1,-3,,
1.698459e+05,"Ma(d1,d2,d3,d4,d5)",5D,open,1,-1,2,1,-2,,
1.698459e+05,"Ma(d1,d2,d3,d4,d5)",5D,open,1,-1,2,1,-1,,
1.698459e+05,"Ma(d1,d2,d3,d4)",4D,open,1,-1,2,1,0,,
1.698459e+05,"Ma(d1,d2,d3,d4,d5)",5D,open,1,-1,2,1,1,,
1.698459e+05,"Ma(d1,d2,d3,d4,d5)",5D,open,1,-1,2,1,2,,
1.698459e+05,"Ma(d1,d2,d3,d4,d5)",5D,open,1,-1,2,1,3,,
1.698459e+05,"Ma(d1,d2,d3,d4,d5)",5D,open,1,1,-2,-1,-3,,
1.698459e+05,"Ma(d1,d2,d3,d4,d5)",5D,open,1,1,-2,-1,-2,,
1.698459e+05,"Ma(d1,d2,d3,d4,d5)",5D,open,1,1,-2,-1,-1,,
1.698459e+05,"Ma(d1,d2,d3,d4)",4D,open,1,1,-2,-1,0,,
1.698459e+05,"Ma(d1,d2,d3,d4,d5)",5D,open,1,1,-2,-1,1,,
1.698459e+05,"Ma(d1,d2,d3,d4,d5)",5D,open,1,1,-2,-1,2,,
1.698459e+05,"Ma(d1,d2,d3,d4,d5)",5D,open,1,1,-2,-1,3,,
1.698459e+05,"Ma(d1,d2,d3,d4,d5)",5D,open,1,1,-2,1,-3,,
1.698459e+05,"Ma(d1,d2,d3,d4,d5)",5D,open,1,1,-2,1,-2,,
1.698459e+05,"Ma(d1,d2,d3,d4,d5)",5D,open,1,1,-2,1,-1,,
1.698459e+05,"Ma(d1,d2,d3,d4)",4D,open,1,1,-2,1,0,,
1.698459e+05,"Ma(d1,d2,d3,d4,d5)",5D,open,1,1,-2,1,1,,
1.698459e+05,"Ma(d1,d2,d3,d4,d5)",5D,open,1,1,-2,1,2,,
1.698459e+05,"Ma(d1,d2,d3,d4,d5)",5D,open,1,1,-2,1,3,,
1.698459e+05,"Ma(d1,d2,d3,d4,d5)",5D,open,1,1,2,-1,-3,,
1.698459e+05,"Ma(d1,d2,d3,d4,d5)",5D,open,1,1,2,-1,-2,,
1.698459e+05,"Ma(d1,d2,d3,d4,d5)",5D,open,1,1,2,-1,-1,,
1.698459e+05,"Ma(d1,d2,d3,d4)",4D,open,1,1,2,-1,0,,
1.698459e+05,"Ma(d1,d2,d3,d4,d5)",5D,open,1,1,2,-1,1,,
1.698459e+05,"Ma(d1,d2,d3,d4,d5)",5D,open,1,1,2,-1,2,,
1.698459e+05,"Ma(d1,d2,d3,d4,d5)",5D,open,1,1,2,-1,3,,
1.698459e+05,"Ma(d1,d2,d3,d4,d5)",5D,open,1,1,2,1,-3,,
1.698459e+05,"Ma(d1,d2,d3,d4,d5)",5D,open,1,1,2,1,-2,,
1.698459e+05,"Ma(d1,d2,d3,d4,d5)",5D,open,1,1,2,1,-1,,
1.698459e+05,"Ma(d1,d2,d3,d4)",4D,open,1,1,2,1,0,,
1.698459e+05,"Ma(d1,d2,d3,d4,d5)",5D,open,1,1,2,1,1,,
1.698459e+05,"Ma(d1,d2,d3,d4,d5)",5D,open,1,1,2,1,2,,
1.698459e+05,"Ma(d1,d2,d3,d4,d5)",5D,open,1,1,2,1,3,,
1.698459e+05,"Ma(d1,d2,d3,d4,d5)",5D,open,-1,-1,-2,-2,-3,,
1.698459e+05,"Ma(d1,d2,d3,d4,d5)",5D,open,-1,-1,-2,-2,-2,,
1.698459e+05,"Ma(d1,d2,d3,d4,d5)",5D,open,-1,-1,-2,-2,-1,,
1.698459e+05,"Ma(d1,d2,d3,d4)",4D,open,-1,-1,-2,-2,0,,
1.698459e+05,"Ma(d1,d2,d3,d4,d5)",5D,open,-1,-1,-2,-2,1,,
1.698459e+05,"Ma(d1,d2,d3,d4,d5)",5D,open,-1,-1,-2,-2,2,,
1.698459e+05,"Ma(d1,d2,d3,d4,d5)",5D,open,-1,-1,-2,-2,3,,
1.698459e+05,"Ma(d1,d2,d3,d4,d5)",5D,open,-1,-1,-2,2,-3,,
1.698459e+05,"Ma(d1,d2,d3,d4,d5)",5D,open,-1,-1,-2,2,-2,,
1.698459e+05,"Ma(d1,d2,d3,d4,d5)",5D,open,-1,-1,-2,2,-1,,
1.698459e+05,"Ma(d1,d2,d3,d4)",4D,open,-1,-1,-2,2,0,,
1.698459e+05,"Ma(d1,d2,d3,d4,d5)",5D,open,-1,-1,-2,2,1,,
1.698459e+05,"Ma(d1,d2,d3,d4,d5)",5D,open,-1,-1,-2,2,2,,
1.698459e+05,"Ma(d1,d2,d3,d4,d5)",5D,open,-1,-1,-2,2,3,,
1.698459e+05,"Ma(d1,d2,d3,d4,d5)",5D,open,-1,-1,2,-2,-3,,
1.698459e+05,"Ma(d1,d2,d3,d4,d5)",5D,open,-1,-1,2,-2,-2,,
1.698459e+05,"Ma(d1,d2,d3,d4,d5)",5D,open,-1,-1,2,-2,-1,,
1.698459e+05,"Ma(d1,d2,d3,d4)",4D,open,-1,-1,2,-2,0,,
1.698459e+05,"Ma(d1,d2,d3,d4,d5)",5D,open,-1,-1,2,-2,1,,
1.698459e+05,"Ma(d1,d2,d3,d4,d5)",5D,open,-1,-1,2,-2,2,,
1.698459e+05,"Ma(d1,d2,d3,d4,d5)",5D,open,-1,-1,2,-2,3,,
1.698459e+05,"Ma(d1,d2,d3,d4,d5)",5D,open,-1,-1,2,2,-3,,
1.698459e+05,"Ma(d1,d2,d3,d4,d5)",5D,open,-1,-1,2,2,-2,,
1.698459e+05,"Ma(d1,d2,d3,d4,d5)",5D,open,-1,-1,2,2,-1,,
1.698459e+05,"Ma(d1,d2,d3,d4)",4D,open,-1,-1,2,2,0,,
1.698459e+05,"Ma(d1,d2,d3,d4,d5)",5D,open,-1,-1,2,2,1,,
1.698459e+05,"Ma(d1,d2,d3,d4,d5)",5D,open,-1,-1,2,2,2,,
1.698459e+05,"Ma(d1,d2,d3,d4,d5)",5D,open,-1,-1,2,2,3,,
1.698459e+05,"Ma(d1,d2,d3,d4,d5)",5D,open,-1,1,-2,-2,-3,,
1.698459e+05,"Ma(d1,d2,d3,d4,d5)",5D,open,-1,1,-2,-2,-2,,
1.698459e+05,"Ma(d1,d2,d3,d4,d5)",5D,open,-1,1,-2,-2,-1,,
1.698459e+05,"Ma(d1,d2,d3,d4)",4D,open,-1,1,-2,-2,0,,
1.698459e+05,"Ma(d1,d2,d3,d4,d5)",5D,open,-1,1,-2,-2,1,,
1.698459e+05,"Ma(d1,d2,d3,d4,d5)",5D,open,-1,1,-2,-2,2,,
1.698459e+05,"Ma(d1,d2,d3,d4,d5)",5D,open,-1,1,-2,-2,3,,
1.698459e+05,"Ma(d1,d2,d3,d4,d5)",5D,open,-1,1,-2,2,-3,,
1.698459e+05,"Ma(d1,d2,d3,d4,d5)",5D,open,-1,1,-2,2,-2,,
1.698459e+05,"Ma(d1,d2,d3,d4,d5)",5D,open,-1,1,-2,2,-1,,
1.698459e+05,"Ma(d1,d2,d3,d4)",4D,open,-1,1,-2,2,0,,
1.698459e+05,"Ma(d1,d2,d3,d4,d5)",5D,open,-1,1,-2,2,1,,
1.698459e+05,"Ma(d1,d2,d3,d4,d5)",5D,open,-1,1,-2,2,2,,
1.698459e+05,"Ma(d1,d2,d3,d4,d5)",5D,open,-1,1,-2,2,3,,
1.698459e+05,"Ma(d1,d2,d3,d4,d5)",5D,open,-1,1,2,-2,-3,,
1.698459e+05,"Ma(d1,d2,d3,d4,d5)",5D,open,-1,1,2,-2,-2,,
1.698459e+05,"Ma(d1,d2,d3,d4,d5)",5D,open,-1,1,2,-2,-1,,
1.698459e+05,"Ma(d1,d2,d3,d4)",4D,open,-1,1,2,-2,0,,
1.698459e+05,"Ma(d1,d2,d3,d4,d5)",5D,open,-1,1,2,-2,1,,
1.698459e+05,"Ma(d1,d2,d3,d4,d5)",5D,open,-1,1,2,-2,2,,
1.698459e+05,"Ma(d1,d2,d3,d4,d5)",5D,open,-1,1,2,-2,3,,
1.698459e+05,"Ma(d1,d2,d3,d4,d5)",5D,open,-1,1,2,2,-3,,
1.698459e+05,"Ma(d1,d2,d3,d4,d5)",5D,open,-1,1,2,2,-2,,
1.698459e+05,"Ma(d1,d2,d3,d4,d5)",5D,open,-1,1,2,2,-1,,
1.698459e+05,"Ma(d1,d2,d3,d4)",4D,open,-1,1,2,2,0,,
1.698459e+05,"Ma(d1,d2,d3,d4,d5)",5D,open,-1,1,2,2,1,,
1.698459e+05,"Ma(d1,d2,d3,d4,d5)",5D,open,-1,1,2,2,2,,
1.698459e+05,"Ma(d1,d2,d3,d4,d5)",5D,open,-1,1,2,2,3,,
1.698459e+05,"Ma(d1,d2,d3,d4,d5)",5D,open,1,-1,-2,-2,-3,,
1.698459e+05,"Ma(d1,d2,d3,d4,d5)",5D,open,1,-1,-2,-2,-2,,
1.698459e+05,"Ma(d1,d2,d3,d4,d5)",5D,open,1,-1,-2,-2,-1,,
1.698459e+05,"Ma(d1,d2,d3,d4)",4D,open,1,-1,-2,-2,0,,
1.698459e+05,"Ma(d1,d2,d3,d4,d5)",5D,open,1,-1,-2,-2,1,,
1.698459e+05,"Ma(d1,d2,d3,d4,d5)",5D,open,1,-1,-2,-2,2,,
1.698459e+05,"Ma(d1,d2,d3,d4,d5)",5D,open,1,-1,-2,-2,3,,
1.698459e+05,"Ma(d1,d2,d3,d4,d5)",5D,open,1,-1,-2,2,-3,,
1.698459e+05,"Ma(d1,d2,d3,d4,d5)",5D,open,1,-1,-2,2,-2,,
1.698459e+05,"Ma(d1,d2,d3,d4,d5)",5D,open,1,-1,-2,2,-1,,
1.698459e+05,"Ma(d1,d2,d3,d4)",4D,open,1,-1,-2,2,0,,
1.698459e+05,"Ma(d1,d2,d3,d4,d5)",5D,open,1,-1,-2,2,1,,
1.698459e+05,"Ma(d1,d2,d3,d4,d5)",5D,open,1,-1,-2,2,2,,
1.698459e+05,"Ma(d1,d2,d3,d4,d5)",5D,open,1,-1,-2,2,3,,
1.698459e+05,"Ma(d1,d2,d3,d4,d5)",5D,open,1,-1,2,-2,-3,,
1.698459e+05,"Ma(d1,d2,d3,d4,d5)",5D,open,1,-1,2,-2,-2,,
1.698459e+05,"Ma(d1,d2,d3,d4,d5)",5D,open,1,-1,2,-2,-1,,
1.698459e+05,"Ma(d1,d2,d3,d4)",4D,open,1,-1,2,-2,0,,
1.698459e+05,"Ma(d1,d2,d3,d4,d5)",5D,open,1,-1,2,-2,1,,
1.698459e+05,"Ma(d1,d2,d3,d4,d5)",5D,open,1,-1,2,-2,2,,
1.698459e+05,"Ma(d1,d2,d3,d4,d5)",5D,open,1,-1,2,-2,3,,
1.698459e+05,"Ma(d1,d2,d3,d4,d5)",5D,open,1,-1,2,2,-3,,
1.698459e+05,"Ma(d1,d2,d3,d4,d5)",5D,open,1,-1,2,2,-2,,
1.698459e+05,"Ma(d1,d2,d3,d4,d5)",5D,open,1,-1,2,2,-1,,
1.698459e+05,"Ma(d1,d2,d3,d4)",4D,open,1,-1,2,2,0,,
1.698459e+05,"Ma(d1,d2,d3,d4,d5)",5D,open,1,-1,2,2,1,,
1.698459e+05,"Ma(d1,d2,d3,d4,d5)",5D,open,1,-1,2,2,2,,
1.698459e+05,"Ma(d1,d2,d3,d4,d5)",5D,open,1,-1,2,2,3,,
1.698459e+05,"Ma(d1,d2,d3,d4,d5)",5D,open,1,1,-2,-2,-3,,
1.698459e+05,"Ma(d1,d2,d3,d4,d5)",5D,open,1,1,-2,-2,-2,,
1.698459e+05,"Ma(d1,d2,d3,d4,d5)",5D,open,1,1,-2,-2,-1,,
1.698459e+05,"Ma(d1,d2,d3,d4)",4D,open,1,1,-2,-2,0,,
1.698459e+05,"Ma(d1,d2,d3,d4,d5)",5D,open,1,1,-2,-2,1,,
1.698459e+05,"Ma(d1,d2,d3,d4,d5)",5D,open,1,1,-2,-2,2,,
1.698459e+05,"Ma(d1,d2,d3,d4,d5)",5D,open,1,1,-2,-2,3,,
1.698459e+05,"Ma(d1,d2,d3,d4,d5)",5D,open,1,1,-2,2,-3,,
1.698459e+05,"Ma(d1,d2,d3,d4,d5)",5D,open,1,1,-2,2,-2,,
1.698459e+05,"Ma(d1,d2,d3,d4,d5)",5D,open,1,1,-2,2,-1,,
1.698459e+05,"Ma(d1,d2,d3,d4)",4D,open,1,1,-2,2,0,,
1.698459e+05,"Ma(d1,d2,d3,d4,d5)",5D,open,1,1,-2,2,1,,
1.698459e+05,"Ma(d1,d2,d3,d4,d5)",5D,open,1,1,-2,2,2,,
1.698459e+05,"Ma(d1,d2,d3,d4,d5)",5D,open,1,1,-2,2,3,,
1.698459e+05,"Ma(d1,d2,d3,d4,d5)",5D,open,1,1,2,-2,-3,,
1.698459e+05,"Ma(d1,d2,d3,d4,d5)",5D,open,1,1,2,-2,-2,,
1.698459e+05,"Ma(d1,d2,d3,d4,d5)",5D,open,1,1,2,-2,-1,,
1.698459e+05,"Ma(d1,d2,d3,d4)",4D,open,1,1,2,-2,0,,
1.698459e+05,"Ma(d1,d2,d3,d4,d5)",5D,open,1,1,2,-2,1,,
1.698459e+05,"Ma(d1,d2,d3,d4,d5)",5D,open,1,1,2,-2,2,,
1.698459e+05,"Ma(d1,d2,d3,d4,d5)",5D,open,1,1,2,-2,3,,
1.698459e+05,"Ma(d1,d2,d3,d4,d5)",5D,open,1,1,2,2,-3,,
1.698459e+05,"Ma(d1,d2,d3,d4,d5)",5D,open,1,1,2,2,-2,,
1.698459e+05,"Ma(d1,d2,d3,d4,d5)",5D,open,1,1,2,2,-1,,
1.698459e+05,"Ma(d1,d2,d3,d4)",4D,open,1,1,2,2,0,,
1.698459e+05,"Ma(d1,d2,d3,d4,d5)",5D,open,1,1,2,2,1,,
1.698459e+05,"Ma(d1,d2,d3,d4,d5)",5D,open,1,1,2,2,2,,
1.698459e+05,"Ma(d1,d2,d3,d4,d5)",5D,open,1,1,2,2,3,,
1.698459e+05,"Ma(d1,d2,d3,d4,d5)",5D,open,-1,-1,-2,-3,-3,,
1.698459e+05,"Ma(d1,d2,d3,d4,d5)",5D,open,-1,-1,-2,-3,-2,,
1.698459e+05,"Ma(d1,d2,d3,d4,d5)",5D,open,-1,-1,-2,-3,-1,,
1.698459e+05,"Ma(d1,d2,d3,d4)",4D,open,-1,-1,-2,-3,0,,
1.698459e+05,"Ma(d1,d2,d3,d4,d5)",5D,open,-1,-1,-2,-3,1,,
1.698459e+05,"Ma(d1,d2,d3,d4,d5)",5D,open,-1,-1,-2,-3,2,,
1.698459e+05,"Ma(d1,d2,d3,d4,d5)",5D,open,-1,-1,-2,-3,3,,
1.698459e+05,"Ma(d1,d2,d3,d4,d5)",5D,open,-1,-1,-2,3,-3,,
1.698459e+05,"Ma(d1,d2,d3,d4,d5)",5D,open,-1,-1,-2,3,-2,,
1.698459e+05,"Ma(d1,d2,d3,d4,d5)",5D,open,-1,-1,-2,3,-1,,
1.698459e+05,"Ma(d1,d2,d3,d4)",4D,open,-1,-1,-2,3,0,,
1.698459e+05,"Ma(d1,d2,d3,d4,d5)",5D,open,-1,-1,-2,3,1,,
1.698459e+05,"Ma(d1,d2,d3,d4,d5)",5D,open,-1,-1,-2,3,2,,
1.698459e+05,"Ma(d1,d2,d3,d4,d5)",5D,open,-1,-1,-2,3,3,,
1.698459e+05,"Ma(d1,d2,d3,d4,d5)",5D,open,-1,-1,2,-3,-3,,
1.698459e+05,"Ma(d1,d2,d3,d4,d5)",5D,open,-1,-1,2,-3,-2,,
1.698459e+05,"Ma(d1,d2,d3,d4,d5)",5D,open,-1,-1,2,-3,-1,,
1.698459e+05,"Ma(d1,d2,d3,d4)",4D,open,-1,-1,2,-3,0,,
1.698459e+05,"Ma(d1,d2,d3,d4,d5)",5D,open,-1,-1,2,-3,1,,
1.698459e+05,"Ma(d1,d2,d3,d4,d5)",5D,open,-1,-1,2,-3,2,,
1.698459e+05,"Ma(d1,d2,d3,d4,d5)",5D,open,-1,-1,2,-3,3,,
1.698459e+05,"Ma(d1,d2,d3,d4,d5)",5D,open,-1,-1,2,3,-3,,
1.698459e+05,"Ma(d1,d2,d3,d4,d5)",5D,open,-1,-1,2,3,-2,,
1.698459e+05,"Ma(d1,d2,d3,d4,d5)",5D,open,-1,-1,2,3,-1,,
1.698459e+05,"Ma(d1,d2,d3,d4)",4D,open,-1,-1,2,3,0,,
1.698459e+05,"Ma(d1,d2,d3,d4,d5)",5D,open,-1,-1,2,3,1,,
1.698459e+05,"Ma(d1,d2,d3,d4,d5)",5D,open,-1,-1,2,3,2,,
1.698459e+05,"Ma(d1,d2,d3,d4,d5)",5D,open,-1,-1,2,3,3,,
1.698459e+05,"Ma(d1,d2,d3,d4,d5)",5D,open,-1,1,-2,-3,-3,,
1.698459e+05,"Ma(d1,d2,d3,d4,d5)",5D,open,-1,1,-2,-3,-2,,
1.698459e+05,"Ma(d1,d2,d3,d4,d5)",5D,open,-1,1,-2,-3,-1,,
1.698459e+05,"Ma(d1,d2,d3,d4)",4D,open,-1,1,-2,-3,0,,
1.698459e+05,"Ma(d1,d2,d3,d4,d5)",5D,open,-1,1,-2,-3,1,,
1.698459e+05,"Ma(d1,d2,d3,d4,d5)",5D,open,-1,1,-2,-3,2,,
1.698459e+05,"Ma(d1,d2,d3,d4,d5)",5D,open,-1,1,-2,-3,3,,
1.698459e+05,"Ma(d1,d2,d3,d4,d5)",5D,open,-1,1,-2,3,-3,,
1.698459e+05,"Ma(d1,d2,d3,d4,d5)",5D,open,-1,1,-2,3,-2,,
1.698459e+05,"Ma(d1,d2,d3,d4,d5)",5D,open,-1,1,-2,3,-1,,
1.698459e+05,"Ma(d1,d2,d3,d4)",4D,open,-1,1,-2,3,0,,
1.698459e+05,"Ma(d1,d2,d3,d4,d5)",5D,open,-1,1,-2,3,1,,
1.698459e+05,"Ma(d1,d2,d3,d4,d5)",5D,open,-1,1,-2,3,2,,
1.698459e+05,"Ma(d1,d2,d3,d4,d5)",5D,open,-1,1,-2,3,3,,
1.698459e+05,"Ma(d1,d2,d3,d4,d5)",5D,open,-1,1,2,-3,-3,,
1.698459e+05,"Ma(d1,d2,d3,d4,d5)",5D,open,-1,1,2,-3,-2,,
1.698459e+05,"Ma(d1,d2,d3,d4,d5)",5D,open,-1,1,2,-3,-1,,
1.698459e+05,"Ma(d1,d2,d3,d4)",4D,open,-1,1,2,-3,0,,
1.698459e+05,"Ma(d1,d2,d3,d4,d5)",5D,open,-1,1,2,-3,1,,
1.698459e+05,"Ma(d1,d2,d3,d4,d5)",5D,open,-1,1,2,-3,2,,
1.698459e+05,"Ma(d1,d2,d3,d4,d5)",5D,open,-1,1,2,-3,3,,
1.698459e+05,"Ma(d1,d2,d3,d4,d5)",5D,open,-1,1,2,3,-3,,
1.698459e+05,"Ma(d1,d2,d3,d4,d5)",5D,open,-1,1,2,3,-2,,
1.698459e+05,"Ma(d1,d2,d3,d4,d5)",5D,open,-1,1,2,3,-1,,
1.698459e+05,"Ma(d1,d2,d3,d4)",4D,open,-1,1,2,3,0,,
1.698459e+05,"Ma(d1,d2,d3,d4,d5)",5D,open,-1,1,2,3,1,,
1.698459e+05,"Ma(d1,d2,d3,d4,d5)",5D,open,-1,1,2,3,2,,
1.698459e+05,"Ma(d1,d2,d3,d4,d5)",5D,open,-1,1,2,3,3,,
1.698459e+05,"Ma(d1,d2,d3,d4,d5)",5D,open,1,-1,-2,-3,-3,,
1.698459e+05,"Ma(d1,d2,d3,d4,d5)",5D,open,1,-1,-2,-3,-2,,
1.698459e+05,"Ma(d1,d2,d3,d4,d5)",5D,open,1,-1,-2,-3,-1,,
1.698459e+05,"Ma(d1,d2,d3,d4)",4D,open,1,-1,-2,-3,0,,
1.698459e+05,"Ma(d1,d2,d3,d4,d5)",5D,open,1,-1,-2,-3,1,,
1.698459e+05,"Ma(d1,d2,d3,d4,d5)",5D,open,1,-1,-2,-3,2,,
1.698459e+05,"Ma(d1,d2,d3,d4,d5)",5D,open,1,-1,-2,-3,3,,
1.698459e+05,"Ma(d1,d2,d3,d4,d5)",5D,open,1,-1,-2,3,-3,,
1.698459e+05,"Ma(d1,d2,d3,d4,d5)",5D,open,1,-1,-2,3,-2,,
1.698459e+05,"Ma(d1,d2,d3,d4,d5)",5D,open,1,-1,-2,3,-1,,
1.698459e+05,"Ma(d1,d2,d3,d4)",4D,open,1,-1,-2,3,0,,
1.698459e+05,"Ma(d1,d2,d3,d4,d5)",5D,open,1,-1,-2,3,1,,
1.698459e+05,"Ma(d1,d2,d3,d4,d5)",5D,open,1,-1,-2,3,2,,
1.698459e+05,"Ma(d1,d2,d3,d4,d5)",5D,open,1,-1,-2,3,3,,
1.698459e+05,"Ma(d1,d2,d3,d4,d5)",5D,open,1,-1,2,-3,-3,,
1.698459e+05,"Ma(d1,d2,d3,d4,d5)",5D,open,1,-1,2,-3,-2,,
1.698459e+05,"Ma(d1,d2,d3,d4,d5)",5D,open,1,-1,2,-3,-1,,
1.698459e+05,"Ma(d1,d2,d3,d4)",4D,open,1,-1,2,-3,0,,
1.698459e+05,"Ma(d1,d2,d3,d4,d5)",5D,open,1,-1,2,-3,1,,
1.698459e+05,"Ma(d1,d2,d3,d4,d5)",5D,open,1,-1,2,-3,2,,
1.698459e+05,"Ma(d1,d2,d3,d4,d5)",5D,open,1,-1,2,-3,3,,
1.698459e+05,"Ma(d1,d2,d3,d4,d5)",5D,open,1,-1,2,3,-3,,
1.698459e+05,"Ma(d1,d2,d3,d4,d5)",5D,open,1,-1,2,3,-2,,
1.698459e+05,"Ma(d1,d2,d3,d4,d5)",5D,open,1,-1,2,3,-1,,
1.698459e+05,"Ma(d1,d2,d3,d4)",4D,open,1,-1,2,3,0,,
1.698459e+05,"Ma(d1,d2,d3,d4,d5)",5D,open,1,-1,2,3,1,,
1.698459e+05,"Ma(d1,d2,d3,d4,d5)",5D,open,1,-1,2,3,2,,
1.698459e+05,"Ma(d1,d2,d3,d4,d5)",5D,open,1,-1,2,3,3,,
1.698459e+05,"Ma(d1,d2,d3,d4,d5)",5D,open,1,1,-2,-3,-3,,
1.698459e+05,"Ma(d1,d2,d3,d4,d5)",5D,open,1,1,-2,-3,-2,,
1.698459e+05,"Ma(d1,d2,d3,d4,d5)",5D,open,1,1,-2,-3,-1,,
1.698459e+05,"Ma(d1,d2,d3,d4)",4D,open,1,1,-2,-3,0,,
1.698459e+05,"Ma(d1,d2,d3,d4,d5)",5D,open,1,1,-2,-3,1,,
1.698459e+05,"Ma(d1,d2,d3,d4,d5)",5D,open,1,1,-2,-3,2,,
1.698459e+05,"Ma(d1,d2,d3,d4,d5)",5D,open,1,1,-2,-3,3,,
1.698459e+05,"Ma(d1,d2,d3,d4,d5)",5D,open,1,1,-2,3,-3,,
1.698459e+05,"Ma(d1,d2,d3,d4,d5)",5D,open,1,1,-2,3,-2,,
1.698459e+05,"Ma(d1,d2,d3,d4,d5)",5D,open,1,1,-2,3,-1,,
1.698459e+05,"Ma(d1,d2,d3,d4)",4D,open,1,1,-2,3,0,,
1.698459e+05,"Ma(d1,d2,d3,d4,d5)",5D,open,1,1,-2,3,1,,
1.698459e+05,"Ma(d1,d2,d3,d4,d5)",5D,open,1,1,-2,3,2,,
1.698459e+05,"Ma(d1,d2,d3,d4,d5)",5D,open,1,1,-2,3,3,,
1.698459e+05,"Ma(d1,d2,d3,d4,d5)",5D,open,1,1,2,-3,-3,,
1.698459e+05,"Ma(d1,d2,d3,d4,d5)",5D,open,1,1,2,-3,-2,,
1.698459e+05,"Ma(d1,d2,d3,d4,d5)",5D,open,1,1,2,-3,-1,,
1.698459e+05,"Ma(d1,d2,d3,d4)",4D,open,1,1,2,-3,0,,
1.698459e+05,"Ma(d1,d2,d3,d4,d5)",5D,open,1,1,2,-3,1,,
1.698459e+05,"Ma(d1,d2,d3,d4,d5)",5D,open,1,1,2,-3,2,,
1.698459e+05,"Ma(d1,d2,d3,d4,d5)",5D,open,1,1,2,-3,3,,
1.698459e+05,"Ma(d1,d2,d3,d4,d5)",5D,open,1,1,2,3,-3,,
1.698459e+05,"Ma(d1,d2,d3,d4,d5)",5D,open,1,1,2,3,-2,,
1.698459e+05,"Ma(d1,d2,d3,d4,d5)",5D,open,1,1,2,3,-1,,
1.698459e+05,"Ma(d1,d2,d3,d4)",4D,open,1,1,2,3,0,,
1.698459e+05,"Ma(d1,d2,d3,d4,d5)",5D,open,1,1,2,3,1,,
1.698459e+05,"Ma(d1,d2,d3,d4,d5)",5D,open,1,1,2,3,2,,
1.698459e+05,"Ma(d1,d2,d3,d4,d5)",5D,open,1,1,2,3,3,,
1.698459e+05,"Ma(d1,d2,d3,d5)",4D,open,-1,-1,-3,0,-3,,
1.698459e+05,"Ma(d1,d2,d3,d5)",4D,open,-1,-1,-3,0,-2,,
1.698459e+05,"Ma(d1,d2,d3,d5)",4D,open,-1,-1,-3,0,-1,,
1.698459e+05,"Ma(d1,d2,d3)",3D,open,-1,-1,-3,0,0,,
1.698459e+05,"Ma(d1,d2,d3,d5)",4D,open,-1,-1,-3,0,1,,
1.698459e+05,"Ma(d1,d2,d3,d5)",4D,open,-1,-1,-3,0,2,,
1.698459e+05,"Ma(d1,d2,d3,d5)",4D,open,-1,-1,-3,0,3,,
1.698459e+05,"Ma(d1,d2,d3,d5)",4D,open,-1,-1,3,0,-3,,
1.698459e+05,"Ma(d1,d2,d3,d5)",4D,open,-1,-1,3,0,-2,,
1.698459e+05,"Ma(d1,d2,d3,d5)",4D,open,-1,-1,3,0,-1,,
1.698459e+05,"Ma(d1,d2,d3)",3D,open,-1,-1,3,0,0,,
1.698459e+05,"Ma(d1,d2,d3,d5)",4D,open,-1,-1,3,0,1,,
1.698459e+05,"Ma(d1,d2,d3,d5)",4D,open,-1,-1,3,0,2,,
1.698459e+05,"Ma(d1,d2,d3,d5)",4D,open,-1,-1,3,0,3,,
1.698459e+05,"Ma(d1,d2,d3,d5)",4D,open,-1,1,-3,0,-3,,
1.698459e+05,"Ma(d1,d2,d3,d5)",4D,open,-1,1,-3,0,-2,,
1.698459e+05,"Ma(d1,d2,d3,d5)",4D,open,-1,1,-3,0,-1,,
1.698459e+05,"Ma(d1,d2,d3)",3D,open,-1,1,-3,0,0,,
1.698459e+05,"Ma(d1,d2,d3,d5)",4D,open,-1,1,-3,0,1,,
1.698459e+05,"Ma(d1,d2,d3,d5)",4D,open,-1,1,-3,0,2,,
1.698459e+05,"Ma(d1,d2,d3,d5)",4D,open,-1,1,-3,0,3,,
1.698459e+05,"Ma(d1,d2,d3,d5)",4D,open,-1,1,3,0,-3,,
1.698459e+05,"Ma(d1,d2,d3,d5)",4D,open,-1,1,3,0,-2,,
1.698459e+05,"Ma(d1,d2,d3,d5)",4D,open,-1,1,3,0,-1,,
1.698459e+05,"Ma(d1,d2,d3)",3D,open,-1,1,3,0,0,,
1.698459e+05,"Ma(d1,d2,d3,d5)",4D,open,-1,1,3,0,1,,
1.698459e+05,"Ma(d1,d2,d3,d5)",4D,open,-1,1,3,0,2,,
1.698459e+05,"Ma(d1,d2,d3,d5)",4D,open,-1,1,3,0,3,,
1.698459e+05,"Ma(d1,d2,d3,d5)",4D,open,1,-1,-3,0,-3,,
1.698459e+05,"Ma(d1,d2,d3,d5)",4D,open,1,-1,-3,0,-2,,
1.698459e+05,"Ma(d1,d2,d3,d5)",4D,open,1,-1,-3,0,-1,,
1.698459e+05,"Ma(d1,d2,d3)",3D,open,1,-1,-3,0,0,,
1.698459e+05,"Ma(d1,d2,d3,d5)",4D,open,1,-1,-3,0,1,,
1.698459e+05,"Ma(d1,d2,d3,d5)",4D,open,1,-1,-3,0,2,,
1.698459e+05,"Ma(d1,d2,d3,d5)",4D,open,1,-1,-3,0,3,,
1.698459e+05,"Ma(d1,d2,d3,d5)",4D,open,1,-1,3,0,-3,,
1.698459e+05,"Ma(d1,d2,d3,d5)",4D,open,1,-1,3,0,-2,,
1.698459e+05,"Ma(d1,d2,d3,d5)",4D,open,1,-1,3,0,-1,,
1.698459e+05,"Ma(d1,d2,d3)",3D,open,1,-1,3,0,0,,
1.698459e+05,"Ma(d1,d2,d3,d5)",4D,open,1,-1,3,0,1,,
1.698459e+05,"Ma(d1,d2,d3,d5)",4D,open,1,-1,3,0,2,,
1.698459e+05,"Ma(d1,d2,d3,d5)",4D,open,1,-1,3,0,3,,
1.698459e+05,"Ma(d1,d2,d3,d5)",4D,open,1,1,-3,0,-3,,
1.698459e+05,"Ma(d1,d2,d3,d5)",4D,open,1,1,-3,0,-2,,
1.698459e+05,"Ma(d1,d2,d3,d5)",4D,open,1,1,-3,0,-1,,
1.698459e+05,"Ma(d1,d2,d3)",3D,open,1,1,-3,0,0,,
1.698459e+05,"Ma(d1,d2,d3,d5)",4D,open,1,1,-3,0,1,,
1.698459e+05,"Ma(d1,d2,d3,d5)",4D,open,1,1,-3,0,2,,
1.698459e+05,"Ma(d1,d2,d3,d5)",4D,open,1,1,-3,0,3,,
1.698459e+05,"Ma(d1,d2,d3,d5)",4D,open,1,1,3,0,-3,,
1.698459e+05,"Ma(d1,d2,d3,d5)",4D,open,1,1,3,0,-2,,
1.698459e+05,"Ma(d1,d2,d3,d5)",4D,open,1,1,3,0,-1,,
1.698459e+05,"Ma(d1,d2,d3)",3D,open,1,1,3,0,0,,
1.698459e+05,"Ma(d1,d2,d3,d5)",4D,open,1,1,3,0,1,,
1.698459e+05,"Ma(d1,d2,d3,d5)",4D,open,1,1,3,0,2,,
1.698459e+05,"Ma(d1,d2,d3,d5)",4D,open,1,1,3,0,3,,
1.698459e+05,"Ma(d1,d2,d3,d4,d5)",5D,open,-1,-1,-3,-1,-3,,
1.698459e+05,"Ma(d1,d2,d3,d4,d5)",5D,open,-1,-1,-3,-1,-2,,
1.698459e+05,"Ma(d1,d2,d3,d4,d5)",5D,open,-1,-1,-3,-1,-1,,
1.698459e+05,"Ma(d1,d2,d3,d4)",4D,open,-1,-1,-3,-1,0,,
1.698459e+05,"Ma(d1,d2,d3,d4,d5)",5D,open,-1,-1,-3,-1,1,,
1.698459e+05,"Ma(d1,d2,d3,d4,d5)",5D,open,-1,-1,-3,-1,2,,
1.698459e+05,"Ma(d1,d2,d3,d4,d5)",5D,open,-1,-1,-3,-1,3,,
1.698459e+05,"Ma(d1,d2,d3,d4,d5)",5D,open,-1,-1,-3,1,-3,,
1.698459e+05,"Ma(d1,d2,d3,d4,d5)",5D,open,-1,-1,-3,1,-2,,
1.698459e+05,"Ma(d1,d2,d3,d4,d5)",5D,open,-1,-1,-3,1,-1,,
1.698459e+05,"Ma(d1,d2,d3,d4)",4D,open,-1,-1,-3,1,0,,
1.698459e+05,"Ma(d1,d2,d3,d4,d5)",5D,open,-1,-1,-3,1,1,,
1.698459e+05,"Ma(d1,d2,d3,d4,d5)",5D,open,-1,-1,-3,1,2,,
1.698459e+05,"Ma(d1,d2,d3,d4,d5)",5D,open,-1,-1,-3,1,3,,
1.698459e+05,"Ma(d1,d2,d3,d4,d5)",5D,open,-1,-1,3,-1,-3,,
1.698459e+05,"Ma(d1,d2,d3,d4,d5)",5D,open,-1,-1,3,-1,-2,,
1.698459e+05,"Ma(d1,d2,d3,d4,d5)",5D,open,-1,-1,3,-1,-1,,
1.698459e+05,"Ma(d1,d2,d3,d4)",4D,open,-1,-1,3,-1,0,,
1.698459e+05,"Ma(d1,d2,d3,d4,d5)",5D,open,-1,-1,3,-1,1,,
1.698459e+05,"Ma(d1,d2,d3,d4,d5)",5D,open,-1,-1,3,-1,2,,
1.698459e+05,"Ma(d1,d2,d3,d4,d5)",5D,open,-1,-1,3,-1,3,,
1.698459e+05,"Ma(d1,d2,d3,d4,d5)",5D,open,-1,-1,3,1,-3,,
1.698459e+05,"Ma(d1,d2,d3,d4,d5)",5D,open,-1,-1,3,1,-2,,
1.698459e+05,"Ma(d1,d2,d3,d4,d5)",5D,open,-1,-1,3,1,-1,,
1.698459e+05,"Ma(d1,d2,d3,d4)",4D,open,-1,-1,3,1,0,,
1.698459e+05,"Ma(d1,d2,d3,d4,d5)",5D,open,-1,-1,3,1,1,,
1.698459e+05,"Ma(d1,d2,d3,d4,d5)",5D,open,-1,-1,3,1,2,,
1.698459e+05,"Ma(d1,d2,d3,d4,d5)",5D,open,-1,-1,3,1,3,,
1.698459e+05,"Ma(d1,d2,d3,d4,d5)",5D,open,-1,1,-3,-1,-3,,
1.698459e+05,"Ma(d1,d2,d3,d4,d5)",5D,open,-1,1,-3,-1,-2,,
1.698459e+05,"Ma(d1,d2,d3,d4,d5)",5D,open,-1,1,-3,-1,-1,,
1.698459e+05,"Ma(d1,d2,d3,d4)",4D,open,-1,1,-3,-1,0,,
1.698459e+05,"Ma(d1,d2,d3,d4,d5)",5D,open,-1,1,-3,-1,1,,
1.698459e+05,"Ma(d1,d2,d3,d4,d5)",5D,open,-1,1,-3,-1,2,,
1.698459e+05,"Ma(d1,d2,d3,d4,d5)",5D,open,-1,1,-3,-1,3,,
1.698459e+05,"Ma(d1,d2,d3,d4,d5)",5D,open,-1,1,-3,1,-3,,
1.698459e+05,"Ma(d1,d2,d3,d4,d5)",5D,open,-1,1,-3,1,-2,,
1.698459e+05,"Ma(d1,d2,d3,d4,d5)",5D,open,-1,1,-3,1,-1,,
1.698459e+05,"Ma(d1,d2,d3,d4)",4D,open,-1,1,-3,1,0,,
1.698459e+05,"Ma(d1,d2,d3,d4,d5)",5D,open,-1,1,-3,1,1,,
1.698459e+05,"Ma(d1,d2,d3,d4,d5)",5D,open,-1,1,-3,1,2,,
1.698459e+05,"Ma(d1,d2,d3,d4,d5)",5D,open,-1,1,-3,1,3,,
1.698459e+05,"Ma(d1,d2,d3,d4,d5)",5D,open,-1,1,3,-1,-3,,
1.698459e+05,"Ma(d1,d2,d3,d4,d5)",5D,open,-1,1,3,-1,-2,,
1.698459e+05,"Ma(d1,d2,d3,d4,d5)",5D,open,-1,1,3,-1,-1,,
1.698459e+05,"Ma(d1,d2,d3,d4)",4D,open,-1,1,3,-1,0,,
1.698459e+05,"Ma(d1,d2,d3,d4,d5)",5D,open,-1,1,3,-1,1,,
1.698459e+05,"Ma(d1,d2,d3,d4,d5)",5D,open,-1,1,3,-1,2,,
1.698459e+05,"Ma(d1,d2,d3,d4,d5)",5D,open,-1,1,3,-1,3,,
1.698459e+05,"Ma(d1,d2,d3,d4,d5)",5D,open,-1,1,3,1,-3,,
1.698459e+05,"Ma(d1,d2,d3,d4,d5)",5D,open,-1,1,3,1,-2,,
1.698459e+05,"Ma(d1,d2,d3,d4,d5)",5D,open,-1,1,3,1,-1,,
1.698459e+05,"Ma(d1,d2,d3,d4)",4D,open,-1,1,3,1,0,,
1.698459e+05,"Ma(d1,d2,d3,d4,d5)",5D,open,-1,1,3,1,1,,
1.698459e+05,"Ma(d1,d2,d3,d4,d5)",5D,open,-1,1,3,1,2,,
1.698459e+05,"Ma(d1,d2,d3,d4,d5)",5D,open,-1,1,3,1,3,,
1.698459e+05,"Ma(d1,d2,d3,d4,d5)",5D,open,1,-1,-3,-1,-3,,
1.698459e+05,"Ma(d1,d2,d3,d4,d5)",5D,open,1,-1,-3,-1,-2,,
1.698459e+05,"Ma(d1,d2,d3,d4,d5)",5D,open,1,-1,-3,-1,-1,,
1.698459e+05,"Ma(d1,d2,d3,d4)",4D,open,1,-1,-3,-1,0,,
1.698459e+05,"Ma(d1,d2,d3,d4,d5)",5D,open,1,-1,-3,-1,1,,
1.698459e+05,"Ma(d1,d2,d3,d4,d5)",5D,open,1,-1,-3,-1,2,,
1.698459e+05,"Ma(d1,d2,d3,d4,d5)",5D,open,1,-1,-3,-1,3,,
1.698459e+05,"Ma(d1,d2,d3,d4,d5)",5D,open,1,-1,-3,1,-3,,
1.698459e+05,"Ma(d1,d2,d3,d4,d5)",5D,open,1,-1,-3,1,-2,,
1.698459e+05,"Ma(d1,d2,d3,d4,d5)",5D,open,1,-1,-3,1,-1,,
1.698459e+05,"Ma(d1,d2,d3,d4)",4D,open,1,-1,-3,1,0,,
1.698459e+05,"Ma(d1,d2,d3,d4,d5)",5D,open,1,-1,-3,1,1,,
1.698459e+05,"Ma(d1,d2,d3,d4,d5)",5D,open,1,-1,-3,1,2,,
1.698459e+05,"Ma(d1,d2,d3,d4,d5)",5D,open,1,-1,-3,1,3,,
1.698459e+05,"Ma(d1,d2,d3,d4,d5)",5D,open,1,-1,3,-1,-3,,
1.698459e+05,"Ma(d1,d2,d3,d4,d5)",5D,open,1,-1,3,-1,-2,,
1.698459e+05,"Ma(d1,d2,d3,d4,d5)",5D,open,1,-1,3,-1,-1,,
1.698459e+05,"Ma(d1,d2,d3,d4)",4D,open,1,-1,3,-1,0,,
1.698459e+05,"Ma(d1,d2,d3,d4,d5)",5D,open,1,-1,3,-1,1,,
1.698459e+05,"Ma(d1,d2,d3,d4,d5)",5D,open,1,-1,3,-1,2,,
1.698459e+05,"Ma(d1,d2,d3,d4,d5)",5D,open,1,-1,3,-1,3,,
1.698459e+05,"Ma(d1,d2,d3,d4,d5)",5D,open,1,-1,3,1,-3,,
1.698459e+05,"Ma(d1,d2,d3,d4,d5)",5D,open,1,-1,3,1,-2,,
1.698459e+05,"Ma(d1,d2,d3,d4,d5)",5D,open,1,-1,3,1,-1,,
1.698459e+05,"Ma(d1,d2,d3,d4)",4D,open,1,-1,3,1,0,,
1.698459e+05,"Ma(d1,d2,d3,d4,d5)",5D,open,1,-1,3,1,1,,
1.698459e+05,"Ma(d1,d2,d3,d4,d5)",5D,open,1,-1,3,1,2,,
1.698459e+05,"Ma(d1,d2,d3,d4,d5)",5D,open,1,-1,3,1,3,,
1.698459e+05,"Ma(d1,d2,d3,d4,d5)",5D,open,1,1,-3,-1,-3,,
1.698459e+05,"Ma(d1,d2,d3,d4,d5)",5D,open,1,1,-3,-1,-2,,
1.698459e+05,"Ma(d1,d2,d3,d4,d5)",5D,open,1,1,-3,-1,-1,,
1.698459e+05,"Ma(d1,d2,d3,d4)",4D,open,1,1,-3,-1,0,,
1.698459e+05,"Ma(d1,d2,d3,d4,d5)",5D,open,1,1,-3,-1,1,,
1.698459e+05,"Ma(d1,d2,d3,d4,d5)",5D,open,1,1,-3,-1,2,,
1.698459e+05,"Ma(d1,d2,d3,d4,d5)",5D,open,1,1,-3,-1,3,,
1.698459e+05,"Ma(d1,d2,d3,d4,d5)",5D,open,1,1,-3,1,-3,,
1.698459e+05,"Ma(d1,d2,d3,d4,d5)",5D,open,1,1,-3,1,-2,,
1.698459e+05,"Ma(d1,d2,d3,d4,d5)",5D,open,1,1,-3,1,-1,,
1.698459e+05,"Ma(d1,d2,d3,d4)",4D,open,1,1,-3,1,0,,
1.698459e+05,"Ma(d1,d2,d3,d4,d5)",5D,open,1,1,-3,1,1,,
1.698459e+05,"Ma(d1,d2,d3,d4,d5)",5D,open,1,1,-3,1,2,,
1.698459e+05,"Ma(d1,d2,d3,d4,d5)",5D,open,1,1,-3,1,3,,
1.698459e+05,"Ma(d1,d2,d3,d4,d5)",5D,open,1,1,3,-1,-3,,
1.698459e+05,"Ma(d1,d2,d3,d4,d5)",5D,open,1,1,3,-1,-2,,
1.698459e+05,"Ma(d1,d2,d3,d4,d5)",5D,open,1,1,3,-1,-1,,
1.698459e+05,"Ma(d1,d2,d3,d4)",4D,open,1,1,3,-1,0,,
1.698459e+05,"Ma(d1,d2,d3,d4,d5)",5D,open,1,1,3,-1,1,,
1.698459e+05,"Ma(d1,d2,d3,d4,d5)",5D,open,1,1,3,-1,2,,
1.698459e+05,"Ma(d1,d2,d3,d4,d5)",5D,open,1,1,3,-1,3,,
1.698459e+05,"Ma(d1,d2,d3,d4,d5)",5D,open,1,1,3,1,-3,,
1.698459e+05,"Ma(d1,d2,d3,d4,d5)",5D,open,1,1,3,1,-2,,
1.698459e+05,"Ma(d1,d2,d3,d4,d5)",5D,open,1,1,3,1,-1,,
1.698459e+05,"Ma(d1,d2,d3,d4)",4D,open,1,1,3,1,0,,
1.698459e+05,"Ma(d1,d2,d3,d4,d5)",5D,open,1,1,3,1,1,,
1.698459e+05,"Ma(d1,d2,d3,d4,d5)",5D,open,1,1,3,1,2,,
1.698459e+05,"Ma(d1,d2,d3,d4,d5)",5D,open,1,1,3,1,3,,
1.698459e+05,"Ma(d1,d2,d3,d4,d5)",5D,open,-1,-1,-3,-2,-3,,
1.698459e+05,"Ma(d1,d2,d3,d4,d5)",5D,open,-1,-1,-3,-2,-2,,
1.698459e+05,"Ma(d1,d2,d3,d4,d5)",5D,open,-1,-1,-3,-2,-1,,
1.698459e+05,"Ma(d1,d2,d3,d4)",4D,open,-1,-1,-3,-2,0,,
1.698459e+05,"Ma(d1,d2,d3,d4,d5)",5D,open,-1,-1,-3,-2,1,,
1.698459e+05,"Ma(d1,d2,d3,d4,d5)",5D,open,-1,-1,-3,-2,2,,
1.698459e+05,"Ma(d1,d2,d3,d4,d5)",5D,open,-1,-1,-3,-2,3,,
1.698459e+05,"Ma(d1,d2,d3,d4,d5)",5D,open,-1,-1,-3,2,-3,,
1.698459e+05,"Ma(d1,d2,d3,d4,d5)",5D,open,-1,-1,-3,2,-2,,
1.698459e+05,"Ma(d1,d2,d3,d4,d5)",5D,open,-1,-1,-3,2,-1,,
1.698459e+05,"Ma(d1,d2,d3,d4)",4D,open,-1,-1,-3,2,0,,
1.698459e+05,"Ma(d1,d2,d3,d4,d5)",5D,open,-1,-1,-3,2,1,,
1.698459e+05,"Ma(d1,d2,d3,d4,d5)",5D,open,-1,-1,-3,2,2,,
1.698459e+05,"Ma(d1,d2,d3,d4,d5)",5D,open,-1,-1,-3,2,3,,
1.698459e+05,"Ma(d1,d2,d3,d4,d5)",5D,open,-1,-1,3,-2,-3,,
1.698459e+05,"Ma(d1,d2,d3,d4,d5)",5D,open,-1,-1,3,-2,-2,,
1.698459e+05,"Ma(d1,d2,d3,d4,d5)",5D,open,-1,-1,3,-2,-1,,
1.698459e+05,"Ma(d1,d2,d3,d4)",4D,open,-1,-1,3,-2,0,,
1.698459e+05,"Ma(d1,d2,d3,d4,d5)",5D,open,-1,-1,3,-2,1,,
1.698459e+05,"Ma(d1,d2,d3,d4,d5)",5D,open,-1,-1,3,-2,2,,
1.698459e+05,"Ma(d1,d2,d3,d4,d5)",5D,open,-1,-1,3,-2,3,,
1.698459e+05,"Ma(d1,d2,d3,d4,d5)",5D,open,-1,-1,3,2,-3,,
1.698459e+05,"Ma(d1,d2,d3,d4,d5)",5D,open,-1,-1,3,2,-2,,
1.698459e+05,"Ma(d1,d2,d3,d4,d5)",5D,open,-1,-1,3,2,-1,,
1.698459e+05,"Ma(d1,d2,d3,d4)",4D,open,-1,-1,3,2,0,,
1.698459e+05,"Ma(d1,d2,d3,d4,d5)",5D,open,-1,-1,3,2,1,,
1.698459e+05,"Ma(d1,d2,d3,d4,d5)",5D,open,-1,-1,3,2,2,,
1.698459e+05,"Ma(d1,d2,d3,d4,d5)",5D,open,-1,-1,3,2,3,,
1.698459e+05,"Ma(d1,d2,d3,d4,d5)",5D,open,-1,1,-3,-2,-3,,
1.698459e+05,"Ma(d1,d2,d3,d4,d5)",5D,open,-1,1,-3,-2,-2,,
1.698459e+05,"Ma(d1,d2,d3,d4,d5)",5D,open,-1,1,-3,-2,-1,,
1.698459e+05,"Ma(d1,d2,d3,d4)",4D,open,-1,1,-3,-2,0,,
1.698459e+05,"Ma(d1,d2,d3,d4,d5)",5D,open,-1,1,-3,-2,1,,
1.698459e+05,"Ma(d1,d2,d3,d4,d5)",5D,open,-1,1,-3,-2,2,,
1.698459e+05,"Ma(d1,d2,d3,d4,d5)",5D,open,-1,1,-3,-2,3,,
1.698459e+05,"Ma(d1,d2,d3,d4,d5)",5D,open,-1,1,-3,2,-3,,
1.698459e+05,"Ma(d1,d2,d3,d4,d5)",5D,open,-1,1,-3,2,-2,,
1.698459e+05,"Ma(d1,d2,d3,d4,d5)",5D,open,-1,1,-3,2,-1,,
1.698459e+05,"Ma(d1,d2,d3,d4)",4D,open,-1,1,-3,2,0,,
1.698459e+05,"Ma(d1,d2,d3,d4,d5)",5D,open,-1,1,-3,2,1,,
1.698459e+05,"Ma(d1,d2,d3,d4,d5)",5D,open,-1,1,-3,2,2,,
1.698459e+05,"Ma(d1,d2,d3,d4,d5)",5D,open,-1,1,-3,2,3,,
1.698459e+05,"Ma(d1,d2,d3,d4,d5)",5D,open,-1,1,3,-2,-3,,
1.698459e+05,"Ma(d1,d2,d3,d4,d5)",5D,open,-1,1,3,-2,-2,,
1.698459e+05,"Ma(d1,d2,d3,d4,d5)",5D,open,-1,1,3,-2,-1,,
1.698459e+05,"Ma(d1,d2,d3,d4)",4D,open,-1,1,3,-2,0,,
1.698459e+05,"Ma(d1,d2,d3,d4,d5)",5D,open,-1,1,3,-2,1,,
1.698459e+05,"Ma(d1,d2,d3,d4,d5)",5D,open,-1,1,3,-2,2,,
1.698459e+05,"Ma(d1,d2,d3,d4,d5)",5D,open,-1,1,3,-2,3,,
1.698459e+05,"Ma(d1,d2,d3,d4,d5)",5D,open,-1,1,3,2,-3,,
1.698459e+05,"Ma(d1,d2,d3,d4,d5)",5D,open,-1,1,3,2,-2,,
1.698459e+05,"Ma(d1,d2,d3,d4,d5)",5D,open,-1,1,3,2,-1,,
1.698459e+05,"Ma(d1,d2,d3,d4)",4D,open,-1,1,3,2,0,,
1.698459e+05,"Ma(d1,d2,d3,d4,d5)",5D,open,-1,1,3,2,1,,
1.698459e+05,"Ma(d1,d2,d3,d4,d5)",5D,open,-1,1,3,2,2,,
1.698459e+05,"Ma(d1,d2,d3,d4,d5)",5D,open,-1,1,3,2,3,,
1.698459e+05,"Ma(d1,d2,d3,d4,d5)",5D,open,1,-1,-3,-2,-3,,
1.698459e+05,"Ma(d1,d2,d3,d4,d5)",5D,open,1,-1,-3,-2,-2,,
1.698459e+05,"Ma(d1,d2,d3,d4,d5)",5D,open,1,-1,-3,-2,-1,,
1.698459e+05,"Ma(d1,d2,d3,d4)",4D,open,1,-1,-3,-2,0,,
1.698459e+05,"Ma(d1,d2,d3,d4,d5)",5D,open,1,-1,-3,-2,1,,
1.698459e+05,"Ma(d1,d2,d3,d4,d5)",5D,open,1,-1,-3,-2,2,,
1.698459e+05,"Ma(d1,d2,d3,d4,d5)",5D,open,1,-1,-3,-2,3,,
1.698459e+05,"Ma(d1,d2,d3,d4,d5)",5D,open,1,-1,-3,2,-3,,
1.698459e+05,"Ma(d1,d2,d3,d4,d5)",5D,open,1,-1,-3,2,-2,,
1.698459e+05,"Ma(d1,d2,d3,d4,d5)",5D,open,1,-1,-3,2,-1,,
1.698459e+05,"Ma(d1,d2,d3,d4)",4D,open,1,-1,-3,2,0,,
1.698459e+05,"Ma(d1,d2,d3,d4,d5)",5D,open,1,-1,-3,2,1,,
1.698459e+05,"Ma(d1,d2,d3,d4,d5)",5D,open,1,-1,-3,2,2,,
1.698459e+05,"Ma(d1,d2,d3,d4,d5)",5D,open,1,-1,-3,2,3,,
1.698459e+05,"Ma(d1,d2,d3,d4,d5)",5D,open,1,-1,3,-2,-3,,
1.698459e+05,"Ma(d1,d2,d3,d4,d5)",5D,open,1,-1,3,-2,-2,,
1.698459e+05,"Ma(d1,d2,d3,d4,d5)",5D,open,1,-1,3,-2,-1,,
1.698459e+05,"Ma(d1,d2,d3,d4)",4D,open,1,-1,3,-2,0,,
1.698459e+05,"Ma(d1,d2,d3,d4,d5)",5D,open,1,-1,3,-2,1,,
1.698459e+05,"Ma(d1,d2,d3,d4,d5)",5D,open,1,-1,3,-2,2,,
1.698459e+05,"Ma(d1,d2,d3,d4,d5)",5D,open,1,-1,3,-2,3,,
1.698459e+05,"Ma(d1,d2,d3,d4,d5)",5D,open,1,-1,3,2,-3,,
1.698459e+05,"Ma(d1,d2,d3,d4,d5)",5D,open,1,-1,3,2,-2,,
1.698459e+05,"Ma(d1,d2,d3,d4,d5)",5D,open,1,-1,3,2,-1,,
1.698459e+05,"Ma(d1,d2,d3,d4)",4D,open,1,-1,3,2,0,,
1.698459e+05,"Ma(d1,d2,d3,d4,d5)",5D,open,1,-1,3,2,1,,
1.698459e+05,"Ma(d1,d2,d3,d4,d5)",5D,open,1,-1,3,2,2,,
1.698459e+05,"Ma(d1,d2,d3,d4,d5)",5D,open,1,-1,3,2,3,,
1.698459e+05,"Ma(d1,d2,d3,d4,d5)",5D,open,1,1,-3,-2,-3,,
1.698459e+05,"Ma(d1,d2,d3,d4,d5)",5D,open,1,1,-3,-2,-2,,
1.698459e+05,"Ma(d1,d2,d3,d4,d5)",5D,open,1,1,-3,-2,-1,,
1.698459e+05,"Ma(d1,d2,d3,d4)",4D,open,1,1,-3,-2,0,,
1.698459e+05,"Ma(d1,d2,d3,d4,d5)",5D,open,1,1,-3,-2,1,,
1.698459e+05,"Ma(d1,d2,d3,d4,d5)",5D,open,1,1,-3,-2,2,,
1.698459e+05,"Ma(d1,d2,d3,d4,d5)",5D,open,1,1,-3,-2,3,,
1.698459e+05,"Ma(d1,d2,d3,d4,d5)",5D,open,1,1,-3,2,-3,,
1.698459e+05,"Ma(d1,d2,d3,d4,d5)",5D,open,1,1,-3,2,-2,,
1.698459e+05,"Ma(d1,d2,d3,d4,d5)",5D,open,1,1,-3,2,-1,,
1.698459e+05,"Ma(d1,d2,d3,d4)",4D,open,1,1,-3,2,0,,
1.698459e+05,"Ma(d1,d2,d3,d4,d5)",5D,open,1,1,-3,2,1,,
1.698459e+05,"Ma(d1,d2,d3,d4,d5)",5D,open,1,1,-3,2,2,,
1.698459e+05,"Ma(d1,d2,d3,d4,d5)",5D,open,1,1,-3,2,3,,
1.698459e+05,"Ma(d1,d2,d3,d4,d5)",5D,open,1,1,3,-2,-3,,
1.698459e+05,"Ma(d1,d2,d3,d4,d5)",5D,open,1,1,3,-2,-2,,
1.698459e+05,"Ma(d1,d2,d3,d4,d5)",5D,open,1,1,3,-2,-1,,
1.698459e+05,"Ma(d1,d2,d3,d4)",4D,open,1,1,3,-2,0,,
1.698459e+05,"Ma(d1,d2,d3,d4,d5)",5D,open,1,1,3,-2,1,,
1.698459e+05,"Ma(d1,d2,d3,d4,d5)",5D,open,1,1,3,-2,2,,
1.698459e+05,"Ma(d1,d2,d3,d4,d5)",5D,open,1,1,3,-2,3,,
1.698459e+05,"Ma(d1,d2,d3,d4,d5)",5D,open,1,1,3,2,-3,,
1.698459e+05,"Ma(d1,d2,d3,d4,d5)",5D,open,1,1,3,2,-2,,
1.698459e+05,"Ma(d1,d2,d3,d4,d5)",5D,open,1,1,3,2,-1,,
1.698459e+05,"Ma(d1,d2,d3,d4)",4D,open,1,1,3,2,0,,
1.698459e+05,"Ma(d1,d2,d3,d4,d5)",5D,open,1,1,3,2,1,,
1.698459e+05,"Ma(d1,d2,d3,d4,d5)",5D,open,1,1,3,2,2,,
1.698459e+05,"Ma(d1,d2,d3,d4,d5)",5D,open,1,1,3,2,3,,
1.698459e+05,"Ma(d1,d2,d3,d4,d5)",5D,open,-1,-1,-3,-3,-3,,
1.698459e+05,"Ma(d1,d2,d3,d4,d5)",5D,open,-1,-1,-3,-3,-2,,
1.698459e+05,"Ma(d1,d2,d3,d4,d5)",5D,open,-1,-1,-3,-3,-1,,
1.698459e+05,"Ma(d1,d2,d3,d4)",4D,open,-1,-1,-3,-3,0,,
1.698459e+05,"Ma(d1,d2,d3,d4,d5)",5D,open,-1,-1,-3,-3,1,,
1.698459e+05,"Ma(d1,d2,d3,d4,d5)",5D,open,-1,-1,-3,-3,2,,
1.698459e+05,"Ma(d1,d2,d3,d4,d5)",5D,open,-1,-1,-3,-3,3,,
1.698459e+05,"Ma(d1,d2,d3,d4,d5)",5D,open,-1,-1,-3,3,-3,,
1.698459e+05,"Ma(d1,d2,d3,d4,d5)",5D,open,-1,-1,-3,3,-2,,
1.698459e+05,"Ma(d1,d2,d3,d4,d5)",5D,open,-1,-1,-3,3,-1,,
1.698459e+05,"Ma(d1,d2,d3,d4)",4D,open,-1,-1,-3,3,0,,
1.698459e+05,"Ma(d1,d2,d3,d4,d5)",5D,open,-1,-1,-3,3,1,,
1.698459e+05,"Ma(d1,d2,d3,d4,d5)",5D,open,-1,-1,-3,3,2,,
1.698459e+05,"Ma(d1,d2,d3,d4,d5)",5D,open,-1,-1,-3,3,3,,
1.698459e+05,"Ma(d1,d2,d3,d4,d5)",5D,open,-1,-1,3,-3,-3,,
1.698459e+05,"Ma(d1,d2,d3,d4,d5)",5D,open,-1,-1,3,-3,-2,,
1.698459e+05,"Ma(d1,d2,d3,d4,d5)",5D,open,-1,-1,3,-3,-1,,
1.698459e+05,"Ma(d1,d2,d3,d4)",4D,open,-1,-1,3,-3,0,,
1.698459e+05,"Ma(d1,d2,d3,d4,d5)",5D,open,-1,-1,3,-3,1,,
1.698459e+05,"Ma(d1,d2,d3,d4,d5)",5D,open,-1,-1,3,-3,2,,
1.698459e+05,"Ma(d1,d2,d3,d4,d5)",5D,open,-1,-1,3,-3,3,,
1.698459e+05,"Ma(d1,d2,d3,d4,d5)",5D,open,-1,-1,3,3,-3,,
1.698459e+05,"Ma(d1,d2,d3,d4,d5)",5D,open,-1,-1,3,3,-2,,
1.698459e+05,"Ma(d1,d2,d3,d4,d5)",5D,open,-1,-1,3,3,-1,,
1.698459e+05,"Ma(d1,d2,d3,d4)",4D,open,-1,-1,3,3,0,,
1.698459e+05,"Ma(d1,d2,d3,d4,d5)",5D,open,-1,-1,3,3,1,,
1.698459e+05,"Ma(d1,d2,d3,d4,d5)",5D,open,-1,-1,3,3,2,,
1.698459e+05,"Ma(d1,d2,d3,d4,d5)",5D,open,-1,-1,3,3,3,,
1.698459e+05,"Ma(d1,d2,d3,d4,d5)",5D,open,-1,1,-3,-3,-3,,
1.698459e+05,"Ma(d1,d2,d3,d4,d5)",5D,open,-1,1,-3,-3,-2,,
1.698459e+05,"Ma(d1,d2,d3,d4,d5)",5D,open,-1,1,-3,-3,-1,,
1.698459e+05,"Ma(d1,d2,d3,d4)",4D,open,-1,1,-3,-3,0,,
1.698459e+05,"Ma(d1,d2,d3,d4,d5)",5D,open,-1,1,-3,-3,1,,
1.698459e+05,"Ma(d1,d2,d3,d4,d5)",5D,open,-1,1,-3,-3,2,,
1.698459e+05,"Ma(d1,d2,d3,d4,d5)",5D,open,-1,1,-3,-3,3,,
1.698459e+05,"Ma(d1,d2,d3,d4,d5)",5D,open,-1,1,-3,3,-3,,
1.698459e+05,"Ma(d1,d2,d3,d4,d5)",5D,open,-1,1,-3,3,-2,,
1.698459e+05,"Ma(d1,d2,d3,d4,d5)",5D,open,-1,1,-3,3,-1,,
1.698459e+05,"Ma(d1,d2,d3,d4)",4D,open,-1,1,-3,3,0,,
1.698459e+05,"Ma(d1,d2,d3,d4,d5)",5D,open,-1,1,-3,3,1,,
1.698459e+05,"Ma(d1,d2,d3,d4,d5)",5D,open,-1,1,-3,3,2,,
1.698459e+05,"Ma(d1,d2,d3,d4,d5)",5D,open,-1,1,-3,3,3,,
1.698459e+05,"Ma(d1,d2,d3,d4,d5)",5D,open,-1,1,3,-3,-3,,
1.698459e+05,"Ma(d1,d2,d3,d4,d5)",5D,open,-1,1,3,-3,-2,,
1.698459e+05,"Ma(d1,d2,d3,d4,d5)",5D,open,-1,1,3,-3,-1,,
1.698459e+05,"Ma(d1,d2,d3,d4)",4D,open,-1,1,3,-3,0,,
1.698459e+05,"Ma(d1,d2,d3,d4,d5)",5D,open,-1,1,3,-3,1,,
1.698459e+05,"Ma(d1,d2,d3,d4,d5)",5D,open,-1,1,3,-3,2,,
1.698459e+05,"Ma(d1,d2,d3,d4,d5)",5D,open,-1,1,3,-3,3,,
1.698459e+05,"Ma(d1,d2,d3,d4,d5)",5D,open,-1,1,3,3,-3,,
1.698459e+05,"Ma(d1,d2,d3,d4,d5)",5D,open,-1,1,3,3,-2,,
1.698459e+05,"Ma(d1,d2,d3,d4,d5)",5D,open,-1,1,3,3,-1,,
1.698459e+05,"Ma(d1,d2,d3,d4)",4D,open,-1,1,3,3,0,,
1.698459e+05,"Ma(d1,d2,d3,d4,d5)",5D,open,-1,1,3,3,1,,
1.698459e+05,"Ma(d1,d2,d3,d4,d5)",5D,open,-1,1,3,3,2,,
1.698459e+05,"Ma(d1,d2,d3,d4,d5)",5D,open,-1,1,3,3,3,,
1.698459e+05,"Ma(d1,d2,d3,d4,d5)",5D,open,1,-1,-3,-3,-3,,
1.698459e+05,"Ma(d1,d2,d3,d4,d5)",5D,open,1,-1,-3,-3,-2,,
1.698459e+05,"Ma(d1,d2,d3,d4,d5)",5D,open,1,-1,-3,-3,-1,,
1.698459e+05,"Ma(d1,d2,d3,d4)",4D,open,1,-1,-3,-3,0,,
1.698459e+05,"Ma(d1,d2,d3,d4,d5)",5D,open,1,-1,-3,-3,1,,
1.698459e+05,"Ma(d1,d2,d3,d4,d5)",5D,open,1,-1,-3,-3,2,,
1.698459e+05,"Ma(d1,d2,d3,d4,d5)",5D,open,1,-1,-3,-3,3,,
1.698459e+05,"Ma(d1,d2,d3,d4,d5)",5D,open,1,-1,-3,3,-3,,
1.698459e+05,"Ma(d1,d2,d3,d4,d5)",5D,open,1,-1,-3,3,-2,,
1.698459e+05,"Ma(d1,d2,d3,d4,d5)",5D,open,1,-1,-3,3,-1,,
1.698459e+05,"Ma(d1,d2,d3,d4)",4D,open,1,-1,-3,3,0,,
1.698459e+05,"Ma(d1,d2,d3,d4,d5)",5D,open,1,-1,-3,3,1,,
1.698459e+05,"Ma(d1,d2,d3,d4,d5)",5D,open,1,-1,-3,3,2,,
1.698459e+05,"Ma(d1,d2,d3,d4,d5)",5D,open,1,-1,-3,3,3,,
1.698459e+05,"Ma(d1,d2,d3,d4,d5)",5D,open,1,-1,3,-3,-3,,
1.698459e+05,"Ma(d1,d2,d3,d4,d5)",5D,open,1,-1,3,-3,-2,,
1.698459e+05,"Ma(d1,d2,d3,d4,d5)",5D,open,1,-1,3,-3,-1,,
1.698459e+05,"Ma(d1,d2,d3,d4)",4D,open,1,-1,3,-3,0,,
1.698459e+05,"Ma(d1,d2,d3,d4,d5)",5D,open,1,-1,3,-3,1,,
1.698459e+05,"Ma(d1,d2,d3,d4,d5)",5D,open,1,-1,3,-3,2,,
1.698459e+05,"Ma(d1,d2,d3,d4,d5)",5D,open,1,-1,3,-3,3,,
1.698459e+05,"Ma(d1,d2,d3,d4,d5)",5D,open,1,-1,3,3,-3,,
1.698459e+05,"Ma(d1,d2,d3,d4,d5)",5D,open,1,-1,3,3,-2,,
1.698459e+05,"Ma(d1,d2,d3,d4,d5)",5D,open,1,-1,3,3,-1,,
1.698459e+05,"Ma(d1,d2,d3,d4)",4D,open,1,-1,3,3,0,,
1.698459e+05,"Ma(d1,d2,d3,d4,d5)",5D,open,1,-1,3,3,1,,
1.698459e+05,"Ma(d1,d2,d3,d4,d5)",5D,open,1,-1,3,3,2,,
1.698459e+05,"Ma(d1,d2,d3,d4,d5)",5D,open,1,-1,3,3,3,,
1.698459e+05,"Ma(d1,d2,d3,d4,d5)",5D,open,1,1,-3,-3,-3,,
1.698459e+05,"Ma(d1,d2,d3,d4,d5)",5D,open,1,1,-3,-3,-2,,
1.698459e+05,"Ma(d1,d2,d3,d4,d5)",5D,open,1,1,-3,-3,-1,,
1.698459e+05,"Ma(d1,d2,d3,d4)",4D,open,1,1,-3,-3,0,,
1.698459e+05,"Ma(d1,d2,d3,d4,d5)",5D,open,1,1,-3,-3,1,,
1.698459e+05,"Ma(d1,d2,d3,d4,d5)",5D,open,1,1,-3,-3,2,,
1.698459e+05,"Ma(d1,d2,d3,d4,d5)",5D,open,1,1,-3,-3,3,,
1.698459e+05,"Ma(d1,d2,d3,d4,d5)",5D,open,1,1,-3,3,-3,,
1.698459e+05,"Ma(d1,d2,d3,d4,d5)",5D,open,1,1,-3,3,-2,,
1.698459e+05,"Ma(d1,d2,d3,d4,d5)",5D,open,1,1,-3,3,-1,,
1.698459e+05,"Ma(d1,d2,d3,d4)",4D,open,1,1,-3,3,0,,
1.698459e+05,"Ma(d1,d2,d3,d4,d5)",5D,open,1,1,-3,3,1,,
1.698459e+05,"Ma(d1,d2,d3,d4,d5)",5D,open,1,1,-3,3,2,,
1.698459e+05,"Ma(d1,d2,d3,d4,d5)",5D,open,1,1,-3,3,3,,
1.698459e+05,"Ma(d1,d2,d3,d4,d5)",5D,open,1,1,3,-3,-3,,
1.698459e+05,"Ma(d1,d2,d3,d4,d5)",5D,open,1,1,3,-3,-2,,
1.698459e+05,"Ma(d1,d2,d3,d4,d5)",5D,open,1,1,3,-3,-1,,
1.698459e+05,"Ma(d1,d2,d3,d4)",4D,open,1,1,3,-3,0,,
1.698459e+05,"Ma(d1,d2,d3,d4,d5)",5D,open,1,1,3,-3,1,,
1.698459e+05,"Ma(d1,d2,d3,d4,d5)",5D,open,1,1,3,-3,2,,
1.698459e+05,"Ma(d1,d2,d3,d4,d5)",5D,open,1,1,3,-3,3,,
1.698459e+05,"Ma(d1,d2,d3,d4,d5)",5D,open,1,1,3,3,-3,,
1.698459e+05,"Ma(d1,d2,d3,d4,d5)",5D,open,1,1,3,3,-2,,
1.698459e+05,"Ma(d1,d2,d3,d4,d5)",5D,open,1,1,3,3,-1,,
1.698459e+05,"Ma(d1,d2,d3,d4)",4D,open,1,1,3,3,0,,
1.698459e+05,"Ma(d1,d2,d3,d4,d5)",5D,open,1,1,3,3,1,,
1.698459e+05,"Ma(d1,d2,d3,d4,d5)",5D,open,1,1,3,3,2,,
1.698459e+05,"Ma(d1,d2,d3,d4,d5)",5D,open,1,1,3,3,3,,
1.698460e+05,"Ma(d1,d2)",2D,closed,-1,-1,0,0,0,d1,2.0075
1.698460e+05,"Ma(d1,d2)",2D,closed,1,1,0,0,0,d1,2.0075
1.698595e+05,"Ma(d1,d2,d5)",3D,open,-1,-2,0,0,-3,,
1.698595e+05,"Ma(d1,d2,d5)",3D,open,-1,-2,0,0,-2,,
1.698595e+05,"Ma(d1,d2,d5)",3D,open,-1,-2,0,0,-1,,
1.698595e+05,"Ma(d1,d2,d5)",3D,open,-1,-2,0,0,1,,
1.698595e+05,"Ma(d1,d2,d5)",3D,open,-1,-2,0,0,2,,
1.698595e+05,"Ma(d1,d2,d5)",3D,open,-1,-2,0,0,3,,
1.698595e+05,"Ma(d1,d2,d5)",3D,open,-1,2,0,0,-3,,
1.698595e+05,"Ma(d1,d2,d5)",3D,open,-1,2,0,0,-2,,
1.698595e+05,"Ma(d1,d2,d5)",3D,open,-1,2,0,0,-1,,
1.698595e+05,"Ma(d1,d2,d5)",3D,open,-1,2,0,0,1,,
1.698595e+05,"Ma(d1,d2,d5)",3D,open,-1,2,0,0,2,,
1.698595e+05,"Ma(d1,d2,d5)",3D,open,-1,2,0,0,3,,
1.698595e+05,"Ma(d1,d2,d5)",3D,open,1,-2,0,0,-3,,
1.698595e+05,"Ma(d1,d2,d5)",3D,open,1,-2,0,0,-2,,
1.698595e+05,"Ma(d1,d2,d5)",3D,open,1,-2,0,0,-1,,
1.698595e+05,"Ma(d1,d2,d5)",3D,open,1,-2,0,0,1,,
1.698595e+05,"Ma(d1,d2,d5)",3D,open,1,-2,0,0,2,,
1.698595e+05,"Ma(d1,d2,d5)",3D,open,1,-2,0,0,3,,
1.698595e+05,"Ma(d1,d2,d5)",3D,open,1,2,0,0,-3,,
1.698595e+05,"Ma(d1,d2,d5)",3D,open,1,2,0,0,-2,,
1.698595e+05,"Ma(d1,d2,d5)",3D,open,1,2,0,0,-1,,
1.698595e+05,"Ma(d1,d2,d5)",3D,open,1,2,0,0,1,,
1.698595e+05,"Ma(d1,d2,d5)",3D,open,1,2,0,0,2,,
1.698595e+05,"Ma(d1,d2,d5)",3D,open,1,2,0,0,3,,
1.698595e+05,"Ma(d1,d2,d4,d5)",4D,open,-1,-2,0,-1,-3,,
1.698595e+05,"Ma(d1,d2,d4,d5)",4D,open,-1,-2,0,-1,-2,,
1.698595e+05,"Ma(d1,d2,d4,d5)",4D,open,-1,-2,0,-1,-1,,
1.698595e+05,"Ma(d1,d2,d4)",3D,open,-1,-2,0,-1,0,,
1.698595e+05,"Ma(d1,d2,d4,d5)",4D,open,-1,-2,0,-1,1,,
1.698595e+05,"Ma(d1,d2,d4,d5)",4D,open,-1,-2,0,-1,2,,
1.698595e+05,"Ma(d1,d2,d4,d5)",4D,open,-1,-2,0,-1,3,,
1.698595e+05,"Ma(d1,d2,d4,d5)",4D,open,-1,-2,0,1,-3,,
1.698595e+05,"Ma(d1,d2,d4,d5)",4D,open,-1,-2,0,1,-2,,
1.698595e+05,"Ma(d1,d2,d4,d5)",4D,open,-1,-2,0,1,-1,,
1.698595e+05,"Ma(d1,d2,d4)",3D,open,-1,-2,0,1,0,,
1.698595e+05,"Ma(d1,d2,d4,d5)",4D,open,-1,-2,0,1,1,,
1.698595e+05,"Ma(d1,d2,d4,d5)",4D,open,-1,-2,0,1,2,,
1.698595e+05,"Ma(d1,d2,d4,d5)",4D,open,-1,-2,0,1,3,,
1.698595e+05,"Ma(d1,d2,d4,d5)",4D,open,-1,2,0,-1,-3,,
1.698595e+05,"Ma(d1,d2,d4,d5)",4D,open,-1,2,0,-1,-2,,
1.698595e+05,"Ma(d1,d2,d4,d5)",4D,open,-1,2,0,-1,-1,,
1.698595e+05,"Ma(d1,d2,d4)",3D,open,-1,2,0,-1,0,,
1.698595e+05,"Ma(d1,d2,d4,d5)",4D,open,-1,2,0,-1,1,,
1.698595e+05,"Ma(d1,d2,d4,d5)",4D,open,-1,2,0,-1,2,,
1.698595e+05,"Ma(d1,d2,d4,d5)",4D,open,-1,2,0,-1,3,,
1.698595e+05,"Ma(d1,d2,d4,d5)",4D,open,-1,2,0,1,-3,,
1.698595e+05,"Ma(d1,d2,d4,d5)",4D,open,-1,2,0,1,-2,,
1.698595e+05,"Ma(d1,d2,d4,d5)",4D,open,-1,2,0,1,-1,,
1.698595e+05,"Ma(d1,d2,d4)",3D,open,-1,2,0,1,0,,
1.698595e+05,"Ma(d1,d2,d4,d5)",4D,open,-1,2,0,1,1,,
1.698595e+05,"Ma(d1,d2,d4,d5)",4D,open,-1,2,0,1,2,,
1.698595e+05,"Ma(d1,d2,d4,d5)",4D,open,-1,2,0,1,3,,
1.698595e+05,"Ma(d1,d2,d4,d5)",4D,open,1,-2,0,-1,-3,,
1.698595e+05,"Ma(d1,d2,d4,d5)",4D,open,1,-2,0,-1,-2,,
1.698595e+05,"Ma(d1,d2,d4,d5)",4D,open,1,-2,0,-1,-1,,
1.698595e+05,"Ma(d1,d2,d4)",3D,open,1,-2,0,-1,0,,
1.698595e+05,"Ma(d1,d2,d4,d5)",4D,open,1,-2,0,-1,1,,
1.698595e+05,"Ma(d1,d2,d4,d5)",4D,open,1,-2,0,-1,2,,
1.698595e+05,"Ma(d1,d2,d4,d5)",4D,open,1,-2,0,-1,3,,
1.698595e+05,"Ma(d1,d2,d4,d5)",4D,open,1,-2,0,1,-3,,
1.698595e+05,"Ma(d1,d2,d4,d5)",4D,open,1,-2,0,1,-2,,
1.698595e+05,"Ma(d1,d2,d4,d5)",4D,open,1,-2,0,1,-1,,
1.698595e+05,"Ma(d1,d2,d4)",3D,open,1,-2,0,1,0,,
1.698595e+05,"Ma(d1,d2,d4,d5)",4D,open,1,-2,0,1,1,,
1.698595e+05,"Ma(d1,d2,d4,d5)",4D,open,1,-2,0,1,2,,
1.698595e+05,"Ma(d1,d2,d4,d5)",4D,open,1,-2,0,1,3,,
1.698595e+05,"Ma(d1,d2,d4,d5)",4D,open,1,2,0,-1,-3,,
1.698595e+05,"Ma(d1,d2,d4,d5)",4D,open,1,2,0,-1,-2,,
1.698595e+05,"Ma(d1,d2,d4,d5)",4D,open,1,2,0,-1,-1,,
1.698595e+05,"Ma(d1,d2,d4)",3D,open,1,2,0,-1,0,,
1.698595e+05,"Ma(d1,d2,d4,d5)",4D,open,1,2,0,-1,1,,
1.698595e+05,"Ma(d1,d2,d4,d5)",4D,open,1,2,0,-1,2,,
1.698595e+05,"Ma(d1,d2,d4,d5)",4D,open,1,2,0,-1,3,,
1.698595e+05,"Ma(d1,d2,d4,d5)",4D,open,1,2,0,1,-3,,
1.698595e+05,"Ma(d1,d2,d4,d5)",4D,open,1,2,0,1,-2,,
1.698595e+05,"Ma(d1,d2,d4,d5)",4D,open,1,2,0,1,-1,,
1.698595e+05,"Ma(d1,d2,d4)",3D,open,1,2,0,1,0,,
1.698595e+05,"Ma(d1,d2,d4,d5)",4D,open,1,2,0,1,1,,
1.698595e+05,"Ma(d1,d2,d4,d5)",4D,open,1,2,0,1,2,,
1.698595e+05,"Ma(d1,d2,d4,d5)",4D,open,1,2,0,1,3,,
1.698595e+05,"Ma(d1,d2,d4,d5)",4D,open,-1,-2,0,-2,-3,,
1.698595e+05,"Ma(d1,d2,d4,d5)",4D,open,-1,-2,0,-2,-2,,
1.698595e+05,"Ma(d1,d2,d4,d5)",4D,open,-1,-2,0,-2,-1,,
1.698595e+05,"Ma(d1,d2,d4)",3D,open,-1,-2,0,-2,0,,
1.698595e+05,"Ma(d1,d2,d4,d5)",4D,open,-1,-2,0,-2,1,,
1.698595e+05,"Ma(d1,d2,d4,d5)",4D,open,-1,-2,0,-2,2,,
1.698595e+05,"Ma(d1,d2,d4,d5)",4D,open,-1,-2,0,-2,3,,
1.698595e+05,"Ma(d1,d2,d4,d5)",4D,open,-1,-2,0,2,-3,,
1.698595e+05,"Ma(d1,d2,d4,d5)",4D,open,-1,-2,0,2,-2,,
1.698595e+05,"Ma(d1,d2,d4,d5)",4D,open,-1,-2,0,2,-1,,
1.698595e+05,"Ma(d1,d2,d4)",3D,open,-1,-2,0,2,0,,
1.698595e+05,"Ma(d1,d2,d4,d5)",4D,open,-1,-2,0,2,1,,
1.698595e+05,"Ma(d1,d2,d4,d5)",4D,open,-1,-2,0,2,2,,
1.698595e+05,"Ma(d1,d2,d4,d5)",4D,open,-1,-2,0,2,3,,
1.698595e+05,"Ma(d1,d2,d4,d5)",4D,open,-1,2,0,-2,-3,,
1.698595e+05,"Ma(d1,d2,d4,d5)",4D,open,-1,2,0,-2,-2,,
1.698595e+05,"Ma(d1,d2,d4,d5)",4D,open,-1,2,0,-2,-1,,
1.698595e+05,"Ma(d1,d2,d4)",3D,open,-1,2,0,-2,0,,
1.698595e+05,"Ma(d1,d2,d4,d5)",4D,open,-1,2,0,-2,1,,
1.698595e+05,"Ma(d1,d2,d4,d5)",4D,open,-1,2,0,-2,2,,
1.698595e+05,"Ma(d1,d2,d4,d5)",4D,open,-1,2,0,-2,3,,
1.698595e+05,"Ma(d1,d2,d4,d5)",4D,open,-1,2,0,2,-3,,
1.698595e+05,"Ma(d1,d2,d4,d5)",4D,open,-1,2,0,2,-2,,
1.698595e+05,"Ma(d1,d2,d4,d5)",4D,open,-1,2,0,2,-1,,
1.698595e+05,"Ma(d1,d2,d4)",3D,open,-1,2,0,2,0,,
1.698595e+05,"Ma(d1,d2,d4,d5)",4D,open,-1,2,0,2,1,,
1.698595e+05,"Ma(d1,d2,d4,d5)",4D,open,-1,2,0,2,2,,
1.698595e+05,"Ma(d1,d2,d4,d5)",4D,open,-1,2,0,2,3,,
1.698595e+05,"Ma(d1,d2,d4,d5)",4D,open,1,-2,0,-2,-3,,
1.698595e+05,"Ma(d1,d2,d4,d5)",4D,open,1,-2,0,-2,-2,,
1.698595e+05,"Ma(d1,d2,d4,d5)",4D,open,1,-2,0,-2,-1,,
1.698595e+05,"Ma(d1,d2,d4)",3D,open,1,-2,0,-2,0,,
1.698595e+05,"Ma(d1,d2,d4,d5)",4D,open,1,-2,0,-2,1,,
1.698595e+05,"Ma(d1,d2,d4,d5)",4D,open,1,-2,0,-2,2,,
1.698595e+05,"Ma(d1,d2,d4,d5)",4D,open,1,-2,0,-2,3,,
1.698595e+05,"Ma(d1,d2,d4,d5)",4D,open,1,-2,0,2,-3,,
1.698595e+05,"Ma(d1,d2,d4,d5)",4D,open,1,-2,0,2,-2,,
1.698595e+05,"Ma(d1,d2,d4,d5)",4D,open,1,-2,0,2,-1,,
1.698595e+05,"Ma(d1,d2,d4)",3D,open,1,-2,0,2,0,,
1.698595e+05,"Ma(d1,d2,d4,d5)",4D,open,1,-2,0,2,1,,
1.698595e+05,"Ma(d1,d2,d4,d5)",4D,open,1,-2,0,2,2,,
1.698595e+05,"Ma(d1,d2,d4,d5)",4D,open,1,-2,0,2,3,,
1.698595e+05,"Ma(d1,d2,d4,d5)",4D,open,1,2,0,-2,-3,,
1.698595e+05,"Ma(d1,d2,d4,d5)",4D,open,1,2,0,-2,-2,,
1.698595e+05,"Ma(d1,d2,d4,d5)",4D,open,1,2,0,-2,-1,,
1.698595e+05,"Ma(d1,d2,d4)",3D,open,1,2,0,-2,0,,
1.698595e+05,"Ma(d1,d2,d4,d5)",4D,open,1,2,0,-2,1,,
1.698595e+05,"Ma(d1,d2,d4,d5)",4D,open,1,2,0,-2,2,,
1.698595e+05,"Ma(d1,d2,d4,d5)",4D,open,1,2,0,-2,3,,
1.698595e+05,"Ma(d1,d2,d4,d5)",4D,open,1,2,0,2,-3,,
1.698595e+05,"Ma(d1,d2,d4,d5)",4D,open,1,2,0,2,-2,,
1.698595e+05,"Ma(d1,d2,d4,d5)",4D,open,1,2,0,2,-1,,
1.698595e+05,"Ma(d1,d2,d4)",3D,open,1,2,0,2,0,,
1.698595e+05,"Ma(d1,d2,d4,d5)",4D,open,1,2,0,2,1,,
1.698595e+05,"Ma(d1,d2,d4,d5)",4D,open,1,2,0,2,2,,
1.698595e+05,"Ma(d1,d2,d4,d5)",4D,open,1,2,0,2,3,,
1.698595e+05,"Ma(d1,d2,d4,d5)",4D,open,-1,-2,0,-3,-3,,
1.698595e+05,"Ma(d1,d2,d4,d5)",4D,open,-1,-2,0,-3,-2,,
1.698595e+05,"Ma(d1,d2,d4,d5)",4D,open,-1,-2,0,-3,-1,,
1.698595e+05,"Ma(d1,d2,d4)",3D,open,-1,-2,0,-3,0,,
1.698595e+05,"Ma(d1,d2,d4,d5)",4D,open,-1,-2,0,-3,1,,
1.698595e+05,"Ma(d1,d2,d4,d5)",4D,open,-1,-2,0,-3,2,,
1.698595e+05,"Ma(d1,d2,d4,d5)",4D,open,-1,-2,0,-3,3,,
1.698595e+05,"Ma(d1,d2,d4,d5)",4D,open,-1,-2,0,3,-3,,
1.698595e+05,"Ma(d1,d2,d4,d5)",4D,open,-1,-2,0,3,-2,,
1.698595e+05,"Ma(d1,d2,d4,d5)",4D,open,-1,-2,0,3,-1,,
1.698595e+05,"Ma(d1,d2,d4)",3D,open,-1,-2,0,3,0,,
1.698595e+05,"Ma(d1,d2,d4,d5)",4D,open,-1,-2,0,3,1,,
1.698595e+05,"Ma(d1,d2,d4,d5)",4D,open,-1,-2,0,3,2,,
1.698595e+05,"Ma(d1,d2,d4,d5)",4D,open,-1,-2,0,3,3,,
1.698595e+05,"Ma(d1,d2,d4,d5)",4D,open,-1,2,0,-3,-3,,
1.698595e+05,"Ma(d1,d2,d4,d5)",4D,open,-1,2,0,-3,-2,,
1.698595e+05,"Ma(d1,d2,d4,d5)",4D,open,-1,2,0,-3,-1,,
1.698595e+05,"Ma(d1,d2,d4)",3D,open,-1,2,0,-3,0,,
1.698595e+05,"Ma(d1,d2,d4,d5)",4D,open,-1,2,0,-3,1,,
1.698595e+05,"Ma(d1,d2,d4,d5)",4D,open,-1,2,0,-3,2,,
1.698595e+05,"Ma(d1,d2,d4,d5)",4D,open,-1,2,0,-3,3,,
1.698595e+05,"Ma(d1,d2,d4,d5)",4D,open,-1,2,0,3,-3,,
1.698595e+05,"Ma(d1,d2,d4,d5)",4D,open,-1,2,0,3,-2,,
1.698595e+05,"Ma(d1,d2,d4,d5)",4D,open,-1,2,0,3,-1,,
1.698595e+05,"Ma(d1,d2,d4)",3D,open,-1,2,0,3,0,,
1.698595e+05,"Ma(d1,d2,d4,d5)",4D,open,-1,2,0,3,1,,
1.698595e+05,"Ma(d1,d2,d4,d5)",4D,open,-1,2,0,3,2,,
1.698595e+05,"Ma(d1,d2,d4,d5)",4D,open,-1,2,0,3,3,,
1.698595e+05,"Ma(d1,d2,d4,d5)",4D,open,1,-2,0,-3,-3,,
1.698595e+05,"Ma(d1,d2,d4,d5)",4D,open,1,-2,0,-3,-2,,
1.698595e+05,"Ma(d1,d2,d4,d5)",4D,open,1,-2,0,-3,-1,,
1.698595e+05,"Ma(d1,d2,d4)",3D,open,1,-2,0,-3,0,,
1.698595e+05,"Ma(d1,d2,d4,d5)",4D,open,1,-2,0,-3,1,,
1.698595e+05,"Ma(d1,d2,d4,d5)",4D,open,1,-2,0,-3,2,,
1.698595e+05,"Ma(d1,d2,d4,d5)",4D,open,1,-2,0,-3,3,,
1.698595e+05,"Ma(d1,d2,d4,d5)",4D,open,1,-2,0,3,-3,,
1.698595e+05,"Ma(d1,d2,d4,d5)",4D,open,1,-2,0,3,-2,,
1.698595e+05,"Ma(d1,d2,d4,d5)",4D,open,1,-2,0,3,-1,,
1.698595e+05,"Ma(d1,d2,d4)",3D,open,1,-2,0,3,0,,
1.698595e+05,"Ma(d1,d2,d4,d5)",4D,open,1,-2,0,3,1,,
1.698595e+05,"Ma(d1,d2,d4,d5)",4D,open,1,-2,0,3,2,,
1.698595e+05,"Ma(d1,d2,d4,d5)",4D,open,1,-2,0,3,3,,
1.698595e+05,"Ma(d1,d2,d4,d5)",4D,open,1,2,0,-3,-3,,
1.698595e+05,"Ma(d1,d2,d4,d5)",4D,open,1,2,0,-3,-2,,
1.698595e+05,"Ma(d1,d2,d4,d5)",4D,open,1,2,0,-3,-1,,
1.698595e+05,"Ma(d1,d2,d4)",3D,open,1,2,0,-3,0,,
1.698595e+05,"Ma(d1,d2,d4,d5)",4D,open,1,2,0,-3,1,,
1.698595e+05,"Ma(d1,d2,d4,d5)",4D,open,1,2,0,-3,2,,
1.698595e+05,"Ma(d1,d2,d4,d5)",4D,open,1,2,0,-3,3,,
1.698595e+05,"Ma(d1,d2,d4,d5)",4D,open,1,2,0,3,-3,,
1.698595e+05,"Ma(d1,d2,d4,d5)",4D,open,1,2,0,3,-2,,
1.698595e+05,"Ma(d1,d2,d4,d5)",4D,open,1,2,0,3,-1,,
1.698595e+05,"Ma(d1,d2,d4)",3D,open,1,2,0,3,0,,
1.698595e+05,"Ma(d1,d2,d4,d5)",4D,open,1,2,0,3,1,,
1.698595e+05,"Ma(d1,d2,d4,d5)",4D,open,1,2,0,3,2,,
1.698595e+05,"Ma(d1,d2,d4,d5)",4D,open,1,2,0,3,3,,
1.698595e+05,"Ma(d1,d2,d3,d5)",4D,open,-1,-2,-1,0,-3,,
1.698595e+05,"Ma(d1,d2,d3,d5)",4D,open,-1,-2,-1,0,-2,,
1.698595e+05,"Ma(d1,d2,d3,d5)",4D,open,-1,-2,-1,0,-1,,
1.698595e+05,"Ma(d1,d2,d3)",3D,open,-1,-2,-1,0,0,,
1.698595e+05,"Ma(d1,d2,d3,d5)",4D,open,-1,-2,-1,0,1,,
1.698595e+05,"Ma(d1,d2,d3,d5)",4D,open,-1,-2,-1,0,2,,
1.698595e+05,"Ma(d1,d2,d3,d5)",4D,open,-1,-2,-1,0,3,,
1.698595e+05,"Ma(d1,d2,d3,d5)",4D,open,-1,-2,1,0,-3,,
1.698595e+05,"Ma(d1,d2,d3,d5)",4D,open,-1,-2,1,0,-2,,
1.698595e+05,"Ma(d1,d2,d3,d5)",4D,open,-1,-2,1,0,-1,,
1.698595e+05,"Ma(d1,d2,d3)",3D,open,-1,-2,1,0,0,,
1.698595e+05,"Ma(d1,d2,d3,d5)",4D,open,-1,-2,1,0,1,,
1.698595e+05,"Ma(d1,d2,d3,d5)",4D,open,-1,-2,1,0,2,,
1.698595e+05,"Ma(d1,d2,d3,d5)",4D,open,-1,-2,1,0,3,,
1.698595e+05,"Ma(d1,d2,d3,d5)",4D,open,-1,2,-1,0,-3,,
1.698595e+05,"Ma(d1,d2,d3,d5)",4D,open,-1,2,-1,0,-2,,
1.698595e+05,"Ma(d1,d2,d3,d5)",4D,open,-1,2,-1,0,-1,,
1.698595e+05,"Ma(d1,d2,d3)",3D,open,-1,2,-1,0,0,,
1.698595e+05,"Ma(d1,d2,d3,d5)",4D,open,-1,2,-1,0,1,,
1.698595e+05,"Ma(d1,d2,d3,d5)",4D,open,-1,2,-1,0,2,,
1.698595e+05,"Ma(d1,d2,d3,d5)",4D,open,-1,2,-1,0,3,,
1.698595e+05,"Ma(d1,d2,d3,d5)",4D,open,-1,2,1,0,-3,,
1.698595e+05,"Ma(d1,d2,d3,d5)",4D,open,-1,2,1,0,-2,,
1.698595e+05,"Ma(d1,d2,d3,d5)",4D,open,-1,2,1,0,-1,,
1.698595e+05,"Ma(d1,d2,d3)",3D,open,-1,2,1,0,0,,
1.698595e+05,"Ma(d1,d2,d3,d5)",4D,open,-1,2,1,0,1,,
1.698595e+05,"Ma(d1,d2,d3,d5)",4D,open,-1,2,1,0,2,,
1.698595e+05,"Ma(d1,d2,d3,d5)",4D,open,-1,2,1,0,3,,
1.698595e+05,"Ma(d1,d2,d3,d5)",4D,open,1,-2,-1,0,-3,,
1.698595e+05,"Ma(d1,d2,d3,d5)",4D,open,1,-2,-1,0,-2,,
1.698595e+05,"Ma(d1,d2,d3,d5)",4D,open,1,-2,-1,0,-1,,
1.698595e+05,"Ma(d1,d2,d3)",3D,open,1,-2,-1,0,0,,
1.698595e+05,"Ma(d1,d2,d3,d5)",4D,open,1,-2,-1,0,1,,
1.698595e+05,"Ma(d1,d2,d3,d5)",4D,open,1,-2,-1,0,2,,
1.698595e+05,"Ma(d1,d2,d3,d5)",4D,open,1,-2,-1,0,3,,
1.698595e+05,"Ma(d1,d2,d3,d5)",4D,open,1,-2,1,0,-3,,
1.698595e+05,"Ma(d1,d2,d3,d5)",4D,open,1,-2,1,0,-2,,
1.698595e+05,"Ma(d1,d2,d3,d5)",4D,open,1,-2,1,0,-1,,
1.698595e+05,"Ma(d1,d2,d3)",3D,open,1,-2,1,0,0,,
1.698595e+05,"Ma(d1,d2,d3,d5)",4D,open,1,-2,1,0,1,,
1.698595e+05,"Ma(d1,d2,d3,d5)",4D,open,1,-2,1,0,2,,
1.698595e+05,"Ma(d1,d2,d3,d5)",4D,open,1,-2,1,0,3,,
1.698595e+05,"Ma(d1,d2,d3,d5)",4D,open,1,2,-1,0,-3,,
1.698595e+05,"Ma(d1,d2,d3,d5)",4D,open,1,2,-1,0,-2,,
1.698595e+05,"Ma(d1,d2,d3,d5)",4D,open,1,2,-1,0,-1,,
1.698595e+05,"Ma(d1,d2,d3)",3D,open,1,2,-1,0,0,,
1.698595e+05,"Ma(d1,d2,d3,d5)",4D,open,1,2,-1,0,1,,
1.698595e+05,"Ma(d1,d2,d3,d5)",4D,open,1,2,-1,0,2,,
1.698595e+05,"Ma(d1,d2,d3,d5)",4D,open,1,2,-1,0,3,,
1.698595e+05,"Ma(d1,d2,d3,d5)",4D,open,1,2,1,0,-3,,
1.698595e+05,"Ma(d1,d2,d3,d5)",4D,open,1,2,1,0,-2,,
1.698595e+05,"Ma(d1,d2,d3,d5)",4D,open,1,2,1,0,-1,,
1.698595e+05,"Ma(d1,d2,d3)",3D,open,1,2,1,0,0,,
1.698595e+05,"Ma(d1,d2,d3,d5)",4D,open,1,2,1,0,1,,
1.698595e+05,"Ma(d1,d2,d3,d5)",4D,open,1,2,1,0,2,,
1.698595e+05,"Ma(d1,d2,d3,d5)",4D,open,1,2,1,0,3,,
1.698595e+05,"Ma(d1,d2,d3,d4,d5)",5D,open,-1,-2,-1,-1,-3,,
1.698595e+05,"Ma(d1,d2,d3,d4,d5)",5D,open,-1,-2,-1,-1,-2,,
1.698595e+05,"Ma(d1,d2,d3,d4,d5)",5D,open,-1,-2,-1,-1,-1,,
1.698595e+05,"Ma(d1,d2,d3,d4)",4D,open,-1,-2,-1,-1,0,,
1.698595e+05,"Ma(d1,d2,d3,d4,d5)",5D,open,-1,-2,-1,-1,1,,
1.698595e+05,"Ma(d1,d2,d3,d4,d5)",5D,open,-1,-2,-1,-1,2,,
1.698595e+05,"Ma(d1,d2,d3,d4,d5)",5D,open,-1,-2,-1,-1,3,,
1.698595e+05,"Ma(d1,d2,d3,d4,d5)",5D,open,-1,-2,-1,1,-3,,
1.698595e+05,"Ma(d1,d2,d3,d4,d5)",5D,open,-1,-2,-1,1,-2,,
1.698595e+05,"Ma(d1,d2,d3,d4,d5)",5D,open,-1,-2,-1,1,-1,,
1.698595e+05,"Ma(d1,d2,d3,d4)",4D,open,-1,-2,-1,1,0,,
1.698595e+05,"Ma(d1,d2,d3,d4,d5)",5D,open,-1,-2,-1,1,1,,
1.698595e+05,"Ma(d1,d2,d3,d4,d5)",5D,open,-1,-2,-1,1,2,,
1.698595e+05,"Ma(d1,d2,d3,d4,d5)",5D,open,-1,-2,-1,1,3,,
1.698595e+05,"Ma(d1,d2,d3,d4,d5)",5D,open,-1,-2,1,-1,-3,,
1.698595e+05,"Ma(d1,d2,d3,d4,d5)",5D,open,-1,-2,1,-1,-2,,
1.698595e+05,"Ma(d1,d2,d3,d4,d5)",5D,open,-1,-2,1,-1,-1,,
1.698595e+05,"Ma(d1,d2,d3,d4)",4D,open,-1,-2,1,-1,0,,
1.698595e+05,"Ma(d1,d2,d3,d4,d5)",5D,open,-1,-2,1,-1,1,,
1.698595e+05,"Ma(d1,d2,d3,d4,d5)",5D,open,-1,-2,1,-1,2,,
1.698595e+05,"Ma(d1,d2,d3,d4,d5)",5D,open,-1,-2,1,-1,3,,
1.698595e+05,"Ma(d1,d2,d3,d4,d5)",5D,open,-1,-2,1,1,-3,,
1.698595e+05,"Ma(d1,d2,d3,d4,d5)",5D,open,-1,-2,1,1,-2,,
1.698595e+05,"Ma(d1,d2,d3,d4,d5)",5D,open,-1,-2,1,1,-1,,
1.698595e+05,"Ma(d1,d2,d3,d4)",4D,open,-1,-2,1,1,0,,
1.698595e+05,"Ma(d1,d2,d3,d4,d5)",5D,open,-1,-2,1,1,1,,
1.698595e+05,"Ma(d1,d2,d3,d4,d5)",5D,open,-1,-2,1,1,2,,
1.698595e+05,"Ma(d1,d2,d3,d4,d5)",5D,open,-1,-2,1,1,3,,
1.698595e+05,"Ma(d1,d2,d3,d4,d5)",5D,open,-1,2,-1,-1,-3,,
1.698595e+05,"Ma(d1,d2,d3,d4,d5)",5D,open,-1,2,-1,-1,-2,,
1.698595e+05,"Ma(d1,d2,d3,d4,d5)",5D,open,-1,2,-1,-1,-1,,
1.698595e+05,"Ma(d1,d2,d3,d4)",4D,open,-1,2,-1,-1,0,,
1.698595e+05,"Ma(d1,d2,d3,d4,d5)",5D,open,-1,2,-1,-1,1,,
1.698595e+05,"Ma(d1,d2,d3,d4,d5)",5D,open,-1,2,-1,-1,2,,
1.698595e+05,"Ma(d1,d2,d3,d4,d5)",5D,open,-1,2,-1,-1,3,,
1.698595e+05,"Ma(d1,d2,d3,d4,d5)",5D,open,-1,2,-1,1,-3,,
1.698595e+05,"Ma(d1,d2,d3,d4,d5)",5D,open,-1,2,-1,1,-2,,
1.698595e+05,"Ma(d1,d2,d3,d4,d5)",5D,open,-1,2,-1,1,-1,,
1.698595e+05,"Ma(d1,d2,d3,d4)",4D,open,-1,2,-1,1,0,,
1.698595e+05,"Ma(d1,d2,d3,d4,d5)",5D,open,-1,2,-1,1,1,,
1.698595e+05,"Ma(d1,d2,d3,d4,d5)",5D,open,-1,2,-1,1,2,,
1.698595e+05,"Ma(d1,d2,d3,d4,d5)",5D,open,-1,2,-1,1,3,,
1.698595e+05,"Ma(d1,d2,d3,d4,d5)",5D,open,-1,2,1,-1,-3,,
1.698595e+05,"Ma(d1,d2,d3,d4,d5)",5D,open,-1,2,1,-1,-2,,
1.698595e+05,"Ma(d1,d2,d3,d4,d5)",5D,open,-1,2,1,-1,-1,,
1.698595e+05,"Ma(d1,d2,d3,d4)",4D,open,-1,2,1,-1,0,,
1.698595e+05,"Ma(d1,d2,d3,d4,d5)",5D,open,-1,2,1,-1,1,,
1.698595e+05,"Ma(d1,d2,d3,d4,d5)",5D,open,-1,2,1,-1,2,,
1.698595e+05,"Ma(d1,d2,d3,d4,d5)",5D,open,-1,2,1,-1,3,,
1.698595e+05,"Ma(d1,d2,d3,d4,d5)",5D,open,-1,2,1,1,-3,,
1.698595e+05,"Ma(d1,d2,d3,d4,d5)",5D,open,-1,2,1,1,-2,,
1.698595e+05,"Ma(d1,d2,d3,d4,d5)",5D,open,-1,2,1,1,-1,,
1.698595e+05,"Ma(d1,d2,d3,d4)",4D,open,-1,2,1,1,0,,
1.698595e+05,"Ma(d1,d2,d3,d4,d5)",5D,open,-1,2,1,1,1,,
1.698595e+05,"Ma(d1,d2,d3,d4,d5)",5D,open,-1,2,1,1,2,,
1.698595e+05,"Ma(d1,d2,d3,d4,d5)",5D,open,-1,2,1,1,3,,
1.698595e+05,"Ma(d1,d2,d3,d4,d5)",5D,open,1,-2,-1,-1,-3,,
1.698595e+05,"Ma(d1,d2,d3,d4,d5)",5D,open,1,-2,-1,-1,-2,,
1.698595e+05,"Ma(d1,d2,d3,d4,d5)",5D,open,1,-2,-1,-1,-1,,
1.698595e+05,"Ma(d1,d2,d3,d4)",4D,open,1,-2,-1,-1,0,,
1.698595e+05,"Ma(d1,d2,d3,d4,d5)",5D,open,1,-2,-1,-1,1,,
1.698595e+05,"Ma(d1,d2,d3,d4,d5)",5D,open,1,-2,-1,-1,2,,
1.698595e+05,"Ma(d1,d2,d3,d4,d5)",5D,open,1,-2,-1,-1,3,,
1.698595e+05,"Ma(d1,d2,d3,d4,d5)",5D,open,1,-2,-1,1,-3,,
1.698595e+05,"Ma(d1,d2,d3,d4,d5)",5D,open,1,-2,-1,1,-2,,
1.698595e+05,"Ma(d1,d2,d3,d4,d5)",5D,open,1,-2,-1,1,-1,,
1.698595e+05,"Ma(d1,d2,d3,d4)",4D,open,1,-2,-1,1,0,,
1.698595e+05,"Ma(d1,d2,d3,d4,d5)",5D,open,1,-2,-1,1,1,,
1.698595e+05,"Ma(d1,d2,d3,d4,d5)",5D,open,1,-2,-1,1,2,,
1.698595e+05,"Ma(d1,d2,d3,d4,d5)",5D,open,1,-2,-1,1,3,,
1.698595e+05,"Ma(d1,d2,d3,d4,d5)",5D,open,1,-2,1,-1,-3,,
1.698595e+05,"Ma(d1,d2,d3,d4,d5)",5D,open,1,-2,1,-1,-2,,
1.698595e+05,"Ma(d1,d2,d3,d4,d5)",5D,open,1,-2,1,-1,-1,,
1.698595e+05,"Ma(d1,d2,d3,d4)",4D,open,1,-2,1,-1,0,,
1.698595e+05,"Ma(d1,d2,d3,d4,d5)",5D,open,1,-2,1,-1,1,,
1.698595e+05,"Ma(d1,d2,d3,d4,d5)",5D,open,1,-2,1,-1,2,,
1.698595e+05,"Ma(d1,d2,d3,d4,d5)",5D,open,1,-2,1,-1,3,,
1.698595e+05,"Ma(d1,d2,d3,d4,d5)",5D,open,1,-2,1,1,-3,,
1.698595e+05,"Ma(d1,d2,d3,d4,d5)",5D,open,1,-2,1,1,-2,,
1.698595e+05,"Ma(d1,d2,d3,d4,d5)",5D,open,1,-2,1,1,-1,,
1.698595e+05,"Ma(d1,d2,d3,d4)",4D,open,1,-2,1,1,0,,
1.698595e+05,"Ma(d1,d2,d3,d4,d5)",5D,open,1,-2,1,1,1,,
1.698595e+05,"Ma(d1,d2,d3,d4,d5)",5D,open,1,-2,1,1,2,,
1.698595e+05,"Ma(d1,d2,d3,d4,d5)",5D,open,1,-2,1,1,3,,
1.698595e+05,"Ma(d1,d2,d3,d4,d5)",5D,open,1,2,-1,-1,-3,,
1.698595e+05,"Ma(d1,d2,d3,d4,d5)",5D,open,1,2,-1,-1,-2,,
1.698595e+05,"Ma(d1,d2,d3,d4,d5)",5D,open,1,2,-1,-1,-1,,
1.698595e+05,"Ma(d1,d2,d3,d4)",4D,open,1,2,-1,-1,0,,
1.698595e+05,"Ma(d1,d2,d3,d4,d5)",5D,open,1,2,-1,-1,1,,
1.698595e+05,"Ma(d1,d2,d3,d4,d5)",5D,open,1,2,-1,-1,2,,
1.698595e+05,"Ma(d1,d2,d3,d4,d5)",5D,open,1,2,-1,-1,3,,
1.698595e+05,"Ma(d1,d2,d3,d4,d5)",5D,open,1,2,-1,1,-3,,
1.698595e+05,"Ma(d1,d2,d3,d4,d5)",5D,open,1,2,-1,1,-2,,
1.698595e+05,"Ma(d1,d2,d3,d4,d5)",5D,open,1,2,-1,1,-1,,
1.698595e+05,"Ma(d1,d2,d3,d4)",4D,open,1,2,-1,1,0,,
1.698595e+05,"Ma(d1,d2,d3,d4,d5)",5D,open,1,2,-1,1,1,,
1.698595e+05,"Ma(d1,d2,d3,d4,d5)",5D,open,1,2,-1,1,2,,
1.698595e+05,"Ma(d1,d2,d3,d4,d5)",5D,open,1,2,-1,1,3,,
1.698595e+05,"Ma(d1,d2,d3,d4,d5)",5D,open,1,2,1,-1,-3,,
1.698595e+05,"Ma(d1,d2,d3,d4,d5)",5D,open,1,2,1,-1,-2,,
1.698595e+05,"Ma(d1,d2,d3,d4,d5)",5D,open,1,2,1,-1,-1,,
1.698595e+05,"Ma(d1,d2,d3,d4)",4D,open,1,2,1,-1,0,,
1.698595e+05,"Ma(d1,d2,d3,d4,d5)",5D,open,1,2,1,-1,1,,
1.698595e+05,"Ma(d1,d2,d3,d4,d5)",5D,open,1,2,1,-1,2,,
1.698595e+05,"Ma(d1,d2,d3,d4,d5)",5D,open,1,2,1,-1,3,,
1.698595e+05,"Ma(d1,d2,d3,d4,d5)",5D,open,1,2,1,1,-3,,
1.698595e+05,"Ma(d1,d2,d3,d4,d5)",5D,open,1,2,1,1,-2,,
1.698595e+05,"Ma(d1,d2,d3,d4,d5)",5D,open,1,2,1,1,-1,,
1.698595e+05,"Ma(d1,d2,d3,d4)",4D,open,1,2,1,1,0,,
1.698595e+05,"Ma(d1,d2,d3,d4,d5)",5D,open,1,2,1,1,1,,
1.698595e+05,"Ma(d1,d2,d3,d4,d5)",5D,open,1,2,1,1,2,,
1.698595e+05,"Ma(d1,d2,d3,d4,d5)",5D,open,1,2,1,1,3,,
1.698595e+05,"Ma(d1,d2,d3,d4,d5)",5D,open,-1,-2,-1,-2,-3,,
1.698595e+05,"Ma(d1,d2,d3,d4,d5)",5D,open,-1,-2,-1,-2,-2,,
1.698595e+05,"Ma(d1,d2,d3,d4,d5)",5D,open,-1,-2,-1,-2,-1,,
1.698595e+05,"Ma(d1,d2,d3,d4)",4D,open,-1,-2,-1,-2,0,,
1.698595e+05,"Ma(d1,d2,d3,d4,d5)",5D,open,-1,-2,-1,-2,1,,
1.698595e+05,"Ma(d1,d2,d3,d4,d5)",5D,open,-1,-2,-1,-2,2,,
1.698595e+05,"Ma(d1,d2,d3,d4,d5)",5D,open,-1,-2,-1,-2,3,,
1.698595e+05,"Ma(d1,d2,d3,d4,d5)",5D,open,-1,-2,-1,2,-3,,
1.698595e+05,"Ma(d1,d2,d3,d4,d5)",5D,open,-1,-2,-1,2,-2,,
1.698595e+05,"Ma(d1,d2,d3,d4,d5)",5D,open,-1,-2,-1,2,-1,,
1.698595e+05,"Ma(d1,d2,d3,d4)",4D,open,-1,-2,-1,2,0,,
1.698595e+05,"Ma(d1,d2,d3,d4,d5)",5D,open,-1,-2,-1,2,1,,
1.698595e+05,"Ma(d1,d2,d3,d4,d5)",5D,open,-1,-2,-1,2,2,,
1.698595e+05,"Ma(d1,d2,d3,d4,d5)",5D,open,-1,-2,-1,2,3,,
1.698595e+05,"Ma(d1,d2,d3,d4,d5)",5D,open,-1,-2,1,-2,-3,,
1.698595e+05,"Ma(d1,d2,d3,d4,d5)",5D,open,-1,-2,1,-2,-2,,
1.698595e+05,"Ma(d1,d2,d3,d4,d5)",5D,open,-1,-2,1,-2,-1,,
1.698595e+05,"Ma(d1,d2,d3,d4)",4D,open,-1,-2,1,-2,0,,
1.698595e+05,"Ma(d1,d2,d3,d4,d5)",5D,open,-1,-2,1,-2,1,,
1.698595e+05,"Ma(d1,d2,d3,d4,d5)",5D,open,-1,-2,1,-2,2,,
1.698595e+05,"Ma(d1,d2,d3,d4,d5)",5D,open,-1,-2,1,-2,3,,
1.698595e+05,"Ma(d1,d2,d3,d4,d5)",5D,open,-1,-2,1,2,-3,,
1.698595e+05,"Ma(d1,d2,d3,d4,d5)",5D,open,-1,-2,1,2,-2,,
1.698595e+05,"Ma(d1,d2,d3,d4,d5)",5D,open,-1,-2,1,2,-1,,
1.698595e+05,"Ma(d1,d2,d3,d4)",4D,open,-1,-2,1,2,0,,
1.698595e+05,"Ma(d1,d2,d3,d4,d5)",5D,open,-1,-2,1,2,1,,
1.698595e+05,"Ma(d1,d2,d3,d4,d5)",5D,open,-1,-2,1,2,2,,
1.698595e+05,"Ma(d1,d2,d3,d4,d5)",5D,open,-1,-2,1,2,3,,
1.698595e+05,"Ma(d1,d2,d3,d4,d5)",5D,open,-1,2,-1,-2,-3,,
1.698595e+05,"Ma(d1,d2,d3,d4,d5)",5D,open,-1,2,-1,-2,-2,,
1.698595e+05,"Ma(d1,d2,d3,d4,d5)",5D,open,-1,2,-1,-2,-1,,
1.698595e+05,"Ma(d1,d2,d3,d4)",4D,open,-1,2,-1,-2,0,,
1.698595e+05,"Ma(d1,d2,d3,d4,d5)",5D,open,-1,2,-1,-2,1,,
1.698595e+05,"Ma(d1,d2,d3,d4,d5)",5D,open,-1,2,-1,-2,2,,
1.698595e+05,"Ma(d1,d2,d3,d4,d5)",5D,open,-1,2,-1,-2,3,,
1.698595e+05,"Ma(d1,d2,d3,d4,d5)",5D,open,-1,2,-1,2,-3,,
1.698595e+05,"Ma(d1,d2,d3,d4,d5)",5D,open,-1,2,-1,2,-2,,
1.698595e+05,"Ma(d1,d2,d3,d4,d5)",5D,open,-1,2,-1,2,-1,,
1.698595e+05,"Ma(d1,d2,d3,d4)",4D,open,-1,2,-1,2,0,,
1.698595e+05,"Ma(d1,d2,d3,d4,d5)",5D,open,-1,2,-1,2,1,,
1.698595e+05,"Ma(d1,d2,d3,d4,d5)",5D,open,-1,2,-1,2,2,,
1.698595e+05,"Ma(d1,d2,d3,d4,d5)",5D,open,-1,2,-1,2,3,,
1.698595e+05,"Ma(d1,d2,d3,d4,d5)",5D,open,-1,2,1,-2,-3,,
1.698595e+05,"Ma(d1,d2,d3,d4,d5)",5D,open,-1,2,1,-2,-2,,
1.698595e+05,"Ma(d1,d2,d3,d4,d5)",5D,open,-1,2,1,-2,-1,,
1.698595e+05,"Ma(d1,d2,d3,d4)",4D,open,-1,2,1,-2,0,,
1.698595e+05,"Ma(d1,d2,d3,d4,d5)",5D,open,-1,2,1,-2,1,,
1.698595e+05,"Ma(d1,d2,d3,d4,d5)",5D,open,-1,2,1,-2,2,,
1.698595e+05,"Ma(d1,d2,d3,d4,d5)",5D,open,-1,2,1,-2,3,,
1.698595e+05,"Ma(d1,d2,d3,d4,d5)",5D,open,-1,2,1,2,-3,,
1.698595e+05,"Ma(d1,d2,d3,d4,d5)",5D,open,-1,2,1,2,-2,,
1.698595e+05,"Ma(d1,d2,d3,d4,d5)",5D,open,-1,2,1,2,-1,,
1.698595e+05,"Ma(d1,d2,d3,d4)",4D,open,-1,2,1,2,0,,
1.698595e+05,"Ma(d1,d2,d3,d4,d5)",5D,open,-1,2,1,2,1,,
1.698595e+05,"Ma(d1,d2,d3,d4,d5)",5D,open,-1,2,1,2,2,,
1.698595e+05,"Ma(d1,d2,d3,d4,d5)",5D,open,-1,2,1,2,3,,
1.698595e+05,"Ma(d1,d2,d3,d4,d5)",5D,open,1,-2,-1,-2,-3,,
1.698595e+05,"Ma(d1,d2,d3,d4,d5)",5D,open,1,-2,-1,-2,-2,,
1.698595e+05,"Ma(d1,d2,d3,d4,d5)",5D,open,1,-2,-1,-2,-1,,
1.698595e+05,"Ma(d1,d2,d3,d4)",4D,open,1,-2,-1,-2,0,,
1.698595e+05,"Ma(d1,d2,d3,d4,d5)",5D,open,1,-2,-1,-2,1,,
1.698595e+05,"Ma(d1,d2,d3,d4,d5)",5D,open,1,-2,-1,-2,2,,
1.698595e+05,"Ma(d1,d2,d3,d4,d5)",5D,open,1,-2,-1,-2,3,,
1.698595e+05,"Ma(d1,d2,d3,d4,d5)",5D,open,1,-2,-1,2,-3,,
1.698595e+05,"Ma(d1,d2,d3,d4,d5)",5D,open,1,-2,-1,2,-2,,
1.698595e+05,"Ma(d1,d2,d3,d4,d5)",5D,open,1,-2,-1,2,-1,,
1.698595e+05,"Ma(d1,d2,d3,d4)",4D,open,1,-2,-1,2,0,,
1.698595e+05,"Ma(d1,d2,d3,d4,d5)",5D,open,1,-2,-1,2,1,,
1.698595e+05,"Ma(d1,d2,d3,d4,d5)",5D,open,1,-2,-1,2,2,,
1.698595e+05,"Ma(d1,d2,d3,d4,d5)",5D,open,1,-2,-1,2,3,,
1.698595e+05,"Ma(d1,d2,d3,d4,d5)",5D,open,1,-2,1,-2,-3,,
1.698595e+05,"Ma(d1,d2,d3,d4,d5)",5D,open,1,-2,1,-2,-2,,
1.698595e+05,"Ma(d1,d2,d3,d4,d5)",5D,open,1,-2,1,-2,-1,,
1.698595e+05,"Ma(d1,d2,d3,d4)",4D,open,1,-2,1,-2,0,,
1.698595e+05,"Ma(d1,d2,d3,d4,d5)",5D,open,1,-2,1,-2,1,,
1.698595e+05,"Ma(d1,d2,d3,d4,d5)",5D,open,1,-2,1,-2,2,,
1.698595e+05,"Ma(d1,d2,d3,d4,d5)",5D,open,1,-2,1,-2,3,,
1.698595e+05,"Ma(d1,d2,d3,d4,d5)",5D,open,1,-2,1,2,-3,,
1.698595e+05,"Ma(d1,d2,d3,d4,d5)",5D,open,1,-2,1,2,-2,,
1.698595e+05,"Ma(d1,d2,d3,d4,d5)",5D,open,1,-2,1,2,-1,,
1.698595e+05,"Ma(d1,d2,d3,d4)",4D,open,1,-2,1,2,0,,
1.698595e+05,"Ma(d1,d2,d3,d4,d5)",5D,open,1,-2,1,2,1,,
1.698595e+05,"Ma(d1,d2,d3,d4,d5)",5D,open,1,-2,1,2,2,,
1.698595e+05,"Ma(d1,d2,d3,d4,d5)",5D,open,1,-2,1,2,3,,
1.698595e+05,"Ma(d1,d2,d3,d4,d5)",5D,open,1,2,-1,-2,-3,,
1.698595e+05,"Ma(d1,d2,d3,d4,d5)",5D,open,1,2,-1,-2,-2,,
1.698595e+05,"Ma(d1,d2,d3,d4,d5)",5D,open,1,2,-1,-2,-1,,
1.698595e+05,"Ma(d1,d2,d3,d4)",4D,open,1,2,-1,-2,0,,
1.698595e+05,"Ma(d1,d2,d3,d4,d5)",5D,open,1,2,-1,-2,1,,
1.698595e+05,"Ma(d1,d2,d3,d4,d5)",5D,open,1,2,-1,-2,2,,
1.698595e+05,"Ma(d1,d2,d3,d4,d5)",5D,open,1,2,-1,-2,3,,
1.698595e+05,"Ma(d1,d2,d3,d4,d5)",5D,open,1,2,-1,2,-3,,
1.698595e+05,"Ma(d1,d2,d3,d4,d5)",5D,open,1,2,-1,2,-2,,
1.698595e+05,"Ma(d1,d2,d3,d4,d5)",5D,open,1,2,-1,2,-1,,
1.698595e+05,"Ma(d1,d2,d3,d4)",4D,open,1,2,-1,2,0,,
1.698595e+05,"Ma(d1,d2,d3,d4,d5)",5D,open,1,2,-1,2,1,,
1.698595e+05,"Ma(d1,d2,d3,d4,d5)",5D,open,1,2,-1,2,2,,
1.698595e+05,"Ma(d1,d2,d3,d4,d5)",5D,open,1,2,-1,2,3,,
1.698595e+05,"Ma(d1,d2,d3,d4,d5)",5D,open,1,2,1,-2,-3,,
1.698595e+05,"Ma(d1,d2,d3,d4,d5)",5D,open,1,2,1,-2,-2,,
1.698595e+05,"Ma(d1,d2,d3,d4,d5)",5D,open,1,2,1,-2,-1,,
1.698595e+05,"Ma(d1,d2,d3,d4)",4D,open,1,2,1,-2,0,,
1.698595e+05,"Ma(d1,d2,d3,d4,d5)",5D,open,1,2,1,-2,1,,
1.698595e+05,"Ma(d1,d2,d3,d4,d5)",5D,open,1,2,1,-2,2,,
1.698595e+05,"Ma(d1,d2,d3,d4,d5)",5D,open,1,2,1,-2,3,,
1.698595e+05,"Ma(d1,d2,d3,d4,d5)",5D,open,1,2,1,2,-3,,
1.698595e+05,"Ma(d1,d2,d3,d4,d5)",5D,open,1,2,1,2,-2,,
1.698595e+05,"Ma(d1,d2,d3,d4,d5)",5D,open,1,2,1,2,-1,,
1.698595e+05,"Ma(d1,d2,d3,d4)",4D,open,1,2,1,2,0,,
1.698595e+05,"Ma(d1,d2,d3,d4,d5)",5D,open,1,2,1,2,1,,
1.698595e+05,"Ma(d1,d2,d3,d4,d5)",5D,open,1,2,1,2,2,,
1.698595e+05,"Ma(d1,d2,d3,d4,d5)",5D,open,1,2,1,2,3,,
1.698595e+05,"Ma(d1,d2,d3,d4,d5)",5D,open,-1,-2,-1,-3,-3,,
1.698595e+05,"Ma(d1,d2,d3,d4,d5)",5D,open,-1,-2,-1,-3,-2,,
1.698595e+05,"Ma(d1,d2,d3,d4,d5)",5D,open,-1,-2,-1,-3,-1,,
1.698595e+05,"Ma(d1,d2,d3,d4)",4D,open,-1,-2,-1,-3,0,,
1.698595e+05,"Ma(d1,d2,d3,d4,d5)",5D,open,-1,-2,-1,-3,1,,
1.698595e+05,"Ma(d1,d2,d3,d4,d5)",5D,open,-1,-2,-1,-3,2,,
1.698595e+05,"Ma(d1,d2,d3,d4,d5)",5D,open,-1,-2,-1,-3,3,,
1.698595e+05,"Ma(d1,d2,d3,d4,d5)",5D,open,-1,-2,-1,3,-3,,
1.698595e+05,"Ma(d1,d2,d3,d4,d5)",5D,open,-1,-2,-1,3,-2,,
1.698595e+05,"Ma(d1,d2,d3,d4,d5)",5D,open,-1,-2,-1,3,-1,,
1.698595e+05,"Ma(d1,d2,d3,d4)",4D,open,-1,-2,-1,3,0,,
1.698595e+05,"Ma(d1,d2,d3,d4,d5)",5D,open,-1,-2,-1,3,1,,
1.698595e+05,"Ma(d1,d2,d3,d4,d5)",5D,open,-1,-2,-1,3,2,,
1.698595e+05,"Ma(d1,d2,d3,d4,d5)",5D,open,-1,-2,-1,3,3,,
1.698595e+05,"Ma(d1,d2,d3,d4,d5)",5D,open,-1,-2,1,-3,-3,,
1.698595e+05,"Ma(d1,d2,d3,d4,d5)",5D,open,-1,-2,1,-3,-2,,
1.698595e+05,"Ma(d1,d2,d3,d4,d5)",5D,open,-1,-2,1,-3,-1,,
1.698595e+05,"Ma(d1,d2,d3,d4)",4D,open,-1,-2,1,-3,0,,
1.698595e+05,"Ma(d1,d2,d3,d4,d5)",5D,open,-1,-2,1,-3,1,,
1.698595e+05,"Ma(d1,d2,d3,d4,d5)",5D,open,-1,-2,1,-3,2,,
1.698595e+05,"Ma(d1,d2,d3,d4,d5)",5D,open,-1,-2,1,-3,3,,
1.698595e+05,"Ma(d1,d2,d3,d4,d5)",5D,open,-1,-2,1,3,-3,,
1.698595e+05,"Ma(d1,d2,d3,d4,d5)",5D,open,-1,-2,1,3,-2,,
1.698595e+05,"Ma(d1,d2,d3,d4,d5)",5D,open,-1,-2,1,3,-1,,
1.698595e+05,"Ma(d1,d2,d3,d4)",4D,open,-1,-2,1,3,0,,
1.698595e+05,"Ma(d1,d2,d3,d4,d5)",5D,open,-1,-2,1,3,1,,
1.698595e+05,"Ma(d1,d2,d3,d4,d5)",5D,open,-1,-2,1,3,2,,
1.698595e+05,"Ma(d1,d2,d3,d4,d5)",5D,open,-1,-2,1,3,3,,
1.698595e+05,"Ma(d1,d2,d3,d4,d5)",5D,open,-1,2,-1,-3,-3,,
1.698595e+05,"Ma(d1,d2,d3,d4,d5)",5D,open,-1,2,-1,-3,-2,,
1.698595e+05,"Ma(d1,d2,d3,d4,d5)",5D,open,-1,2,-1,-3,-1,,
1.698595e+05,"Ma(d1,d2,d3,d4)",4D,open,-1,2,-1,-3,0,,
1.698595e+05,"Ma(d1,d2,d3,d4,d5)",5D,open,-1,2,-1,-3,1,,
1.698595e+05,"Ma(d1,d2,d3,d4,d5)",5D,open,-1,2,-1,-3,2,,
1.698595e+05,"Ma(d1,d2,d3,d4,d5)",5D,open,-1,2,-1,-3,3,,
1.698595e+05,"Ma(d1,d2,d3,d4,d5)",5D,open,-1,2,-1,3,-3,,
1.698595e+05,"Ma(d1,d2,d3,d4,d5)",5D,open,-1,2,-1,3,-2,,
1.698595e+05,"Ma(d1,d2,d3,d4,d5)",5D,open,-1,2,-1,3,-1,,
1.698595e+05,"Ma(d1,d2,d3,d4)",4D,open,-1,2,-1,3,0,,
1.698595e+05,"Ma(d1,d2,d3,d4,d5)",5D,open,-1,2,-1,3,1,,
1.698595e+05,"Ma(d1,d2,d3,d4,d5)",5D,open,-1,2,-1,3,2,,
1.698595e+05,"Ma(d1,d2,d3,d4,d5)",5D,open,-1,2,-1,3,3,,
1.698595e+05,"Ma(d1,d2,d3,d4,d5)",5D,open,-1,2,1,-3,-3,,
1.698595e+05,"Ma(d1,d2,d3,d4,d5)",5D,open,-1,2,1,-3,-2,,
1.698595e+05,"Ma(d1,d2,d3,d4,d5)",5D,open,-1,2,1,-3,-1,,
1.698595e+05,"Ma(d1,d2,d3,d4)",4D,open,-1,2,1,-3,0,,
1.698595e+05,"Ma(d1,d2,d3,d4,d5)",5D,open,-1,2,1,-3,1,,
1.698595e+05,"Ma(d1,d2,d3,d4,d5)",5D,open,-1,2,1,-3,2,,
1.698595e+05,"Ma(d1,d2,d3,d4,d5)",5D,open,-1,2,1,-3,3,,
1.698595e+05,"Ma(d1,d2,d3,d4,d5)",5D,open,-1,2,1,3,-3,,
1.698595e+05,"Ma(d1,d2,d3,d4,d5)",5D,open,-1,2,1,3,-2,,
1.698595e+05,"Ma(d1,d2,d3,d4,d5)",5D,open,-1,2,1,3,-1,,
1.698595e+05,"Ma(d1,d2,d3,d4)",4D,open,-1,2,1,3,0,,
1.698595e+05,"Ma(d1,d2,d3,d4,d5)",5D,open,-1,2,1,3,1,,
1.698595e+05,"Ma(d1,d2,d3,d4,d5)",5D,open,-1,2,1,3,2,,
1.698595e+05,"Ma(d1,d2,d3,d4,d5)",5D,open,-1,2,1,3,3,,
1.698595e+05,"Ma(d1,d2,d3,d4,d5)",5D,open,1,-2,-1,-3,-3,,
1.698595e+05,"Ma(d1,d2,d3,d4,d5)",5D,open,1,-2,-1,-3,-2,,
1.698595e+05,"Ma(d1,d2,d3,d4,d5)",5D,open,1,-2,-1,-3,-1,,
1.698595e+05,"Ma(d1,d2,d3,d4)",4D,open,1,-2,-1,-3,0,,
1.698595e+05,"Ma(d1,d2,d3,d4,d5)",5D,open,1,-2,-1,-3,1,,
1.698595e+05,"Ma(d1,d2,d3,d4,d5)",5D,open,1,-2,-1,-3,2,,
1.698595e+05,"Ma(d1,d2,d3,d4,d5)",5D,open,1,-2,-1,-3,3,,
1.698595e+05,"Ma(d1,d2,d3,d4,d5)",5D,open,1,-2,-1,3,-3,,
1.698595e+05,"Ma(d1,d2,d3,d4,d5)",5D,open,1,-2,-1,3,-2,,
1.698595e+05,"Ma(d1,d2,d3,d4,d5)",5D,open,1,-2,-1,3,-1,,
1.698595e+05,"Ma(d1,d2,d3,d4)",4D,open,1,-2,-1,3,0,,
1.698595e+05,"Ma(d1,d2,d3,d4,d5)",5D,open,1,-2,-1,3,1,,
1.698595e+05,"Ma(d1,d2,d3,d4,d5)",5D,open,1,-2,-1,3,2,,
1.698595e+05,"Ma(d1,d2,d3,d4,d5)",5D,open,1,-2,-1,3,3,,
1.698595e+05,"Ma(d1,d2,d3,d4,d5)",5D,open,1,-2,1,-3,-3,,
1.698595e+05,"Ma(d1,d2,d3,d4,d5)",5D,open,1,-2,1,-3,-2,,
1.698595e+05,"Ma(d1,d2,d3,d4,d5)",5D,open,1,-2,1,-3,-1,,
1.698595e+05,"Ma(d1,d2,d3,d4)",4D,open,1,-2,1,-3,0,,
1.698595e+05,"Ma(d1,d2,d3,d4,d5)",5D,open,1,-2,1,-3,1,,
1.698595e+05,"Ma(d1,d2,d3,d4,d5)",5D,open,1,-2,1,-3,2,,
1.698595e+05,"Ma(d1,d2,d3,d4,d5)",5D,open,1,-2,1,-3,3,,
1.698595e+05,"Ma(d1,d2,d3,d4,d5)",5D,open,1,-2,1,3,-3,,
1.698595e+05,"Ma(d1,d2,d3,d4,d5)",5D,open,1,-2,1,3,-2,,
1.698595e+05,"Ma(d1,d2,d3,d4,d5)",5D,open,1,-2,1,3,-1,,
1.698595e+05,"Ma(d1,d2,d3,d4)",4D,open,1,-2,1,3,0,,
1.698595e+05,"Ma(d1,d2,d3,d4,d5)",5D,open,1,-2,1,3,1,,
1.698595e+05,"Ma(d1,d2,d3,d4,d5)",5D,open,1,-2,1,3,2,,
1.698595e+05,"Ma(d1,d2,d3,d4,d5)",5D,open,1,-2,1,3,3,,
1.698595e+05,"Ma(d1,d2,d3,d4,d5)",5D,open,1,2,-1,-3,-3,,
1.698595e+05,"Ma(d1,d2,d3,d4,d5)",5D,open,1,2,-1,-3,-2,,
1.698595e+05,"Ma(d1,d2,d3,d4,d5)",5D,open,1,2,-1,-3,-1,,
1.698595e+05,"Ma(d1,d2,d3,d4)",4D,open,1,2,-1,-3,0,,
1.698595e+05,"Ma(d1,d2,d3,d4,d5)",5D,open,1,2,-1,-3,1,,
1.698595e+05,"Ma(d1,d2,d3,d4,d5)",5D,open,1,2,-1,-3,2,,
1.698595e+05,"Ma(d1,d2,d3,d4,d5)",5D,open,1,2,-1,-3,3,,
1.698595e+05,"Ma(d1,d2,d3,d4,d5)",5D,open,1,2,-1,3,-3,,
1.698595e+05,"Ma(d1,d2,d3,d4,d5)",5D,open,1,2,-1,3,-2,,
1.698595e+05,"Ma(d1,d2,d3,d4,d5)",5D,open,1,2,-1,3,-1,,
1.698595e+05,"Ma(d1,d2,d3,d4)",4D,open,1,2,-1,3,0,,
1.698595e+05,"Ma(d1,d2,d3,d4,d5)",5D,open,1,2,-1,3,1,,
1.698595e+05,"Ma(d1,d2,d3,d4,d5)",5D,open,1,2,-1,3,2,,
1.698595e+05,"Ma(d1,d2,d3,d4,d5)",5D,open,1,2,-1,3,3,,
1.698595e+05,"Ma(d1,d2,d3,d4,d5)",5D,open,1,2,1,-3,-3,,
1.698595e+05,"Ma(d1,d2,d3,d4,d5)",5D,open,1,2,1,-3,-2,,
1.698595e+05,"Ma(d1,d2,d3,d4,d5)",5D,open,1,2,1,-3,-1,,
1.698595e+05,"Ma(d1,d2,d3,d4)",4D,open,1,2,1,-3,0,,
1.698595e+05,"Ma(d1,d2,d3,d4,d5)",5D,open,1,2,1,-3,1,,
1.698595e+05,"Ma(d1,d2,d3,d4,d5)",5D,open,1,2,1,-3,2,,
1.698595e+05,"Ma(d1,d2,d3,d4,d5)",5D,open,1,2,1,-3,3,,
1.698595e+05,"Ma(d1,d2,d3,d4,d5)",5D,open,1,2,1,3,-3,,
1.698595e+05,"Ma(d1,d2,d3,d4,d5)",5D,open,1,2,1,3,-2,,
1.698595e+05,"Ma(d1,d2,d3,d4,d5)",5D,open,1,2,1,3,-1,,
1.698595e+05,"Ma(d1,d2,d3,d4)",4D,open,1,2,1,3,0,,
1.698595e+05,"Ma(d1,d2,d3,d4,d5)",5D,open,1,2,1,3,1,,
1.698595e+05,"Ma(d1,d2,d3,d4,d5)",5D,open,1,2,1,3,2,,
1.698595e+05,"Ma(d1,d2,d3,d4,d5)",5D,open,1,2,1,3,3,,
1.698595e+05,"Ma(d1,d2,d3,d5)",4D,open,-1,-2,-2,0,-3,,
1.698595e+05,"Ma(d1,d2,d3,d5)",4D,open,-1,-2,-2,0,-2,,
1.698595e+05,"Ma(d1,d2,d3,d5)",4D,open,-1,-2,-2,0,-1,,
1.698595e+05,"Ma(d1,d2,d3)",3D,open,-1,-2,-2,0,0,,
1.698595e+05,"Ma(d1,d2,d3,d5)",4D,open,-1,-2,-2,0,1,,
1.698595e+05,"Ma(d1,d2,d3,d5)",4D,open,-1,-2,-2,0,2,,
1.698595e+05,"Ma(d1,d2,d3,d5)",4D,open,-1,-2,-2,0,3,,
1.698595e+05,"Ma(d1,d2,d3,d5)",4D,open,-1,-2,2,0,-3,,
1.698595e+05,"Ma(d1,d2,d3,d5)",4D,open,-1,-2,2,0,-2,,
1.698595e+05,"Ma(d1,d2,d3,d5)",4D,open,-1,-2,2,0,-1,,
1.698595e+05,"Ma(d1,d2,d3)",3D,open,-1,-2,2,0,0,,
1.698595e+05,"Ma(d1,d2,d3,d5)",4D,open,-1,-2,2,0,1,,
1.698595e+05,"Ma(d1,d2,d3,d5)",4D,open,-1,-2,2,0,2,,
1.698595e+05,"Ma(d1,d2,d3,d5)",4D,open,-1,-2,2,0,3,,
1.698595e+05,"Ma(d1,d2,d3,d5)",4D,open,-1,2,-2,0,-3,,
1.698595e+05,"Ma(d1,d2,d3,d5)",4D,open,-1,2,-2,0,-2,,
1.698595e+05,"Ma(d1,d2,d3,d5)",4D,open,-1,2,-2,0,-1,,
1.698595e+05,"Ma(d1,d2,d3)",3D,open,-1,2,-2,0,0,,
1.698595e+05,"Ma(d1,d2,d3,d5)",4D,open,-1,2,-2,0,1,,
1.698595e+05,"Ma(d1,d2,d3,d5)",4D,open,-1,2,-2,0,2,,
1.698595e+05,"Ma(d1,d2,d3,d5)",4D,open,-1,2,-2,0,3,,
1.698595e+05,"Ma(d1,d2,d3,d5)",4D,open,-1,2,2,0,-3,,
1.698595e+05,"Ma(d1,d2,d3,d5)",4D,open,-1,2,2,0,-2,,
1.698595e+05,"Ma(d1,d2,d3,d5)",4D,open,-1,2,2,0,-1,,
1.698595e+05,"Ma(d1,d2,d3)",3D,open,-1,2,2,0,0,,
1.698595e+05,"Ma(d1,d2,d3,d5)",4D,open,-1,2,2,0,1,,
1.698595e+05,"Ma(d1,d2,d3,d5)",4D,open,-1,2,2,0,2,,
1.698595e+05,"Ma(d1,d2,d3,d5)",4D,open,-1,2,2,0,3,,
1.698595e+05,"Ma(d1,d2,d3,d5)",4D,open,1,-2,-2,0,-3,,
1.698595e+05,"Ma(d1,d2,d3,d5)",4D,open,1,-2,-2,0,-2,,
1.698595e+05,"Ma(d1,d2,d3,d5)",4D,open,1,-2,-2,0,-1,,
1.698595e+05,"Ma(d1,d2,d3)",3D,open,1,-2,-2,0,0,,
1.698595e+05,"Ma(d1,d2,d3,d5)",4D,open,1,-2,-2,0,1,,
1.698595e+05,"Ma(d1,d2,d3,d5)",4D,open,1,-2,-2,0,2,,
1.698595e+05,"Ma(d1,d2,d3,d5)",4D,open,1,-2,-2,0,3,,
1.698595e+05,"Ma(d1,d2,d3,d5)",4D,open,1,-2,2,0,-3,,
1.698595e+05,"Ma(d1,d2,d3,d5)",4D,open,1,-2,2,0,-2,,
1.698595e+05,"Ma(d1,d2,d3,d5)",4D,open,1,-2,2,0,-1,,
1.698595e+05,"Ma(d1,d2,d3)",3D,open,1,-2,2,0,0,,
1.698595e+05,"Ma(d1,d2,d3,d5)",4D,open,1,-2,2,0,1,,
1.698595e+05,"Ma(d1,d2,d3,d5)",4D,open,1,-2,2,0,2,,
1.698595e+05,"Ma(d1,d2,d3,d5)",4D,open,1,-2,2,0,3,,
1.698595e+05,"Ma(d1,d2,d3,d5)",4D,open,1,2,-2,0,-3,,
1.698595e+05,"Ma(d1,d2,d3,d5)",4D,open,1,2,-2,0,-2,,
1.698595e+05,"Ma(d1,d2,d3,d5)",4D,open,1,2,-2,0,-1,,
1.698595e+05,"Ma(d1,d2,d3)",3D,open,1,2,-2,0,0,,
1.698595e+05,"Ma(d1,d2,d3,d5)",4D,open,1,2,-2,0,1,,
1.698595e+05,"Ma(d1,d2,d3,d5)",4D,open,1,2,-2,0,2,,
1.698595e+05,"Ma(d1,d2,d3,d5)",4D,open,1,2,-2,0,3,,
1.698595e+05,"Ma(d1,d2,d3,d5)",4D,open,1,2,2,0,-3,,
1.698595e+05,"Ma(d1,d2,d3,d5)",4D,open,1,2,2,0,-2,,
1.698595e+05,"Ma(d1,d2,d3,d5)",4D,open,1,2,2,0,-1,,
1.698595e+05,"Ma(d1,d2,d3)",3D,open,1,2,2,0,0,,
1.698595e+05,"Ma(d1,d2,d3,d5)",4D,open,1,2,2,0,1,,
1.698595e+05,"Ma(d1,d2,d3,d5)",4D,open,1,2,2,0,2,,
1.698595e+05,"Ma(d1,d2,d3,d5)",4D,open,1,2,2,0,3,,
1.698595e+05,"Ma(d1,d2,d3,d4,d5)",5D,open,-1,-2,-2,-1,-3,,
1.698595e+05,"Ma(d1,d2,d3,d4,d5)",5D,open,-1,-2,-2,-1,-2,,
1.698595e+05,"Ma(d1,d2,d3,d4,d5)",5D,open,-1,-2,-2,-1,-1,,
1.698595e+05,"Ma(d1,d2,d3,d4)",4D,open,-1,-2,-2,-1,0,,
1.698595e+05,"Ma(d1,d2,d3,d4,d5)",5D,open,-1,-2,-2,-1,1,,
1.698595e+05,"Ma(d1,d2,d3,d4,d5)",5D,open,-1,-2,-2,-1,2,,
1.698595e+05,"Ma(d1,d2,d3,d4,d5)",5D,open,-1,-2,-2,-1,3,,
1.698595e+05,"Ma(d1,d2,d3,d4,d5)",5D,open,-1,-2,-2,1,-3,,
1.698595e+05,"Ma(d1,d2,d3,d4,d5)",5D,open,-1,-2,-2,1,-2,,
1.698595e+05,"Ma(d1,d2,d3,d4,d5)",5D,open,-1,-2,-2,1,-1,,
1.698595e+05,"Ma(d1,d2,d3,d4)",4D,open,-1,-2,-2,1,0,,
1.698595e+05,"Ma(d1,d2,d3,d4,d5)",5D,open,-1,-2,-2,1,1,,
1.698595e+05,"Ma(d1,d2,d3,d4,d5)",5D,open,-1,-2,-2,1,2,,
1.698595e+05,"Ma(d1,d2,d3,d4,d5)",5D,open,-1,-2,-2,1,3,,
1.698595e+05,"Ma(d1,d2,d3,d4,d5)",5D,open,-1,-2,2,-1,-3,,
1.698595e+05,"Ma(d1,d2,d3,d4,d5)",5D,open,-1,-2,2,-1,-2,,
1.698595e+05,"Ma(d1,d2,d3,d4,d5)",5D,open,-1,-2,2,-1,-1,,
1.698595e+05,"Ma(d1,d2,d3,d4)",4D,open,-1,-2,2,-1,0,,
1.698595e+05,"Ma(d1,d2,d3,d4,d5)",5D,open,-1,-2,2,-1,1,,
1.698595e+05,"Ma(d1,d2,d3,d4,d5)",5D,open,-1,-2,2,-1,2,,
1.698595e+05,"Ma(d1,d2,d3,d4,d5)",5D,open,-1,-2,2,-1,3,,
1.698595e+05,"Ma(d1,d2,d3,d4,d5)",5D,open,-1,-2,2,1,-3,,
1.698595e+05,"Ma(d1,d2,d3,d4,d5)",5D,open,-1,-2,2,1,-2,,
1.698595e+05,"Ma(d1,d2,d3,d4,d5)",5D,open,-1,-2,2,1,-1,,
1.698595e+05,"Ma(d1,d2,d3,d4)",4D,open,-1,-2,2,1,0,,
1.698595e+05,"Ma(d1,d2,d3,d4,d5)",5D,open,-1,-2,2,1,1,,
1.698595e+05,"Ma(d1,d2,d3,d4,d5)",5D,open,-1,-2,2,1,2,,
1.698595e+05,"Ma(d1,d2,d3,d4,d5)",5D,open,-1,-2,2,1,3,,
1.698595e+05,"Ma(d1,d2,d3,d4,d5)",5D,open,-1,2,-2,-1,-3,,
1.698595e+05,"Ma(d1,d2,d3,d4,d5)",5D,open,-1,2,-2,-1,-2,,
1.698595e+05,"Ma(d1,d2,d3,d4,d5)",5D,open,-1,2,-2,-1,-1,,
1.698595e+05,"Ma(d1,d2,d3,d4)",4D,open,-1,2,-2,-1,0,,
1.698595e+05,"Ma(d1,d2,d3,d4,d5)",5D,open,-1,2,-2,-1,1,,
1.698595e+05,"Ma(d1,d2,d3,d4,d5)",5D,open,-1,2,-2,-1,2,,
1.698595e+05,"Ma(d1,d2,d3,d4,d5)",5D,open,-1,2,-2,-1,3,,
1.698595e+05,"Ma(d1,d2,d3,d4,d5)",5D,open,-1,2,-2,1,-3,,
1.698595e+05,"Ma(d1,d2,d3,d4,d5)",5D,open,-1,2,-2,1,-2,,
1.698595e+05,"Ma(d1,d2,d3,d4,d5)",5D,open,-1,2,-2,1,-1,,
1.698595e+05,"Ma(d1,d2,d3,d4)",4D,open,-1,2,-2,1,0,,
1.698595e+05,"Ma(d1,d2,d3,d4,d5)",5D,open,-1,2,-2,1,1,,
1.698595e+05,"Ma(d1,d2,d3,d4,d5)",5D,open,-1,2,-2,1,2,,
1.698595e+05,"Ma(d1,d2,d3,d4,d5)",5D,open,-1,2,-2,1,3,,
1.698595e+05,"Ma(d1,d2,d3,d4,d5)",5D,open,-1,2,2,-1,-3,,
1.698595e+05,"Ma(d1,d2,d3,d4,d5)",5D,open,-1,2,2,-1,-2,,
1.698595e+05,"Ma(d1,d2,d3,d4,d5)",5D,open,-1,2,2,-1,-1,,
1.698595e+05,"Ma(d1,d2,d3,d4)",4D,open,-1,2,2,-1,0,,
1.698595e+05,"Ma(d1,d2,d3,d4,d5)",5D,open,-1,2,2,-1,1,,
1.698595e+05,"Ma(d1,d2,d3,d4,d5)",5D,open,-1,2,2,-1,2,,
1.698595e+05,"Ma(d1,d2,d3,d4,d5)",5D,open,-1,2,2,-1,3,,
1.698595e+05,"Ma(d1,d2,d3,d4,d5)",5D,open,-1,2,2,1,-3,,
1.698595e+05,"Ma(d1,d2,d3,d4,d5)",5D,open,-1,2,2,1,-2,,
1.698595e+05,"Ma(d1,d2,d3,d4,d5)",5D,open,-1,2,2,1,-1,,
1.698595e+05,"Ma(d1,d2,d3,d4)",4D,open,-1,2,2,1,0,,
1.698595e+05,"Ma(d1,d2,d3,d4,d5)",5D,open,-1,2,2,1,1,,
1.698595e+05,"Ma(d1,d2,d3,d4,d5)",5D,open,-1,2,2,1,2,,
1.698595e+05,"Ma(d1,d2,d3,d4,d5)",5D,open,-1,2,2,1,3,,
1.698595e+05,"Ma(d1,d2,d3,d4,d5)",5D,open,1,-2,-2,-1,-3,,
1.698595e+05,"Ma(d1,d2,d3,d4,d5)",5D,open,1,-2,-2,-1,-2,,
1.698595e+05,"Ma(d1,d2,d3,d4,d5)",5D,open,1,-2,-2,-1,-1,,
1.698595e+05,"Ma(d1,d2,d3,d4)",4D,open,1,-2,-2,-1,0,,
1.698595e+05,"Ma(d1,d2,d3,d4,d5)",5D,open,1,-2,-2,-1,1,,
1.698595e+05,"Ma(d1,d2,d3,d4,d5)",5D,open,1,-2,-2,-1,2,,
1.698595e+05,"Ma(d1,d2,d3,d4,d5)",5D,open,1,-2,-2,-1,3,,
1.698595e+05,"Ma(d1,d2,d3,d4,d5)",5D,open,1,-2,-2,1,-3,,
1.698595e+05,"Ma(d1,d2,d3,d4,d5)",5D,open,1,-2,-2,1,-2,,
1.698595e+05,"Ma(d1,d2,d3,d4,d5)",5D,open,1,-2,-2,1,-1,,
1.698595e+05,"Ma(d1,d2,d3,d4)",4D,open,1,-2,-2,1,0,,
1.698595e+05,"Ma(d1,d2,d3,d4,d5)",5D,open,1,-2,-2,1,1,,
1.698595e+05,"Ma(d1,d2,d3,d4,d5)",5D,open,1,-2,-2,1,2,,
1.698595e+05,"Ma(d1,d2,d3,d4,d5)",5D,open,1,-2,-2,1,3,,
1.698595e+05,"Ma(d1,d2,d3,d4,d5)",5D,open,1,-2,2,-1,-3,,
1.698595e+05,"Ma(d1,d2,d3,d4,d5)",5D,open,1,-2,2,-1,-2,,
1.698595e+05,"Ma(d1,d2,d3,d4,d5)",5D,open,1,-2,2,-1,-1,,
1.698595e+05,"Ma(d1,d2,d3,d4)",4D,open,1,-2,2,-1,0,,
1.698595e+05,"Ma(d1,d2,d3,d4,d5)",5D,open,1,-2,2,-1,1,,
1.698595e+05,"Ma(d1,d2,d3,d4,d5)",5D,open,1,-2,2,-1,2,,
1.698595e+05,"Ma(d1,d2,d3,d4,d5)",5D,open,1,-2,2,-1,3,,
1.698595e+05,"Ma(d1,d2,d3,d4,d5)",5D,open,1,-2,2,1,-3,,
1.698595e+05,"Ma(d1,d2,d3,d4,d5)",5D,open,1,-2,2,1,-2,,
1.698595e+05,"Ma(d1,d2,d3,d4,d5)",5D,open,1,-2,2,1,-1,,
1.698595e+05,"Ma(d1,d2,d3,d4)",4D,open,1,-2,2,1,0,,
1.698595e+05,"Ma(d1,d2,d3,d4,d5)",5D,open,1,-2,2,1,1,,
1.698595e+05,"Ma(d1,d2,d3,d4,d5)",5D,open,1,-2,2,1,2,,
1.698595e+05,"Ma(d1,d2,d3,d4,d5)",5D,open,1,-2,2,1,3,,
1.698595e+05,"Ma(d1,d2,d3,d4,d5)",5D,open,1,2,-2,-1,-3,,
1.698595e+05,"Ma(d1,d2,d3,d4,d5)",5D,open,1,2,-2,-1,-2,,
1.698595e+05,"Ma(d1,d2,d3,d4,d5)",5D,open,1,2,-2,-1,-1,,
1.698595e+05,"Ma(d1,d2,d3,d4)",4D,open,1,2,-2,-1,0,,
1.698595e+05,"Ma(d1,d2,d3,d4,d5)",5D,open,1,2,-2,-1,1,,
1.698595e+05,"Ma(d1,d2,d3,d4,d5)",5D,open,1,2,-2,-1,2,,
1.698595e+05,"Ma(d1,d2,d3,d4,d5)",5D,open,1,2,-2,-1,3,,
1.698595e+05,"Ma(d1,d2,d3,d4,d5)",5D,open,1,2,-2,1,-3,,
1.698595e+05,"Ma(d1,d2,d3,d4,d5)",5D,open,1,2,-2,1,-2,,
1.698595e+05,"Ma(d1,d2,d3,d4,d5)",5D,open,1,2,-2,1,-1,,
1.698595e+05,"Ma(d1,d2,d3,d4)",4D,open,1,2,-2,1,0,,
1.698595e+05,"Ma(d1,d2,d3,d4,d5)",5D,open,1,2,-2,1,1,,
1.698595e+05,"Ma(d1,d2,d3,d4,d5)",5D,open,1,2,-2,1,2,,
1.698595e+05,"Ma(d1,d2,d3,d4,d5)",5D,open,1,2,-2,1,3,,
1.698595e+05,"Ma(d1,d2,d3,d4,d5)",5D,open,1,2,2,-1,-3,,
1.698595e+05,"Ma(d1,d2,d3,d4,d5)",5D,open,1,2,2,-1,-2,,
1.698595e+05,"Ma(d1,d2,d3,d4,d5)",5D,open,1,2,2,-1,-1,,
1.698595e+05,"Ma(d1,d2,d3,d4)",4D,open,1,2,2,-1,0,,
1.698595e+05,"Ma(d1,d2,d3,d4,d5)",5D,open,1,2,2,-1,1,,
1.698595e+05,"Ma(d1,d2,d3,d4,d5)",5D,open,1,2,2,-1,2,,
1.698595e+05,"Ma(d1,d2,d3,d4,d5)",5D,open,1,2,2,-1,3,,
1.698595e+05,"Ma(d1,d2,d3,d4,d5)",5D,open,1,2,2,1,-3,,
1.698595e+05,"Ma(d1,d2,d3,d4,d5)",5D,open,1,2,2,1,-2,,
1.698595e+05,"Ma(d1,d2,d3,d4,d5)",5D,open,1,2,2,1,-1,,
1.698595e+05,"Ma(d1,d2,d3,d4)",4D,open,1,2,2,1,0,,
1.698595e+05,"Ma(d1,d2,d3,d4,d5)",5D,open,1,2,2,1,1,,
1.698595e+05,"Ma(d1,d2,d3,d4,d5)",5D,open,1,2,2,1,2,,
1.698595e+05,"Ma(d1,d2,d3,d4,d5)",5D,open,1,2,2,1,3,,
1.698595e+05,"Ma(d1,d2,d3,d4,d5)",5D,open,-1,-2,-2,-2,-3,,
1.698595e+05,"Ma(d1,d2,d3,d4,d5)",5D,open,-1,-2,-2,-2,-2,,
1.698595e+05,"Ma(d1,d2,d3,d4,d5)",5D,open,-1,-2,-2,-2,-1,,
1.698595e+05,"Ma(d1,d2,d3,d4)",4D,open,-1,-2,-2,-2,0,,
1.698595e+05,"Ma(d1,d2,d3,d4,d5)",5D,open,-1,-2,-2,-2,1,,
1.698595e+05,"Ma(d1,d2,d3,d4,d5)",5D,open,-1,-2,-2,-2,2,,
1.698595e+05,"Ma(d1,d2,d3,d4,d5)",5D,open,-1,-2,-2,-2,3,,
1.698595e+05,"Ma(d1,d2,d3,d4,d5)",5D,open,-1,-2,-2,2,-3,,
1.698595e+05,"Ma(d1,d2,d3,d4,d5)",5D,open,-1,-2,-2,2,-2,,
1.698595e+05,"Ma(d1,d2,d3,d4,d5)",5D,open,-1,-2,-2,2,-1,,
1.698595e+05,"Ma(d1,d2,d3,d4)",4D,open,-1,-2,-2,2,0,,
1.698595e+05,"Ma(d1,d2,d3,d4,d5)",5D,open,-1,-2,-2,2,1,,
1.698595e+05,"Ma(d1,d2,d3,d4,d5)",5D,open,-1,-2,-2,2,2,,
1.698595e+05,"Ma(d1,d2,d3,d4,d5)",5D,open,-1,-2,-2,2,3,,
1.698595e+05,"Ma(d1,d2,d3,d4,d5)",5D,open,-1,-2,2,-2,-3,,
1.698595e+05,"Ma(d1,d2,d3,d4,d5)",5D,open,-1,-2,2,-2,-2,,
1.698595e+05,"Ma(d1,d2,d3,d4,d5)",5D,open,-1,-2,2,-2,-1,,
1.698595e+05,"Ma(d1,d2,d3,d4)",4D,open,-1,-2,2,-2,0,,
1.698595e+05,"Ma(d1,d2,d3,d4,d5)",5D,open,-1,-2,2,-2,1,,
1.698595e+05,"Ma(d1,d2,d3,d4,d5)",5D,open,-1,-2,2,-2,2,,
1.698595e+05,"Ma(d1,d2,d3,d4,d5)",5D,open,-1,-2,2,-2,3,,
1.698595e+05,"Ma(d1,d2,d3,d4,d5)",5D,open,-1,-2,2,2,-3,,
1.698595e+05,"Ma(d1,d2,d3,d4,d5)",5D,open,-1,-2,2,2,-2,,
1.698595e+05,"Ma(d1,d2,d3,d4,d5)",5D,open,-1,-2,2,2,-1,,
1.698595e+05,"Ma(d1,d2,d3,d4)",4D,open,-1,-2,2,2,0,,
1.698595e+05,"Ma(d1,d2,d3,d4,d5)",5D,open,-1,-2,2,2,1,,
1.698595e+05,"Ma(d1,d2,d3,d4,d5)",5D,open,-1,-2,2,2,2,,
1.698595e+05,"Ma(d1,d2,d3,d4,d5)",5D,open,-1,-2,2,2,3,,
1.698595e+05,"Ma(d1,d2,d3,d4,d5)",5D,open,-1,2,-2,-2,-3,,
1.698595e+05,"Ma(d1,d2,d3,d4,d5)",5D,open,-1,2,-2,-2,-2,,
1.698595e+05,"Ma(d1,d2,d3,d4,d5)",5D,open,-1,2,-2,-2,-1,,
1.698595e+05,"Ma(d1,d2,d3,d4)",4D,open,-1,2,-2,-2,0,,
1.698595e+05,"Ma(d1,d2,d3,d4,d5)",5D,open,-1,2,-2,-2,1,,
1.698595e+05,"Ma(d1,d2,d3,d4,d5)",5D,open,-1,2,-2,-2,2,,
1.698595e+05,"Ma(d1,d2,d3,d4,d5)",5D,open,-1,2,-2,-2,3,,
1.698595e+05,"Ma(d1,d2,d3,d4,d5)",5D,open,-1,2,-2,2,-3,,
1.698595e+05,"Ma(d1,d2,d3,d4,d5)",5D,open,-1,2,-2,2,-2,,
1.698595e+05,"Ma(d1,d2,d3,d4,d5)",5D,open,-1,2,-2,2,-1,,
1.698595e+05,"Ma(d1,d2,d3,d4)",4D,open,-1,2,-2,2,0,,
1.698595e+05,"Ma(d1,d2,d3,d4,d5)",5D,open,-1,2,-2,2,1,,
1.698595e+05,"Ma(d1,d2,d3,d4,d5)",5D,open,-1,2,-2,2,2,,
1.698595e+05,"Ma(d1,d2,d3,d4,d5)",5D,open,-1,2,-2,2,3,,
1.698595e+05,"Ma(d1,d2,d3,d4,d5)",5D,open,-1,2,2,-2,-3,,
1.698595e+05,"Ma(d1,d2,d3,d4,d5)",5D,open,-1,2,2,-2,-2,,
1.698595e+05,"Ma(d1,d2,d3,d4,d5)",5D,open,-1,2,2,-2,-1,,
1.698595e+05,"Ma(d1,d2,d3,d4)",4D,open,-1,2,2,-2,0,,
1.698595e+05,"Ma(d1,d2,d3,d4,d5)",5D,open,-1,2,2,-2,1,,
1.698595e+05,"Ma(d1,d2,d3,d4,d5)",5D,open,-1,2,2,-2,2,,
1.698595e+05,"Ma(d1,d2,d3,d4,d5)",5D,open,-1,2,2,-2,3,,
1.698595e+05,"Ma(d1,d2,d3,d4,d5)",5D,open,-1,2,2,2,-3,,
1.698595e+05,"Ma(d1,d2,d3,d4,d5)",5D,open,-1,2,2,2,-2,,
1.698595e+05,"Ma(d1,d2,d3,d4,d5)",5D,open,-1,2,2,2,-1,,
1.698595e+05,"Ma(d1,d2,d3,d4)",4D,open,-1,2,2,2,0,,
1.698595e+05,"Ma(d1,d2,d3,d4,d5)",5D,open,-1,2,2,2,1,,
1.698595e+05,"Ma(d1,d2,d3,d4,d5)",5D,open,-1,2,2,2,2,,
1.698595e+05,"Ma(d1,d2,d3,d4,d5)",5D,open,-1,2,2,2,3,,
1.698595e+05,"Ma(d1,d2,d3,d4,d5)",5D,open,1,-2,-2,-2,-3,,
1.698595e+05,"Ma(d1,d2,d3,d4,d5)",5D,open,1,-2,-2,-2,-2,,
1.698595e+05,"Ma(d1,d2,d3,d4,d5)",5D,open,1,-2,-2,-2,-1,,
1.698595e+05,"Ma(d1,d2,d3,d4)",4D,open,1,-2,-2,-2,0,,
1.698595e+05,"Ma(d1,d2,d3,d4,d5)",5D,open,1,-2,-2,-2,1,,
1.698595e+05,"Ma(d1,d2,d3,d4,d5)",5D,open,1,-2,-2,-2,2,,
1.698595e+05,"Ma(d1,d2,d3,d4,d5)",5D,open,1,-2,-2,-2,3,,
1.698595e+05,"Ma(d1,d2,d3,d4,d5)",5D,open,1,-2,-2,2,-3,,
1.698595e+05,"Ma(d1,d2,d3,d4,d5)",5D,open,1,-2,-2,2,-2,,
1.698595e+05,"Ma(d1,d2,d3,d4,d5)",5D,open,1,-2,-2,2,-1,,
1.698595e+05,"Ma(d1,d2,d3,d4)",4D,open,1,-2,-2,2,0,,
1.698595e+05,"Ma(d1,d2,d3,d4,d5)",5D,open,1,-2,-2,2,1,,
1.698595e+05,"Ma(d1,d2,d3,d4,d5)",5D,open,1,-2,-2,2,2,,
1.698595e+05,"Ma(d1,d2,d3,d4,d5)",5D,open,1,-2,-2,2,3,,
1.698595e+05,"Ma(d1,d2,d3,d4,d5)",5D,open,1,-2,2,-2,-3,,
1.698595e+05,"Ma(d1,d2,d3,d4,d5)",5D,open,1,-2,2,-2,-2,,
1.698595e+05,"Ma(d1,d2,d3,d4,d5)",5D,open,1,-2,2,-2,-1,,
1.698595e+05,"Ma(d1,d2,d3,d4)",4D,open,1,-2,2,-2,0,,
1.698595e+05,"Ma(d1,d2,d3,d4,d5)",5D,open,1,-2,2,-2,1,,
1.698595e+05,"Ma(d1,d2,d3,d4,d5)",5D,open,1,-2,2,-2,2,,
1.698595e+05,"Ma(d1,d2,d3,d4,d5)",5D,open,1,-2,2,-2,3,,
1.698595e+05,"Ma(d1,d2,d3,d4,d5)",5D,open,1,-2,2,2,-3,,
1.698595e+05,"Ma(d1,d2,d3,d4,d5)",5D,open,1,-2,2,2,-2,,
1.698595e+05,"Ma(d1,d2,d3,d4,d5)",5D,open,1,-2,2,2,-1,,
1.698595e+05,"Ma(d1,d2,d3,d4)",4D,open,1,-2,2,2,0,,
1.698595e+05,"Ma(d1,d2,d3,d4,d5)",5D,open,1,-2,2,2,1,,
1.698595e+05,"Ma(d1,d2,d3,d4,d5)",5D,open,1,-2,2,2,2,,
1.698595e+05,"Ma(d1,d2,d3,d4,d5)",5D,open,1,-2,2,2,3,,
1.698595e+05,"Ma(d1,d2,d3,d4,d5)",5D,open,1,2,-2,-2,-3,,
1.698595e+05,"Ma(d1,d2,d3,d4,d5)",5D,open,1,2,-2,-2,-2,,
1.698595e+05,"Ma(d1,d2,d3,d4,d5)",5D,open,1,2,-2,-2,-1,,
1.698595e+05,"Ma(d1,d2,d3,d4)",4D,open,1,2,-2,-2,0,,
1.698595e+05,"Ma(d1,d2,d3,d4,d5)",5D,open,1,2,-2,-2,1,,
1.698595e+05,"Ma(d1,d2,d3,d4,d5)",5D,open,1,2,-2,-2,2,,
1.698595e+05,"Ma(d1,d2,d3,d4,d5)",5D,open,1,2,-2,-2,3,,
1.698595e+05,"Ma(d1,d2,d3,d4,d5)",5D,open,1,2,-2,2,-3,,
1.698595e+05,"Ma(d1,d2,d3,d4,d5)",5D,open,1,2,-2,2,-2,,
1.698595e+05,"Ma(d1,d2,d3,d4,d5)",5D,open,1,2,-2,2,-1,,
1.698595e+05,"Ma(d1,d2,d3,d4)",4D,open,1,2,-2,2,0,,
1.698595e+05,"Ma(d1,d2,d3,d4,d5)",5D,open,1,2,-2,2,1,,
1.698595e+05,"Ma(d1,d2,d3,d4,d5)",5D,open,1,2,-2,2,2,,
1.698595e+05,"Ma(d1,d2,d3,d4,d5)",5D,open,1,2,-2,2,3,,
1.698595e+05,"Ma(d1,d2,d3,d4,d5)",5D,open,1,2,2,-2,-3,,
1.698595e+05,"Ma(d1,d2,d3,d4,d5)",5D,open,1,2,2,-2,-2,,
1.698595e+05,"Ma(d1,d2,d3,d4,d5)",5D,open,1,2,2,-2,-1,,
1.698595e+05,"Ma(d1,d2,d3,d4)",4D,open,1,2,2,-2,0,,
1.698595e+05,"Ma(d1,d2,d3,d4,d5)",5D,open,1,2,2,-2,1,,
1.698595e+05,"Ma(d1,d2,d3,d4,d5)",5D,open,1,2,2,-2,2,,
1.698595e+05,"Ma(d1,d2,d3,d4,d5)",5D,open,1,2,2,-2,3,,
1.698595e+05,"Ma(d1,d2,d3,d4,d5)",5D,open,1,2,2,2,-3,,
1.698595e+05,"Ma(d1,d2,d3,d4,d5)",5D,open,1,2,2,2,-2,,
1.698595e+05,"Ma(d1,d2,d3,d4,d5)",5D,open,1,2,2,2,-1,,
1.698595e+05,"Ma(d1,d2,d3,d4)",4D,open,1,2,2,2,0,,
1.698595e+05,"Ma(d1,d2,d3,d4,d5)",5D,open,1,2,2,2,1,,
1.698595e+05,"Ma(d1,d2,d3,d4,d5)",5D,open,1,2,2,2,2,,
1.698595e+05,"Ma(d1,d2,d3,d4,d5)",5D,open,1,2,2,2,3,,
1.698595e+05,"Ma(d1,d2,d3,d4,d5)",5D,open,-1,-2,-2,-3,-3,,
1.698595e+05,"Ma(d1,d2,d3,d4,d5)",5D,open,-1,-2,-2,-3,-2,,
1.698595e+05,"Ma(d1,d2,d3,d4,d5)",5D,open,-1,-2,-2,-3,-1,,
1.698595e+05,"Ma(d1,d2,d3,d4)",4D,open,-1,-2,-2,-3,0,,
1.698595e+05,"Ma(d1,d2,d3,d4,d5)",5D,open,-1,-2,-2,-3,1,,
1.698595e+05,"Ma(d1,d2,d3,d4,d5)",5D,open,-1,-2,-2,-3,2,,
1.698595e+05,"Ma(d1,d2,d3,d4,d5)",5D,open,-1,-2,-2,-3,3,,
1.698595e+05,"Ma(d1,d2,d3,d4,d5)",5D,open,-1,-2,-2,3,-3,,
1.698595e+05,"Ma(d1,d2,d3,d4,d5)",5D,open,-1,-2,-2,3,-2,,
1.698595e+05,"Ma(d1,d2,d3,d4,d5)",5D,open,-1,-2,-2,3,-1,,
1.698595e+05,"Ma(d1,d2,d3,d4)",4D,open,-1,-2,-2,3,0,,
1.698595e+05,"Ma(d1,d2,d3,d4,d5)",5D,open,-1,-2,-2,3,1,,
1.698595e+05,"Ma(d1,d2,d3,d4,d5)",5D,open,-1,-2,-2,3,2,,
1.698595e+05,"Ma(d1,d2,d3,d4,d5)",5D,open,-1,-2,-2,3,3,,
1.698595e+05,"Ma(d1,d2,d3,d4,d5)",5D,open,-1,-2,2,-3,-3,,
1.698595e+05,"Ma(d1,d2,d3,d4,d5)",5D,open,-1,-2,2,-3,-2,,
1.698595e+05,"Ma(d1,d2,d3,d4,d5)",5D,open,-1,-2,2,-3,-1,,
1.698595e+05,"Ma(d1,d2,d3,d4)",4D,open,-1,-2,2,-3,0,,
1.698595e+05,"Ma(d1,d2,d3,d4,d5)",5D,open,-1,-2,2,-3,1,,
1.698595e+05,"Ma(d1,d2,d3,d4,d5)",5D,open,-1,-2,2,-3,2,,
1.698595e+05,"Ma(d1,d2,d3,d4,d5)",5D,open,-1,-2,2,-3,3,,
1.698595e+05,"Ma(d1,d2,d3,d4,d5)",5D,open,-1,-2,2,3,-3,,
1.698595e+05,"Ma(d1,d2,d3,d4,d5)",5D,open,-1,-2,2,3,-2,,
1.698595e+05,"Ma(d1,d2,d3,d4,d5)",5D,open,-1,-2,2,3,-1,,
1.698595e+05,"Ma(d1,d2,d3,d4)",4D,open,-1,-2,2,3,0,,
1.698595e+05,"Ma(d1,d2,d3,d4,d5)",5D,open,-1,-2,2,3,1,,
1.698595e+05,"Ma(d1,d2,d3,d4,d5)",5D,open,-1,-2,2,3,2,,
1.698595e+05,"Ma(d1,d2,d3,d4,d5)",5D,open,-1,-2,2,3,3,,
1.698595e+05,"Ma(d1,d2,d3,d4,d5)",5D,open,-1,2,-2,-3,-3,,
1.698595e+05,"Ma(d1,d2,d3,d4,d5)",5D,open,-1,2,-2,-3,-2,,
1.698595e+05,"Ma(d1,d2,d3,d4,d5)",5D,open,-1,2,-2,-3,-1,,
1.698595e+05,"Ma(d1,d2,d3,d4)",4D,open,-1,2,-2,-3,0,,
1.698595e+05,"Ma(d1,d2,d3,d4,d5)",5D,open,-1,2,-2,-3,1,,
1.698595e+05,"Ma(d1,d2,d3,d4,d5)",5D,open,-1,2,-2,-3,2,,
1.698595e+05,"Ma(d1,d2,d3,d4,d5)",5D,open,-1,2,-2,-3,3,,
1.698595e+05,"Ma(d1,d2,d3,d4,d5)",5D,open,-1,2,-2,3,-3,,
1.698595e+05,"Ma(d1,d2,d3,d4,d5)",5D,open,-1,2,-2,3,-2,,
1.698595e+05,"Ma(d1,d2,d3,d4,d5)",5D,open,-1,2,-2,3,-1,,
1.698595e+05,"Ma(d1,d2,d3,d4)",4D,open,-1,2,-2,3,0,,
1.698595e+05,"Ma(d1,d2,d3,d4,d5)",5D,open,-1,2,-2,3,1,,
1.698595e+05,"Ma(d1,d2,d3,d4,d5)",5D,open,-1,2,-2,3,2,,
1.698595e+05,"Ma(d1,d2,d3,d4,d5)",5D,open,-1,2,-2,3,3,,
1.698595e+05,"Ma(d1,d2,d3,d4,d5)",5D,open,-1,2,2,-3,-3,,
1.698595e+05,"Ma(d1,d2,d3,d4,d5)",5D,open,-1,2,2,-3,-2,,
1.698595e+05,"Ma(d1,d2,d3,d4,d5)",5D,open,-1,2,2,-3,-1,,
1.698595e+05,"Ma(d1,d2,d3,d4)",4D,open,-1,2,2,-3,0,,
1.698595e+05,"Ma(d1,d2,d3,d4,d5)",5D,open,-1,2,2,-3,1,,
1.698595e+05,"Ma(d1,d2,d3,d4,d5)",5D,open,-1,2,2,-3,2,,
1.698595e+05,"Ma(d1,d2,d3,d4,d5)",5D,open,-1,2,2,-3,3,,
1.698595e+05,"Ma(d1,d2,d3,d4,d5)",5D,open,-1,2,2,3,-3,,
1.698595e+05,"Ma(d1,d2,d3,d4,d5)",5D,open,-1,2,2,3,-2,,
1.698595e+05,"Ma(d1,d2,d3,d4,d5)",5D,open,-1,2,2,3,-1,,
1.698595e+05,"Ma(d1,d2,d3,d4)",4D,open,-1,2,2,3,0,,
1.698595e+05,"Ma(d1,d2,d3,d4,d5)",5D,open,-1,2,2,3,1,,
1.698595e+05,"Ma(d1,d2,d3,d4,d5)",5D,open,-1,2,2,3,2,,
1.698595e+05,"Ma(d1,d2,d3,d4,d5)",5D,open,-1,2,2,3,3,,
1.698595e+05,"Ma(d1,d2,d3,d4,d5)",5D,open,1,-2,-2,-3,-3,,
1.698595e+05,"Ma(d1,d2,d3,d4,d5)",5D,open,1,-2,-2,-3,-2,,
1.698595e+05,"Ma(d1,d2,d3,d4,d5)",5D,open,1,-2,-2,-3,-1,,
1.698595e+05,"Ma(d1,d2,d3,d4)",4D,open,1,-2,-2,-3,0,,
1.698595e+05,"Ma(d1,d2,d3,d4,d5)",5D,open,1,-2,-2,-3,1,,
1.698595e+05,"Ma(d1,d2,d3,d4,d5)",5D,open,1,-2,-2,-3,2,,
1.698595e+05,"Ma(d1,d2,d3,d4,d5)",5D,open,1,-2,-2,-3,3,,
1.698595e+05,"Ma(d1,d2,d3,d4,d5)",5D,open,1,-2,-2,3,-3,,
1.698595e+05,"Ma(d1,d2,d3,d4,d5)",5D,open,1,-2,-2,3,-2,,
1.698595e+05,"Ma(d1,d2,d3,d4,d5)",5D,open,1,-2,-2,3,-1,,
1.698595e+05,"Ma(d1,d2,d3,d4)",4D,open,1,-2,-2,3,0,,
1.698595e+05,"Ma(d1,d2,d3,d4,d5)",5D,open,1,-2,-2,3,1,,
1.698595e+05,"Ma(d1,d2,d3,d4,d5)",5D,open,1,-2,-2,3,2,,
1.698595e+05,"Ma(d1,d2,d3,d4,d5)",5D,open,1,-2,-2,3,3,,
1.698595e+05,"Ma(d1,d2,d3,d4,d5)",5D,open,1,-2,2,-3,-3,,
1.698595e+05,"Ma(d1,d2,d3,d4,d5)",5D,open,1,-2,2,-3,-2,,
1.698595e+05,"Ma(d1,d2,d3,d4,d5)",5D,open,1,-2,2,-3,-1,,
1.698595e+05,"Ma(d1,d2,d3,d4)",4D,open,1,-2,2,-3,0,,
1.698595e+05,"Ma(d1,d2,d3,d4,d5)",5D,open,1,-2,2,-3,1,,
1.698595e+05,"Ma(d1,d2,d3,d4,d5)",5D,open,1,-2,2,-3,2,,
1.698595e+05,"Ma(d1,d2,d3,d4,d5)",5D,open,1,-2,2,-3,3,,
1.698595e+05,"Ma(d1,d2,d3,d4,d5)",5D,open,1,-2,2,3,-3,,
1.698595e+05,"Ma(d1,d2,d3,d4,d5)",5D,open,1,-2,2,3,-2,,
1.698595e+05,"Ma(d1,d2,d3,d4,d5)",5D,open,1,-2,2,3,-1,,
1.698595e+05,"Ma(d1,d2,d3,d4)",4D,open,1,-2,2,3,0,,
1.698595e+05,"Ma(d1,d2,d3,d4,d5)",5D,open,1,-2,2,3,1,,
1.698595e+05,"Ma(d1,d2,d3,d4,d5)",5D,open,1,-2,2,3,2,,
1.698595e+05,"Ma(d1,d2,d3,d4,d5)",5D,open,1,-2,2,3,3,,
1.698595e+05,"Ma(d1,d2,d3,d4,d5)",5D,open,1,2,-2,-3,-3,,
1.698595e+05,"Ma(d1,d2,d3,d4,d5)",5D,open,1,2,-2,-3,-2,,
1.698595e+05,"Ma(d1,d2,d3,d4,d5)",5D,open,1,2,-2,-3,-1,,
1.698595e+05,"Ma(d1,d2,d3,d4)",4D,open,1,2,-2,-3,0,,
1.698595e+05,"Ma(d1,d2,d3,d4,d5)",5D,open,1,2,-2,-3,1,,
1.698595e+05,"Ma(d1,d2,d3,d4,d5)",5D,open,1,2,-2,-3,2,,
1.698595e+05,"Ma(d1,d2,d3,d4,d5)",5D,open,1,2,-2,-3,3,,
1.698595e+05,"Ma(d1,d2,d3,d4,d5)",5D,open,1,2,-2,3,-3,,
1.698595e+05,"Ma(d1,d2,d3,d4,d5)",5D,open,1,2,-2,3,-2,,
1.698595e+05,"Ma(d1,d2,d3,d4,d5)",5D,open,1,2,-2,3,-1,,
1.698595e+05,"Ma(d1,d2,d3,d4)",4D,open,1,2,-2,3,0,,
1.698595e+05,"Ma(d1,d2,d3,d4,d5)",5D,open,1,2,-2,3,1,,
1.698595e+05,"Ma(d1,d2,d3,d4,d5)",5D,open,1,2,-2,3,2,,
1.698595e+05,"Ma(d1,d2,d3,d4,d5)",5D,open,1,2,-2,3,3,,
1.698595e+05,"Ma(d1,d2,d3,d4,d5)",5D,open,1,2,2,-3,-3,,
1.698595e+05,"Ma(d1,d2,d3,d4,d5)",5D,open,1,2,2,-3,-2,,
1.698595e+05,"Ma(d1,d2,d3,d4,d5)",5D,open,1,2,2,-3,-1,,
1.698595e+05,"Ma(d1,d2,d3,d4)",4D,open,1,2,2,-3,0,,
1.698595e+05,"Ma(d1,d2,d3,d4,d5)",5D,open,1,2,2,-3,1,,
1.698595e+05,"Ma(d1,d2,d3,d4,d5)",5D,open,1,2,2,-3,2,,
1.698595e+05,"Ma(d1,d2,d3,d4,d5)",5D,open,1,2,2,-3,3,,
1.698595e+05,"Ma(d1,d2,d3,d4,d5)",5D,open,1,2,2,3,-3,,
1.698595e+05,"Ma(d1,d2,d3,d4,d5)",5D,open,1,2,2,3,-2,,
1.698595e+05,"Ma(d1,d2,d3,d4,d5)",5D,open,1,2,2,3,-1,,
1.698595e+05,"Ma(d1,d2,d3,d4)",4D,open,1,2,2,3,0,,
1.698595e+05,"Ma(d1,d2,d3,d4,d5)",5D,open,1,2,2,3,1,,
1.698595e+05,"Ma(d1,d2,d3,d4,d5)",5D,open,1,2,2,3,2,,
1.698595e+05,"Ma(d1,d2,d3,d4,d5)",5D,open,1,2,2,3,3,,
1.698595e+05,"Ma(d1,d2,d3,d5)",4D,open,-1,-2,-3,0,-3,,
1.698595e+05,"Ma(d1,d2,d3,d5)",4D,open,-1,-2,-3,0,-2,,
1.698595e+05,"Ma(d1,d2,d3,d5)",4D,open,-1,-2,-3,0,-1,,
1.698595e+05,"Ma(d1,d2,d3)",3D,open,-1,-2,-3,0,0,,
1.698595e+05,"Ma(d1,d2,d3,d5)",4D,open,-1,-2,-3,0,1,,
1.698595e+05,"Ma(d1,d2,d3,d5)",4D,open,-1,-2,-3,0,2,,
1.698595e+05,"Ma(d1,d2,d3,d5)",4D,open,-1,-2,-3,0,3,,
1.698595e+05,"Ma(d1,d2,d3,d5)",4D,open,-1,-2,3,0,-3,,
1.698595e+05,"Ma(d1,d2,d3,d5)",4D,open,-1,-2,3,0,-2,,
1.698595e+05,"Ma(d1,d2,d3,d5)",4D,open,-1,-2,3,0,-1,,
1.698595e+05,"Ma(d1,d2,d3)",3D,open,-1,-2,3,0,0,,
1.698595e+05,"Ma(d1,d2,d3,d5)",4D,open,-1,-2,3,0,1,,
1.698595e+05,"Ma(d1,d2,d3,d5)",4D,open,-1,-2,3,0,2,,
1.698595e+05,"Ma(d1,d2,d3,d5)",4D,open,-1,-2,3,0,3,,
1.698595e+05,"Ma(d1,d2,d3,d5)",4D,open,-1,2,-3,0,-3,,
1.698595e+05,"Ma(d1,d2,d3,d5)",4D,open,-1,2,-3,0,-2,,
1.698595e+05,"Ma(d1,d2,d3,d5)",4D,open,-1,2,-3,0,-1,,
1.698595e+05,"Ma(d1,d2,d3)",3D,open,-1,2,-3,0,0,,
1.698595e+05,"Ma(d1,d2,d3,d5)",4D,open,-1,2,-3,0,1,,
1.698595e+05,"Ma(d1,d2,d3,d5)",4D,open,-1,2,-3,0,2,,
1.698595e+05,"Ma(d1,d2,d3,d5)",4D,open,-1,2,-3,0,3,,
1.698595e+05,"Ma(d1,d2,d3,d5)",4D,open,-1,2,3,0,-3,,
1.698595e+05,"Ma(d1,d2,d3,d5)",4D,open,-1,2,3,0,-2,,
1.698595e+05,"Ma(d1,d2,d3,d5)",4D,open,-1,2,3,0,-1,,
1.698595e+05,"Ma(d1,d2,d3)",3D,open,-1,2,3,0,0,,
1.698595e+05,"Ma(d1,d2,d3,d5)",4D,open,-1,2,3,0,1,,
1.698595e+05,"Ma(d1,d2,d3,d5)",4D,open,-1,2,3,0,2,,
1.698595e+05,"Ma(d1,d2,d3,d5)",4D,open,-1,2,3,0,3,,
1.698595e+05,"Ma(d1,d2,d3,d5)",4D,open,1,-2,-3,0,-3,,
1.698595e+05,"Ma(d1,d2,d3,d5)",4D,open,1,-2,-3,0,-2,,
1.698595e+05,"Ma(d1,d2,d3,d5)",4D,open,1,-2,-3,0,-1,,
1.698595e+05,"Ma(d1,d2,d3)",3D,open,1,-2,-3,0,0,,
1.698595e+05,"Ma(d1,d2,d3,d5)",4D,open,1,-2,-3,0,1,,
1.698595e+05,"Ma(d1,d2,d3,d5)",4D,open,1,-2,-3,0,2,,
1.698595e+05,"Ma(d1,d2,d3,d5)",4D,open,1,-2,-3,0,3,,
1.698595e+05,"Ma(d1,d2,d3,d5)",4D,open,1,-2,3,0,-3,,
1.698595e+05,"Ma(d1,d2,d3,d5)",4D,open,1,-2,3,0,-2,,
1.698595e+05,"Ma(d1,d2,d3,d5)",4D,open,1,-2,3,0,-1,,
1.698595e+05,"Ma(d1,d2,d3)",3D,open,1,-2,3,0,0,,
1.698595e+05,"Ma(d1,d2,d3,d5)",4D,open,1,-2,3,0,1,,
1.698595e+05,"Ma(d1,d2,d3,d5)",4D,open,1,-2,3,0,2,,
1.698595e+05,"Ma(d1,d2,d3,d5)",4D,open,1,-2,3,0,3,,
1.698595e+05,"Ma(d1,d2,d3,d5)",4D,open,1,2,-3,0,-3,,
1.698595e+05,"Ma(d1,d2,d3,d5)",4D,open,1,2,-3,0,-2,,
1.698595e+05,"Ma(d1,d2,d3,d5)",4D,open,1,2,-3,0,-1,,
1.698595e+05,"Ma(d1,d2,d3)",3D,open,1,2,-3,0,0,,
1.698595e+05,"Ma(d1,d2,d3,d5)",4D,open,1,2,-3,0,1,,
1.698595e+05,"Ma(d1,d2,d3,d5)",4D,open,1,2,-3,0,2,,
1.698595e+05,"Ma(d1,d2,d3,d5)",4D,open,1,2,-3,0,3,,
1.698595e+05,"Ma(d1,d2,d3,d5)",4D,open,1,2,3,0,-3,,
1.698595e+05,"Ma(d1,d2,d3,d5)",4D,open,1,2,3,0,-2,,
1.698595e+05,"Ma(d1,d2,d3,d5)",4D,open,1,2,3,0,-1,,
1.698595e+05,"Ma(d1,d2,d3)",3D,open,1,2,3,0,0,,
1.698595e+05,"Ma(d1,d2,d3,d5)",4D,open,1,2,3,0,1,,
1.698595e+05,"Ma(d1,d2,d3,d5)",4D,open,1,2,3,0,2,,
1.698595e+05,"Ma(d1,d2,d3,d5)",4D,open,1,2,3,0,3,,
1.698595e+05,"Ma(d1,d2,d3,d4,d5)",5D,open,-1,-2,-3,-1,-3,,
1.698595e+05,"Ma(d1,d2,d3,d4,d5)",5D,open,-1,-2,-3,-1,-2,,
1.698595e+05,"Ma(d1,d2,d3,d4,d5)",5D,open,-1,-2,-3,-1,-1,,
1.698595e+05,"Ma(d1,d2,d3,d4)",4D,open,-1,-2,-3,-1,0,,
1.698595e+05,"Ma(d1,d2,d3,d4,d5)",5D,open,-1,-2,-3,-1,1,,
1.698595e+05,"Ma(d1,d2,d3,d4,d5)",5D,open,-1,-2,-3,-1,2,,
1.698595e+05,"Ma(d1,d2,d3,d4,d5)",5D,open,-1,-2,-3,-1,3,,
1.698595e+05,"Ma(d1,d2,d3,d4,d5)",5D,open,-1,-2,-3,1,-3,,
1.698595e+05,"Ma(d1,d2,d3,d4,d5)",5D,open,-1,-2,-3,1,-2,,
1.698595e+05,"Ma(d1,d2,d3,d4,d5)",5D,open,-1,-2,-3,1,-1,,
1.698595e+05,"Ma(d1,d2,d3,d4)",4D,open,-1,-2,-3,1,0,,
1.698595e+05,"Ma(d1,d2,d3,d4,d5)",5D,open,-1,-2,-3,1,1,,
1.698595e+05,"Ma(d1,d2,d3,d4,d5)",5D,open,-1,-2,-3,1,2,,
1.698595e+05,"Ma(d1,d2,d3,d4,d5)",5D,open,-1,-2,-3,1,3,,
1.698595e+05,"Ma(d1,d2,d3,d4,d5)",5D,open,-1,-2,3,-1,-3,,
1.698595e+05,"Ma(d1,d2,d3,d4,d5)",5D,open,-1,-2,3,-1,-2,,
1.698595e+05,"Ma(d1,d2,d3,d4,d5)",5D,open,-1,-2,3,-1,-1,,
1.698595e+05,"Ma(d1,d2,d3,d4)",4D,open,-1,-2,3,-1,0,,
1.698595e+05,"Ma(d1,d2,d3,d4,d5)",5D,open,-1,-2,3,-1,1,,
1.698595e+05,"Ma(d1,d2,d3,d4,d5)",5D,open,-1,-2,3,-1,2,,
1.698595e+05,"Ma(d1,d2,d3,d4,d5)",5D,open,-1,-2,3,-1,3,,
1.698595e+05,"Ma(d1,d2,d3,d4,d5)",5D,open,-1,-2,3,1,-3,,
1.698595e+05,"Ma(d1,d2,d3,d4,d5)",5D,open,-1,-2,3,1,-2,,
1.698595e+05,"Ma(d1,d2,d3,d4,d5)",5D,open,-1,-2,3,1,-1,,
1.698595e+05,"Ma(d1,d2,d3,d4)",4D,open,-1,-2,3,1,0,,
1.698595e+05,"Ma(d1,d2,d3,d4,d5)",5D,open,-1,-2,3,1,1,,
1.698595e+05,"Ma(d1,d2,d3,d4,d5)",5D,open,-1,-2,3,1,2,,
1.698595e+05,"Ma(d1,d2,d3,d4,d5)",5D,open,-1,-2,3,1,3,,
1.698595e+05,"Ma(d1,d2,d3,d4,d5)",5D,open,-1,2,-3,-1,-3,,
1.698595e+05,"Ma(d1,d2,d3,d4,d5)",5D,open,-1,2,-3,-1,-2,,
1.698595e+05,"Ma(d1,d2,d3,d4,d5)",5D,open,-1,2,-3,-1,-1,,
1.698595e+05,"Ma(d1,d2,d3,d4)",4D,open,-1,2,-3,-1,0,,
1.698595e+05,"Ma(d1,d2,d3,d4,d5)",5D,open,-1,2,-3,-1,1,,
1.698595e+05,"Ma(d1,d2,d3,d4,d5)",5D,open,-1,2,-3,-1,2,,
1.698595e+05,"Ma(d1,d2,d3,d4,d5)",5D,open,-1,2,-3,-1,3,,
1.698595e+05,"Ma(d1,d2,d3,d4,d5)",5D,open,-1,2,-3,1,-3,,
1.698595e+05,"Ma(d1,d2,d3,d4,d5)",5D,open,-1,2,-3,1,-2,,
1.698595e+05,"Ma(d1,d2,d3,d4,d5)",5D,open,-1,2,-3,1,-1,,
1.698595e+05,"Ma(d1,d2,d3,d4)",4D,open,-1,2,-3,1,0,,
1.698595e+05,"Ma(d1,d2,d3,d4,d5)",5D,open,-1,2,-3,1,1,,
1.698595e+05,"Ma(d1,d2,d3,d4,d5)",5D,open,-1,2,-3,1,2,,
1.698595e+05,"Ma(d1,d2,d3,d4,d5)",5D,open,-1,2,-3,1,3,,
1.698595e+05,"Ma(d1,d2,d3,d4,d5)",5D,open,-1,2,3,-1,-3,,
1.698595e+05,"Ma(d1,d2,d3,d4,d5)",5D,open,-1,2,3,-1,-2,,
1.698595e+05,"Ma(d1,d2,d3,d4,d5)",5D,open,-1,2,3,-1,-1,,
1.698595e+05,"Ma(d1,d2,d3,d4)",4D,open,-1,2,3,-1,0,,
1.698595e+05,"Ma(d1,d2,d3,d4,d5)",5D,open,-1,2,3,-1,1,,
1.698595e+05,"Ma(d1,d2,d3,d4,d5)",5D,open,-1,2,3,-1,2,,
1.698595e+05,"Ma(d1,d2,d3,d4,d5)",5D,open,-1,2,3,-1,3,,
1.698595e+05,"Ma(d1,d2,d3,d4,d5)",5D,open,-1,2,3,1,-3,,
1.698595e+05,"Ma(d1,d2,d3,d4,d5)",5D,open,-1,2,3,1,-2,,
1.698595e+05,"Ma(d1,d2,d3,d4,d5)",5D,open,-1,2,3,1,-1,,
1.698595e+05,"Ma(d1,d2,d3,d4)",4D,open,-1,2,3,1,0,,
1.698595e+05,"Ma(d1,d2,d3,d4,d5)",5D,open,-1,2,3,1,1,,
1.698595e+05,"Ma(d1,d2,d3,d4,d5)",5D,open,-1,2,3,1,2,,
1.698595e+05,"Ma(d1,d2,d3,d4,d5)",5D,open,-1,2,3,1,3,,
1.698595e+05,"Ma(d1,d2,d3,d4,d5)",5D,open,1,-2,-3,-1,-3,,
1.698595e+05,"Ma(d1,d2,d3,d4,d5)",5D,open,1,-2,-3,-1,-2,,
1.698595e+05,"Ma(d1,d2,d3,d4,d5)",5D,open,1,-2,-3,-1,-1,,
1.698595e+05,"Ma(d1,d2,d3,d4)",4D,open,1,-2,-3,-1,0,,
1.698595e+05,"Ma(d1,d2,d3,d4,d5)",5D,open,1,-2,-3,-1,1,,
1.698595e+05,"Ma(d1,d2,d3,d4,d5)",5D,open,1,-2,-3,-1,2,,
1.698595e+05,"Ma(d1,d2,d3,d4,d5)",5D,open,1,-2,-3,-1,3,,
1.698595e+05,"Ma(d1,d2,d3,d4,d5)",5D,open,1,-2,-3,1,-3,,
1.698595e+05,"Ma(d1,d2,d3,d4,d5)",5D,open,1,-2,-3,1,-2,,
1.698595e+05,"Ma(d1,d2,d3,d4,d5)",5D,open,1,-2,-3,1,-1,,
1.698595e+05,"Ma(d1,d2,d3,d4)",4D,open,1,-2,-3,1,0,,
1.698595e+05,"Ma(d1,d2,d3,d4,d5)",5D,open,1,-2,-3,1,1,,
1.698595e+05,"Ma(d1,d2,d3,d4,d5)",5D,open,1,-2,-3,1,2,,
1.698595e+05,"Ma(d1,d2,d3,d4,d5)",5D,open,1,-2,-3,1,3,,
1.698595e+05,"Ma(d1,d2,d3,d4,d5)",5D,open,1,-2,3,-1,-3,,
1.698595e+05,"Ma(d1,d2,d3,d4,d5)",5D,open,1,-2,3,-1,-2,,
1.698595e+05,"Ma(d1,d2,d3,d4,d5)",5D,open,1,-2,3,-1,-1,,
1.698595e+05,"Ma(d1,d2,d3,d4)",4D,open,1,-2,3,-1,0,,
1.698595e+05,"Ma(d1,d2,d3,d4,d5)",5D,open,1,-2,3,-1,1,,
1.698595e+05,"Ma(d1,d2,d3,d4,d5)",5D,open,1,-2,3,-1,2,,
1.698595e+05,"Ma(d1,d2,d3,d4,d5)",5D,open,1,-2,3,-1,3,,
1.698595e+05,"Ma(d1,d2,d3,d4,d5)",5D,open,1,-2,3,1,-3,,
1.698595e+05,"Ma(d1,d2,d3,d4,d5)",5D,open,1,-2,3,1,-2,,
1.698595e+05,"Ma(d1,d2,d3,d4,d5)",5D,open,1,-2,3,1,-1,,
1.698595e+05,"Ma(d1,d2,d3,d4)",4D,open,1,-2,3,1,0,,
1.698595e+05,"Ma(d1,d2,d3,d4,d5)",5D,open,1,-2,3,1,1,,
1.698595e+05,"Ma(d1,d2,d3,d4,d5)",5D,open,1,-2,3,1,2,,
1.698595e+05,"Ma(d1,d2,d3,d4,d5)",5D,open,1,-2,3,1,3,,
1.698595e+05,"Ma(d1,d2,d3,d4,d5)",5D,open,1,2,-3,-1,-3,,
1.698595e+05,"Ma(d1,d2,d3,d4,d5)",5D,open,1,2,-3,-1,-2,,
1.698595e+05,"Ma(d1,d2,d3,d4,d5)",5D,open,1,2,-3,-1,-1,,
1.698595e+05,"Ma(d1,d2,d3,d4)",4D,open,1,2,-3,-1,0,,
1.698595e+05,"Ma(d1,d2,d3,d4,d5)",5D,open,1,2,-3,-1,1,,
1.698595e+05,"Ma(d1,d2,d3,d4,d5)",5D,open,1,2,-3,-1,2,,
1.698595e+05,"Ma(d1,d2,d3,d4,d5)",5D,open,1,2,-3,-1,3,,
1.698595e+05,"Ma(d1,d2,d3,d4,d5)",5D,open,1,2,-3,1,-3,,
1.698595e+05,"Ma(d1,d2,d3,d4,d5)",5D,open,1,2,-3,1,-2,,
1.698595e+05,"Ma(d1,d2,d3,d4,d5)",5D,open,1,2,-3,1,-1,,
1.698595e+05,"Ma(d1,d2,d3,d4)",4D,open,1,2,-3,1,0,,
1.698595e+05,"Ma(d1,d2,d3,d4,d5)",5D,open,1,2,-3,1,1,,
1.698595e+05,"Ma(d1,d2,d3,d4,d5)",5D,open,1,2,-3,1,2,,
1.698595e+05,"Ma(d1,d2,d3,d4,d5)",5D,open,1,2,-3,1,3,,
1.698595e+05,"Ma(d1,d2,d3,d4,d5)",5D,open,1,2,3,-1,-3,,
1.698595e+05,"Ma(d1,d2,d3,d4,d5)",5D,open,1,2,3,-1,-2,,
1.698595e+05,"Ma(d1,d2,d3,d4,d5)",5D,open,1,2,3,-1,-1,,
1.698595e+05,"Ma(d1,d2,d3,d4)",4D,open,1,2,3,-1,0,,
1.698595e+05,"Ma(d1,d2,d3,d4,d5)",5D,open,1,2,3,-1,1,,
1.698595e+05,"Ma(d1,d2,d3,d4,d5)",5D,open,1,2,3,-1,2,,
1.698595e+05,"Ma(d1,d2,d3,d4,d5)",5D,open,1,2,3,-1,3,,
1.698595e+05,"Ma(d1,d2,d3,d4,d5)",5D,open,1,2,3,1,-3,,
1.698595e+05,"Ma(d1,d2,d3,d4,d5)",5D,open,1,2,3,1,-2,,
1.698595e+05,"Ma(d1,d2,d3,d4,d5)",5D,open,1,2,3,1,-1,,
1.698595e+05,"Ma(d1,d2,d3,d4)",4D,open,1,2,3,1,0,,
1.698595e+05,"Ma(d1,d2,d3,d4,d5)",5D,open,1,2,3,1,1,,
1.698595e+05,"Ma(d1,d2,d3,d4,d5)",5D,open,1,2,3,1,2,,
1.698595e+05,"Ma(d1,d2,d3,d4,d5)",5D,open,1,2,3,1,3,,
1.698595e+05,"Ma(d1,d2,d3,d4,d5)",5D,open,-1,-2,-3,-2,-3,,
1.698595e+05,"Ma(d1,d2,d3,d4,d5)",5D,open,-1,-2,-3,-2,-2,,
1.698595e+05,"Ma(d1,d2,d3,d4,d5)",5D,open,-1,-2,-3,-2,-1,,
1.698595e+05,"Ma(d1,d2,d3,d4)",4D,open,-1,-2,-3,-2,0,,
1.698595e+05,"Ma(d1,d2,d3,d4,d5)",5D,open,-1,-2,-3,-2,1,,
1.698595e+05,"Ma(d1,d2,d3,d4,d5)",5D,open,-1,-2,-3,-2,2,,
1.698595e+05,"Ma(d1,d2,d3,d4,d5)",5D,open,-1,-2,-3,-2,3,,
1.698595e+05,"Ma(d1,d2,d3,d4,d5)",5D,open,-1,-2,-3,2,-3,,
1.698595e+05,"Ma(d1,d2,d3,d4,d5)",5D,open,-1,-2,-3,2,-2,,
1.698595e+05,"Ma(d1,d2,d3,d4,d5)",5D,open,-1,-2,-3,2,-1,,
1.698595e+05,"Ma(d1,d2,d3,d4)",4D,open,-1,-2,-3,2,0,,
1.698595e+05,"Ma(d1,d2,d3,d4,d5)",5D,open,-1,-2,-3,2,1,,
1.698595e+05,"Ma(d1,d2,d3,d4,d5)",5D,open,-1,-2,-3,2,2,,
1.698595e+05,"Ma(d1,d2,d3,d4,d5)",5D,open,-1,-2,-3,2,3,,
1.698595e+05,"Ma(d1,d2,d3,d4,d5)",5D,open,-1,-2,3,-2,-3,,
1.698595e+05,"Ma(d1,d2,d3,d4,d5)",5D,open,-1,-2,3,-2,-2,,
1.698595e+05,"Ma(d1,d2,d3,d4,d5)",5D,open,-1,-2,3,-2,-1,,
1.698595e+05,"Ma(d1,d2,d3,d4)",4D,open,-1,-2,3,-2,0,,
1.698595e+05,"Ma(d1,d2,d3,d4,d5)",5D,open,-1,-2,3,-2,1,,
1.698595e+05,"Ma(d1,d2,d3,d4,d5)",5D,open,-1,-2,3,-2,2,,
1.698595e+05,"Ma(d1,d2,d3,d4,d5)",5D,open,-1,-2,3,-2,3,,
1.698595e+05,"Ma(d1,d2,d3,d4,d5)",5D,open,-1,-2,3,2,-3,,
1.698595e+05,"Ma(d1,d2,d3,d4,d5)",5D,open,-1,-2,3,2,-2,,
1.698595e+05,"Ma(d1,d2,d3,d4,d5)",5D,open,-1,-2,3,2,-1,,
1.698595e+05,"Ma(d1,d2,d3,d4)",4D,open,-1,-2,3,2,0,,
1.698595e+05,"Ma(d1,d2,d3,d4,d5)",5D,open,-1,-2,3,2,1,,
1.698595e+05,"Ma(d1,d2,d3,d4,d5)",5D,open,-1,-2,3,2,2,,
1.698595e+05,"Ma(d1,d2,d3,d4,d5)",5D,open,-1,-2,3,2,3,,
1.698595e+05,"Ma(d1,d2,d3,d4,d5)",5D,open,-1,2,-3,-2,-3,,
1.698595e+05,"Ma(d1,d2,d3,d4,d5)",5D,open,-1,2,-3,-2,-2,,
1.698595e+05,"Ma(d1,d2,d3,d4,d5)",5D,open,-1,2,-3,-2,-1,,
1.698595e+05,"Ma(d1,d2,d3,d4)",4D,open,-1,2,-3,-2,0,,
1.698595e+05,"Ma(d1,d2,d3,d4,d5)",5D,open,-1,2,-3,-2,1,,
1.698595e+05,"Ma(d1,d2,d3,d4,d5)",5D,open,-1,2,-3,-2,2,,
1.698595e+05,"Ma(d1,d2,d3,d4,d5)",5D,open,-1,2,-3,-2,3,,
1.698595e+05,"Ma(d1,d2,d3,d4,d5)",5D,open,-1,2,-3,2,-3,,
1.698595e+05,"Ma(d1,d2,d3,d4,d5)",5D,open,-1,2,-3,2,-2,,
1.698595e+05,"Ma(d1,d2,d3,d4,d5)",5D,open,-1,2,-3,2,-1,,
1.698595e+05,"Ma(d1,d2,d3,d4)",4D,open,-1,2,-3,2,0,,
1.698595e+05,"Ma(d1,d2,d3,d4,d5)",5D,open,-1,2,-3,2,1,,
1.698595e+05,"Ma(d1,d2,d3,d4,d5)",5D,open,-1,2,-3,2,2,,
1.698595e+05,"Ma(d1,d2,d3,d4,d5)",5D,open,-1,2,-3,2,3,,
1.698595e+05,"Ma(d1,d2,d3,d4,d5)",5D,open,-1,2,3,-2,-3,,
1.698595e+05,"Ma(d1,d2,d3,d4,d5)",5D,open,-1,2,3,-2,-2,,
1.698595e+05,"Ma(d1,d2,d3,d4,d5)",5D,open,-1,2,3,-2,-1,,
1.698595e+05,"Ma(d1,d2,d3,d4)",4D,open,-1,2,3,-2,0,,
1.698595e+05,"Ma(d1,d2,d3,d4,d5)",5D,open,-1,2,3,-2,1,,
1.698595e+05,"Ma(d1,d2,d3,d4,d5)",5D,open,-1,2,3,-2,2,,
1.698595e+05,"Ma(d1,d2,d3,d4,d5)",5D,open,-1,2,3,-2,3,,
1.698595e+05,"Ma(d1,d2,d3,d4,d5)",5D,open,-1,2,3,2,-3,,
1.698595e+05,"Ma(d1,d2,d3,d4,d5)",5D,open,-1,2,3,2,-2,,
1.698595e+05,"Ma(d1,d2,d3,d4,d5)",5D,open,-1,2,3,2,-1,,
1.698595e+05,"Ma(d1,d2,d3,d4)",4D,open,-1,2,3,2,0,,
1.698595e+05,"Ma(d1,d2,d3,d4,d5)",5D,open,-1,2,3,2,1,,
1.698595e+05,"Ma(d1,d2,d3,d4,d5)",5D,open,-1,2,3,2,2,,
1.698595e+05,"Ma(d1,d2,d3,d4,d5)",5D,open,-1,2,3,2,3,,
1.698595e+05,"Ma(d1,d2,d3,d4,d5)",5D,open,1,-2,-3,-2,-3,,
1.698595e+05,"Ma(d1,d2,d3,d4,d5)",5D,open,1,-2,-3,-2,-2,,
1.698595e+05,"Ma(d1,d2,d3,d4,d5)",5D,open,1,-2,-3,-2,-1,,
1.698595e+05,"Ma(d1,d2,d3,d4)",4D,open,1,-2,-3,-2,0,,
1.698595e+05,"Ma(d1,d2,d3,d4,d5)",5D,open,1,-2,-3,-2,1,,
1.698595e+05,"Ma(d1,d2,d3,d4,d5)",5D,open,1,-2,-3,-2,2,,
1.698595e+05,"Ma(d1,d2,d3,d4,d5)",5D,open,1,-2,-3,-2,3,,
1.698595e+05,"Ma(d1,d2,d3,d4,d5)",5D,open,1,-2,-3,2,-3,,
1.698595e+05,"Ma(d1,d2,d3,d4,d5)",5D,open,1,-2,-3,2,-2,,
1.698595e+05,"Ma(d1,d2,d3,d4,d5)",5D,open,1,-2,-3,2,-1,,
1.698595e+05,"Ma(d1,d2,d3,d4)",4D,open,1,-2,-3,2,0,,
1.698595e+05,"Ma(d1,d2,d3,d4,d5)",5D,open,1,-2,-3,2,1,,
1.698595e+05,"Ma(d1,d2,d3,d4,d5)",5D,open,1,-2,-3,2,2,,
1.698595e+05,"Ma(d1,d2,d3,d4,d5)",5D,open,1,-2,-3,2,3,,
1.698595e+05,"Ma(d1,d2,d3,d4,d5)",5D,open,1,-2,3,-2,-3,,
1.698595e+05,"Ma(d1,d2,d3,d4,d5)",5D,open,1,-2,3,-2,-2,,
1.698595e+05,"Ma(d1,d2,d3,d4,d5)",5D,open,1,-2,3,-2,-1,,
1.698595e+05,"Ma(d1,d2,d3,d4)",4D,open,1,-2,3,-2,0,,
1.698595e+05,"Ma(d1,d2,d3,d4,d5)",5D,open,1,-2,3,-2,1,,
1.698595e+05,"Ma(d1,d2,d3,d4,d5)",5D,open,1,-2,3,-2,2,,
1.698595e+05,"Ma(d1,d2,d3,d4,d5)",5D,open,1,-2,3,-2,3,,
1.698595e+05,"Ma(d1,d2,d3,d4,d5)",5D,open,1,-2,3,2,-3,,
1.698595e+05,"Ma(d1,d2,d3,d4,d5)",5D,open,1,-2,3,2,-2,,
1.698595e+05,"Ma(d1,d2,d3,d4,d5)",5D,open,1,-2,3,2,-1,,
1.698595e+05,"Ma(d1,d2,d3,d4)",4D,open,1,-2,3,2,0,,
1.698595e+05,"Ma(d1,d2,d3,d4,d5)",5D,open,1,-2,3,2,1,,
1.698595e+05,"Ma(d1,d2,d3,d4,d5)",5D,open,1,-2,3,2,2,,
1.698595e+05,"Ma(d1,d2,d3,d4,d5)",5D,open,1,-2,3,2,3,,
1.698595e+05,"Ma(d1,d2,d3,d4,d5)",5D,open,1,2,-3,-2,-3,,
1.698595e+05,"Ma(d1,d2,d3,d4,d5)",5D,open,1,2,-3,-2,-2,,
1.698595e+05,"Ma(d1,d2,d3,d4,d5)",5D,open,1,2,-3,-2,-1,,
1.698595e+05,"Ma(d1,d2,d3,d4)",4D,open,1,2,-3,-2,0,,
1.698595e+05,"Ma(d1,d2,d3,d4,d5)",5D,open,1,2,-3,-2,1,,
1.698595e+05,"Ma(d1,d2,d3,d4,d5)",5D,open,1,2,-3,-2,2,,
1.698595e+05,"Ma(d1,d2,d3,d4,d5)",5D,open,1,2,-3,-2,3,,
1.698595e+05,"Ma(d1,d2,d3,d4,d5)",5D,open,1,2,-3,2,-3,,
1.698595e+05,"Ma(d1,d2,d3,d4,d5)",5D,open,1,2,-3,2,-2,,
1.698595e+05,"Ma(d1,d2,d3,d4,d5)",5D,open,1,2,-3,2,-1,,
1.698595e+05,"Ma(d1,d2,d3,d4)",4D,open,1,2,-3,2,0,,
1.698595e+05,"Ma(d1,d2,d3,d4,d5)",5D,open,1,2,-3,2,1,,
1.698595e+05,"Ma(d1,d2,d3,d4,d5)",5D,open,1,2,-3,2,2,,
1.698595e+05,"Ma(d1,d2,d3,d4,d5)",5D,open,1,2,-3,2,3,,
1.698595e+05,"Ma(d1,d2,d3,d4,d5)",5D,open,1,2,3,-2,-3,,
1.698595e+05,"Ma(d1,d2,d3,d4,d5)",5D,open,1,2,3,-2,-2,,
1.698595e+05,"Ma(d1,d2,d3,d4,d5)",5D,open,1,2,3,-2,-1,,
1.698595e+05,"Ma(d1,d2,d3,d4)",4D,open,1,2,3,-2,0,,
1.698595e+05,"Ma(d1,d2,d3,d4,d5)",5D,open,1,2,3,-2,1,,
1.698595e+05,"Ma(d1,d2,d3,d4,d5)",5D,open,1,2,3,-2,2,,
1.698595e+05,"Ma(d1,d2,d3,d4,d5)",5D,open,1,2,3,-2,3,,
1.698595e+05,"Ma(d1,d2,d3,d4,d5)",5D,open,1,2,3,2,-3,,
1.698595e+05,"Ma(d1,d2,d3,d4,d5)",5D,open,1,2,3,2,-2,,
1.698595e+05,"Ma(d1,d2,d3,d4,d5)",5D,open,1,2,3,2,-1,,
1.698595e+05,"Ma(d1,d2,d3,d4)",4D,open,1,2,3,2,0,,
1.698595e+05,"Ma(d1,d2,d3,d4,d5)",5D,open,1,2,3,2,1,,
1.698595e+05,"Ma(d1,d2,d3,d4,d5)",5D,open,1,2,3,2,2,,
1.698595e+05,"Ma(d1,d2,d3,d4,d5)",5D,open,1,2,3,2,3,,
1.698595e+05,"Ma(d1,d2,d3,d4,d5)",5D,open,-1,-2,-3,-3,-3,,
1.698595e+05,"Ma(d1,d2,d3,d4,d5)",5D,open,-1,-2,-3,-3,-2,,
1.698595e+05,"Ma(d1,d2,d3,d4,d5)",5D,open,-1,-2,-3,-3,-1,,
1.698595e+05,"Ma(d1,d2,d3,d4)",4D,open,-1,-2,-3,-3,0,,
1.698595e+05,"Ma(d1,d2,d3,d4,d5)",5D,open,-1,-2,-3,-3,1,,
1.698595e+05,"Ma(d1,d2,d3,d4,d5)",5D,open,-1,-2,-3,-3,2,,
1.698595e+05,"Ma(d1,d2,d3,d4,d5)",5D,open,-1,-2,-3,-3,3,,
1.698595e+05,"Ma(d1,d2,d3,d4,d5)",5D,open,-1,-2,-3,3,-3,,
1.698595e+05,"Ma(d1,d2,d3,d4,d5)",5D,open,-1,-2,-3,3,-2,,
1.698595e+05,"Ma(d1,d2,d3,d4,d5)",5D,open,-1,-2,-3,3,-1,,
1.698595e+05,"Ma(d1,d2,d3,d4)",4D,open,-1,-2,-3,3,0,,
1.698595e+05,"Ma(d1,d2,d3,d4,d5)",5D,open,-1,-2,-3,3,1,,
1.698595e+05,"Ma(d1,d2,d3,d4,d5)",5D,open,-1,-2,-3,3,2,,
1.698595e+05,"Ma(d1,d2,d3,d4,d5)",5D,open,-1,-2,-3,3,3,,
1.698595e+05,"Ma(d1,d2,d3,d4,d5)",5D,open,-1,-2,3,-3,-3,,
1.698595e+05,"Ma(d1,d2,d3,d4,d5)",5D,open,-1,-2,3,-3,-2,,
1.698595e+05,"Ma(d1,d2,d3,d4,d5)",5D,open,-1,-2,3,-3,-1,,
1.698595e+05,"Ma(d1,d2,d3,d4)",4D,open,-1,-2,3,-3,0,,
1.698595e+05,"Ma(d1,d2,d3,d4,d5)",5D,open,-1,-2,3,-3,1,,
1.698595e+05,"Ma(d1,d2,d3,d4,d5)",5D,open,-1,-2,3,-3,2,,
1.698595e+05,"Ma(d1,d2,d3,d4,d5)",5D,open,-1,-2,3,-3,3,,
1.698595e+05,"Ma(d1,d2,d3,d4,d5)",5D,open,-1,-2,3,3,-3,,
1.698595e+05,"Ma(d1,d2,d3,d4,d5)",5D,open,-1,-2,3,3,-2,,
1.698595e+05,"Ma(d1,d2,d3,d4,d5)",5D,open,-1,-2,3,3,-1,,
1.698595e+05,"Ma(d1,d2,d3,d4)",4D,open,-1,-2,3,3,0,,
1.698595e+05,"Ma(d1,d2,d3,d4,d5)",5D,open,-1,-2,3,3,1,,
1.698595e+05,"Ma(d1,d2,d3,d4,d5)",5D,open,-1,-2,3,3,2,,
1.698595e+05,"Ma(d1,d2,d3,d4,d5)",5D,open,-1,-2,3,3,3,,
1.698595e+05,"Ma(d1,d2,d3,d4,d5)",5D,open,-1,2,-3,-3,-3,,
1.698595e+05,"Ma(d1,d2,d3,d4,d5)",5D,open,-1,2,-3,-3,-2,,
1.698595e+05,"Ma(d1,d2,d3,d4,d5)",5D,open,-1,2,-3,-3,-1,,
1.698595e+05,"Ma(d1,d2,d3,d4)",4D,open,-1,2,-3,-3,0,,
1.698595e+05,"Ma(d1,d2,d3,d4,d5)",5D,open,-1,2,-3,-3,1,,
1.698595e+05,"Ma(d1,d2,d3,d4,d5)",5D,open,-1,2,-3,-3,2,,
1.698595e+05,"Ma(d1,d2,d3,d4,d5)",5D,open,-1,2,-3,-3,3,,
1.698595e+05,"Ma(d1,d2,d3,d4,d5)",5D,open,-1,2,-3,3,-3,,
1.698595e+05,"Ma(d1,d2,d3,d4,d5)",5D,open,-1,2,-3,3,-2,,
1.698595e+05,"Ma(d1,d2,d3,d4,d5)",5D,open,-1,2,-3,3,-1,,
1.698595e+05,"Ma(d1,d2,d3,d4)",4D,open,-1,2,-3,3,0,,
1.698595e+05,"Ma(d1,d2,d3,d4,d5)",5D,open,-1,2,-3,3,1,,
1.698595e+05,"Ma(d1,d2,d3,d4,d5)",5D,open,-1,2,-3,3,2,,
1.698595e+05,"Ma(d1,d2,d3,d4,d5)",5D,open,-1,2,-3,3,3,,
1.698595e+05,"Ma(d1,d2,d3,d4,d5)",5D,open,-1,2,3,-3,-3,,
1.698595e+05,"Ma(d1,d2,d3,d4,d5)",5D,open,-1,2,3,-3,-2,,
1.698595e+05,"Ma(d1,d2,d3,d4,d5)",5D,open,-1,2,3,-3,-1,,
1.698595e+05,"Ma(d1,d2,d3,d4)",4D,open,-1,2,3,-3,0,,
1.698595e+05,"Ma(d1,d2,d3,d4,d5)",5D,open,-1,2,3,-3,1,,
1.698595e+05,"Ma(d1,d2,d3,d4,d5)",5D,open,-1,2,3,-3,2,,
1.698595e+05,"Ma(d1,d2,d3,d4,d5)",5D,open,-1,2,3,-3,3,,
1.698595e+05,"Ma(d1,d2,d3,d4,d5)",5D,open,-1,2,3,3,-3,,
1.698595e+05,"Ma(d1,d2,d3,d4,d5)",5D,open,-1,2,3,3,-2,,
1.698595e+05,"Ma(d1,d2,d3,d4,d5)",5D,open,-1,2,3,3,-1,,
1.698595e+05,"Ma(d1,d2,d3,d4)",4D,open,-1,2,3,3,0,,
1.698595e+05,"Ma(d1,d2,d3,d4,d5)",5D,open,-1,2,3,3,1,,
1.698595e+05,"Ma(d1,d2,d3,d4,d5)",5D,open,-1,2,3,3,2,,
1.698595e+05,"Ma(d1,d2,d3,d4,d5)",5D,open,-1,2,3,3,3,,
1.698595e+05,"Ma(d1,d2,d3,d4,d5)",5D,open,1,-2,-3,-3,-3,,
1.698595e+05,"Ma(d1,d2,d3,d4,d5)",5D,open,1,-2,-3,-3,-2,,
1.698595e+05,"Ma(d1,d2,d3,d4,d5)",5D,open,1,-2,-3,-3,-1,,
1.698595e+05,"Ma(d1,d2,d3,d4)",4D,open,1,-2,-3,-3,0,,
1.698595e+05,"Ma(d1,d2,d3,d4,d5)",5D,open,1,-2,-3,-3,1,,
1.698595e+05,"Ma(d1,d2,d3,d4,d5)",5D,open,1,-2,-3,-3,2,,
1.698595e+05,"Ma(d1,d2,d3,d4,d5)",5D,open,1,-2,-3,-3,3,,
1.698595e+05,"Ma(d1,d2,d3,d4,d5)",5D,open,1,-2,-3,3,-3,,
1.698595e+05,"Ma(d1,d2,d3,d4,d5)",5D,open,1,-2,-3,3,-2,,
1.698595e+05,"Ma(d1,d2,d3,d4,d5)",5D,open,1,-2,-3,3,-1,,
1.698595e+05,"Ma(d1,d2,d3,d4)",4D,open,1,-2,-3,3,0,,
1.698595e+05,"Ma(d1,d2,d3,d4,d5)",5D,open,1,-2,-3,3,1,,
1.698595e+05,"Ma(d1,d2,d3,d4,d5)",5D,open,1,-2,-3,3,2,,
1.698595e+05,"Ma(d1,d2,d3,d4,d5)",5D,open,1,-2,-3,3,3,,
1.698595e+05,"Ma(d1,d2,d3,d4,d5)",5D,open,1,-2,3,-3,-3,,
1.698595e+05,"Ma(d1,d2,d3,d4,d5)",5D,open,1,-2,3,-3,-2,,
1.698595e+05,"Ma(d1,d2,d3,d4,d5)",5D,open,1,-2,3,-3,-1,,
1.698595e+05,"Ma(d1,d2,d3,d4)",4D,open,1,-2,3,-3,0,,
1.698595e+05,"Ma(d1,d2,d3,d4,d5)",5D,open,1,-2,3,-3,1,,
1.698595e+05,"Ma(d1,d2,d3,d4,d5)",5D,open,1,-2,3,-3,2,,
1.698595e+05,"Ma(d1,d2,d3,d4,d5)",5D,open,1,-2,3,-3,3,,
1.698595e+05,"Ma(d1,d2,d3,d4,d5)",5D,open,1,-2,3,3,-3,,
1.698595e+05,"Ma(d1,d2,d3,d4,d5)",5D,open,1,-2,3,3,-2,,
1.698595e+05,"Ma(d1,d2,d3,d4,d5)",5D,open,1,-2,3,3,-1,,
1.698595e+05,"Ma(d1,d2,d3,d4)",4D,open,1,-2,3,3,0,,
1.698595e+05,"Ma(d1,d2,d3,d4,d5)",5D,open,1,-2,3,3,1,,
1.698595e+05,"Ma(d1,d2,d3,d4,d5)",5D,open,1,-2,3,3,2,,
1.698595e+05,"Ma(d1,d2,d3,d4,d5)",5D,open,1,-2,3,3,3,,
1.698595e+05,"Ma(d1,d2,d3,d4,d5)",5D,open,1,2,-3,-3,-3,,
1.698595e+05,"Ma(d1,d2,d3,d4,d5)",5D,open,1,2,-3,-3,-2,,
1.698595e+05,"Ma(d1,d2,d3,d4,d5)",5D,open,1,2,-3,-3,-1,,
1.698595e+05,"Ma(d1,d2,d3,d4)",4D,open,1,2,-3,-3,0,,
1.698595e+05,"Ma(d1,d2,d3,d4,d5)",5D,open,1,2,-3,-3,1,,
1.698595e+05,"Ma(d1,d2,d3,d4,d5)",5D,open,1,2,-3,-3,2,,
1.698595e+05,"Ma(d1,d2,d3,d4,d5)",5D,open,1,2,-3,-3,3,,
1.698595e+05,"Ma(d1,d2,d3,d4,d5)",5D,open,1,2,-3,3,-3,,
1.698595e+05,"Ma(d1,d2,d3,d4,d5)",5D,open,1,2,-3,3,-2,,
1.698595e+05,"Ma(d1,d2,d3,d4,d5)",5D,open,1,2,-3,3,-1,,
1.698595e+05,"Ma(d1,d2,d3,d4)",4D,open,1,2,-3,3,0,,
1.698595e+05,"Ma(d1,d2,d3,d4,d5)",5D,open,1,2,-3,3,1,,
1.698595e+05,"Ma(d1,d2,d3,d4,d5)",5D,open,1,2,-3,3,2,,
1.698595e+05,"Ma(d1,d2,d3,d4,d5)",5D,open,1,2,-3,3,3,,
1.698595e+05,"Ma(d1,d2,d3,d4,d5)",5D,open,1,2,3,-3,-3,,
1.698595e+05,"Ma(d1,d2,d3,d4,d5)",5D,open,1,2,3,-3,-2,,
1.698595e+05,"Ma(d1,d2,d3,d4,d5)",5D,open,1,2,3,-3,-1,,
1.698595e+05,"Ma(d1,d2,d3,d4)",4D,open,1,2,3,-3,0,,
1.698595e+05,"Ma(d1,d2,d3,d4,d5)",5D,open,1,2,3,-3,1,,
1.698595e+05,"Ma(d1,d2,d3,d4,d5)",5D,open,1,2,3,-3,2,,
1.698595e+05,"Ma(d1,d2,d3,d4,d5)",5D,open,1,2,3,-3,3,,
1.698595e+05,"Ma(d1,d2,d3,d4,d5)",5D,open,1,2,3,3,-3,,
1.698595e+05,"Ma(d1,d2,d3,d4,d5)",5D,open,1,2,3,3,-2,,
1.698595e+05,"Ma(d1,d2,d3,d4,d5)",5D,open,1,2,3,3,-1,,
1.698595e+05,"Ma(d1,d2,d3,d4)",4D,open,1,2,3,3,0,,
1.698595e+05,"Ma(d1,d2,d3,d4,d5)",5D,open,1,2,3,3,1,,
1.698595e+05,"Ma(d1,d2,d3,d4,d5)",5D,open,1,2,3,3,2,,
1.698595e+05,"Ma(d1,d2,d3,d4,d5)",5D,open,1,2,3,3,3,,
1.698821e+05,"Ma(d1,d2,d5)",3D,open,-1,-3,0,0,-3,,
1.698821e+05,"Ma(d1,d2,d5)",3D,open,-1,-3,0,0,-2,,
1.698821e+05,"Ma(d1,d2,d5)",3D,open,-1,-3,0,0,-1,,
1.698821e+05,"Ma(d1,d2,d5)",3D,open,-1,-3,0,0,1,,
1.698821e+05,"Ma(d1,d2,d5)",3D,open,-1,-3,0,0,2,,
1.698821e+05,"Ma(d1,d2,d5)",3D,open,-1,-3,0,0,3,,
1.698821e+05,"Ma(d1,d2,d5)",3D,open,-1,3,0,0,-3,,
1.698821e+05,"Ma(d1,d2,d5)",3D,open,-1,3,0,0,-2,,
1.698821e+05,"Ma(d1,d2,d5)",3D,open,-1,3,0,0,-1,,
1.698821e+05,"Ma(d1,d2,d5)",3D,open,-1,3,0,0,1,,
1.698821e+05,"Ma(d1,d2,d5)",3D,open,-1,3,0,0,2,,
1.698821e+05,"Ma(d1,d2,d5)",3D,open,-1,3,0,0,3,,
1.698821e+05,"Ma(d1,d2,d5)",3D,open,1,-3,0,0,-3,,
1.698821e+05,"Ma(d1,d2,d5)",3D,open,1,-3,0,0,-2,,
1.698821e+05,"Ma(d1,d2,d5)",3D,open,1,-3,0,0,-1,,
1.698821e+05,"Ma(d1,d2,d5)",3D,open,1,-3,0,0,1,,
1.698821e+05,"Ma(d1,d2,d5)",3D,open,1,-3,0,0,2,,
1.698821e+05,"Ma(d1,d2,d5)",3D,open,1,-3,0,0,3,,
1.698821e+05,"Ma(d1,d2,d5)",3D,open,1,3,0,0,-3,,
1.698821e+05,"Ma(d1,d2,d5)",3D,open,1,3,0,0,-2,,
1.698821e+05,"Ma(d1,d2,d5)",3D,open,1,3,0,0,-1,,
1.698821e+05,"Ma(d1,d2,d5)",3D,open,1,3,0,0,1,,
1.698821e+05,"Ma(d1,d2,d5)",3D,open,1,3,0,0,2,,
1.698821e+05,"Ma(d1,d2,d5)",3D,open,1,3,0,0,3,,
1.698821e+05,"Ma(d1,d2,d4,d5)",4D,open,-1,-3,0,-1,-3,,
1.698821e+05,"Ma(d1,d2,d4,d5)",4D,open,-1,-3,0,-1,-2,,
1.698821e+05,"Ma(d1,d2,d4,d5)",4D,open,-1,-3,0,-1,-1,,
1.698821e+05,"Ma(d1,d2,d4)",3D,open,-1,-3,0,-1,0,,
1.698821e+05,"Ma(d1,d2,d4,d5)",4D,open,-1,-3,0,-1,1,,
1.698821e+05,"Ma(d1,d2,d4,d5)",4D,open,-1,-3,0,-1,2,,
1.698821e+05,"Ma(d1,d2,d4,d5)",4D,open,-1,-3,0,-1,3,,
1.698821e+05,"Ma(d1,d2,d4,d5)",4D,open,-1,-3,0,1,-3,,
1.698821e+05,"Ma(d1,d2,d4,d5)",4D,open,-1,-3,0,1,-2,,
1.698821e+05,"Ma(d1,d2,d4,d5)",4D,open,-1,-3,0,1,-1,,
1.698821e+05,"Ma(d1,d2,d4)",3D,open,-1,-3,0,1,0,,
1.698821e+05,"Ma(d1,d2,d4,d5)",4D,open,-1,-3,0,1,1,,
1.698821e+05,"Ma(d1,d2,d4,d5)",4D,open,-1,-3,0,1,2,,
1.698821e+05,"Ma(d1,d2,d4,d5)",4D,open,-1,-3,0,1,3,,
1.698821e+05,"Ma(d1,d2,d4,d5)",4D,open,-1,3,0,-1,-3,,
1.698821e+05,"Ma(d1,d2,d4,d5)",4D,open,-1,3,0,-1,-2,,
1.698821e+05,"Ma(d1,d2,d4,d5)",4D,open,-1,3,0,-1,-1,,
1.698821e+05,"Ma(d1,d2,d4)",3D,open,-1,3,0,-1,0,,
1.698821e+05,"Ma(d1,d2,d4,d5)",4D,open,-1,3,0,-1,1,,
1.698821e+05,"Ma(d1,d2,d4,d5)",4D,open,-1,3,0,-1,2,,
1.698821e+05,"Ma(d1,d2,d4,d5)",4D,open,-1,3,0,-1,3,,
1.698821e+05,"Ma(d1,d2,d4,d5)",4D,open,-1,3,0,1,-3,,
1.698821e+05,"Ma(d1,d2,d4,d5)",4D,open,-1,3,0,1,-2,,
1.698821e+05,"Ma(d1,d2,d4,d5)",4D,open,-1,3,0,1,-1,,
1.698821e+05,"Ma(d1,d2,d4)",3D,open,-1,3,0,1,0,,
1.698821e+05,"Ma(d1,d2,d4,d5)",4D,open,-1,3,0,1,1,,
1.698821e+05,"Ma(d1,d2,d4,d5)",4D,open,-1,3,0,1,2,,
1.698821e+05,"Ma(d1,d2,d4,d5)",4D,open,-1,3,0,1,3,,
1.698821e+05,"Ma(d1,d2,d4,d5)",4D,open,1,-3,0,-1,-3,,
1.698821e+05,"Ma(d1,d2,d4,d5)",4D,open,1,-3,0,-1,-2,,
1.698821e+05,"Ma(d1,d2,d4,d5)",4D,open,1,-3,0,-1,-1,,
1.698821e+05,"Ma(d1,d2,d4)",3D,open,1,-3,0,-1,0,,
1.698821e+05,"Ma(d1,d2,d4,d5)",4D,open,1,-3,0,-1,1,,
1.698821e+05,"Ma(d1,d2,d4,d5)",4D,open,1,-3,0,-1,2,,
1.698821e+05,"Ma(d1,d2,d4,d5)",4D,open,1,-3,0,-1,3,,
1.698821e+05,"Ma(d1,d2,d4,d5)",4D,open,1,-3,0,1,-3,,
1.698821e+05,"Ma(d1,d2,d4,d5)",4D,open,1,-3,0,1,-2,,
1.698821e+05,"Ma(d1,d2,d4,d5)",4D,open,1,-3,0,1,-1,,
1.698821e+05,"Ma(d1,d2,d4)",3D,open,1,-3,0,1,0,,
1.698821e+05,"Ma(d1,d2,d4,d5)",4D,open,1,-3,0,1,1,,
1.698821e+05,"Ma(d1,d2,d4,d5)",4D,open,1,-3,0,1,2,,
1.698821e+05,"Ma(d1,d2,d4,d5)",4D,open,1,-3,0,1,3,,
1.698821e+05,"Ma(d1,d2,d4,d5)",4D,open,1,3,0,-1,-3,,
1.698821e+05,"Ma(d1,d2,d4,d5)",4D,open,1,3,0,-1,-2,,
1.698821e+05,"Ma(d1,d2,d4,d5)",4D,open,1,3,0,-1,-1,,
1.698821e+05,"Ma(d1,d2,d4)",3D,open,1,3,0,-1,0,,
1.698821e+05,"Ma(d1,d2,d4,d5)",4D,open,1,3,0,-1,1,,
1.698821e+05,"Ma(d1,d2,d4,d5)",4D,open,1,3,0,-1,2,,
1.698821e+05,"Ma(d1,d2,d4,d5)",4D,open,1,3,0,-1,3,,
1.698821e+05,"Ma(d1,d2,d4,d5)",4D,open,1,3,0,1,-3,,
1.698821e+05,"Ma(d1,d2,d4,d5)",4D,open,1,3,0,1,-2,,
1.698821e+05,"Ma(d1,d2,d4,d5)",4D,open,1,3,0,1,-1,,
1.698821e+05,"Ma(d1,d2,d4)",3D,open,1,3,0,1,0,,
1.698821e+05,"Ma(d1,d2,d4,d5)",4D,open,1,3,0,1,1,,
1.698821e+05,"Ma(d1,d2,d4,d5)",4D,open,1,3,0,1,2,,
1.698821e+05,"Ma(d1,d2,d4,d5)",4D,open,1,3,0,1,3,,
1.698821e+05,"Ma(d1,d2,d4,d5)",4D,open,-1,-3,0,-2,-3,,
1.698821e+05,"Ma(d1,d2,d4,d5)",4D,open,-1,-3,0,-2,-2,,
1.698821e+05,"Ma(d1,d2,d4,d5)",4D,open,-1,-3,0,-2,-1,,
1.698821e+05,"Ma(d1,d2,d4)",3D,open,-1,-3,0,-2,0,,
1.698821e+05,"Ma(d1,d2,d4,d5)",4D,open,-1,-3,0,-2,1,,
1.698821e+05,"Ma(d1,d2,d4,d5)",4D,open,-1,-3,0,-2,2,,
1.698821e+05,"Ma(d1,d2,d4,d5)",4D,open,-1,-3,0,-2,3,,
1.698821e+05,"Ma(d1,d2,d4,d5)",4D,open,-1,-3,0,2,-3,,
1.698821e+05,"Ma(d1,d2,d4,d5)",4D,open,-1,-3,0,2,-2,,
1.698821e+05,"Ma(d1,d2,d4,d5)",4D,open,-1,-3,0,2,-1,,
1.698821e+05,"Ma(d1,d2,d4)",3D,open,-1,-3,0,2,0,,
1.698821e+05,"Ma(d1,d2,d4,d5)",4D,open,-1,-3,0,2,1,,
1.698821e+05,"Ma(d1,d2,d4,d5)",4D,open,-1,-3,0,2,2,,
1.698821e+05,"Ma(d1,d2,d4,d5)",4D,open,-1,-3,0,2,3,,
1.698821e+05,"Ma(d1,d2,d4,d5)",4D,open,-1,3,0,-2,-3,,
1.698821e+05,"Ma(d1,d2,d4,d5)",4D,open,-1,3,0,-2,-2,,
1.698821e+05,"Ma(d1,d2,d4,d5)",4D,open,-1,3,0,-2,-1,,
1.698821e+05,"Ma(d1,d2,d4)",3D,open,-1,3,0,-2,0,,
1.698821e+05,"Ma(d1,d2,d4,d5)",4D,open,-1,3,0,-2,1,,
1.698821e+05,"Ma(d1,d2,d4,d5)",4D,open,-1,3,0,-2,2,,
1.698821e+05,"Ma(d1,d2,d4,d5)",4D,open,-1,3,0,-2,3,,
1.698821e+05,"Ma(d1,d2,d4,d5)",4D,open,-1,3,0,2,-3,,
1.698821e+05,"Ma(d1,d2,d4,d5)",4D,open,-1,3,0,2,-2,,
1.698821e+05,"Ma(d1,d2,d4,d5)",4D,open,-1,3,0,2,-1,,
1.698821e+05,"Ma(d1,d2,d4)",3D,open,-1,3,0,2,0,,
1.698821e+05,"Ma(d1,d2,d4,d5)",4D,open,-1,3,0,2,1,,
1.698821e+05,"Ma(d1,d2,d4,d5)",4D,open,-1,3,0,2,2,,
1.698821e+05,"Ma(d1,d2,d4,d5)",4D,open,-1,3,0,2,3,,
1.698821e+05,"Ma(d1,d2,d4,d5)",4D,open,1,-3,0,-2,-3,,
1.698821e+05,"Ma(d1,d2,d4,d5)",4D,open,1,-3,0,-2,-2,,
1.698821e+05,"Ma(d1,d2,d4,d5)",4D,open,1,-3,0,-2,-1,,
1.698821e+05,"Ma(d1,d2,d4)",3D,open,1,-3,0,-2,0,,
1.698821e+05,"Ma(d1,d2,d4,d5)",4D,open,1,-3,0,-2,1,,
1.698821e+05,"Ma(d1,d2,d4,d5)",4D,open,1,-3,0,-2,2,,
1.698821e+05,"Ma(d1,d2,d4,d5)",4D,open,1,-3,0,-2,3,,
1.698821e+05,"Ma(d1,d2,d4,d5)",4D,open,1,-3,0,2,-3,,
1.698821e+05,"Ma(d1,d2,d4,d5)",4D,open,1,-3,0,2,-2,,
1.698821e+05,"Ma(d1,d2,d4,d5)",4D,open,1,-3,0,2,-1,,
1.698821e+05,"Ma(d1,d2,d4)",3D,open,1,-3,0,2,0,,
1.698821e+05,"Ma(d1,d2,d4,d5)",4D,open,1,-3,0,2,1,,
1.698821e+05,"Ma(d1,d2,d4,d5)",4D,open,1,-3,0,2,2,,
1.698821e+05,"Ma(d1,d2,d4,d5)",4D,open,1,-3,0,2,3,,
1.698821e+05,"Ma(d1,d2,d4,d5)",4D,open,1,3,0,-2,-3,,
1.698821e+05,"Ma(d1,d2,d4,d5)",4D,open,1,3,0,-2,-2,,
1.698821e+05,"Ma(d1,d2,d4,d5)",4D,open,1,3,0,-2,-1,,
1.698821e+05,"Ma(d1,d2,d4)",3D,open,1,3,0,-2,0,,
1.698821e+05,"Ma(d1,d2,d4,d5)",4D,open,1,3,0,-2,1,,
1.698821e+05,"Ma(d1,d2,d4,d5)",4D,open,1,3,0,-2,2,,
1.698821e+05,"Ma(d1,d2,d4,d5)",4D,open,1,3,0,-2,3,,
1.698821e+05,"Ma(d1,d2,d4,d5)",4D,open,1,3,0,2,-3,,
1.698821e+05,"Ma(d1,d2,d4,d5)",4D,open,1,3,0,2,-2,,
1.698821e+05,"Ma(d1,d2,d4,d5)",4D,open,1,3,0,2,-1,,
1.698821e+05,"Ma(d1,d2,d4)",3D,open,1,3,0,2,0,,
1.698821e+05,"Ma(d1,d2,d4,d5)",4D,open,1,3,0,2,1,,
1.698821e+05,"Ma(d1,d2,d4,d5)",4D,open,1,3,0,2,2,,
1.698821e+05,"Ma(d1,d2,d4,d5)",4D,open,1,3,0,2,3,,
1.698821e+05,"Ma(d1,d2,d4,d5)",4D,open,-1,-3,0,-3,-3,,
1.698821e+05,"Ma(d1,d2,d4,d5)",4D,open,-1,-3,0,-3,-2,,
1.698821e+05,"Ma(d1,d2,d4,d5)",4D,open,-1,-3,0,-3,-1,,
1.698821e+05,"Ma(d1,d2,d4)",3D,open,-1,-3,0,-3,0,,
1.698821e+05,"Ma(d1,d2,d4,d5)",4D,open,-1,-3,0,-3,1,,
1.698821e+05,"Ma(d1,d2,d4,d5)",4D,open,-1,-3,0,-3,2,,
1.698821e+05,"Ma(d1,d2,d4,d5)",4D,open,-1,-3,0,-3,3,,
1.698821e+05,"Ma(d1,d2,d4,d5)",4D,open,-1,-3,0,3,-3,,
1.698821e+05,"Ma(d1,d2,d4,d5)",4D,open,-1,-3,0,3,-2,,
1.698821e+05,"Ma(d1,d2,d4,d5)",4D,open,-1,-3,0,3,-1,,
1.698821e+05,"Ma(d1,d2,d4)",3D,open,-1,-3,0,3,0,,
1.698821e+05,"Ma(d1,d2,d4,d5)",4D,open,-1,-3,0,3,1,,
1.698821e+05,"Ma(d1,d2,d4,d5)",4D,open,-1,-3,0,3,2,,
1.698821e+05,"Ma(d1,d2,d4,d5)",4D,open,-1,-3,0,3,3,,
1.698821e+05,"Ma(d1,d2,d4,d5)",4D,open,-1,3,0,-3,-3,,
1.698821e+05,"Ma(d1,d2,d4,d5)",4D,open,-1,3,0,-3,-2,,
1.698821e+05,"Ma(d1,d2,d4,d5)",4D,open,-1,3,0,-3,-1,,
1.698821e+05,"Ma(d1,d2,d4)",3D,open,-1,3,0,-3,0,,
1.698821e+05,"Ma(d1,d2,d4,d5)",4D,open,-1,3,0,-3,1,,
1.698821e+05,"Ma(d1,d2,d4,d5)",4D,open,-1,3,0,-3,2,,
1.698821e+05,"Ma(d1,d2,d4,d5)",4D,open,-1,3,0,-3,3,,
1.698821e+05,"Ma(d1,d2,d4,d5)",4D,open,-1,3,0,3,-3,,
1.698821e+05,"Ma(d1,d2,d4,d5)",4D,open,-1,3,0,3,-2,,
1.698821e+05,"Ma(d1,d2,d4,d5)",4D,open,-1,3,0,3,-1,,
1.698821e+05,"Ma(d1,d2,d4)",3D,open,-1,3,0,3,0,,
1.698821e+05,"Ma(d1,d2,d4,d5)",4D,open,-1,3,0,3,1,,
1.698821e+05,"Ma(d1,d2,d4,d5)",4D,open,-1,3,0,3,2,,
1.698821e+05,"Ma(d1,d2,d4,d5)",4D,open,-1,3,0,3,3,,
1.698821e+05,"Ma(d1,d2,d4,d5)",4D,open,1,-3,0,-3,-3,,
1.698821e+05,"Ma(d1,d2,d4,d5)",4D,open,1,-3,0,-3,-2,,
1.698821e+05,"Ma(d1,d2,d4,d5)",4D,open,1,-3,0,-3,-1,,
1.698821e+05,"Ma(d1,d2,d4)",3D,open,1,-3,0,-3,0,,
1.698821e+05,"Ma(d1,d2,d4,d5)",4D,open,1,-3,0,-3,1,,
1.698821e+05,"Ma(d1,d2,d4,d5)",4D,open,1,-3,0,-3,2,,
1.698821e+05,"Ma(d1,d2,d4,d5)",4D,open,1,-3,0,-3,3,,
1.698821e+05,"Ma(d1,d2,d4,d5)",4D,open,1,-3,0,3,-3,,
1.698821e+05,"Ma(d1,d2,d4,d5)",4D,open,1,-3,0,3,-2,,
1.698821e+05,"Ma(d1,d2,d4,d5)",4D,open,1,-3,0,3,-1,,
1.698821e+05,"Ma(d1,d2,d4)",3D,open,1,-3,0,3,0,,
1.698821e+05,"Ma(d1,d2,d4,d5)",4D,open,1,-3,0,3,1,,
1.698821e+05,"Ma(d1,d2,d4,d5)",4D,open,1,-3,0,3,2,,
1.698821e+05,"Ma(d1,d2,d4,d5)",4D,open,1,-3,0,3,3,,
1.698821e+05,"Ma(d1,d2,d4,d5)",4D,open,1,3,0,-3,-3,,
1.698821e+05,"Ma(d1,d2,d4,d5)",4D,open,1,3,0,-3,-2,,
1.698821e+05,"Ma(d1,d2,d4,d5)",4D,open,1,3,0,-3,-1,,
1.698821e+05,"Ma(d1,d2,d4)",3D,open,1,3,0,-3,0,,
1.698821e+05,"Ma(d1,d2,d4,d5)",4D,open,1,3,0,-3,1,,
1.698821e+05,"Ma(d1,d2,d4,d5)",4D,open,1,3,0,-3,2,,
1.698821e+05,"Ma(d1,d2,d4,d5)",4D,open,1,3,0,-3,3,,
1.698821e+05,"Ma(d1,d2,d4,d5)",4D,open,1,3,0,3,-3,,
1.698821e+05,"Ma(d1,d2,d4,d5)",4D,open,1,3,0,3,-2,,
1.698821e+05,"Ma(d1,d2,d4,d5)",4D,open,1,3,0,3,-1,,
1.698821e+05,"Ma(d1,d2,d4)",3D,open,1,3,0,3,0,,
1.698821e+05,"Ma(d1,d2,d4,d5)",4D,open,1,3,0,3,1,,
1.698821e+05,"Ma(d1,d2,d4,d5)",4D,open,1,3,0,3,2,,
1.698821e+05,"Ma(d1,d2,d4,d5)",4D,open,1,3,0,3,3,,
1.698821e+05,"Ma(d1,d2,d3,d5)",4D,open,-1,-3,-1,0,-3,,
1.698821e+05,"Ma(d1,d2,d3,d5)",4D,open,-1,-3,-1,0,-2,,
1.698821e+05,"Ma(d1,d2,d3,d5)",4D,open,-1,-3,-1,0,-1,,
1.698821e+05,"Ma(d1,d2,d3)",3D,open,-1,-3,-1,0,0,,
1.698821e+05,"Ma(d1,d2,d3,d5)",4D,open,-1,-3,-1,0,1,,
1.698821e+05,"Ma(d1,d2,d3,d5)",4D,open,-1,-3,-1,0,2,,
1.698821e+05,"Ma(d1,d2,d3,d5)",4D,open,-1,-3,-1,0,3,,
1.698821e+05,"Ma(d1,d2,d3,d5)",4D,open,-1,-3,1,0,-3,,
1.698821e+05,"Ma(d1,d2,d3,d5)",4D,open,-1,-3,1,0,-2,,
1.698821e+05,"Ma(d1,d2,d3,d5)",4D,open,-1,-3,1,0,-1,,
1.698821e+05,"Ma(d1,d2,d3)",3D,open,-1,-3,1,0,0,,
1.698821e+05,"Ma(d1,d2,d3,d5)",4D,open,-1,-3,1,0,1,,
1.698821e+05,"Ma(d1,d2,d3,d5)",4D,open,-1,-3,1,0,2,,
1.698821e+05,"Ma(d1,d2,d3,d5)",4D,open,-1,-3,1,0,3,,
1.698821e+05,"Ma(d1,d2,d3,d5)",4D,open,-1,3,-1,0,-3,,
1.698821e+05,"Ma(d1,d2,d3,d5)",4D,open,-1,3,-1,0,-2,,
1.698821e+05,"Ma(d1,d2,d3,d5)",4D,open,-1,3,-1,0,-1,,
1.698821e+05,"Ma(d1,d2,d3)",3D,open,-1,3,-1,0,0,,
1.698821e+05,"Ma(d1,d2,d3,d5)",4D,open,-1,3,-1,0,1,,
1.698821e+05,"Ma(d1,d2,d3,d5)",4D,open,-1,3,-1,0,2,,
1.698821e+05,"Ma(d1,d2,d3,d5)",4D,open,-1,3,-1,0,3,,
1.698821e+05,"Ma(d1,d2,d3,d5)",4D,open,-1,3,1,0,-3,,
1.698821e+05,"Ma(d1,d2,d3,d5)",4D,open,-1,3,1,0,-2,,
1.698821e+05,"Ma(d1,d2,d3,d5)",4D,open,-1,3,1,0,-1,,
1.698821e+05,"Ma(d1,d2,d3)",3D,open,-1,3,1,0,0,,
1.698821e+05,"Ma(d1,d2,d3,d5)",4D,open,-1,3,1,0,1,,
1.698821e+05,"Ma(d1,d2,d3,d5)",4D,open,-1,3,1,0,2,,
1.698821e+05,"Ma(d1,d2,d3,d5)",4D,open,-1,3,1,0,3,,
1.698821e+05,"Ma(d1,d2,d3,d5)",4D,open,1,-3,-1,0,-3,,
1.698821e+05,"Ma(d1,d2,d3,d5)",4D,open,1,-3,-1,0,-2,,
1.698821e+05,"Ma(d1,d2,d3,d5)",4D,open,1,-3,-1,0,-1,,
1.698821e+05,"Ma(d1,d2,d3)",3D,open,1,-3,-1,0,0,,
1.698821e+05,"Ma(d1,d2,d3,d5)",4D,open,1,-3,-1,0,1,,
1.698821e+05,"Ma(d1,d2,d3,d5)",4D,open,1,-3,-1,0,2,,
1.698821e+05,"Ma(d1,d2,d3,d5)",4D,open,1,-3,-1,0,3,,
1.698821e+05,"Ma(d1,d2,d3,d5)",4D,open,1,-3,1,0,-3,,
1.698821e+05,"Ma(d1,d2,d3,d5)",4D,open,1,-3,1,0,-2,,
1.698821e+05,"Ma(d1,d2,d3,d5)",4D,open,1,-3,1,0,-1,,
1.698821e+05,"Ma(d1,d2,d3)",3D,open,1,-3,1,0,0,,
1.698821e+05,"Ma(d1,d2,d3,d5)",4D,open,1,-3,1,0,1,,
1.698821e+05,"Ma(d1,d2,d3,d5)",4D,open,1,-3,1,0,2,,
1.698821e+05,"Ma(d1,d2,d3,d5)",4D,open,1,-3,1,0,3,,
1.698821e+05,"Ma(d1,d2,d3,d5)",4D,open,1,3,-1,0,-3,,
1.698821e+05,"Ma(d1,d2,d3,d5)",4D,open,1,3,-1,0,-2,,
1.698821e+05,"Ma(d1,d2,d3,d5)",4D,open,1,3,-1,0,-1,,
1.698821e+05,"Ma(d1,d2,d3)",3D,open,1,3,-1,0,0,,
1.698821e+05,"Ma(d1,d2,d3,d5)",4D,open,1,3,-1,0,1,,
1.698821e+05,"Ma(d1,d2,d3,d5)",4D,open,1,3,-1,0,2,,
1.698821e+05,"Ma(d1,d2,d3,d5)",4D,open,1,3,-1,0,3,,
1.698821e+05,"Ma(d1,d2,d3,d5)",4D,open,1,3,1,0,-3,,
1.698821e+05,"Ma(d1,d2,d3,d5)",4D,open,1,3,1,0,-2,,
1.698821e+05,"Ma(d1,d2,d3,d5)",4D,open,1,3,1,0,-1,,
1.698821e+05,"Ma(d1,d2,d3)",3D,open,1,3,1,0,0,,
1.698821e+05,"Ma(d1,d2,d3,d5)",4D,open,1,3,1,0,1,,
1.698821e+05,"Ma(d1,d2,d3,d5)",4D,open,1,3,1,0,2,,
1.698821e+05,"Ma(d1,d2,d3,d5)",4D,open,1,3,1,0,3,,
1.698821e+05,"Ma(d1,d2,d3,d4,d5)",5D,open,-1,-3,-1,-1,-3,,
1.698821e+05,"Ma(d1,d2,d3,d4,d5)",5D,open,-1,-3,-1,-1,-2,,
1.698821e+05,"Ma(d1,d2,d3,d4,d5)",5D,open,-1,-3,-1,-1,-1,,
1.698821e+05,"Ma(d1,d2,d3,d4)",4D,open,-1,-3,-1,-1,0,,
1.698821e+05,"Ma(d1,d2,d3,d4,d5)",5D,open,-1,-3,-1,-1,1,,
1.698821e+05,"Ma(d1,d2,d3,d4,d5)",5D,open,-1,-3,-1,-1,2,,
1.698821e+05,"Ma(d1,d2,d3,d4,d5)",5D,open,-1,-3,-1,-1,3,,
1.698821e+05,"Ma(d1,d2,d3,d4,d5)",5D,open,-1,-3,-1,1,-3,,
1.698821e+05,"Ma(d1,d2,d3,d4,d5)",5D,open,-1,-3,-1,1,-2,,
1.698821e+05,"Ma(d1,d2,d3,d4,d5)",5D,open,-1,-3,-1,1,-1,,
1.698821e+05,"Ma(d1,d2,d3,d4)",4D,open,-1,-3,-1,1,0,,
1.698821e+05,"Ma(d1,d2,d3,d4,d5)",5D,open,-1,-3,-1,1,1,,
1.698821e+05,"Ma(d1,d2,d3,d4,d5)",5D,open,-1,-3,-1,1,2,,
1.698821e+05,"Ma(d1,d2,d3,d4,d5)",5D,open,-1,-3,-1,1,3,,
1.698821e+05,"Ma(d1,d2,d3,d4,d5)",5D,open,-1,-3,1,-1,-3,,
1.698821e+05,"Ma(d1,d2,d3,d4,d5)",5D,open,-1,-3,1,-1,-2,,
1.698821e+05,"Ma(d1,d2,d3,d4,d5)",5D,open,-1,-3,1,-1,-1,,
1.698821e+05,"Ma(d1,d2,d3,d4)",4D,open,-1,-3,1,-1,0,,
1.698821e+05,"Ma(d1,d2,d3,d4,d5)",5D,open,-1,-3,1,-1,1,,
1.698821e+05,"Ma(d1,d2,d3,d4,d5)",5D,open,-1,-3,1,-1,2,,
1.698821e+05,"Ma(d1,d2,d3,d4,d5)",5D,open,-1,-3,1,-1,3,,
1.698821e+05,"Ma(d1,d2,d3,d4,d5)",5D,open,-1,-3,1,1,-3,,
1.698821e+05,"Ma(d1,d2,d3,d4,d5)",5D,open,-1,-3,1,1,-2,,
1.698821e+05,"Ma(d1,d2,d3,d4,d5)",5D,open,-1,-3,1,1,-1,,
1.698821e+05,"Ma(d1,d2,d3,d4)",4D,open,-1,-3,1,1,0,,
1.698821e+05,"Ma(d1,d2,d3,d4,d5)",5D,open,-1,-3,1,1,1,,
1.698821e+05,"Ma(d1,d2,d3,d4,d5)",5D,open,-1,-3,1,1,2,,
1.698821e+05,"Ma(d1,d2,d3,d4,d5)",5D,open,-1,-3,1,1,3,,
1.698821e+05,"Ma(d1,d2,d3,d4,d5)",5D,open,-1,3,-1,-1,-3,,
1.698821e+05,"Ma(d1,d2,d3,d4,d5)",5D,open,-1,3,-1,-1,-2,,
1.698821e+05,"Ma(d1,d2,d3,d4,d5)",5D,open,-1,3,-1,-1,-1,,
1.698821e+05,"Ma(d1,d2,d3,d4)",4D,open,-1,3,-1,-1,0,,
1.698821e+05,"Ma(d1,d2,d3,d4,d5)",5D,open,-1,3,-1,-1,1,,
1.698821e+05,"Ma(d1,d2,d3,d4,d5)",5D,open,-1,3,-1,-1,2,,
1.698821e+05,"Ma(d1,d2,d3,d4,d5)",5D,open,-1,3,-1,-1,3,,
1.698821e+05,"Ma(d1,d2,d3,d4,d5)",5D,open,-1,3,-1,1,-3,,
1.698821e+05,"Ma(d1,d2,d3,d4,d5)",5D,open,-1,3,-1,1,-2,,
1.698821e+05,"Ma(d1,d2,d3,d4,d5)",5D,open,-1,3,-1,1,-1,,
1.698821e+05,"Ma(d1,d2,d3,d4)",4D,open,-1,3,-1,1,0,,
1.698821e+05,"Ma(d1,d2,d3,d4,d5)",5D,open,-1,3,-1,1,1,,
1.698821e+05,"Ma(d1,d2,d3,d4,d5)",5D,open,-1,3,-1,1,2,,
1.698821e+05,"Ma(d1,d2,d3,d4,d5)",5D,open,-1,3,-1,1,3,,
1.698821e+05,"Ma(d1,d2,d3,d4,d5)",5D,open,-1,3,1,-1,-3,,
1.698821e+05,"Ma(d1,d2,d3,d4,d5)",5D,open,-1,3,1,-1,-2,,
1.698821e+05,"Ma(d1,d2,d3,d4,d5)",5D,open,-1,3,1,-1,-1,,
1.698821e+05,"Ma(d1,d2,d3,d4)",4D,open,-1,3,1,-1,0,,
1.698821e+05,"Ma(d1,d2,d3,d4,d5)",5D,open,-1,3,1,-1,1,,
1.698821e+05,"Ma(d1,d2,d3,d4,d5)",5D,open,-1,3,1,-1,2,,
1.698821e+05,"Ma(d1,d2,d3,d4,d5)",5D,open,-1,3,1,-1,3,,
1.698821e+05,"Ma(d1,d2,d3,d4,d5)",5D,open,-1,3,1,1,-3,,
1.698821e+05,"Ma(d1,d2,d3,d4,d5)",5D,open,-1,3,1,1,-2,,
1.698821e+05,"Ma(d1,d2,d3,d4,d5)",5D,open,-1,3,1,1,-1,,
1.698821e+05,"Ma(d1,d2,d3,d4)",4D,open,-1,3,1,1,0,,
1.698821e+05,"Ma(d1,d2,d3,d4,d5)",5D,open,-1,3,1,1,1,,
1.698821e+05,"Ma(d1,d2,d3,d4,d5)",5D,open,-1,3,1,1,2,,
1.698821e+05,"Ma(d1,d2,d3,d4,d5)",5D,open,-1,3,1,1,3,,
1.698821e+05,"Ma(d1,d2,d3,d4,d5)",5D,open,1,-3,-1,-1,-3,,
1.698821e+05,"Ma(d1,d2,d3,d4,d5)",5D,open,1,-3,-1,-1,-2,,
1.698821e+05,"Ma(d1,d2,d3,d4,d5)",5D,open,1,-3,-1,-1,-1,,
1.698821e+05,"Ma(d1,d2,d3,d4)",4D,open,1,-3,-1,-1,0,,
1.698821e+05,"Ma(d1,d2,d3,d4,d5)",5D,open,1,-3,-1,-1,1,,
1.698821e+05,"Ma(d1,d2,d3,d4,d5)",5D,open,1,-3,-1,-1,2,,
1.698821e+05,"Ma(d1,d2,d3,d4,d5)",5D,open,1,-3,-1,-1,3,,
1.698821e+05,"Ma(d1,d2,d3,d4,d5)",5D,open,1,-3,-1,1,-3,,
1.698821e+05,"Ma(d1,d2,d3,d4,d5)",5D,open,1,-3,-1,1,-2,,
1.698821e+05,"Ma(d1,d2,d3,d4,d5)",5D,open,1,-3,-1,1,-1,,
1.698821e+05,"Ma(d1,d2,d3,d4)",4D,open,1,-3,-1,1,0,,
1.698821e+05,"Ma(d1,d2,d3,d4,d5)",5D,open,1,-3,-1,1,1,,
1.698821e+05,"Ma(d1,d2,d3,d4,d5)",5D,open,1,-3,-1,1,2,,
1.698821e+05,"Ma(d1,d2,d3,d4,d5)",5D,open,1,-3,-1,1,3,,
1.698821e+05,"Ma(d1,d2,d3,d4,d5)",5D,open,1,-3,1,-1,-3,,
1.698821e+05,"Ma(d1,d2,d3,d4,d5)",5D,open,1,-3,1,-1,-2,,
1.698821e+05,"Ma(d1,d2,d3,d4,d5)",5D,open,1,-3,1,-1,-1,,
1.698821e+05,"Ma(d1,d2,d3,d4)",4D,open,1,-3,1,-1,0,,
1.698821e+05,"Ma(d1,d2,d3,d4,d5)",5D,open,1,-3,1,-1,1,,
1.698821e+05,"Ma(d1,d2,d3,d4,d5)",5D,open,1,-3,1,-1,2,,
1.698821e+05,"Ma(d1,d2,d3,d4,d5)",5D,open,1,-3,1,-1,3,,
1.698821e+05,"Ma(d1,d2,d3,d4,d5)",5D,open,1,-3,1,1,-3,,
1.698821e+05,"Ma(d1,d2,d3,d4,d5)",5D,open,1,-3,1,1,-2,,
1.698821e+05,"Ma(d1,d2,d3,d4,d5)",5D,open,1,-3,1,1,-1,,
1.698821e+05,"Ma(d1,d2,d3,d4)",4D,open,1,-3,1,1,0,,
1.698821e+05,"Ma(d1,d2,d3,d4,d5)",5D,open,1,-3,1,1,1,,
1.698821e+05,"Ma(d1,d2,d3,d4,d5)",5D,open,1,-3,1,1,2,,
1.698821e+05,"Ma(d1,d2,d3,d4,d5)",5D,open,1,-3,1,1,3,,
1.698821e+05,"Ma(d1,d2,d3,d4,d5)",5D,open,1,3,-1,-1,-3,,
1.698821e+05,"Ma(d1,d2,d3,d4,d5)",5D,open,1,3,-1,-1,-2,,
1.698821e+05,"Ma(d1,d2,d3,d4,d5)",5D,open,1,3,-1,-1,-1,,
1.698821e+05,"Ma(d1,d2,d3,d4)",4D,open,1,3,-1,-1,0,,
1.698821e+05,"Ma(d1,d2,d3,d4,d5)",5D,open,1,3,-1,-1,1,,
1.698821e+05,"Ma(d1,d2,d3,d4,d5)",5D,open,1,3,-1,-1,2,,
1.698821e+05,"Ma(d1,d2,d3,d4,d5)",5D,open,1,3,-1,-1,3,,
1.698821e+05,"Ma(d1,d2,d3,d4,d5)",5D,open,1,3,-1,1,-3,,
1.698821e+05,"Ma(d1,d2,d3,d4,d5)",5D,open,1,3,-1,1,-2,,
1.698821e+05,"Ma(d1,d2,d3,d4,d5)",5D,open,1,3,-1,1,-1,,
1.698821e+05,"Ma(d1,d2,d3,d4)",4D,open,1,3,-1,1,0,,
1.698821e+05,"Ma(d1,d2,d3,d4,d5)",5D,open,1,3,-1,1,1,,
1.698821e+05,"Ma(d1,d2,d3,d4,d5)",5D,open,1,3,-1,1,2,,
1.698821e+05,"Ma(d1,d2,d3,d4,d5)",5D,open,1,3,-1,1,3,,
1.698821e+05,"Ma(d1,d2,d3,d4,d5)",5D,open,1,3,1,-1,-3,,
1.698821e+05,"Ma(d1,d2,d3,d4,d5)",5D,open,1,3,1,-1,-2,,
1.698821e+05,"Ma(d1,d2,d3,d4,d5)",5D,open,1,3,1,-1,-1,,
1.698821e+05,"Ma(d1,d2,d3,d4)",4D,open,1,3,1,-1,0,,
1.698821e+05,"Ma(d1,d2,d3,d4,d5)",5D,open,1,3,1,-1,1,,
1.698821e+05,"Ma(d1,d2,d3,d4,d5)",5D,open,1,3,1,-1,2,,
1.698821e+05,"Ma(d1,d2,d3,d4,d5)",5D,open,1,3,1,-1,3,,
1.698821e+05,"Ma(d1,d2,d3,d4,d5)",5D,open,1,3,1,1,-3,,
1.698821e+05,"Ma(d1,d2,d3,d4,d5)",5D,open,1,3,1,1,-2,,
1.698821e+05,"Ma(d1,d2,d3,d4,d5)",5D,open,1,3,1,1,-1,,
1.698821e+05,"Ma(d1,d2,d3,d4)",4D,open,1,3,1,1,0,,
1.698821e+05,"Ma(d1,d2,d3,d4,d5)",5D,open,1,3,1,1,1,,
1.698821e+05,"Ma(d1,d2,d3,d4,d5)",5D,open,1,3,1,1,2,,
1.698821e+05,"Ma(d1,d2,d3,d4,d5)",5D,open,1,3,1,1,3,,
1.698821e+05,"Ma(d1,d2,d3,d4,d5)",5D,open,-1,-3,-1,-2,-3,,
1.698821e+05,"Ma(d1,d2,d3,d4,d5)",5D,open,-1,-3,-1,-2,-2,,
1.698821e+05,"Ma(d1,d2,d3,d4,d5)",5D,open,-1,-3,-1,-2,-1,,
1.698821e+05,"Ma(d1,d2,d3,d4)",4D,open,-1,-3,-1,-2,0,,
1.698821e+05,"Ma(d1,d2,d3,d4,d5)",5D,open,-1,-3,-1,-2,1,,
1.698821e+05,"Ma(d1,d2,d3,d4,d5)",5D,open,-1,-3,-1,-2,2,,
1.698821e+05,"Ma(d1,d2,d3,d4,d5)",5D,open,-1,-3,-1,-2,3,,
1.698821e+05,"Ma(d1,d2,d3,d4,d5)",5D,open,-1,-3,-1,2,-3,,
1.698821e+05,"Ma(d1,d2,d3,d4,d5)",5D,open,-1,-3,-1,2,-2,,
1.698821e+05,"Ma(d1,d2,d3,d4,d5)",5D,open,-1,-3,-1,2,-1,,
1.698821e+05,"Ma(d1,d2,d3,d4)",4D,open,-1,-3,-1,2,0,,
1.698821e+05,"Ma(d1,d2,d3,d4,d5)",5D,open,-1,-3,-1,2,1,,
1.698821e+05,"Ma(d1,d2,d3,d4,d5)",5D,open,-1,-3,-1,2,2,,
1.698821e+05,"Ma(d1,d2,d3,d4,d5)",5D,open,-1,-3,-1,2,3,,
1.698821e+05,"Ma(d1,d2,d3,d4,d5)",5D,open,-1,-3,1,-2,-3,,
1.698821e+05,"Ma(d1,d2,d3,d4,d5)",5D,open,-1,-3,1,-2,-2,,
1.698821e+05,"Ma(d1,d2,d3,d4,d5)",5D,open,-1,-3,1,-2,-1,,
1.698821e+05,"Ma(d1,d2,d3,d4)",4D,open,-1,-3,1,-2,0,,
1.698821e+05,"Ma(d1,d2,d3,d4,d5)",5D,open,-1,-3,1,-2,1,,
1.698821e+05,"Ma(d1,d2,d3,d4,d5)",5D,open,-1,-3,1,-2,2,,
1.698821e+05,"Ma(d1,d2,d3,d4,d5)",5D,open,-1,-3,1,-2,3,,
1.698821e+05,"Ma(d1,d2,d3,d4,d5)",5D,open,-1,-3,1,2,-3,,
1.698821e+05,"Ma(d1,d2,d3,d4,d5)",5D,open,-1,-3,1,2,-2,,
1.698821e+05,"Ma(d1,d2,d3,d4,d5)",5D,open,-1,-3,1,2,-1,,
1.698821e+05,"Ma(d1,d2,d3,d4)",4D,open,-1,-3,1,2,0,,
1.698821e+05,"Ma(d1,d2,d3,d4,d5)",5D,open,-1,-3,1,2,1,,
1.698821e+05,"Ma(d1,d2,d3,d4,d5)",5D,open,-1,-3,1,2,2,,
1.698821e+05,"Ma(d1,d2,d3,d4,d5)",5D,open,-1,-3,1,2,3,,
1.698821e+05,"Ma(d1,d2,d3,d4,d5)",5D,open,-1,3,-1,-2,-3,,
1.698821e+05,"Ma(d1,d2,d3,d4,d5)",5D,open,-1,3,-1,-2,-2,,
1.698821e+05,"Ma(d1,d2,d3,d4,d5)",5D,open,-1,3,-1,-2,-1,,
1.698821e+05,"Ma(d1,d2,d3,d4)",4D,open,-1,3,-1,-2,0,,
1.698821e+05,"Ma(d1,d2,d3,d4,d5)",5D,open,-1,3,-1,-2,1,,
1.698821e+05,"Ma(d1,d2,d3,d4,d5)",5D,open,-1,3,-1,-2,2,,
1.698821e+05,"Ma(d1,d2,d3,d4,d5)",5D,open,-1,3,-1,-2,3,,
1.698821e+05,"Ma(d1,d2,d3,d4,d5)",5D,open,-1,3,-1,2,-3,,
1.698821e+05,"Ma(d1,d2,d3,d4,d5)",5D,open,-1,3,-1,2,-2,,
1.698821e+05,"Ma(d1,d2,d3,d4,d5)",5D,open,-1,3,-1,2,-1,,
1.698821e+05,"Ma(d1,d2,d3,d4)",4D,open,-1,3,-1,2,0,,
1.698821e+05,"Ma(d1,d2,d3,d4,d5)",5D,open,-1,3,-1,2,1,,
1.698821e+05,"Ma(d1,d2,d3,d4,d5)",5D,open,-1,3,-1,2,2,,
1.698821e+05,"Ma(d1,d2,d3,d4,d5)",5D,open,-1,3,-1,2,3,,
1.698821e+05,"Ma(d1,d2,d3,d4,d5)",5D,open,-1,3,1,-2,-3,,
1.698821e+05,"Ma(d1,d2,d3,d4,d5)",5D,open,-1,3,1,-2,-2,,
1.698821e+05,"Ma(d1,d2,d3,d4,d5)",5D,open,-1,3,1,-2,-1,,
1.698821e+05,"Ma(d1,d2,d3,d4)",4D,open,-1,3,1,-2,0,,
1.698821e+05,"Ma(d1,d2,d3,d4,d5)",5D,open,-1,3,1,-2,1,,
1.698821e+05,"Ma(d1,d2,d3,d4,d5)",5D,open,-1,3,1,-2,2,,
1.698821e+05,"Ma(d1,d2,d3,d4,d5)",5D,open,-1,3,1,-2,3,,
1.698821e+05,"Ma(d1,d2,d3,d4,d5)",5D,open,-1,3,1,2,-3,,
1.698821e+05,"Ma(d1,d2,d3,d4,d5)",5D,open,-1,3,1,2,-2,,
1.698821e+05,"Ma(d1,d2,d3,d4,d5)",5D,open,-1,3,1,2,-1,,
1.698821e+05,"Ma(d1,d2,d3,d4)",4D,open,-1,3,1,2,0,,
1.698821e+05,"Ma(d1,d2,d3,d4,d5)",5D,open,-1,3,1,2,1,,
1.698821e+05,"Ma(d1,d2,d3,d4,d5)",5D,open,-1,3,1,2,2,,
1.698821e+05,"Ma(d1,d2,d3,d4,d5)",5D,open,-1,3,1,2,3,,
1.698821e+05,"Ma(d1,d2,d3,d4,d5)",5D,open,1,-3,-1,-2,-3,,
1.698821e+05,"Ma(d1,d2,d3,d4,d5)",5D,open,1,-3,-1,-2,-2,,
1.698821e+05,"Ma(d1,d2,d3,d4,d5)",5D,open,1,-3,-1,-2,-1,,
1.698821e+05,"Ma(d1,d2,d3,d4)",4D,open,1,-3,-1,-2,0,,
1.698821e+05,"Ma(d1,d2,d3,d4,d5)",5D,open,1,-3,-1,-2,1,,
1.698821e+05,"Ma(d1,d2,d3,d4,d5)",5D,open,1,-3,-1,-2,2,,
1.698821e+05,"Ma(d1,d2,d3,d4,d5)",5D,open,1,-3,-1,-2,3,,
1.698821e+05,"Ma(d1,d2,d3,d4,d5)",5D,open,1,-3,-1,2,-3,,
1.698821e+05,"Ma(d1,d2,d3,d4,d5)",5D,open,1,-3,-1,2,-2,,
1.698821e+05,"Ma(d1,d2,d3,d4,d5)",5D,open,1,-3,-1,2,-1,,
1.698821e+05,"Ma(d1,d2,d3,d4)",4D,open,1,-3,-1,2,0,,
1.698821e+05,"Ma(d1,d2,d3,d4,d5)",5D,open,1,-3,-1,2,1,,
1.698821e+05,"Ma(d1,d2,d3,d4,d5)",5D,open,1,-3,-1,2,2,,
1.698821e+05,"Ma(d1,d2,d3,d4,d5)",5D,open,1,-3,-1,2,3,,
1.698821e+05,"Ma(d1,d2,d3,d4,d5)",5D,open,1,-3,1,-2,-3,,
1.698821e+05,"Ma(d1,d2,d3,d4,d5)",5D,open,1,-3,1,-2,-2,,
1.698821e+05,"Ma(d1,d2,d3,d4,d5)",5D,open,1,-3,1,-2,-1,,
1.698821e+05,"Ma(d1,d2,d3,d4)",4D,open,1,-3,1,-2,0,,
1.698821e+05,"Ma(d1,d2,d3,d4,d5)",5D,open,1,-3,1,-2,1,,
1.698821e+05,"Ma(d1,d2,d3,d4,d5)",5D,open,1,-3,1,-2,2,,
1.698821e+05,"Ma(d1,d2,d3,d4,d5)",5D,open,1,-3,1,-2,3,,
1.698821e+05,"Ma(d1,d2,d3,d4,d5)",5D,open,1,-3,1,2,-3,,
1.698821e+05,"Ma(d1,d2,d3,d4,d5)",5D,open,1,-3,1,2,-2,,
1.698821e+05,"Ma(d1,d2,d3,d4,d5)",5D,open,1,-3,1,2,-1,,
1.698821e+05,"Ma(d1,d2,d3,d4)",4D,open,1,-3,1,2,0,,
1.698821e+05,"Ma(d1,d2,d3,d4,d5)",5D,open,1,-3,1,2,1,,
1.698821e+05,"Ma(d1,d2,d3,d4,d5)",5D,open,1,-3,1,2,2,,
1.698821e+05,"Ma(d1,d2,d3,d4,d5)",5D,open,1,-3,1,2,3,,
1.698821e+05,"Ma(d1,d2,d3,d4,d5)",5D,open,1,3,-1,-2,-3,,
1.698821e+05,"Ma(d1,d2,d3,d4,d5)",5D,open,1,3,-1,-2,-2,,
1.698821e+05,"Ma(d1,d2,d3,d4,d5)",5D,open,1,3,-1,-2,-1,,
1.698821e+05,"Ma(d1,d2,d3,d4)",4D,open,1,3,-1,-2,0,,
1.698821e+05,"Ma(d1,d2,d3,d4,d5)",5D,open,1,3,-1,-2,1,,
1.698821e+05,"Ma(d1,d2,d3,d4,d5)",5D,open,1,3,-1,-2,2,,
1.698821e+05,"Ma(d1,d2,d3,d4,d5)",5D,open,1,3,-1,-2,3,,
1.698821e+05,"Ma(d1,d2,d3,d4,d5)",5D,open,1,3,-1,2,-3,,
1.698821e+05,"Ma(d1,d2,d3,d4,d5)",5D,open,1,3,-1,2,-2,,
1.698821e+05,"Ma(d1,d2,d3,d4,d5)",5D,open,1,3,-1,2,-1,,
1.698821e+05,"Ma(d1,d2,d3,d4)",4D,open,1,3,-1,2,0,,
1.698821e+05,"Ma(d1,d2,d3,d4,d5)",5D,open,1,3,-1,2,1,,
1.698821e+05,"Ma(d1,d2,d3,d4,d5)",5D,open,1,3,-1,2,2,,
1.698821e+05,"Ma(d1,d2,d3,d4,d5)",5D,open,1,3,-1,2,3,,
1.698821e+05,"Ma(d1,d2,d3,d4,d5)",5D,open,1,3,1,-2,-3,,
1.698821e+05,"Ma(d1,d2,d3,d4,d5)",5D,open,1,3,1,-2,-2,,
1.698821e+05,"Ma(d1,d2,d3,d4,d5)",5D,open,1,3,1,-2,-1,,
1.698821e+05,"Ma(d1,d2,d3,d4)",4D,open,1,3,1,-2,0,,
1.698821e+05,"Ma(d1,d2,d3,d4,d5)",5D,open,1,3,1,-2,1,,
1.698821e+05,"Ma(d1,d2,d3,d4,d5)",5D,open,1,3,1,-2,2,,
1.698821e+05,"Ma(d1,d2,d3,d4,d5)",5D,open,1,3,1,-2,3,,
1.698821e+05,"Ma(d1,d2,d3,d4,d5)",5D,open,1,3,1,2,-3,,
1.698821e+05,"Ma(d1,d2,d3,d4,d5)",5D,open,1,3,1,2,-2,,
1.698821e+05,"Ma(d1,d2,d3,d4,d5)",5D,open,1,3,1,2,-1,,
1.698821e+05,"Ma(d1,d2,d3,d4)",4D,open,1,3,1,2,0,,
1.698821e+05,"Ma(d1,d2,d3,d4,d5)",5D,open,1,3,1,2,1,,
1.698821e+05,"Ma(d1,d2,d3,d4,d5)",5D,open,1,3,1,2,2,,
1.698821e+05,"Ma(d1,d2,d3,d4,d5)",5D,open,1,3,1,2,3,,
1.698821e+05,"Ma(d1,d2,d3,d4,d5)",5D,open,-1,-3,-1,-3,-3,,
1.698821e+05,"Ma(d1,d2,d3,d4,d5)",5D,open,-1,-3,-1,-3,-2,,
1.698821e+05,"Ma(d1,d2,d3,d4,d5)",5D,open,-1,-3,-1,-3,-1,,
1.698821e+05,"Ma(d1,d2,d3,d4)",4D,open,-1,-3,-1,-3,0,,
1.698821e+05,"Ma(d1,d2,d3,d4,d5)",5D,open,-1,-3,-1,-3,1,,
1.698821e+05,"Ma(d1,d2,d3,d4,d5)",5D,open,-1,-3,-1,-3,2,,
1.698821e+05,"Ma(d1,d2,d3,d4,d5)",5D,open,-1,-3,-1,-3,3,,
1.698821e+05,"Ma(d1,d2,d3,d4,d5)",5D,open,-1,-3,-1,3,-3,,
1.698821e+05,"Ma(d1,d2,d3,d4,d5)",5D,open,-1,-3,-1,3,-2,,
1.698821e+05,"Ma(d1,d2,d3,d4,d5)",5D,open,-1,-3,-1,3,-1,,
1.698821e+05,"Ma(d1,d2,d3,d4)",4D,open,-1,-3,-1,3,0,,
1.698821e+05,"Ma(d1,d2,d3,d4,d5)",5D,open,-1,-3,-1,3,1,,
1.698821e+05,"Ma(d1,d2,d3,d4,d5)",5D,open,-1,-3,-1,3,2,,
1.698821e+05,"Ma(d1,d2,d3,d4,d5)",5D,open,-1,-3,-1,3,3,,
1.698821e+05,"Ma(d1,d2,d3,d4,d5)",5D,open,-1,-3,1,-3,-3,,
1.698821e+05,"Ma(d1,d2,d3,d4,d5)",5D,open,-1,-3,1,-3,-2,,
1.698821e+05,"Ma(d1,d2,d3,d4,d5)",5D,open,-1,-3,1,-3,-1,,
1.698821e+05,"Ma(d1,d2,d3,d4)",4D,open,-1,-3,1,-3,0,,
1.698821e+05,"Ma(d1,d2,d3,d4,d5)",5D,open,-1,-3,1,-3,1,,
1.698821e+05,"Ma(d1,d2,d3,d4,d5)",5D,open,-1,-3,1,-3,2,,
1.698821e+05,"Ma(d1,d2,d3,d4,d5)",5D,open,-1,-3,1,-3,3,,
1.698821e+05,"Ma(d1,d2,d3,d4,d5)",5D,open,-1,-3,1,3,-3,,
1.698821e+05,"Ma(d1,d2,d3,d4,d5)",5D,open,-1,-3,1,3,-2,,
1.698821e+05,"Ma(d1,d2,d3,d4,d5)",5D,open,-1,-3,1,3,-1,,
1.698821e+05,"Ma(d1,d2,d3,d4)",4D,open,-1,-3,1,3,0,,
1.698821e+05,"Ma(d1,d2,d3,d4,d5)",5D,open,-1,-3,1,3,1,,
1.698821e+05,"Ma(d1,d2,d3,d4,d5)",5D,open,-1,-3,1,3,2,,
1.698821e+05,"Ma(d1,d2,d3,d4,d5)",5D,open,-1,-3,1,3,3,,
1.698821e+05,"Ma(d1,d2,d3,d4,d5)",5D,open,-1,3,-1,-3,-3,,
1.698821e+05,"Ma(d1,d2,d3,d4,d5)",5D,open,-1,3,-1,-3,-2,,
1.698821e+05,"Ma(d1,d2,d3,d4,d5)",5D,open,-1,3,-1,-3,-1,,
1.698821e+05,"Ma(d1,d2,d3,d4)",4D,open,-1,3,-1,-3,0,,
1.698821e+05,"Ma(d1,d2,d3,d4,d5)",5D,open,-1,3,-1,-3,1,,
1.698821e+05,"Ma(d1,d2,d3,d4,d5)",5D,open,-1,3,-1,-3,2,,
1.698821e+05,"Ma(d1,d2,d3,d4,d5)",5D,open,-1,3,-1,-3,3,,
1.698821e+05,"Ma(d1,d2,d3,d4,d5)",5D,open,-1,3,-1,3,-3,,
1.698821e+05,"Ma(d1,d2,d3,d4,d5)",5D,open,-1,3,-1,3,-2,,
1.698821e+05,"Ma(d1,d2,d3,d4,d5)",5D,open,-1,3,-1,3,-1,,
1.698821e+05,"Ma(d1,d2,d3,d4)",4D,open,-1,3,-1,3,0,,
1.698821e+05,"Ma(d1,d2,d3,d4,d5)",5D,open,-1,3,-1,3,1,,
1.698821e+05,"Ma(d1,d2,d3,d4,d5)",5D,open,-1,3,-1,3,2,,
1.698821e+05,"Ma(d1,d2,d3,d4,d5)",5D,open,-1,3,-1,3,3,,
1.698821e+05,"Ma(d1,d2,d3,d4,d5)",5D,open,-1,3,1,-3,-3,,
1.698821e+05,"Ma(d1,d2,d3,d4,d5)",5D,open,-1,3,1,-3,-2,,
1.698821e+05,"Ma(d1,d2,d3,d4,d5)",5D,open,-1,3,1,-3,-1,,
1.698821e+05,"Ma(d1,d2,d3,d4)",4D,open,-1,3,1,-3,0,,
1.698821e+05,"Ma(d1,d2,d3,d4,d5)",5D,open,-1,3,1,-3,1,,
1.698821e+05,"Ma(d1,d2,d3,d4,d5)",5D,open,-1,3,1,-3,2,,
1.698821e+05,"Ma(d1,d2,d3,d4,d5)",5D,open,-1,3,1,-3,3,,
1.698821e+05,"Ma(d1,d2,d3,d4,d5)",5D,open,-1,3,1,3,-3,,
1.698821e+05,"Ma(d1,d2,d3,d4,d5)",5D,open,-1,3,1,3,-2,,
1.698821e+05,"Ma(d1,d2,d3,d4,d5)",5D,open,-1,3,1,3,-1,,
1.698821e+05,"Ma(d1,d2,d3,d4)",4D,open,-1,3,1,3,0,,
1.698821e+05,"Ma(d1,d2,d3,d4,d5)",5D,open,-1,3,1,3,1,,
1.698821e+05,"Ma(d1,d2,d3,d4,d5)",5D,open,-1,3,1,3,2,,
1.698821e+05,"Ma(d1,d2,d3,d4,d5)",5D,open,-1,3,1,3,3,,
1.698821e+05,"Ma(d1,d2,d3,d4,d5)",5D,open,1,-3,-1,-3,-3,,
1.698821e+05,"Ma(d1,d2,d3,d4,d5)",5D,open,1,-3,-1,-3,-2,,
1.698821e+05,"Ma(d1,d2,d3,d4,d5)",5D,open,1,-3,-1,-3,-1,,
1.698821e+05,"Ma(d1,d2,d3,d4)",4D,open,1,-3,-1,-3,0,,
1.698821e+05,"Ma(d1,d2,d3,d4,d5)",5D,open,1,-3,-1,-3,1,,
1.698821e+05,"Ma(d1,d2,d3,d4,d5)",5D,open,1,-3,-1,-3,2,,
1.698821e+05,"Ma(d1,d2,d3,d4,d5)",5D,open,1,-3,-1,-3,3,,
1.698821e+05,"Ma(d1,d2,d3,d4,d5)",5D,open,1,-3,-1,3,-3,,
1.698821e+05,"Ma(d1,d2,d3,d4,d5)",5D,open,1,-3,-1,3,-2,,
1.698821e+05,"Ma(d1,d2,d3,d4,d5)",5D,open,1,-3,-1,3,-1,,
1.698821e+05,"Ma(d1,d2,d3,d4)",4D,open,1,-3,-1,3,0,,
1.698821e+05,"Ma(d1,d2,d3,d4,d5)",5D,open,1,-3,-1,3,1,,
1.698821e+05,"Ma(d1,d2,d3,d4,d5)",5D,open,1,-3,-1,3,2,,
1.698821e+05,"Ma(d1,d2,d3,d4,d5)",5D,open,1,-3,-1,3,3,,
1.698821e+05,"Ma(d1,d2,d3,d4,d5)",5D,open,1,-3,1,-3,-3,,
1.698821e+05,"Ma(d1,d2,d3,d4,d5)",5D,open,1,-3,1,-3,-2,,
1.698821e+05,"Ma(d1,d2,d3,d4,d5)",5D,open,1,-3,1,-3,-1,,
1.698821e+05,"Ma(d1,d2,d3,d4)",4D,open,1,-3,1,-3,0,,
1.698821e+05,"Ma(d1,d2,d3,d4,d5)",5D,open,1,-3,1,-3,1,,
1.698821e+05,"Ma(d1,d2,d3,d4,d5)",5D,open,1,-3,1,-3,2,,
1.698821e+05,"Ma(d1,d2,d3,d4,d5)",5D,open,1,-3,1,-3,3,,
1.698821e+05,"Ma(d1,d2,d3,d4,d5)",5D,open,1,-3,1,3,-3,,
1.698821e+05,"Ma(d1,d2,d3,d4,d5)",5D,open,1,-3,1,3,-2,,
1.698821e+05,"Ma(d1,d2,d3,d4,d5)",5D,open,1,-3,1,3,-1,,
1.698821e+05,"Ma(d1,d2,d3,d4)",4D,open,1,-3,1,3,0,,
1.698821e+05,"Ma(d1,d2,d3,d4,d5)",5D,open,1,-3,1,3,1,,
1.698821e+05,"Ma(d1,d2,d3,d4,d5)",5D,open,1,-3,1,3,2,,
1.698821e+05,"Ma(d1,d2,d3,d4,d5)",5D,open,1,-3,1,3,3,,
1.698821e+05,"Ma(d1,d2,d3,d4,d5)",5D,open,1,3,-1,-3,-3,,
1.698821e+05,"Ma(d1,d2,d3,d4,d5)",5D,open,1,3,-1,-3,-2,,
1.698821e+05,"Ma(d1,d2,d3,d4,d5)",5D,open,1,3,-1,-3,-1,,
1.698821e+05,"Ma(d1,d2,d3,d4)",4D,open,1,3,-1,-3,0,,
1.698821e+05,"Ma(d1,d2,d3,d4,d5)",5D,open,1,3,-1,-3,1,,
1.698821e+05,"Ma(d1,d2,d3,d4,d5)",5D,open,1,3,-1,-3,2,,
1.698821e+05,"Ma(d1,d2,d3,d4,d5)",5D,open,1,3,-1,-3,3,,
1.698821e+05,"Ma(d1,d2,d3,d4,d5)",5D,open,1,3,-1,3,-3,,
1.698821e+05,"Ma(d1,d2,d3,d4,d5)",5D,open,1,3,-1,3,-2,,
1.698821e+05,"Ma(d1,d2,d3,d4,d5)",5D,open,1,3,-1,3,-1,,
1.698821e+05,"Ma(d1,d2,d3,d4)",4D,open,1,3,-1,3,0,,
1.698821e+05,"Ma(d1,d2,d3,d4,d5)",5D,open,1,3,-1,3,1,,
1.698821e+05,"Ma(d1,d2,d3,d4,d5)",5D,open,1,3,-1,3,2,,
1.698821e+05,"Ma(d1,d2,d3,d4,d5)",5D,open,1,3,-1,3,3,,
1.698821e+05,"Ma(d1,d2,d3,d4,d5)",5D,open,1,3,1,-3,-3,,
1.698821e+05,"Ma(d1,d2,d3,d4,d5)",5D,open,1,3,1,-3,-2,,
1.698821e+05,"Ma(d1,d2,d3,d4,d5)",5D,open,1,3,1,-3,-1,,
1.698821e+05,"Ma(d1,d2,d3,d4)",4D,open,1,3,1,-3,0,,
1.698821e+05,"Ma(d1,d2,d3,d4,d5)",5D,open,1,3,1,-3,1,,
1.698821e+05,"Ma(d1,d2,d3,d4,d5)",5D,open,1,3,1,-3,2,,
1.698821e+05,"Ma(d1,d2,d3,d4,d5)",5D,open,1,3,1,-3,3,,
1.698821e+05,"Ma(d1,d2,d3,d4,d5)",5D,open,1,3,1,3,-3,,
1.698821e+05,"Ma(d1,d2,d3,d4,d5)",5D,open,1,3,1,3,-2,,
1.698821e+05,"Ma(d1,d2,d3,d4,d5)",5D,open,1,3,1,3,-1,,
1.698821e+05,"Ma(d1,d2,d3,d4)",4D,open,1,3,1,3,0,,
1.698821e+05,"Ma(d1,d2,d3,d4,d5)",5D,open,1,3,1,3,1,,
1.698821e+05,"Ma(d1,d2,d3,d4,d5)",5D,open,1,3,1,3,2,,
1.698821e+05,"Ma(d1,d2,d3,d4,d5)",5D,open,1,3,1,3,3,,
1.698821e+05,"Ma(d1,d2,d3,d5)",4D,open,-1,-3,-2,0,-3,,
1.698821e+05,"Ma(d1,d2,d3,d5)",4D,open,-1,-3,-2,0,-2,,
1.698821e+05,"Ma(d1,d2,d3,d5)",4D,open,-1,-3,-2,0,-1,,
1.698821e+05,"Ma(d1,d2,d3)",3D,open,-1,-3,-2,0,0,,
1.698821e+05,"Ma(d1,d2,d3,d5)",4D,open,-1,-3,-2,0,1,,
1.698821e+05,"Ma(d1,d2,d3,d5)",4D,open,-1,-3,-2,0,2,,
1.698821e+05,"Ma(d1,d2,d3,d5)",4D,open,-1,-3,-2,0,3,,
1.698821e+05,"Ma(d1,d2,d3,d5)",4D,open,-1,-3,2,0,-3,,
1.698821e+05,"Ma(d1,d2,d3,d5)",4D,open,-1,-3,2,0,-2,,
1.698821e+05,"Ma(d1,d2,d3,d5)",4D,open,-1,-3,2,0,-1,,
1.698821e+05,"Ma(d1,d2,d3)",3D,open,-1,-3,2,0,0,,
1.698821e+05,"Ma(d1,d2,d3,d5)",4D,open,-1,-3,2,0,1,,
1.698821e+05,"Ma(d1,d2,d3,d5)",4D,open,-1,-3,2,0,2,,
1.698821e+05,"Ma(d1,d2,d3,d5)",4D,open,-1,-3,2,0,3,,
1.698821e+05,"Ma(d1,d2,d3,d5)",4D,open,-1,3,-2,0,-3,,
1.698821e+05,"Ma(d1,d2,d3,d5)",4D,open,-1,3,-2,0,-2,,
1.698821e+05,"Ma(d1,d2,d3,d5)",4D,open,-1,3,-2,0,-1,,
1.698821e+05,"Ma(d1,d2,d3)",3D,open,-1,3,-2,0,0,,
1.698821e+05,"Ma(d1,d2,d3,d5)",4D,open,-1,3,-2,0,1,,
1.698821e+05,"Ma(d1,d2,d3,d5)",4D,open,-1,3,-2,0,2,,
1.698821e+05,"Ma(d1,d2,d3,d5)",4D,open,-1,3,-2,0,3,,
1.698821e+05,"Ma(d1,d2,d3,d5)",4D,open,-1,3,2,0,-3,,
1.698821e+05,"Ma(d1,d2,d3,d5)",4D,open,-1,3,2,0,-2,,
1.698821e+05,"Ma(d1,d2,d3,d5)",4D,open,-1,3,2,0,-1,,
1.698821e+05,"Ma(d1,d2,d3)",3D,open,-1,3,2,0,0,,
1.698821e+05,"Ma(d1,d2,d3,d5)",4D,open,-1,3,2,0,1,,
1.698821e+05,"Ma(d1,d2,d3,d5)",4D,open,-1,3,2,0,2,,
1.698821e+05,"Ma(d1,d2,d3,d5)",4D,open,-1,3,2,0,3,,
1.698821e+05,"Ma(d1,d2,d3,d5)",4D,open,1,-3,-2,0,-3,,
1.698821e+05,"Ma(d1,d2,d3,d5)",4D,open,1,-3,-2,0,-2,,
1.698821e+05,"Ma(d1,d2,d3,d5)",4D,open,1,-3,-2,0,-1,,
1.698821e+05,"Ma(d1,d2,d3)",3D,open,1,-3,-2,0,0,,
1.698821e+05,"Ma(d1,d2,d3,d5)",4D,open,1,-3,-2,0,1,,
1.698821e+05,"Ma(d1,d2,d3,d5)",4D,open,1,-3,-2,0,2,,
1.698821e+05,"Ma(d1,d2,d3,d5)",4D,open,1,-3,-2,0,3,,
1.698821e+05,"Ma(d1,d2,d3,d5)",4D,open,1,-3,2,0,-3,,
1.698821e+05,"Ma(d1,d2,d3,d5)",4D,open,1,-3,2,0,-2,,
1.698821e+05,"Ma(d1,d2,d3,d5)",4D,open,1,-3,2,0,-1,,
1.698821e+05,"Ma(d1,d2,d3)",3D,open,1,-3,2,0,0,,
1.698821e+05,"Ma(d1,d2,d3,d5)",4D,open,1,-3,2,0,1,,
1.698821e+05,"Ma(d1,d2,d3,d5)",4D,open,1,-3,2,0,2,,
1.698821e+05,"Ma(d1,d2,d3,d5)",4D,open,1,-3,2,0,3,,
1.698821e+05,"Ma(d1,d2,d3,d5)",4D,open,1,3,-2,0,-3,,
1.698821e+05,"Ma(d1,d2,d3,d5)",4D,open,1,3,-2,0,-2,,
1.698821e+05,"Ma(d1,d2,d3,d5)",4D,open,1,3,-2,0,-1,,
1.698821e+05,"Ma(d1,d2,d3)",3D,open,1,3,-2,0,0,,
1.698821e+05,"Ma(d1,d2,d3,d5)",4D,open,1,3,-2,0,1,,
1.698821e+05,"Ma(d1,d2,d3,d5)",4D,open,1,3,-2,0,2,,
1.698821e+05,"Ma(d1,d2,d3,d5)",4D,open,1,3,-2,0,3,,
1.698821e+05,"Ma(d1,d2,d3,d5)",4D,open,1,3,2,0,-3,,
1.698821e+05,"Ma(d1,d2,d3,d5)",4D,open,1,3,2,0,-2,,
1.698821e+05,"Ma(d1,d2,d3,d5)",4D,open,1,3,2,0,-1,,
1.698821e+05,"Ma(d1,d2,d3)",3D,open,1,3,2,0,0,,
1.698821e+05,"Ma(d1,d2,d3,d5)",4D,open,1,3,2,0,1,,
1.698821e+05,"Ma(d1,d2,d3,d5)",4D,open,1,3,2,0,2,,
1.698821e+05,"Ma(d1,d2,d3,d5)",4D,open,1,3,2,0,3,,
1.698821e+05,"Ma(d1,d2,d3,d4,d5)",5D,open,-1,-3,-2,-1,-3,,
1.698821e+05,"Ma(d1,d2,d3,d4,d5)",5D,open,-1,-3,-2,-1,-2,,
1.698821e+05,"Ma(d1,d2,d3,d4,d5)",5D,open,-1,-3,-2,-1,-1,,
1.698821e+05,"Ma(d1,d2,d3,d4)",4D,open,-1,-3,-2,-1,0,,
1.698821e+05,"Ma(d1,d2,d3,d4,d5)",5D,open,-1,-3,-2,-1,1,,
1.698821e+05,"Ma(d1,d2,d3,d4,d5)",5D,open,-1,-3,-2,-1,2,,
1.698821e+05,"Ma(d1,d2,d3,d4,d5)",5D,open,-1,-3,-2,-1,3,,
1.698821e+05,"Ma(d1,d2,d3,d4,d5)",5D,open,-1,-3,-2,1,-3,,
1.698821e+05,"Ma(d1,d2,d3,d4,d5)",5D,open,-1,-3,-2,1,-2,,
1.698821e+05,"Ma(d1,d2,d3,d4,d5)",5D,open,-1,-3,-2,1,-1,,
1.698821e+05,"Ma(d1,d2,d3,d4)",4D,open,-1,-3,-2,1,0,,
1.698821e+05,"Ma(d1,d2,d3,d4,d5)",5D,open,-1,-3,-2,1,1,,
1.698821e+05,"Ma(d1,d2,d3,d4,d5)",5D,open,-1,-3,-2,1,2,,
1.698821e+05,"Ma(d1,d2,d3,d4,d5)",5D,open,-1,-3,-2,1,3,,
1.698821e+05,"Ma(d1,d2,d3,d4,d5)",5D,open,-1,-3,2,-1,-3,,
1.698821e+05,"Ma(d1,d2,d3,d4,d5)",5D,open,-1,-3,2,-1,-2,,
1.698821e+05,"Ma(d1,d2,d3,d4,d5)",5D,open,-1,-3,2,-1,-1,,
1.698821e+05,"Ma(d1,d2,d3,d4)",4D,open,-1,-3,2,-1,0,,
1.698821e+05,"Ma(d1,d2,d3,d4,d5)",5D,open,-1,-3,2,-1,1,,
1.698821e+05,"Ma(d1,d2,d3,d4,d5)",5D,open,-1,-3,2,-1,2,,
1.698821e+05,"Ma(d1,d2,d3,d4,d5)",5D,open,-1,-3,2,-1,3,,
1.698821e+05,"Ma(d1,d2,d3,d4,d5)",5D,open,-1,-3,2,1,-3,,
1.698821e+05,"Ma(d1,d2,d3,d4,d5)",5D,open,-1,-3,2,1,-2,,
1.698821e+05,"Ma(d1,d2,d3,d4,d5)",5D,open,-1,-3,2,1,-1,,
1.698821e+05,"Ma(d1,d2,d3,d4)",4D,open,-1,-3,2,1,0,,
1.698821e+05,"Ma(d1,d2,d3,d4,d5)",5D,open,-1,-3,2,1,1,,
1.698821e+05,"Ma(d1,d2,d3,d4,d5)",5D,open,-1,-3,2,1,2,,
1.698821e+05,"Ma(d1,d2,d3,d4,d5)",5D,open,-1,-3,2,1,3,,
1.698821e+05,"Ma(d1,d2,d3,d4,d5)",5D,open,-1,3,-2,-1,-3,,
1.698821e+05,"Ma(d1,d2,d3,d4,d5)",5D,open,-1,3,-2,-1,-2,,
1.698821e+05,"Ma(d1,d2,d3,d4,d5)",5D,open,-1,3,-2,-1,-1,,
1.698821e+05,"Ma(d1,d2,d3,d4)",4D,open,-1,3,-2,-1,0,,
1.698821e+05,"Ma(d1,d2,d3,d4,d5)",5D,open,-1,3,-2,-1,1,,
1.698821e+05,"Ma(d1,d2,d3,d4,d5)",5D,open,-1,3,-2,-1,2,,
1.698821e+05,"Ma(d1,d2,d3,d4,d5)",5D,open,-1,3,-2,-1,3,,
1.698821e+05,"Ma(d1,d2,d3,d4,d5)",5D,open,-1,3,-2,1,-3,,
1.698821e+05,"Ma(d1,d2,d3,d4,d5)",5D,open,-1,3,-2,1,-2,,
1.698821e+05,"Ma(d1,d2,d3,d4,d5)",5D,open,-1,3,-2,1,-1,,
1.698821e+05,"Ma(d1,d2,d3,d4)",4D,open,-1,3,-2,1,0,,
1.698821e+05,"Ma(d1,d2,d3,d4,d5)",5D,open,-1,3,-2,1,1,,
1.698821e+05,"Ma(d1,d2,d3,d4,d5)",5D,open,-1,3,-2,1,2,,
1.698821e+05,"Ma(d1,d2,d3,d4,d5)",5D,open,-1,3,-2,1,3,,
1.698821e+05,"Ma(d1,d2,d3,d4,d5)",5D,open,-1,3,2,-1,-3,,
1.698821e+05,"Ma(d1,d2,d3,d4,d5)",5D,open,-1,3,2,-1,-2,,
1.698821e+05,"Ma(d1,d2,d3,d4,d5)",5D,open,-1,3,2,-1,-1,,
1.698821e+05,"Ma(d1,d2,d3,d4)",4D,open,-1,3,2,-1,0,,
1.698821e+05,"Ma(d1,d2,d3,d4,d5)",5D,open,-1,3,2,-1,1,,
1.698821e+05,"Ma(d1,d2,d3,d4,d5)",5D,open,-1,3,2,-1,2,,
1.698821e+05,"Ma(d1,d2,d3,d4,d5)",5D,open,-1,3,2,-1,3,,
1.698821e+05,"Ma(d1,d2,d3,d4,d5)",5D,open,-1,3,2,1,-3,,
1.698821e+05,"Ma(d1,d2,d3,d4,d5)",5D,open,-1,3,2,1,-2,,
1.698821e+05,"Ma(d1,d2,d3,d4,d5)",5D,open,-1,3,2,1,-1,,
1.698821e+05,"Ma(d1,d2,d3,d4)",4D,open,-1,3,2,1,0,,
1.698821e+05,"Ma(d1,d2,d3,d4,d5)",5D,open,-1,3,2,1,1,,
1.698821e+05,"Ma(d1,d2,d3,d4,d5)",5D,open,-1,3,2,1,2,,
1.698821e+05,"Ma(d1,d2,d3,d4,d5)",5D,open,-1,3,2,1,3,,
1.698821e+05,"Ma(d1,d2,d3,d4,d5)",5D,open,1,-3,-2,-1,-3,,
1.698821e+05,"Ma(d1,d2,d3,d4,d5)",5D,open,1,-3,-2,-1,-2,,
1.698821e+05,"Ma(d1,d2,d3,d4,d5)",5D,open,1,-3,-2,-1,-1,,
1.698821e+05,"Ma(d1,d2,d3,d4)",4D,open,1,-3,-2,-1,0,,
1.698821e+05,"Ma(d1,d2,d3,d4,d5)",5D,open,1,-3,-2,-1,1,,
1.698821e+05,"Ma(d1,d2,d3,d4,d5)",5D,open,1,-3,-2,-1,2,,
1.698821e+05,"Ma(d1,d2,d3,d4,d5)",5D,open,1,-3,-2,-1,3,,
1.698821e+05,"Ma(d1,d2,d3,d4,d5)",5D,open,1,-3,-2,1,-3,,
1.698821e+05,"Ma(d1,d2,d3,d4,d5)",5D,open,1,-3,-2,1,-2,,
1.698821e+05,"Ma(d1,d2,d3,d4,d5)",5D,open,1,-3,-2,1,-1,,
1.698821e+05,"Ma(d1,d2,d3,d4)",4D,open,1,-3,-2,1,0,,
1.698821e+05,"Ma(d1,d2,d3,d4,d5)",5D,open,1,-3,-2,1,1,,
1.698821e+05,"Ma(d1,d2,d3,d4,d5)",5D,open,1,-3,-2,1,2,,
1.698821e+05,"Ma(d1,d2,d3,d4,d5)",5D,open,1,-3,-2,1,3,,
1.698821e+05,"Ma(d1,d2,d3,d4,d5)",5D,open,1,-3,2,-1,-3,,
1.698821e+05,"Ma(d1,d2,d3,d4,d5)",5D,open,1,-3,2,-1,-2,,
1.698821e+05,"Ma(d1,d2,d3,d4,d5)",5D,open,1,-3,2,-1,-1,,
1.698821e+05,"Ma(d1,d2,d3,d4)",4D,open,1,-3,2,-1,0,,
1.698821e+05,"Ma(d1,d2,d3,d4,d5)",5D,open,1,-3,2,-1,1,,
1.698821e+05,"Ma(d1,d2,d3,d4,d5)",5D,open,1,-3,2,-1,2,,
1.698821e+05,"Ma(d1,d2,d3,d4,d5)",5D,open,1,-3,2,-1,3,,
1.698821e+05,"Ma(d1,d2,d3,d4,d5)",5D,open,1,-3,2,1,-3,,
1.698821e+05,"Ma(d1,d2,d3,d4,d5)",5D,open,1,-3,2,1,-2,,
1.698821e+05,"Ma(d1,d2,d3,d4,d5)",5D,open,1,-3,2,1,-1,,
1.698821e+05,"Ma(d1,d2,d3,d4)",4D,open,1,-3,2,1,0,,
1.698821e+05,"Ma(d1,d2,d3,d4,d5)",5D,open,1,-3,2,1,1,,
1.698821e+05,"Ma(d1,d2,d3,d4,d5)",5D,open,1,-3,2,1,2,,
1.698821e+05,"Ma(d1,d2,d3,d4,d5)",5D,open,1,-3,2,1,3,,
1.698821e+05,"Ma(d1,d2,d3,d4,d5)",5D,open,1,3,-2,-1,-3,,
1.698821e+05,"Ma(d1,d2,d3,d4,d5)",5D,open,1,3,-2,-1,-2,,
1.698821e+05,"Ma(d1,d2,d3,d4,d5)",5D,open,1,3,-2,-1,-1,,
1.698821e+05,"Ma(d1,d2,d3,d4)",4D,open,1,3,-2,-1,0,,
1.698821e+05,"Ma(d1,d2,d3,d4,d5)",5D,open,1,3,-2,-1,1,,
1.698821e+05,"Ma(d1,d2,d3,d4,d5)",5D,open,1,3,-2,-1,2,,
1.698821e+05,"Ma(d1,d2,d3,d4,d5)",5D,open,1,3,-2,-1,3,,
1.698821e+05,"Ma(d1,d2,d3,d4,d5)",5D,open,1,3,-2,1,-3,,
1.698821e+05,"Ma(d1,d2,d3,d4,d5)",5D,open,1,3,-2,1,-2,,
1.698821e+05,"Ma(d1,d2,d3,d4,d5)",5D,open,1,3,-2,1,-1,,
1.698821e+05,"Ma(d1,d2,d3,d4)",4D,open,1,3,-2,1,0,,
1.698821e+05,"Ma(d1,d2,d3,d4,d5)",5D,open,1,3,-2,1,1,,
1.698821e+05,"Ma(d1,d2,d3,d4,d5)",5D,open,1,3,-2,1,2,,
1.698821e+05,"Ma(d1,d2,d3,d4,d5)",5D,open,1,3,-2,1,3,,
1.698821e+05,"Ma(d1,d2,d3,d4,d5)",5D,open,1,3,2,-1,-3,,
1.698821e+05,"Ma(d1,d2,d3,d4,d5)",5D,open,1,3,2,-1,-2,,
1.698821e+05,"Ma(d1,d2,d3,d4,d5)",5D,open,1,3,2,-1,-1,,
1.698821e+05,"Ma(d1,d2,d3,d4)",4D,open,1,3,2,-1,0,,
1.698821e+05,"Ma(d1,d2,d3,d4,d5)",5D,open,1,3,2,-1,1,,
1.698821e+05,"Ma(d1,d2,d3,d4,d5)",5D,open,1,3,2,-1,2,,
1.698821e+05,"Ma(d1,d2,d3,d4,d5)",5D,open,1,3,2,-1,3,,
1.698821e+05,"Ma(d1,d2,d3,d4,d5)",5D,open,1,3,2,1,-3,,
1.698821e+05,"Ma(d1,d2,d3,d4,d5)",5D,open,1,3,2,1,-2,,
1.698821e+05,"Ma(d1,d2,d3,d4,d5)",5D,open,1,3,2,1,-1,,
1.698821e+05,"Ma(d1,d2,d3,d4)",4D,open,1,3,2,1,0,,
1.698821e+05,"Ma(d1,d2,d3,d4,d5)",5D,open,1,3,2,1,1,,
1.698821e+05,"Ma(d1,d2,d3,d4,d5)",5D,open,1,3,2,1,2,,
1.698821e+05,"Ma(d1,d2,d3,d4,d5)",5D,open,1,3,2,1,3,,
1.698821e+05,"Ma(d1,d2,d3,d4,d5)",5D,open,-1,-3,-2,-2,-3,,
1.698821e+05,"Ma(d1,d2,d3,d4,d5)",5D,open,-1,-3,-2,-2,-2,,
1.698821e+05,"Ma(d1,d2,d3,d4,d5)",5D,open,-1,-3,-2,-2,-1,,
1.698821e+05,"Ma(d1,d2,d3,d4)",4D,open,-1,-3,-2,-2,0,,
1.698821e+05,"Ma(d1,d2,d3,d4,d5)",5D,open,-1,-3,-2,-2,1,,
1.698821e+05,"Ma(d1,d2,d3,d4,d5)",5D,open,-1,-3,-2,-2,2,,
1.698821e+05,"Ma(d1,d2,d3,d4,d5)",5D,open,-1,-3,-2,-2,3,,
1.698821e+05,"Ma(d1,d2,d3,d4,d5)",5D,open,-1,-3,-2,2,-3,,
1.698821e+05,"Ma(d1,d2,d3,d4,d5)",5D,open,-1,-3,-2,2,-2,,
1.698821e+05,"Ma(d1,d2,d3,d4,d5)",5D,open,-1,-3,-2,2,-1,,
1.698821e+05,"Ma(d1,d2,d3,d4)",4D,open,-1,-3,-2,2,0,,
1.698821e+05,"Ma(d1,d2,d3,d4,d5)",5D,open,-1,-3,-2,2,1,,
1.698821e+05,"Ma(d1,d2,d3,d4,d5)",5D,open,-1,-3,-2,2,2,,
1.698821e+05,"Ma(d1,d2,d3,d4,d5)",5D,open,-1,-3,-2,2,3,,
1.698821e+05,"Ma(d1,d2,d3,d4,d5)",5D,open,-1,-3,2,-2,-3,,
1.698821e+05,"Ma(d1,d2,d3,d4,d5)",5D,open,-1,-3,2,-2,-2,,
1.698821e+05,"Ma(d1,d2,d3,d4,d5)",5D,open,-1,-3,2,-2,-1,,
1.698821e+05,"Ma(d1,d2,d3,d4)",4D,open,-1,-3,2,-2,0,,
1.698821e+05,"Ma(d1,d2,d3,d4,d5)",5D,open,-1,-3,2,-2,1,,
1.698821e+05,"Ma(d1,d2,d3,d4,d5)",5D,open,-1,-3,2,-2,2,,
1.698821e+05,"Ma(d1,d2,d3,d4,d5)",5D,open,-1,-3,2,-2,3,,
1.698821e+05,"Ma(d1,d2,d3,d4,d5)",5D,open,-1,-3,2,2,-3,,
1.698821e+05,"Ma(d1,d2,d3,d4,d5)",5D,open,-1,-3,2,2,-2,,
1.698821e+05,"Ma(d1,d2,d3,d4,d5)",5D,open,-1,-3,2,2,-1,,
1.698821e+05,"Ma(d1,d2,d3,d4)",4D,open,-1,-3,2,2,0,,
1.698821e+05,"Ma(d1,d2,d3,d4,d5)",5D,open,-1,-3,2,2,1,,
1.698821e+05,"Ma(d1,d2,d3,d4,d5)",5D,open,-1,-3,2,2,2,,
1.698821e+05,"Ma(d1,d2,d3,d4,d5)",5D,open,-1,-3,2,2,3,,
1.698821e+05,"Ma(d1,d2,d3,d4,d5)",5D,open,-1,3,-2,-2,-3,,
1.698821e+05,"Ma(d1,d2,d3,d4,d5)",5D,open,-1,3,-2,-2,-2,,
1.698821e+05,"Ma(d1,d2,d3,d4,d5)",5D,open,-1,3,-2,-2,-1,,
1.698821e+05,"Ma(d1,d2,d3,d4)",4D,open,-1,3,-2,-2,0,,
1.698821e+05,"Ma(d1,d2,d3,d4,d5)",5D,open,-1,3,-2,-2,1,,
1.698821e+05,"Ma(d1,d2,d3,d4,d5)",5D,open,-1,3,-2,-2,2,,
1.698821e+05,"Ma(d1,d2,d3,d4,d5)",5D,open,-1,3,-2,-2,3,,
1.698821e+05,"Ma(d1,d2,d3,d4,d5)",5D,open,-1,3,-2,2,-3,,
1.698821e+05,"Ma(d1,d2,d3,d4,d5)",5D,open,-1,3,-2,2,-2,,
1.698821e+05,"Ma(d1,d2,d3,d4,d5)",5D,open,-1,3,-2,2,-1,,
1.698821e+05,"Ma(d1,d2,d3,d4)",4D,open,-1,3,-2,2,0,,
1.698821e+05,"Ma(d1,d2,d3,d4,d5)",5D,open,-1,3,-2,2,1,,
1.698821e+05,"Ma(d1,d2,d3,d4,d5)",5D,open,-1,3,-2,2,2,,
1.698821e+05,"Ma(d1,d2,d3,d4,d5)",5D,open,-1,3,-2,2,3,,
1.698821e+05,"Ma(d1,d2,d3,d4,d5)",5D,open,-1,3,2,-2,-3,,
1.698821e+05,"Ma(d1,d2,d3,d4,d5)",5D,open,-1,3,2,-2,-2,,
1.698821e+05,"Ma(d1,d2,d3,d4,d5)",5D,open,-1,3,2,-2,-1,,
1.698821e+05,"Ma(d1,d2,d3,d4)",4D,open,-1,3,2,-2,0,,
1.698821e+05,"Ma(d1,d2,d3,d4,d5)",5D,open,-1,3,2,-2,1,,
1.698821e+05,"Ma(d1,d2,d3,d4,d5)",5D,open,-1,3,2,-2,2,,
1.698821e+05,"Ma(d1,d2,d3,d4,d5)",5D,open,-1,3,2,-2,3,,
1.698821e+05,"Ma(d1,d2,d3,d4,d5)",5D,open,-1,3,2,2,-3,,
1.698821e+05,"Ma(d1,d2,d3,d4,d5)",5D,open,-1,3,2,2,-2,,
1.698821e+05,"Ma(d1,d2,d3,d4,d5)",5D,open,-1,3,2,2,-1,,
1.698821e+05,"Ma(d1,d2,d3,d4)",4D,open,-1,3,2,2,0,,
1.698821e+05,"Ma(d1,d2,d3,d4,d5)",5D,open,-1,3,2,2,1,,
1.698821e+05,"Ma(d1,d2,d3,d4,d5)",5D,open,-1,3,2,2,2,,
1.698821e+05,"Ma(d1,d2,d3,d4,d5)",5D,open,-1,3,2,2,3,,
1.698821e+05,"Ma(d1,d2,d3,d4,d5)",5D,open,1,-3,-2,-2,-3,,
1.698821e+05,"Ma(d1,d2,d3,d4,d5)",5D,open,1,-3,-2,-2,-2,,
1.698821e+05,"Ma(d1,d2,d3,d4,d5)",5D,open,1,-3,-2,-2,-1,,
1.698821e+05,"Ma(d1,d2,d3,d4)",4D,open,1,-3,-2,-2,0,,
1.698821e+05,"Ma(d1,d2,d3,d4,d5)",5D,open,1,-3,-2,-2,1,,
1.698821e+05,"Ma(d1,d2,d3,d4,d5)",5D,open,1,-3,-2,-2,2,,
1.698821e+05,"Ma(d1,d2,d3,d4,d5)",5D,open,1,-3,-2,-2,3,,
1.698821e+05,"Ma(d1,d2,d3,d4,d5)",5D,open,1,-3,-2,2,-3,,
1.698821e+05,"Ma(d1,d2,d3,d4,d5)",5D,open,1,-3,-2,2,-2,,
1.698821e+05,"Ma(d1,d2,d3,d4,d5)",5D,open,1,-3,-2,2,-1,,
1.698821e+05,"Ma(d1,d2,d3,d4)",4D,open,1,-3,-2,2,0,,
1.698821e+05,"Ma(d1,d2,d3,d4,d5)",5D,open,1,-3,-2,2,1,,
1.698821e+05,"Ma(d1,d2,d3,d4,d5)",5D,open,1,-3,-2,2,2,,
1.698821e+05,"Ma(d1,d2,d3,d4,d5)",5D,open,1,-3,-2,2,3,,
1.698821e+05,"Ma(d1,d2,d3,d4,d5)",5D,open,1,-3,2,-2,-3,,
1.698821e+05,"Ma(d1,d2,d3,d4,d5)",5D,open,1,-3,2,-2,-2,,
1.698821e+05,"Ma(d1,d2,d3,d4,d5)",5D,open,1,-3,2,-2,-1,,
1.698821e+05,"Ma(d1,d2,d3,d4)",4D,open,1,-3,2,-2,0,,
1.698821e+05,"Ma(d1,d2,d3,d4,d5)",5D,open,1,-3,2,-2,1,,
1.698821e+05,"Ma(d1,d2,d3,d4,d5)",5D,open,1,-3,2,-2,2,,
1.698821e+05,"Ma(d1,d2,d3,d4,d5)",5D,open,1,-3,2,-2,3,,
1.698821e+05,"Ma(d1,d2,d3,d4,d5)",5D,open,1,-3,2,2,-3,,
1.698821e+05,"Ma(d1,d2,d3,d4,d5)",5D,open,1,-3,2,2,-2,,
1.698821e+05,"Ma(d1,d2,d3,d4,d5)",5D,open,1,-3,2,2,-1,,
1.698821e+05,"Ma(d1,d2,d3,d4)",4D,open,1,-3,2,2,0,,
1.698821e+05,"Ma(d1,d2,d3,d4,d5)",5D,open,1,-3,2,2,1,,
1.698821e+05,"Ma(d1,d2,d3,d4,d5)",5D,open,1,-3,2,2,2,,
1.698821e+05,"Ma(d1,d2,d3,d4,d5)",5D,open,1,-3,2,2,3,,
1.698821e+05,"Ma(d1,d2,d3,d4,d5)",5D,open,1,3,-2,-2,-3,,
1.698821e+05,"Ma(d1,d2,d3,d4,d5)",5D,open,1,3,-2,-2,-2,,
1.698821e+05,"Ma(d1,d2,d3,d4,d5)",5D,open,1,3,-2,-2,-1,,
1.698821e+05,"Ma(d1,d2,d3,d4)",4D,open,1,3,-2,-2,0,,
1.698821e+05,"Ma(d1,d2,d3,d4,d5)",5D,open,1,3,-2,-2,1,,
1.698821e+05,"Ma(d1,d2,d3,d4,d5)",5D,open,1,3,-2,-2,2,,
1.698821e+05,"Ma(d1,d2,d3,d4,d5)",5D,open,1,3,-2,-2,3,,
1.698821e+05,"Ma(d1,d2,d3,d4,d5)",5D,open,1,3,-2,2,-3,,
1.698821e+05,"Ma(d1,d2,d3,d4,d5)",5D,open,1,3,-2,2,-2,,
1.698821e+05,"Ma(d1,d2,d3,d4,d5)",5D,open,1,3,-2,2,-1,,
1.698821e+05,"Ma(d1,d2,d3,d4)",4D,open,1,3,-2,2,0,,
1.698821e+05,"Ma(d1,d2,d3,d4,d5)",5D,open,1,3,-2,2,1,,
1.698821e+05,"Ma(d1,d2,d3,d4,d5)",5D,open,1,3,-2,2,2,,
1.698821e+05,"Ma(d1,d2,d3,d4,d5)",5D,open,1,3,-2,2,3,,
1.698821e+05,"Ma(d1,d2,d3,d4,d5)",5D,open,1,3,2,-2,-3,,
1.698821e+05,"Ma(d1,d2,d3,d4,d5)",5D,open,1,3,2,-2,-2,,
1.698821e+05,"Ma(d1,d2,d3,d4,d5)",5D,open,1,3,2,-2,-1,,
1.698821e+05,"Ma(d1,d2,d3,d4)",4D,open,1,3,2,-2,0,,
1.698821e+05,"Ma(d1,d2,d3,d4,d5)",5D,open,1,3,2,-2,1,,
1.698821e+05,"Ma(d1,d2,d3,d4,d5)",5D,open,1,3,2,-2,2,,
1.698821e+05,"Ma(d1,d2,d3,d4,d5)",5D,open,1,3,2,-2,3,,
1.698821e+05,"Ma(d1,d2,d3,d4,d5)",5D,open,1,3,2,2,-3,,
1.698821e+05,"Ma(d1,d2,d3,d4,d5)",5D,open,1,3,2,2,-2,,
1.698821e+05,"Ma(d1,d2,d3,d4,d5)",5D,open,1,3,2,2,-1,,
1.698821e+05,"Ma(d1,d2,d3,d4)",4D,open,1,3,2,2,0,,
1.698821e+05,"Ma(d1,d2,d3,d4,d5)",5D,open,1,3,2,2,1,,
1.698821e+05,"Ma(d1,d2,d3,d4,d5)",5D,open,1,3,2,2,2,,
1.698821e+05,"Ma(d1,d2,d3,d4,d5)",5D,open,1,3,2,2,3,,
1.698821e+05,"Ma(d1,d2,d3,d4,d5)",5D,open,-1,-3,-2,-3,-3,,
1.698821e+05,"Ma(d1,d2,d3,d4,d5)",5D,open,-1,-3,-2,-3,-2,,
1.698821e+05,"Ma(d1,d2,d3,d4,d5)",5D,open,-1,-3,-2,-3,-1,,
1.698821e+05,"Ma(d1,d2,d3,d4)",4D,open,-1,-3,-2,-3,0,,
1.698821e+05,"Ma(d1,d2,d3,d4,d5)",5D,open,-1,-3,-2,-3,1,,
1.698821e+05,"Ma(d1,d2,d3,d4,d5)",5D,open,-1,-3,-2,-3,2,,
1.698821e+05,"Ma(d1,d2,d3,d4,d5)",5D,open,-1,-3,-2,-3,3,,
1.698821e+05,"Ma(d1,d2,d3,d4,d5)",5D,open,-1,-3,-2,3,-3,,
1.698821e+05,"Ma(d1,d2,d3,d4,d5)",5D,open,-1,-3,-2,3,-2,,
1.698821e+05,"Ma(d1,d2,d3,d4,d5)",5D,open,-1,-3,-2,3,-1,,
1.698821e+05,"Ma(d1,d2,d3,d4)",4D,open,-1,-3,-2,3,0,,
1.698821e+05,"Ma(d1,d2,d3,d4,d5)",5D,open,-1,-3,-2,3,1,,
1.698821e+05,"Ma(d1,d2,d3,d4,d5)",5D,open,-1,-3,-2,3,2,,
1.698821e+05,"Ma(d1,d2,d3,d4,d5)",5D,open,-1,-3,-2,3,3,,
1.698821e+05,"Ma(d1,d2,d3,d4,d5)",5D,open,-1,-3,2,-3,-3,,
1.698821e+05,"Ma(d1,d2,d3,d4,d5)",5D,open,-1,-3,2,-3,-2,,
1.698821e+05,"Ma(d1,d2,d3,d4,d5)",5D,open,-1,-3,2,-3,-1,,
1.698821e+05,"Ma(d1,d2,d3,d4)",4D,open,-1,-3,2,-3,0,,
1.698821e+05,"Ma(d1,d2,d3,d4,d5)",5D,open,-1,-3,2,-3,1,,
1.698821e+05,"Ma(d1,d2,d3,d4,d5)",5D,open,-1,-3,2,-3,2,,
1.698821e+05,"Ma(d1,d2,d3,d4,d5)",5D,open,-1,-3,2,-3,3,,
1.698821e+05,"Ma(d1,d2,d3,d4,d5)",5D,open,-1,-3,2,3,-3,,
1.698821e+05,"Ma(d1,d2,d3,d4,d5)",5D,open,-1,-3,2,3,-2,,
1.698821e+05,"Ma(d1,d2,d3,d4,d5)",5D,open,-1,-3,2,3,-1,,
1.698821e+05,"Ma(d1,d2,d3,d4)",4D,open,-1,-3,2,3,0,,
1.698821e+05,"Ma(d1,d2,d3,d4,d5)",5D,open,-1,-3,2,3,1,,
1.698821e+05,"Ma(d1,d2,d3,d4,d5)",5D,open,-1,-3,2,3,2,,
1.698821e+05,"Ma(d1,d2,d3,d4,d5)",5D,open,-1,-3,2,3,3,,
1.698821e+05,"Ma(d1,d2,d3,d4,d5)",5D,open,-1,3,-2,-3,-3,,
1.698821e+05,"Ma(d1,d2,d3,d4,d5)",5D,open,-1,3,-2,-3,-2,,
1.698821e+05,"Ma(d1,d2,d3,d4,d5)",5D,open,-1,3,-2,-3,-1,,
1.698821e+05,"Ma(d1,d2,d3,d4)",4D,open,-1,3,-2,-3,0,,
1.698821e+05,"Ma(d1,d2,d3,d4,d5)",5D,open,-1,3,-2,-3,1,,
1.698821e+05,"Ma(d1,d2,d3,d4,d5)",5D,open,-1,3,-2,-3,2,,
1.698821e+05,"Ma(d1,d2,d3,d4,d5)",5D,open,-1,3,-2,-3,3,,
1.698821e+05,"Ma(d1,d2,d3,d4,d5)",5D,open,-1,3,-2,3,-3,,
1.698821e+05,"Ma(d1,d2,d3,d4,d5)",5D,open,-1,3,-2,3,-2,,
1.698821e+05,"Ma(d1,d2,d3,d4,d5)",5D,open,-1,3,-2,3,-1,,
1.698821e+05,"Ma(d1,d2,d3,d4)",4D,open,-1,3,-2,3,0,,
1.698821e+05,"Ma(d1,d2,d3,d4,d5)",5D,open,-1,3,-2,3,1,,
1.698821e+05,"Ma(d1,d2,d3,d4,d5)",5D,open,-1,3,-2,3,2,,
1.698821e+05,"Ma(d1,d2,d3,d4,d5)",5D,open,-1,3,-2,3,3,,
1.698821e+05,"Ma(d1,d2,d3,d4,d5)",5D,open,-1,3,2,-3,-3,,
1.698821e+05,"Ma(d1,d2,d3,d4,d5)",5D,open,-1,3,2,-3,-2,,
1.698821e+05,"Ma(d1,d2,d3,d4,d5)",5D,open,-1,3,2,-3,-1,,
1.698821e+05,"Ma(d1,d2,d3,d4)",4D,open,-1,3,2,-3,0,,
1.698821e+05,"Ma(d1,d2,d3,d4,d5)",5D,open,-1,3,2,-3,1,,
1.698821e+05,"Ma(d1,d2,d3,d4,d5)",5D,open,-1,3,2,-3,2,,
1.698821e+05,"Ma(d1,d2,d3,d4,d5)",5D,open,-1,3,2,-3,3,,
1.698821e+05,"Ma(d1,d2,d3,d4,d5)",5D,open,-1,3,2,3,-3,,
1.698821e+05,"Ma(d1,d2,d3,d4,d5)",5D,open,-1,3,2,3,-2,,
1.698821e+05,"Ma(d1,d2,d3,d4,d5)",5D,open,-1,3,2,3,-1,,
1.698821e+05,"Ma(d1,d2,d3,d4)",4D,open,-1,3,2,3,0,,
1.698821e+05,"Ma(d1,d2,d3,d4,d5)",5D,open,-1,3,2,3,1,,
1.698821e+05,"Ma(d1,d2,d3,d4,d5)",5D,open,-1,3,2,3,2,,
1.698821e+05,"Ma(d1,d2,d3,d4,d5)",5D,open,-1,3,2,3,3,,
1.698821e+05,"Ma(d1,d2,d3,d4,d5)",5D,open,1,-3,-2,-3,-3,,
1.698821e+05,"Ma(d1,d2,d3,d4,d5)",5D,open,1,-3,-2,-3,-2,,
1.698821e+05,"Ma(d1,d2,d3,d4,d5)",5D,open,1,-3,-2,-3,-1,,
1.698821e+05,"Ma(d1,d2,d3,d4)",4D,open,1,-3,-2,-3,0,,
1.698821e+05,"Ma(d1,d2,d3,d4,d5)",5D,open,1,-3,-2,-3,1,,
1.698821e+05,"Ma(d1,d2,d3,d4,d5)",5D,open,1,-3,-2,-3,2,,
1.698821e+05,"Ma(d1,d2,d3,d4,d5)",5D,open,1,-3,-2,-3,3,,
1.698821e+05,"Ma(d1,d2,d3,d4,d5)",5D,open,1,-3,-2,3,-3,,
1.698821e+05,"Ma(d1,d2,d3,d4,d5)",5D,open,1,-3,-2,3,-2,,
1.698821e+05,"Ma(d1,d2,d3,d4,d5)",5D,open,1,-3,-2,3,-1,,
1.698821e+05,"Ma(d1,d2,d3,d4)",4D,open,1,-3,-2,3,0,,
1.698821e+05,"Ma(d1,d2,d3,d4,d5)",5D,open,1,-3,-2,3,1,,
1.698821e+05,"Ma(d1,d2,d3,d4,d5)",5D,open,1,-3,-2,3,2,,
1.698821e+05,"Ma(d1,d2,d3,d4,d5)",5D,open,1,-3,-2,3,3,,
1.698821e+05,"Ma(d1,d2,d3,d4,d5)",5D,open,1,-3,2,-3,-3,,
1.698821e+05,"Ma(d1,d2,d3,d4,d5)",5D,open,1,-3,2,-3,-2,,
1.698821e+05,"Ma(d1,d2,d3,d4,d5)",5D,open,1,-3,2,-3,-1,,
1.698821e+05,"Ma(d1,d2,d3,d4)",4D,open,1,-3,2,-3,0,,
1.698821e+05,"Ma(d1,d2,d3,d4,d5)",5D,open,1,-3,2,-3,1,,
1.698821e+05,"Ma(d1,d2,d3,d4,d5)",5D,open,1,-3,2,-3,2,,
1.698821e+05,"Ma(d1,d2,d3,d4,d5)",5D,open,1,-3,2,-3,3,,
1.698821e+05,"Ma(d1,d2,d3,d4,d5)",5D,open,1,-3,2,3,-3,,
1.698821e+05,"Ma(d1,d2,d3,d4,d5)",5D,open,1,-3,2,3,-2,,
1.698821e+05,"Ma(d1,d2,d3,d4,d5)",5D,open,1,-3,2,3,-1,,
1.698821e+05,"Ma(d1,d2,d3,d4)",4D,open,1,-3,2,3,0,,
1.698821e+05,"Ma(d1,d2,d3,d4,d5)",5D,open,1,-3,2,3,1,,
1.698821e+05,"Ma(d1,d2,d3,d4,d5)",5D,open,1,-3,2,3,2,,
1.698821e+05,"Ma(d1,d2,d3,d4,d5)",5D,open,1,-3,2,3,3,,
1.698821e+05,"Ma(d1,d2,d3,d4,d5)",5D,open,1,3,-2,-3,-3,,
1.698821e+05,"Ma(d1,d2,d3,d4,d5)",5D,open,1,3,-2,-3,-2,,
1.698821e+05,"Ma(d1,d2,d3,d4,d5)",5D,open,1,3,-2,-3,-1,,
1.698821e+05,"Ma(d1,d2,d3,d4)",4D,open,1,3,-2,-3,0,,
1.698821e+05,"Ma(d1,d2,d3,d4,d5)",5D,open,1,3,-2,-3,1,,
1.698821e+05,"Ma(d1,d2,d3,d4,d5)",5D,open,1,3,-2,-3,2,,
1.698821e+05,"Ma(d1,d2,d3,d4,d5)",5D,open,1,3,-2,-3,3,,
1.698821e+05,"Ma(d1,d2,d3,d4,d5)",5D,open,1,3,-2,3,-3,,
1.698821e+05,"Ma(d1,d2,d3,d4,d5)",5D,open,1,3,-2,3,-2,,
1.698821e+05,"Ma(d1,d2,d3,d4,d5)",5D,open,1,3,-2,3,-1,,
1.698821e+05,"Ma(d1,d2,d3,d4)",4D,open,1,3,-2,3,0,,
1.698821e+05,"Ma(d1,d2,d3,d4,d5)",5D,open,1,3,-2,3,1,,
1.698821e+05,"Ma(d1,d2,d3,d4,d5)",5D,open,1,3,-2,3,2,,
1.698821e+05,"Ma(d1,d2,d3,d4,d5)",5D,open,1,3,-2,3,3,,
1.698821e+05,"Ma(d1,d2,d3,d4,d5)",5D,open,1,3,2,-3,-3,,
1.698821e+05,"Ma(d1,d2,d3,d4,d5)",5D,open,1,3,2,-3,-2,,
1.698821e+05,"Ma(d1,d2,d3,d4,d5)",5D,open,1,3,2,-3,-1,,
1.698821e+05,"Ma(d1,d2,d3,d4)",4D,open,1,3,2,-3,0,,
1.698821e+05,"Ma(d1,d2,d3,d4,d5)",5D,open,1,3,2,-3,1,,
1.698821e+05,"Ma(d1,d2,d3,d4,d5)",5D,open,1,3,2,-3,2,,
1.698821e+05,"Ma(d1,d2,d3,d4,d5)",5D,open,1,3,2,-3,3,,
1.698821e+05,"Ma(d1,d2,d3,d4,d5)",5D,open,1,3,2,3,-3,,
1.698821e+05,"Ma(d1,d2,d3,d4,d5)",5D,open,1,3,2,3,-2,,
1.698821e+05,"Ma(d1,d2,d3,d4,d5)",5D,open,1,3,2,3,-1,,
1.698821e+05,"Ma(d1,d2,d3,d4)",4D,open,1,3,2,3,0,,
1.698821e+05,"Ma(d1,d2,d3,d4,d5)",5D,open,1,3,2,3,1,,
1.698821e+05,"Ma(d1,d2,d3,d4,d5)",5D,open,1,3,2,3,2,,
1.698821e+05,"Ma(d1,d2,d3,d4,d5)",5D,open,1,3,2,3,3,,
1.698821e+05,"Ma(d1,d2,d3,d5)",4D,open,-1,-3,-3,0,-3,,
1.698821e+05,"Ma(d1,d2,d3,d5)",4D,open,-1,-3,-3,0,-2,,
1.698821e+05,"Ma(d1,d2,d3,d5)",4D,open,-1,-3,-3,0,-1,,
1.698821e+05,"Ma(d1,d2,d3)",3D,open,-1,-3,-3,0,0,,
1.698821e+05,"Ma(d1,d2,d3,d5)",4D,open,-1,-3,-3,0,1,,
1.698821e+05,"Ma(d1,d2,d3,d5)",4D,open,-1,-3,-3,0,2,,
1.698821e+05,"Ma(d1,d2,d3,d5)",4D,open,-1,-3,-3,0,3,,
1.698821e+05,"Ma(d1,d2,d3,d5)",4D,open,-1,-3,3,0,-3,,
1.698821e+05,"Ma(d1,d2,d3,d5)",4D,open,-1,-3,3,0,-2,,
1.698821e+05,"Ma(d1,d2,d3,d5)",4D,open,-1,-3,3,0,-1,,
1.698821e+05,"Ma(d1,d2,d3)",3D,open,-1,-3,3,0,0,,
1.698821e+05,"Ma(d1,d2,d3,d5)",4D,open,-1,-3,3,0,1,,
1.698821e+05,"Ma(d1,d2,d3,d5)",4D,open,-1,-3,3,0,2,,
1.698821e+05,"Ma(d1,d2,d3,d5)",4D,open,-1,-3,3,0,3,,
1.698821e+05,"Ma(d1,d2,d3,d5)",4D,open,-1,3,-3,0,-3,,
1.698821e+05,"Ma(d1,d2,d3,d5)",4D,open,-1,3,-3,0,-2,,
1.698821e+05,"Ma(d1,d2,d3,d5)",4D,open,-1,3,-3,0,-1,,
1.698821e+05,"Ma(d1,d2,d3)",3D,open,-1,3,-3,0,0,,
1.698821e+05,"Ma(d1,d2,d3,d5)",4D,open,-1,3,-3,0,1,,
1.698821e+05,"Ma(d1,d2,d3,d5)",4D,open,-1,3,-3,0,2,,
1.698821e+05,"Ma(d1,d2,d3,d5)",4D,open,-1,3,-3,0,3,,
1.698821e+05,"Ma(d1,d2,d3,d5)",4D,open,-1,3,3,0,-3,,
1.698821e+05,"Ma(d1,d2,d3,d5)",4D,open,-1,3,3,0,-2,,
1.698821e+05,"Ma(d1,d2,d3,d5)",4D,open,-1,3,3,0,-1,,
1.698821e+05,"Ma(d1,d2,d3)",3D,open,-1,3,3,0,0,,
1.698821e+05,"Ma(d1,d2,d3,d5)",4D,open,-1,3,3,0,1,,
1.698821e+05,"Ma(d1,d2,d3,d5)",4D,open,-1,3,3,0,2,,
1.698821e+05,"Ma(d1,d2,d3,d5)",4D,open,-1,3,3,0,3,,
1.698821e+05,"Ma(d1,d2,d3,d5)",4D,open,1,-3,-3,0,-3,,
1.698821e+05,"Ma(d1,d2,d3,d5)",4D,open,1,-3,-3,0,-2,,
1.698821e+05,"Ma(d1,d2,d3,d5)",4D,open,1,-3,-3,0,-1,,
1.698821e+05,"Ma(d1,d2,d3)",3D,open,1,-3,-3,0,0,,
1.698821e+05,"Ma(d1,d2,d3,d5)",4D,open,1,-3,-3,0,1,,
1.698821e+05,"Ma(d1,d2,d3,d5)",4D,open,1,-3,-3,0,2,,
1.698821e+05,"Ma(d1,d2,d3,d5)",4D,open,1,-3,-3,0,3,,
1.698821e+05,"Ma(d1,d2,d3,d5)",4D,open,1,-3,3,0,-3,,
1.698821e+05,"Ma(d1,d2,d3,d5)",4D,open,1,-3,3,0,-2,,
1.698821e+05,"Ma(d1,d2,d3,d5)",4D,open,1,-3,3,0,-1,,
1.698821e+05,"Ma(d1,d2,d3)",3D,open,1,-3,3,0,0,,
1.698821e+05,"Ma(d1,d2,d3,d5)",4D,open,1,-3,3,0,1,,
1.698821e+05,"Ma(d1,d2,d3,d5)",4D,open,1,-3,3,0,2,,
1.698821e+05,"Ma(d1,d2,d3,d5)",4D,open,1,-3,3,0,3,,
1.698821e+05,"Ma(d1,d2,d3,d5)",4D,open,1,3,-3,0,-3,,
1.698821e+05,"Ma(d1,d2,d3,d5)",4D,open,1,3,-3,0,-2,,
1.698821e+05,"Ma(d1,d2,d3,d5)",4D,open,1,3,-3,0,-1,,
1.698821e+05,"Ma(d1,d2,d3)",3D,open,1,3,-3,0,0,,
1.698821e+05,"Ma(d1,d2,d3,d5)",4D,open,1,3,-3,0,1,,
1.698821e+05,"Ma(d1,d2,d3,d5)",4D,open,1,3,-3,0,2,,
1.698821e+05,"Ma(d1,d2,d3,d5)",4D,open,1,3,-3,0,3,,
1.698821e+05,"Ma(d1,d2,d3,d5)",4D,open,1,3,3,0,-3,,
1.698821e+05,"Ma(d1,d2,d3,d5)",4D,open,1,3,3,0,-2,,
1.698821e+05,"Ma(d1,d2,d3,d5)",4D,open,1,3,3,0,-1,,
1.698821e+05,"Ma(d1,d2,d3)",3D,open,1,3,3,0,0,,
1.698821e+05,"Ma(d1,d2,d3,d5)",4D,open,1,3,3,0,1,,
1.698821e+05,"Ma(d1,d2,d3,d5)",4D,open,1,3,3,0,2,,
1.698821e+05,"Ma(d1,d2,d3,d5)",4D,open,1,3,3,0,3,,
1.698821e+05,"Ma(d1,d2,d3,d4,d5)",5D,open,-1,-3,-3,-1,-3,,
1.698821e+05,"Ma(d1,d2,d3,d4,d5)",5D,open,-1,-3,-3,-1,-2,,
1.698821e+05,"Ma(d1,d2,d3,d4,d5)",5D,open,-1,-3,-3,-1,-1,,
1.698821e+05,"Ma(d1,d2,d3,d4)",4D,open,-1,-3,-3,-1,0,,
1.698821e+05,"Ma(d1,d2,d3,d4,d5)",5D,open,-1,-3,-3,-1,1,,
1.698821e+05,"Ma(d1,d2,d3,d4,d5)",5D,open,-1,-3,-3,-1,2,,
1.698821e+05,"Ma(d1,d2,d3,d4,d5)",5D,open,-1,-3,-3,-1,3,,
1.698821e+05,"Ma(d1,d2,d3,d4,d5)",5D,open,-1,-3,-3,1,-3,,
1.698821e+05,"Ma(d1,d2,d3,d4,d5)",5D,open,-1,-3,-3,1,-2,,
1.698821e+05,"Ma(d1,d2,d3,d4,d5)",5D,open,-1,-3,-3,1,-1,,
1.698821e+05,"Ma(d1,d2,d3,d4)",4D,open,-1,-3,-3,1,0,,
1.698821e+05,"Ma(d1,d2,d3,d4,d5)",5D,open,-1,-3,-3,1,1,,
1.698821e+05,"Ma(d1,d2,d3,d4,d5)",5D,open,-1,-3,-3,1,2,,
1.698821e+05,"Ma(d1,d2,d3,d4,d5)",5D,open,-1,-3,-3,1,3,,
1.698821e+05,"Ma(d1,d2,d3,d4,d5)",5D,open,-1,-3,3,-1,-3,,
1.698821e+05,"Ma(d1,d2,d3,d4,d5)",5D,open,-1,-3,3,-1,-2,,
1.698821e+05,"Ma(d1,d2,d3,d4,d5)",5D,open,-1,-3,3,-1,-1,,
1.698821e+05,"Ma(d1,d2,d3,d4)",4D,open,-1,-3,3,-1,0,,
1.698821e+05,"Ma(d1,d2,d3,d4,d5)",5D,open,-1,-3,3,-1,1,,
1.698821e+05,"Ma(d1,d2,d3,d4,d5)",5D,open,-1,-3,3,-1,2,,
1.698821e+05,"Ma(d1,d2,d3,d4,d5)",5D,open,-1,-3,3,-1,3,,
1.698821e+05,"Ma(d1,d2,d3,d4,d5)",5D,open,-1,-3,3,1,-3,,
1.698821e+05,"Ma(d1,d2,d3,d4,d5)",5D,open,-1,-3,3,1,-2,,
1.698821e+05,"Ma(d1,d2,d3,d4,d5)",5D,open,-1,-3,3,1,-1,,
1.698821e+05,"Ma(d1,d2,d3,d4)",4D,open,-1,-3,3,1,0,,
1.698821e+05,"Ma(d1,d2,d3,d4,d5)",5D,open,-1,-3,3,1,1,,
1.698821e+05,"Ma(d1,d2,d3,d4,d5)",5D,open,-1,-3,3,1,2,,
1.698821e+05,"Ma(d1,d2,d3,d4,d5)",5D,open,-1,-3,3,1,3,,
1.698821e+05,"Ma(d1,d2,d3,d4,d5)",5D,open,-1,3,-3,-1,-3,,
1.698821e+05,"Ma(d1,d2,d3,d4,d5)",5D,open,-1,3,-3,-1,-2,,
1.698821e+05,"Ma(d1,d2,d3,d4,d5)",5D,open,-1,3,-3,-1,-1,,
1.698821e+05,"Ma(d1,d2,d3,d4)",4D,open,-1,3,-3,-1,0,,
1.698821e+05,"Ma(d1,d2,d3,d4,d5)",5D,open,-1,3,-3,-1,1,,
1.698821e+05,"Ma(d1,d2,d3,d4,d5)",5D,open,-1,3,-3,-1,2,,
1.698821e+05,"Ma(d1,d2,d3,d4,d5)",5D,open,-1,3,-3,-1,3,,
1.698821e+05,"Ma(d1,d2,d3,d4,d5)",5D,open,-1,3,-3,1,-3,,
1.698821e+05,"Ma(d1,d2,d3,d4,d5)",5D,open,-1,3,-3,1,-2,,
1.698821e+05,"Ma(d1,d2,d3,d4,d5)",5D,open,-1,3,-3,1,-1,,
1.698821e+05,"Ma(d1,d2,d3,d4)",4D,open,-1,3,-3,1,0,,
1.698821e+05,"Ma(d1,d2,d3,d4,d5)",5D,open,-1,3,-3,1,1,,
1.698821e+05,"Ma(d1,d2,d3,d4,d5)",5D,open,-1,3,-3,1,2,,
1.698821e+05,"Ma(d1,d2,d3,d4,d5)",5D,open,-1,3,-3,1,3,,
1.698821e+05,"Ma(d1,d2,d3,d4,d5)",5D,open,-1,3,3,-1,-3,,
1.698821e+05,"Ma(d1,d2,d3,d4,d5)",5D,open,-1,3,3,-1,-2,,
1.698821e+05,"Ma(d1,d2,d3,d4,d5)",5D,open,-1,3,3,-1,-1,,
1.698821e+05,"Ma(d1,d2,d3,d4)",4D,open,-1,3,3,-1,0,,
1.698821e+05,"Ma(d1,d2,d3,d4,d5)",5D,open,-1,3,3,-1,1,,
1.698821e+05,"Ma(d1,d2,d3,d4,d5)",5D,open,-1,3,3,-1,2,,
1.698821e+05,"Ma(d1,d2,d3,d4,d5)",5D,open,-1,3,3,-1,3,,
1.698821e+05,"Ma(d1,d2,d3,d4,d5)",5D,open,-1,3,3,1,-3,,
1.698821e+05,"Ma(d1,d2,d3,d4,d5)",5D,open,-1,3,3,1,-2,,
1.698821e+05,"Ma(d1,d2,d3,d4,d5)",5D,open,-1,3,3,1,-1,,
1.698821e+05,"Ma(d1,d2,d3,d4)",4D,open,-1,3,3,1,0,,
1.698821e+05,"Ma(d1,d2,d3,d4,d5)",5D,open,-1,3,3,1,1,,
1.698821e+05,"Ma(d1,d2,d3,d4,d5)",5D,open,-1,3,3,1,2,,
1.698821e+05,"Ma(d1,d2,d3,d4,d5)",5D,open,-1,3,3,1,3,,
1.698821e+05,"Ma(d1,d2,d3,d4,d5)",5D,open,1,-3,-3,-1,-3,,
1.698821e+05,"Ma(d1,d2,d3,d4,d5)",5D,open,1,-3,-3,-1,-2,,
1.698821e+05,"Ma(d1,d2,d3,d4,d5)",5D,open,1,-3,-3,-1,-1,,
1.698821e+05,"Ma(d1,d2,d3,d4)",4D,open,1,-3,-3,-1,0,,
1.698821e+05,"Ma(d1,d2,d3,d4,d5)",5D,open,1,-3,-3,-1,1,,
1.698821e+05,"Ma(d1,d2,d3,d4,d5)",5D,open,1,-3,-3,-1,2,,
1.698821e+05,"Ma(d1,d2,d3,d4,d5)",5D,open,1,-3,-3,-1,3,,
1.698821e+05,"Ma(d1,d2,d3,d4,d5)",5D,open,1,-3,-3,1,-3,,
1.698821e+05,"Ma(d1,d2,d3,d4,d5)",5D,open,1,-3,-3,1,-2,,
1.698821e+05,"Ma(d1,d2,d3,d4,d5)",5D,open,1,-3,-3,1,-1,,
1.698821e+05,"Ma(d1,d2,d3,d4)",4D,open,1,-3,-3,1,0,,
1.698821e+05,"Ma(d1,d2,d3,d4,d5)",5D,open,1,-3,-3,1,1,,
1.698821e+05,"Ma(d1,d2,d3,d4,d5)",5D,open,1,-3,-3,1,2,,
1.698821e+05,"Ma(d1,d2,d3,d4,d5)",5D,open,1,-3,-3,1,3,,
1.698821e+05,"Ma(d1,d2,d3,d4,d5)",5D,open,1,-3,3,-1,-3,,
1.698821e+05,"Ma(d1,d2,d3,d4,d5)",5D,open,1,-3,3,-1,-2,,
1.698821e+05,"Ma(d1,d2,d3,d4,d5)",5D,open,1,-3,3,-1,-1,,
1.698821e+05,"Ma(d1,d2,d3,d4)",4D,open,1,-3,3,-1,0,,
1.698821e+05,"Ma(d1,d2,d3,d4,d5)",5D,open,1,-3,3,-1,1,,
1.698821e+05,"Ma(d1,d2,d3,d4,d5)",5D,open,1,-3,3,-1,2,,
1.698821e+05,"Ma(d1,d2,d3,d4,d5)",5D,open,1,-3,3,-1,3,,
1.698821e+05,"Ma(d1,d2,d3,d4,d5)",5D,open,1,-3,3,1,-3,,
1.698821e+05,"Ma(d1,d2,d3,d4,d5)",5D,open,1,-3,3,1,-2,,
1.698821e+05,"Ma(d1,d2,d3,d4,d5)",5D,open,1,-3,3,1,-1,,
1.698821e+05,"Ma(d1,d2,d3,d4)",4D,open,1,-3,3,1,0,,
1.698821e+05,"Ma(d1,d2,d3,d4,d5)",5D,open,1,-3,3,1,1,,
1.698821e+05,"Ma(d1,d2,d3,d4,d5)",5D,open,1,-3,3,1,2,,
1.698821e+05,"Ma(d1,d2,d3,d4,d5)",5D,open,1,-3,3,1,3,,
1.698821e+05,"Ma(d1,d2,d3,d4,d5)",5D,open,1,3,-3,-1,-3,,
1.698821e+05,"Ma(d1,d2,d3,d4,d5)",5D,open,1,3,-3,-1,-2,,
1.698821e+05,"Ma(d1,d2,d3,d4,d5)",5D,open,1,3,-3,-1,-1,,
1.698821e+05,"Ma(d1,d2,d3,d4)",4D,open,1,3,-3,-1,0,,
1.698821e+05,"Ma(d1,d2,d3,d4,d5)",5D,open,1,3,-3,-1,1,,
1.698821e+05,"Ma(d1,d2,d3,d4,d5)",5D,open,1,3,-3,-1,2,,
1.698821e+05,"Ma(d1,d2,d3,d4,d5)",5D,open,1,3,-3,-1,3,,
1.698821e+05,"Ma(d1,d2,d3,d4,d5)",5D,open,1,3,-3,1,-3,,
1.698821e+05,"Ma(d1,d2,d3,d4,d5)",5D,open,1,3,-3,1,-2,,
1.698821e+05,"Ma(d1,d2,d3,d4,d5)",5D,open,1,3,-3,1,-1,,
1.698821e+05,"Ma(d1,d2,d3,d4)",4D,open,1,3,-3,1,0,,
1.698821e+05,"Ma(d1,d2,d3,d4,d5)",5D,open,1,3,-3,1,1,,
1.698821e+05,"Ma(d1,d2,d3,d4,d5)",5D,open,1,3,-3,1,2,,
1.698821e+05,"Ma(d1,d2,d3,d4,d5)",5D,open,1,3,-3,1,3,,
1.698821e+05,"Ma(d1,d2,d3,d4,d5)",5D,open,1,3,3,-1,-3,,
1.698821e+05,"Ma(d1,d2,d3,d4,d5)",5D,open,1,3,3,-1,-2,,
1.698821e+05,"Ma(d1,d2,d3,d4,d5)",5D,open,1,3,3,-1,-1,,
1.698821e+05,"Ma(d1,d2,d3,d4)",4D,open,1,3,3,-1,0,,
1.698821e+05,"Ma(d1,d2,d3,d4,d5)",5D,open,1,3,3,-1,1,,
1.698821e+05,"Ma(d1,d2,d3,d4,d5)",5D,open,1,3,3,-1,2,,
1.698821e+05,"Ma(d1,d2,d3,d4,d5)",5D,open,1,3,3,-1,3,,
1.698821e+05,"Ma(d1,d2,d3,d4,d5)",5D,open,1,3,3,1,-3,,
1.698821e+05,"Ma(d1,d2,d3,d4,d5)",5D,open,1,3,3,1,-2,,
1.698821e+05,"Ma(d1,d2,d3,d4,d5)",5D,open,1,3,3,1,-1,,
1.698821e+05,"Ma(d1,d2,d3,d4)",4D,open,1,3,3,1,0,,
1.698821e+05,"Ma(d1,d2,d3,d4,d5)",5D,open,1,3,3,1,1,,
1.698821e+05,"Ma(d1,d2,d3,d4,d5)",5D,open,1,3,3,1,2,,
1.698821e+05,"Ma(d1,d2,d3,d4,d5)",5D,open,1,3,3,1,3,,
1.698821e+05,"Ma(d1,d2,d3,d4,d5)",5D,open,-1,-3,-3,-2,-3,,
1.698821e+05,"Ma(d1,d2,d3,d4,d5)",5D,open,-1,-3,-3,-2,-2,,
1.698821e+05,"Ma(d1,d2,d3,d4,d5)",5D,open,-1,-3,-3,-2,-1,,
1.698821e+05,"Ma(d1,d2,d3,d4)",4D,open,-1,-3,-3,-2,0,,
1.698821e+05,"Ma(d1,d2,d3,d4,d5)",5D,open,-1,-3,-3,-2,1,,
1.698821e+05,"Ma(d1,d2,d3,d4,d5)",5D,open,-1,-3,-3,-2,2,,
1.698821e+05,"Ma(d1,d2,d3,d4,d5)",5D,open,-1,-3,-3,-2,3,,
1.698821e+05,"Ma(d1,d2,d3,d4,d5)",5D,open,-1,-3,-3,2,-3,,
1.698821e+05,"Ma(d1,d2,d3,d4,d5)",5D,open,-1,-3,-3,2,-2,,
1.698821e+05,"Ma(d1,d2,d3,d4,d5)",5D,open,-1,-3,-3,2,-1,,
1.698821e+05,"Ma(d1,d2,d3,d4)",4D,open,-1,-3,-3,2,0,,
1.698821e+05,"Ma(d1,d2,d3,d4,d5)",5D,open,-1,-3,-3,2,1,,
1.698821e+05,"Ma(d1,d2,d3,d4,d5)",5D,open,-1,-3,-3,2,2,,
1.698821e+05,"Ma(d1,d2,d3,d4,d5)",5D,open,-1,-3,-3,2,3,,
1.698821e+05,"Ma(d1,d2,d3,d4,d5)",5D,open,-1,-3,3,-2,-3,,
1.698821e+05,"Ma(d1,d2,d3,d4,d5)",5D,open,-1,-3,3,-2,-2,,
1.698821e+05,"Ma(d1,d2,d3,d4,d5)",5D,open,-1,-3,3,-2,-1,,
1.698821e+05,"Ma(d1,d2,d3,d4)",4D,open,-1,-3,3,-2,0,,
1.698821e+05,"Ma(d1,d2,d3,d4,d5)",5D,open,-1,-3,3,-2,1,,
1.698821e+05,"Ma(d1,d2,d3,d4,d5)",5D,open,-1,-3,3,-2,2,,
1.698821e+05,"Ma(d1,d2,d3,d4,d5)",5D,open,-1,-3,3,-2,3,,
1.698821e+05,"Ma(d1,d2,d3,d4,d5)",5D,open,-1,-3,3,2,-3,,
1.698821e+05,"Ma(d1,d2,d3,d4,d5)",5D,open,-1,-3,3,2,-2,,
1.698821e+05,"Ma(d1,d2,d3,d4,d5)",5D,open,-1,-3,3,2,-1,,
1.698821e+05,"Ma(d1,d2,d3,d4)",4D,open,-1,-3,3,2,0,,
1.698821e+05,"Ma(d1,d2,d3,d4,d5)",5D,open,-1,-3,3,2,1,,
1.698821e+05,"Ma(d1,d2,d3,d4,d5)",5D,open,-1,-3,3,2,2,,
1.698821e+05,"Ma(d1,d2,d3,d4,d5)",5D,open,-1,-3,3,2,3,,
1.698821e+05,"Ma(d1,d2,d3,d4,d5)",5D,open,-1,3,-3,-2,-3,,
1.698821e+05,"Ma(d1,d2,d3,d4,d5)",5D,open,-1,3,-3,-2,-2,,
1.698821e+05,"Ma(d1,d2,d3,d4,d5)",5D,open,-1,3,-3,-2,-1,,
1.698821e+05,"Ma(d1,d2,d3,d4)",4D,open,-1,3,-3,-2,0,,
1.698821e+05,"Ma(d1,d2,d3,d4,d5)",5D,open,-1,3,-3,-2,1,,
1.698821e+05,"Ma(d1,d2,d3,d4,d5)",5D,open,-1,3,-3,-2,2,,
1.698821e+05,"Ma(d1,d2,d3,d4,d5)",5D,open,-1,3,-3,-2,3,,
1.698821e+05,"Ma(d1,d2,d3,d4,d5)",5D,open,-1,3,-3,2,-3,,
1.698821e+05,"Ma(d1,d2,d3,d4,d5)",5D,open,-1,3,-3,2,-2,,
1.698821e+05,"Ma(d1,d2,d3,d4,d5)",5D,open,-1,3,-3,2,-1,,
1.698821e+05,"Ma(d1,d2,d3,d4)",4D,open,-1,3,-3,2,0,,
1.698821e+05,"Ma(d1,d2,d3,d4,d5)",5D,open,-1,3,-3,2,1,,
1.698821e+05,"Ma(d1,d2,d3,d4,d5)",5D,open,-1,3,-3,2,2,,
1.698821e+05,"Ma(d1,d2,d3,d4,d5)",5D,open,-1,3,-3,2,3,,
1.698821e+05,"Ma(d1,d2,d3,d4,d5)",5D,open,-1,3,3,-2,-3,,
1.698821e+05,"Ma(d1,d2,d3,d4,d5)",5D,open,-1,3,3,-2,-2,,
1.698821e+05,"Ma(d1,d2,d3,d4,d5)",5D,open,-1,3,3,-2,-1,,
1.698821e+05,"Ma(d1,d2,d3,d4)",4D,open,-1,3,3,-2,0,,
1.698821e+05,"Ma(d1,d2,d3,d4,d5)",5D,open,-1,3,3,-2,1,,
1.698821e+05,"Ma(d1,d2,d3,d4,d5)",5D,open,-1,3,3,-2,2,,
1.698821e+05,"Ma(d1,d2,d3,d4,d5)",5D,open,-1,3,3,-2,3,,
1.698821e+05,"Ma(d1,d2,d3,d4,d5)",5D,open,-1,3,3,2,-3,,
1.698821e+05,"Ma(d1,d2,d3,d4,d5)",5D,open,-1,3,3,2,-2,,
1.698821e+05,"Ma(d1,d2,d3,d4,d5)",5D,open,-1,3,3,2,-1,,
1.698821e+05,"Ma(d1,d2,d3,d4)",4D,open,-1,3,3,2,0,,
1.698821e+05,"Ma(d1,d2,d3,d4,d5)",5D,open,-1,3,3,2,1,,
1.698821e+05,"Ma(d1,d2,d3,d4,d5)",5D,open,-1,3,3,2,2,,
1.698821e+05,"Ma(d1,d2,d3,d4,d5)",5D,open,-1,3,3,2,3,,
1.698821e+05,"Ma(d1,d2,d3,d4,d5)",5D,open,1,-3,-3,-2,-3,,
1.698821e+05,"Ma(d1,d2,d3,d4,d5)",5D,open,1,-3,-3,-2,-2,,
1.698821e+05,"Ma(d1,d2,d3,d4,d5)",5D,open,1,-3,-3,-2,-1,,
1.698821e+05,"Ma(d1,d2,d3,d4)",4D,open,1,-3,-3,-2,0,,
1.698821e+05,"Ma(d1,d2,d3,d4,d5)",5D,open,1,-3,-3,-2,1,,
1.698821e+05,"Ma(d1,d2,d3,d4,d5)",5D,open,1,-3,-3,-2,2,,
1.698821e+05,"Ma(d1,d2,d3,d4,d5)",5D,open,1,-3,-3,-2,3,,
1.698821e+05,"Ma(d1,d2,d3,d4,d5)",5D,open,1,-3,-3,2,-3,,
1.698821e+05,"Ma(d1,d2,d3,d4,d5)",5D,open,1,-3,-3,2,-2,,
1.698821e+05,"Ma(d1,d2,d3,d4,d5)",5D,open,1,-3,-3,2,-1,,
1.698821e+05,"Ma(d1,d2,d3,d4)",4D,open,1,-3,-3,2,0,,
1.698821e+05,"Ma(d1,d2,d3,d4,d5)",5D,open,1,-3,-3,2,1,,
1.698821e+05,"Ma(d1,d2,d3,d4,d5)",5D,open,1,-3,-3,2,2,,
1.698821e+05,"Ma(d1,d2,d3,d4,d5)",5D,open,1,-3,-3,2,3,,
1.698821e+05,"Ma(d1,d2,d3,d4,d5)",5D,open,1,-3,3,-2,-3,,
1.698821e+05,"Ma(d1,d2,d3,d4,d5)",5D,open,1,-3,3,-2,-2,,
1.698821e+05,"Ma(d1,d2,d3,d4,d5)",5D,open,1,-3,3,-2,-1,,
1.698821e+05,"Ma(d1,d2,d3,d4)",4D,open,1,-3,3,-2,0,,
1.698821e+05,"Ma(d1,d2,d3,d4,d5)",5D,open,1,-3,3,-2,1,,
1.698821e+05,"Ma(d1,d2,d3,d4,d5)",5D,open,1,-3,3,-2,2,,
1.698821e+05,"Ma(d1,d2,d3,d4,d5)",5D,open,1,-3,3,-2,3,,
1.698821e+05,"Ma(d1,d2,d3,d4,d5)",5D,open,1,-3,3,2,-3,,
1.698821e+05,"Ma(d1,d2,d3,d4,d5)",5D,open,1,-3,3,2,-2,,
1.698821e+05,"Ma(d1,d2,d3,d4,d5)",5D,open,1,-3,3,2,-1,,
1.698821e+05,"Ma(d1,d2,d3,d4)",4D,open,1,-3,3,2,0,,
1.698821e+05,"Ma(d1,d2,d3,d4,d5)",5D,open,1,-3,3,2,1,,
1.698821e+05,"Ma(d1,d2,d3,d4,d5)",5D,open,1,-3,3,2,2,,
1.698821e+05,"Ma(d1,d2,d3,d4,d5)",5D,open,1,-3,3,2,3,,
1.698821e+05,"Ma(d1,d2,d3,d4,d5)",5D,open,1,3,-3,-2,-3,,
1.698821e+05,"Ma(d1,d2,d3,d4,d5)",5D,open,1,3,-3,-2,-2,,
1.698821e+05,"Ma(d1,d2,d3,d4,d5)",5D,open,1,3,-3,-2,-1,,
1.698821e+05,"Ma(d1,d2,d3,d4)",4D,open,1,3,-3,-2,0,,
1.698821e+05,"Ma(d1,d2,d3,d4,d5)",5D,open,1,3,-3,-2,1,,
1.698821e+05,"Ma(d1,d2,d3,d4,d5)",5D,open,1,3,-3,-2,2,,
1.698821e+05,"Ma(d1,d2,d3,d4,d5)",5D,open,1,3,-3,-2,3,,
1.698821e+05,"Ma(d1,d2,d3,d4,d5)",5D,open,1,3,-3,2,-3,,
1.698821e+05,"Ma(d1,d2,d3,d4,d5)",5D,open,1,3,-3,2,-2,,
1.698821e+05,"Ma(d1,d2,d3,d4,d5)",5D,open,1,3,-3,2,-1,,
1.698821e+05,"Ma(d1,d2,d3,d4)",4D,open,1,3,-3,2,0,,
1.698821e+05,"Ma(d1,d2,d3,d4,d5)",5D,open,1,3,-3,2,1,,
1.698821e+05,"Ma(d1,d2,d3,d4,d5)",5D,open,1,3,-3,2,2,,
1.698821e+05,"Ma(d1,d2,d3,d4,d5)",5D,open,1,3,-3,2,3,,
1.698821e+05,"Ma(d1,d2,d3,d4,d5)",5D,open,1,3,3,-2,-3,,
1.698821e+05,"Ma(d1,d2,d3,d4,d5)",5D,open,1,3,3,-2,-2,,
1.698821e+05,"Ma(d1,d2,d3,d4,d5)",5D,open,1,3,3,-2,-1,,
1.698821e+05,"Ma(d1,d2,d3,d4)",4D,open,1,3,3,-2,0,,
1.698821e+05,"Ma(d1,d2,d3,d4,d5)",5D,open,1,3,3,-2,1,,
1.698821e+05,"Ma(d1,d2,d3,d4,d5)",5D,open,1,3,3,-2,2,,
1.698821e+05,"Ma(d1,d2,d3,d4,d5)",5D,open,1,3,3,-2,3,,
1.698821e+05,"Ma(d1,d2,d3,d4,d5)",5D,open,1,3,3,2,-3,,
1.698821e+05,"Ma(d1,d2,d3,d4,d5)",5D,open,1,3,3,2,-2,,
1.698821e+05,"Ma(d1,d2,d3,d4,d5)",5D,open,1,3,3,2,-1,,
1.698821e+05,"Ma(d1,d2,d3,d4)",4D,open,1,3,3,2,0,,
1.698821e+05,"Ma(d1,d2,d3,d4,d5)",5D,open,1,3,3,2,1,,
1.698821e+05,"Ma(d1,d2,d3,d4,d5)",5D,open,1,3,3,2,2,,
1.698821e+05,"Ma(d1,d2,d3,d4,d5)",5D,open,1,3,3,2,3,,
1.698821e+05,"Ma(d1,d2,d3,d4,d5)",5D,open,-1,-3,-3,-3,-3,,
1.698821e+05,"Ma(d1,d2,d3,d4,d5)",5D,open,-1,-3,-3,-3,-2,,
1.698821e+05,"Ma(d1,d2,d3,d4,d5)",5D,open,-1,-3,-3,-3,-1,,
1.698821e+05,"Ma(d1,d2,d3,d4)",4D,open,-1,-3,-3,-3,0,,
1.698821e+05,"Ma(d1,d2,d3,d4,d5)",5D,open,-1,-3,-3,-3,1,,
1.698821e+05,"Ma(d1,d2,d3,d4,d5)",5D,open,-1,-3,-3,-3,2,,
1.698821e+05,"Ma(d1,d2,d3,d4,d5)",5D,open,-1,-3,-3,-3,3,,
1.698821e+05,"Ma(d1,d2,d3,d4,d5)",5D,open,-1,-3,-3,3,-3,,
1.698821e+05,"Ma(d1,d2,d3,d4,d5)",5D,open,-1,-3,-3,3,-2,,
1.698821e+05,"Ma(d1,d2,d3,d4,d5)",5D,open,-1,-3,-3,3,-1,,
1.698821e+05,"Ma(d1,d2,d3,d4)",4D,open,-1,-3,-3,3,0,,
1.698821e+05,"Ma(d1,d2,d3,d4,d5)",5D,open,-1,-3,-3,3,1,,
1.698821e+05,"Ma(d1,d2,d3,d4,d5)",5D,open,-1,-3,-3,3,2,,
1.698821e+05,"Ma(d1,d2,d3,d4,d5)",5D,open,-1,-3,-3,3,3,,
1.698821e+05,"Ma(d1,d2,d3,d4,d5)",5D,open,-1,-3,3,-3,-3,,
1.698821e+05,"Ma(d1,d2,d3,d4,d5)",5D,open,-1,-3,3,-3,-2,,
1.698821e+05,"Ma(d1,d2,d3,d4,d5)",5D,open,-1,-3,3,-3,-1,,
1.698821e+05,"Ma(d1,d2,d3,d4)",4D,open,-1,-3,3,-3,0,,
1.698821e+05,"Ma(d1,d2,d3,d4,d5)",5D,open,-1,-3,3,-3,1,,
1.698821e+05,"Ma(d1,d2,d3,d4,d5)",5D,open,-1,-3,3,-3,2,,
1.698821e+05,"Ma(d1,d2,d3,d4,d5)",5D,open,-1,-3,3,-3,3,,
1.698821e+05,"Ma(d1,d2,d3,d4,d5)",5D,open,-1,-3,3,3,-3,,
1.698821e+05,"Ma(d1,d2,d3,d4,d5)",5D,open,-1,-3,3,3,-2,,
1.698821e+05,"Ma(d1,d2,d3,d4,d5)",5D,open,-1,-3,3,3,-1,,
1.698821e+05,"Ma(d1,d2,d3,d4)",4D,open,-1,-3,3,3,0,,
1.698821e+05,"Ma(d1,d2,d3,d4,d5)",5D,open,-1,-3,3,3,1,,
1.698821e+05,"Ma(d1,d2,d3,d4,d5)",5D,open,-1,-3,3,3,2,,
1.698821e+05,"Ma(d1,d2,d3,d4,d5)",5D,open,-1,-3,3,3,3,,
1.698821e+05,"Ma(d1,d2,d3,d4,d5)",5D,open,-1,3,-3,-3,-3,,
1.698821e+05,"Ma(d1,d2,d3,d4,d5)",5D,open,-1,3,-3,-3,-2,,
1.698821e+05,"Ma(d1,d2,d3,d4,d5)",5D,open,-1,3,-3,-3,-1,,
1.698821e+05,"Ma(d1,d2,d3,d4)",4D,open,-1,3,-3,-3,0,,
1.698821e+05,"Ma(d1,d2,d3,d4,d5)",5D,open,-1,3,-3,-3,1,,
1.698821e+05,"Ma(d1,d2,d3,d4,d5)",5D,open,-1,3,-3,-3,2,,
1.698821e+05,"Ma(d1,d2,d3,d4,d5)",5D,open,-1,3,-3,-3,3,,
1.698821e+05,"Ma(d1,d2,d3,d4,d5)",5D,open,-1,3,-3,3,-3,,
1.698821e+05,"Ma(d1,d2,d3,d4,d5)",5D,open,-1,3,-3,3,-2,,
1.698821e+05,"Ma(d1,d2,d3,d4,d5)",5D,open,-1,3,-3,3,-1,,
1.698821e+05,"Ma(d1,d2,d3,d4)",4D,open,-1,3,-3,3,0,,
1.698821e+05,"Ma(d1,d2,d3,d4,d5)",5D,open,-1,3,-3,3,1,,
1.698821e+05,"Ma(d1,d2,d3,d4,d5)",5D,open,-1,3,-3,3,2,,
1.698821e+05,"Ma(d1,d2,d3,d4,d5)",5D,open,-1,3,-3,3,3,,
1.698821e+05,"Ma(d1,d2,d3,d4,d5)",5D,open,-1,3,3,-3,-3,,
1.698821e+05,"Ma(d1,d2,d3,d4,d5)",5D,open,-1,3,3,-3,-2,,
1.698821e+05,"Ma(d1,d2,d3,d4,d5)",5D,open,-1,3,3,-3,-1,,
1.698821e+05,"Ma(d1,d2,d3,d4)",4D,open,-1,3,3,-3,0,,
1.698821e+05,"Ma(d1,d2,d3,d4,d5)",5D,open,-1,3,3,-3,1,,
1.698821e+05,"Ma(d1,d2,d3,d4,d5)",5D,open,-1,3,3,-3,2,,
1.698821e+05,"Ma(d1,d2,d3,d4,d5)",5D,open,-1,3,3,-3,3,,
1.698821e+05,"Ma(d1,d2,d3,d4,d5)",5D,open,-1,3,3,3,-3,,
1.698821e+05,"Ma(d1,d2,d3,d4,d5)",5D,open,-1,3,3,3,-2,,
1.698821e+05,"Ma(d1,d2,d3,d4,d5)",5D,open,-1,3,3,3,-1,,
1.698821e+05,"Ma(d1,d2,d3,d4)",4D,open,-1,3,3,3,0,,
1.698821e+05,"Ma(d1,d2,d3,d4,d5)",5D,open,-1,3,3,3,1,,
1.698821e+05,"Ma(d1,d2,d3,d4,d5)",5D,open,-1,3,3,3,2,,
1.698821e+05,"Ma(d1,d2,d3,d4,d5)",5D,open,-1,3,3,3,3,,
1.698821e+05,"Ma(d1,d2,d3,d4,d5)",5D,open,1,-3,-3,-3,-3,,
1.698821e+05,"Ma(d1,d2,d3,d4,d5)",5D,open,1,-3,-3,-3,-2,,
1.698821e+05,"Ma(d1,d2,d3,d4,d5)",5D,open,1,-3,-3,-3,-1,,
1.698821e+05,"Ma(d1,d2,d3,d4)",4D,open,1,-3,-3,-3,0,,
1.698821e+05,"Ma(d1,d2,d3,d4,d5)",5D,open,1,-3,-3,-3,1,,
1.698821e+05,"Ma(d1,d2,d3,d4,d5)",5D,open,1,-3,-3,-3,2,,
1.698821e+05,"Ma(d1,d2,d3,d4,d5)",5D,open,1,-3,-3,-3,3,,
1.698821e+05,"Ma(d1,d2,d3,d4,d5)",5D,open,1,-3,-3,3,-3,,
1.698821e+05,"Ma(d1,d2,d3,d4,d5)",5D,open,1,-3,-3,3,-2,,
1.698821e+05,"Ma(d1,d2,d3,d4,d5)",5D,open,1,-3,-3,3,-1,,
1.698821e+05,"Ma(d1,d2,d3,d4)",4D,open,1,-3,-3,3,0,,
1.698821e+05,"Ma(d1,d2,d3,d4,d5)",5D,open,1,-3,-3,3,1,,
1.698821e+05,"Ma(d1,d2,d3,d4,d5)",5D,open,1,-3,-3,3,2,,
1.698821e+05,"Ma(d1,d2,d3,d4,d5)",5D,open,1,-3,-3,3,3,,
1.698821e+05,"Ma(d1,d2,d3,d4,d5)",5D,open,1,-3,3,-3,-3,,
1.698821e+05,"Ma(d1,d2,d3,d4,d5)",5D,open,1,-3,3,-3,-2,,
1.698821e+05,"Ma(d1,d2,d3,d4,d5)",5D,open,1,-3,3,-3,-1,,
1.698821e+05,"Ma(d1,d2,d3,d4)",4D,open,1,-3,3,-3,0,,
1.698821e+05,"Ma(d1,d2,d3,d4,d5)",5D,open,1,-3,3,-3,1,,
1.698821e+05,"Ma(d1,d2,d3,d4,d5)",5D,open,1,-3,3,-3,2,,
1.698821e+05,"Ma(d1,d2,d3,d4,d5)",5D,open,1,-3,3,-3,3,,
1.698821e+05,"Ma(d1,d2,d3,d4,d5)",5D,open,1,-3,3,3,-3,,
1.698821e+05,"Ma(d1,d2,d3,d4,d5)",5D,open,1,-3,3,3,-2,,
1.698821e+05,"Ma(d1,d2,d3,d4,d5)",5D,open,1,-3,3,3,-1,,
1.698821e+05,"Ma(d1,d2,d3,d4)",4D,open,1,-3,3,3,0,,
1.698821e+05,"Ma(d1,d2,d3,d4,d5)",5D,open,1,-3,3,3,1,,
1.698821e+05,"Ma(d1,d2,d3,d4,d5)",5D,open,1,-3,3,3,2,,
1.698821e+05,"Ma(d1,d2,d3,d4,d5)",5D,open,1,-3,3,3,3,,
1.698821e+05,"Ma(d1,d2,d3,d4,d5)",5D,open,1,3,-3,-3,-3,,
1.698821e+05,"Ma(d1,d2,d3,d4,d5)",5D,open,1,3,-3,-3,-2,,
1.698821e+05,"Ma(d1,d2,d3,d4,d5)",5D,open,1,3,-3,-3,-1,,
1.698821e+05,"Ma(d1,d2,d3,d4)",4D,open,1,3,-3,-3,0,,
1.698821e+05,"Ma(d1,d2,d3,d4,d5)",5D,open,1,3,-3,-3,1,,
1.698821e+05,"Ma(d1,d2,d3,d4,d5)",5D,open,1,3,-3,-3,2,,
1.698821e+05,"Ma(d1,d2,d3,d4,d5)",5D,open,1,3,-3,-3,3,,
1.698821e+05,"Ma(d1,d2,d3,d4,d5)",5D,open,1,3,-3,3,-3,,
1.698821e+05,"Ma(d1,d2,d3,d4,d5)",5D,open,1,3,-3,3,-2,,
1.698821e+05,"Ma(d1,d2,d3,d4,d5)",5D,open,1,3,-3,3,-1,,
1.698821e+05,"Ma(d1,d2,d3,d4)",4D,open,1,3,-3,3,0,,
1.698821e+05,"Ma(d1,d2,d3,d4,d5)",5D,open,1,3,-3,3,1,,
1.698821e+05,"Ma(d1,d2,d3,d4,d5)",5D,open,1,3,-3,3,2,,
1.698821e+05,"Ma(d1,d2,d3,d4,d5)",5D,open,1,3,-3,3,3,,
1.698821e+05,"Ma(d1,d2,d3,d4,d5)",5D,open,1,3,3,-3,-3,,
1.698821e+05,"Ma(d1,d2,d3,d4,d5)",5D,open,1,3,3,-3,-2,,
1.698821e+05,"Ma(d1,d2,d3,d4,d5)",5D,open,1,3,3,-3,-1,,
1.698821e+05,"Ma(d1,d2,d3,d4)",4D,open,1,3,3,-3,0,,
1.698821e+05,"Ma(d1,d2,d3,d4,d5)",5D,open,1,3,3,-3,1,,
1.698821e+05,"Ma(d1,d2,d3,d4,d5)",5D,open,1,3,3,-3,2,,
1.698821e+05,"Ma(d1,d2,d3,d4,d5)",5D,open,1,3,3,-3,3,,
1.698821e+05,"Ma(d1,d2,d3,d4,d5)",5D,open,1,3,3,3,-3,,
1.698821e+05,"Ma(d1,d2,d3,d4,d5)",5D,open,1,3,3,3,-2,,
1.698821e+05,"Ma(d1,d2,d3,d4,d5)",5D,open,1,3,3,3,-1,,
1.698821e+05,"Ma(d1,d2,d3,d4)",4D,open,1,3,3,3,0,,
1.698821e+05,"Ma(d1,d2,d3,d4,d5)",5D,open,1,3,3,3,1,,
1.698821e+05,"Ma(d1,d2,d3,d4,d5)",5D,open,1,3,3,3,2,,
1.698821e+05,"Ma(d1,d2,d3,d4,d5)",5D,open,1,3,3,3,3,,
1.698823e+05,"Ma(d1,d2)",2D,closed,-1,1,0,0,0,d1,2.0075
1.698823e+05,"Ma(d1,d2)",2D,closed,1,-1,0,0,0,d1,2.0075
1.699140e+05,"Ma(d1,d2)",2D,closed,-1,2,0,0,0,d1,2.0075
1.699140e+05,"Ma(d1,d2)",2D,closed,1,-2,0,0,0,d1,2.0075
1.699473e+05,"Ma(d1,d4)",2D,closed,-3,0,0,-1,0,d4,1.9994
1.699473e+05,"Ma(d1,d4)",2D,closed,3,0,0,1,0,d4,1.9994
1.699548e+05,"Ma(d1,d2)",2D,closed,-1,3,0,0,0,d1,2.0075
1.699548e+05,"Ma(d1,d2)",2D,closed,1,-3,0,0,0,d1,2.0075
1.711197e+05,"Ma(d1,d2)",2D,closed,-1,-1,0,0,0,d2,2.0075
1.711197e+05,"Ma(d1,d2)",2D,closed,1,1,0,0,0,d2,2.0075
1.738496e+05,"Ma(d1,d3)",2D,closed,-3,0,-1,0,0,d3,1.9764
1.738496e+05,"Ma(d1,d3)",2D,closed,3,0,1,0,0,d3,1.9764
3.316662e+05,"Ma(d1,d3)",2D,closed,-2,0,-2,0,0,d3,1.9764
3.316662e+05,"Ma(d1,d3)",2D,closed,2,0,2,0,0,d3,1.9764
3.394708e+05,"Ma(d1,d4)",2D,closed,-2,0,0,-2,0,d4,1.9994
3.394708e+05,"Ma(d1,d4)",2D,closed,2,0,0,2,0,d4,1.9994
3.396827e+05,"Ma(d1,d5)",2D,closed,-2,0,0,0,-2,d1,2.0000
3.396827e+05,"Ma(d1,d5)",2D,closed,-2,0,0,0,-2,d5,2.0000
3.396827e+05,Ma(d1),1D,closed,-2,0,0,0,0,,
3.396827e+05,"Ma(d1,d5)",2D,closed,-2,0,0,0,2,d1,2.0000
3.396827e+05,"Ma(d1,d5)",2D,closed,2,0,0,0,-2,d1,2.0000
3.396827e+05,Ma(d1),1D,closed,2,0,0,0,0,,
3.396827e+05,"Ma(d1,d5)",2D,closed,2,0,0,0,2,d1,2.0000
3.396827e+05,"Ma(d1,d5)",2D,closed,2,0,0,0,2,d5,2.0000
3.396827e+05,"Ma(d1,d4,d5)",3D,open,-2,0,0,-1,-3,,
3.396827e+05,"Ma(d1,d4,d5)",3D,open,-2,0,0,-1,-2,,
3.396827e+05,"Ma(d1,d4,d5)",3D,open,-2,0,0,-1,-1,,
3.396827e+05,"Ma(d1,d4,d5)",3D,open,-2,0,0,-1,1,,
3.396827e+05,"Ma(d1,d4,d5)",3D,open,-2,0,0,-1,2,,
3.396827e+05,"Ma(d1,d4,d5)",3D,open,-2,0,0,-1,3,,
3.396827e+05,"Ma(d1,d4,d5)",3D,open,-2,0,0,1,-3,,
3.396827e+05,"Ma(d1,d4,d5)",3D,open,-2,0,0,1,-2,,
3.396827e+05,"Ma(d1,d4,d5)",3D,open,-2,0,0,1,-1,,
3.396827e+05,"Ma(d1,d4,d5)",3D,open,-2,0,0,1,1,,
3.396827e+05,"Ma(d1,d4,d5)",3D,open,-2,0,0,1,2,,
3.396827e+05,"Ma(d1,d4,d5)",3D,open,-2,0,0,1,3,,
3.396827e+05,"Ma(d1,d4,d5)",3D,open,2,0,0,-1,-3,,
3.396827e+05,"Ma(d1,d4,d5)",3D,open,2,0,0,-1,-2,,
3.396827e+05,"Ma(d1,d4,d5)",3D,open,2,0,0,-1,-1,,
3.396827e+05,"Ma(d1,d4,d5)",3D,open,2,0,0,-1,1,,
3.396827e+05,"Ma(d1,d4,d5)",3D,open,2,0,0,-1,2,,
3.396827e+05,"Ma(d1,d4,d5)",3D,open,2,0,0,-1,3,,
3.396827e+05,"Ma(d1,d4,d5)",3D,open,2,0,0,1,-3,,
3.396827e+05,"Ma(d1,d4,d5)",3D,open,2,0,0,1,-2,,
3.396827e+05,"Ma(d1,d4,d5)",3D,open,2,0,0,1,-1,,
3.396827e+05,"Ma(d1,d4,d5)",3D,open,2,0,0,1,1,,
3.396827e+05,"Ma(d1,d4,d5)",3D,open,2,0,0,1,2,,
3.396827e+05,"Ma(d1,d4,d5)",3D,open,2,0,0,1,3,,
3.396827e+05,"Ma(d1,d4)",2D,closed,-2,0,0,-2,0,d1,1.9994
3.396827e+05,"Ma(d1,d4)",2D,closed,2,0,0,2,0,d1,1.9994
3.396827e+05,"Ma(d1,d4,d5)",3D,open,-2,0,0,-2,-3,,
3.396827e+05,"Ma(d1,d4,d5)",3D,open,-2,0,0,-2,-2,,
3.396827e+05,"Ma(d1,d4,d5)",3D,open,-2,0,0,-2,-1,,
3.396827e+05,"Ma(d1,d4,d5)",3D,open,-2,0,0,-2,1,,
3.396827e+05,"Ma(d1,d4,d5)",3D,open,-2,0,0,-2,2,,
3.396827e+05,"Ma(d1,d4,d5)",3D,open,-2,0,0,-2,3,,
3.396827e+05,"Ma(d1,d4,d5)",3D,open,-2,0,0,2,-3,,
3.396827e+05,"Ma(d1,d4,d5)",3D,open,-2,0,0,2,-2,,
3.396827e+05,"Ma(d1,d4,d5)",3D,open,-2,0,0,2,-1,,
3.396827e+05,"Ma(d1,d4,d5)",3D,open,-2,0,0,2,1,,
3.396827e+05,"Ma(d1,d4,d5)",3D,open,-2,0,0,2,2,,
3.396827e+05,"Ma(d1,d4,d5)",3D,open,-2,0,0,2,3,,
3.396827e+05,"Ma(d1,d4,d5)",3D,open,2,0,0,-2,-3,,
3.396827e+05,"Ma(d1,d4,d5)",3D,open,2,0,0,-2,-2,,
3.396827e+05,"Ma(d1,d4,d5)",3D,open,2,0,0,-2,-1,,
3.396827e+05,"Ma(d1,d4,d5)",3D,open,2,0,0,-2,1,,
3.396827e+05,"Ma(d1,d4,d5)",3D,open,2,0,0,-2,2,,
3.396827e+05,"Ma(d1,d4,d5)",3D,open,2,0,0,-2,3,,
3.396827e+05,"Ma(d1,d4,d5)",3D,open,2,0,0,2,-3,,
3.396827e+05,"Ma(d1,d4,d5)",3D,open,2,0,0,2,-2,,
3.396827e+05,"Ma(d1,d4,d5)",3D,open,2,0,0,2,-1,,
3.396827e+05,"Ma(d1,d4,d5)",3D,open,2,0,0,2,1,,
3.396827e+05,"Ma(d1,d4,d5)",3D,open,2,0,0,2,2,,
3.396827e+05,"Ma(d1,d4,d5)",3D,open,2,0,0,2,3,,
3.396827e+05,"Ma(d1,d4,d5)",3D,open,-2,0,0,-3,-3,,
3.396827e+05,"Ma(d1,d4,d5)",3D,open,-2,0,0,-3,-2,,
3.396827e+05,"Ma(d1,d4,d5)",3D,open,-2,0,0,-3,-1,,
3.396827e+05,"Ma(d1,d4,d5)",3D,open,-2,0,0,-3,1,,
3.396827e+05,"Ma(d1,d4,d5)",3D,open,-2,0,0,-3,2,,
3.396827e+05,"Ma(d1,d4,d5)",3D,open,-2,0,0,-3,3,,
3.396827e+05,"Ma(d1,d4,d5)",3D,open,-2,0,0,3,-3,,
3.396827e+05,"Ma(d1,d4,d5)",3D,open,-2,0,0,3,-2,,
3.396827e+05,"Ma(d1,d4,d5)",3D,open,-2,0,0,3,-1,,
3.396827e+05,"Ma(d1,d4,d5)",3D,open,-2,0,0,3,1,,
3.396827e+05,"Ma(d1,d4,d5)",3D,open,-2,0,0,3,2,,
3.396827e+05,"Ma(d1,d4,d5)",3D,open,-2,0,0,3,3,,
3.396827e+05,"Ma(d1,d4,d5)",3D,open,2,0,0,-3,-3,,
3.396827e+05,"Ma(d1,d4,d5)",3D,open,2,0,0,-3,-2,,
3.396827e+05,"Ma(d1,d4,d5)",3D,open,2,0,0,-3,-1,,
3.396827e+05,"Ma(d1,d4,d5)",3D,open,2,0,0,-3,1,,
3.396827e+05,"Ma(d1,d4,d5)",3D,open,2,0,0,-3,2,,
3.396827e+05,"Ma(d1,d4,d5)",3D,open,2,0,0,-3,3,,
3.396827e+05,"Ma(d1,d4,d5)",3D,open,2,0,0,3,-3,,
3.396827e+05,"Ma(d1,d4,d5)",3D,open,2,0,0,3,-2,,
3.396827e+05,"Ma(d1,d4,d5)",3D,open,2,0,0,3,-1,,
3.396827e+05,"Ma(d1,d4,d5)",3D,open,2,0,0,3,1,,
3.396827e+05,"Ma(d1,d4,d5)",3D,open,2,0,0,3,2,,
3.396827e+05,"Ma(d1,d4,d5)",3D,open,2,0,0,3,3,,
3.396827e+05,"Ma(d1,d4)",2D,closed,-2,0,0,2,0,d1,1.9994
3.396827e+05,"Ma(d1,d4)",2D,closed,2,0,0,-2,0,d1,1.9994
3.396827e+05,"Ma(d1,d3,d5)",3D,open,-2,0,-1,0,-3,,
3.396827e+05,"Ma(d1,d3,d5)",3D,open,-2,0,-1,0,-2,,
3.396827e+05,"Ma(d1,d3,d5)",3D,open,-2,0,-1,0,-1,,
3.396827e+05,"Ma(d1,d3,d5)",3D,open,-2,0,-1,0,1,,
3.396827e+05,"Ma(d1,d3,d5)",3D,open,-2,0,-1,0,2,,
3.396827e+05,"Ma(d1,d3,d5)",3D,open,-2,0,-1,0,3,,
3.396827e+05,"Ma(d1,d3,d5)",3D,open,-2,0,1,0,-3,,
3.396827e+05,"Ma(d1,d3,d5)",3D,open,-2,0,1,0,-2,,
3.396827e+05,"Ma(d1,d3,d5)",3D,open,-2,0,1,0,-1,,
3.396827e+05,"Ma(d1,d3,d5)",3D,open,-2,0,1,0,1,,
3.396827e+05,"Ma(d1,d3,d5)",3D,open,-2,0,1,0,2,,
3.396827e+05,"Ma(d1,d3,d5)",3D,open,-2,0,1,0,3,,
3.396827e+05,"Ma(d1,d3,d5)",3D,open,2,0,-1,0,-3,,
3.396827e+05,"Ma(d1,d3,d5)",3D,open,2,0,-1,0,-2,,
3.396827e+05,"Ma(d1,d3,d5)",3D,open,2,0,-1,0,-1,,
3.396827e+05,"Ma(d1,d3,d5)",3D,open,2,0,-1,0,1,,
3.396827e+05,"Ma(d1,d3,d5)",3D,open,2,0,-1,0,2,,
3.396827e+05,"Ma(d1,d3,d5)",3D,open,2,0,-1,0,3,,
3.396827e+05,"Ma(d1,d3,d5)",3D,open,2,0,1,0,-3,,
3.396827e+05,"Ma(d1,d3,d5)",3D,open,2,0,1,0,-2,,
3.396827e+05,"Ma(d1,d3,d5)",3D,open,2,0,1,0,-1,,
3.396827e+05,"Ma(d1,d3,d5)",3D,open,2,0,1,0,1,,
3.396827e+05,"Ma(d1,d3,d5)",3D,open,2,0,1,0,2,,
3.396827e+05,"Ma(d1,d3,d5)",3D,open,2,0,1,0,3,,
3.396827e+05,"Ma(d1,d3,d4,d5)",4D,open,-2,0,-1,-1,-3,,
3.396827e+05,"Ma(d1,d3,d4,d5)",4D,open,-2,0,-1,-1,-2,,
3.396827e+05,"Ma(d1,d3,d4,d5)",4D,open,-2,0,-1,-1,-1,,
3.396827e+05,"Ma(d1,d3,d4)",3D,open,-2,0,-1,-1,0,,
3.396827e+05,"Ma(d1,d3,d4,d5)",4D,open,-2,0,-1,-1,1,,
3.396827e+05,"Ma(d1,d3,d4,d5)",4D,open,-2,0,-1,-1,2,,
3.396827e+05,"Ma(d1,d3,d4,d5)",4D,open,-2,0,-1,-1,3,,
3.396827e+05,"Ma(d1,d3,d4,d5)",4D,open,-2,0,-1,1,-3,,
3.396827e+05,"Ma(d1,d3,d4,d5)",4D,open,-2,0,-1,1,-2,,
3.396827e+05,"Ma(d1,d3,d4,d5)",4D,open,-2,0,-1,1,-1,,
3.396827e+05,"Ma(d1,d3,d4)",3D,open,-2,0,-1,1,0,,
3.396827e+05,"Ma(d1,d3,d4,d5)",4D,open,-2,0,-1,1,1,,
3.396827e+05,"Ma(d1,d3,d4,d5)",4D,open,-2,0,-1,1,2,,
3.396827e+05,"Ma(d1,d3,d4,d5)",4D,open,-2,0,-1,1,3,,
3.396827e+05,"Ma(d1,d3,d4,d5)",4D,open,-2,0,1,-1,-3,,
3.396827e+05,"Ma(d1,d3,d4,d5)",4D,open,-2,0,1,-1,-2,,
3.396827e+05,"Ma(d1,d3,d4,d5)",4D,open,-2,0,1,-1,-1,,
3.396827e+05,"Ma(d1,d3,d4)",3D,open,-2,0,1,-1,0,,
3.396827e+05,"Ma(d1,d3,d4,d5)",4D,open,-2,0,1,-1,1,,
3.396827e+05,"Ma(d1,d3,d4,d5)",4D,open,-2,0,1,-1,2,,
3.396827e+05,"Ma(d1,d3,d4,d5)",4D,open,-2,0,1,-1,3,,
3.396827e+05,"Ma(d1,d3,d4,d5)",4D,open,-2,0,1,1,-3,,
3.396827e+05,"Ma(d1,d3,d4,d5)",4D,open,-2,0,1,1,-2,,
3.396827e+05,"Ma(d1,d3,d4,d5)",4D,open,-2,0,1,1,-1,,
3.396827e+05,"Ma(d1,d3,d4)",3D,open,-2,0,1,1,0,,
3.396827e+05,"Ma(d1,d3,d4,d5)",4D,open,-2,0,1,1,1,,
3.396827e+05,"Ma(d1,d3,d4,d5)",4D,open,-2,0,1,1,2,,
3.396827e+05,"Ma(d1,d3,d4,d5)",4D,open,-2,0,1,1,3,,
3.396827e+05,"Ma(d1,d3,d4,d5)",4D,open,2,0,-1,-1,-3,,
3.396827e+05,"Ma(d1,d3,d4,d5)",4D,open,2,0,-1,-1,-2,,
3.396827e+05,"Ma(d1,d3,d4,d5)",4D,open,2,0,-1,-1,-1,,
3.396827e+05,"Ma(d1,d3,d4)",3D,open,2,0,-1,-1,0,,
3.396827e+05,"Ma(d1,d3,d4,d5)",4D,open,2,0,-1,-1,1,,
3.396827e+05,"Ma(d1,d3,d4,d5)",4D,open,2,0,-1,-1,2,,
3.396827e+05,"Ma(d1,d3,d4,d5)",4D,open,2,0,-1,-1,3,,
3.396827e+05,"Ma(d1,d3,d4,d5)",4D,open,2,0,-1,1,-3,,
3.396827e+05,"Ma(d1,d3,d4,d5)",4D,open,2,0,-1,1,-2,,
3.396827e+05,"Ma(d1,d3,d4,d5)",4D,open,2,0,-1,1,-1,,
3.396827e+05,"Ma(d1,d3,d4)",3D,open,2,0,-1,1,0,,
3.396827e+05,"Ma(d1,d3,d4,d5)",4D,open,2,0,-1,1,1,,
3.396827e+05,"Ma(d1,d3,d4,d5)",4D,open,2,0,-1,1,2,,
3.396827e+05,"Ma(d1,d3,d4,d5)",4D,open,2,0,-1,1,3,,
3.396827e+05,"Ma(d1,d3,d4,d5)",4D,open,2,0,1,-1,-3,,
3.396827e+05,"Ma(d1,d3,d4,d5)",4D,open,2,0,1,-1,-2,,
3.396827e+05,"Ma(d1,d3,d4,d5)",4D,open,2,0,1,-1,-1,,
3.396827e+05,"Ma(d1,d3,d4)",3D,open,2,0,1,-1,0,,
3.396827e+05,"Ma(d1,d3,d4,d5)",4D,open,2,0,1,-1,1,,
3.396827e+05,"Ma(d1,d3,d4,d5)",4D,open,2,0,1,-1,2,,
3.396827e+05,"Ma(d1,d3,d4,d5)",4D,open,2,0,1,-1,3,,
3.396827e+05,"Ma(d1,d3,d4,d5)",4D,open,2,0,1,1,-3,,
3.396827e+05,"Ma(d1,d3,d4,d5)",4D,open,2,0,1,1,-2,,
3.396827e+05,"Ma(d1,d3,d4,d5)",4D,open,2,0,1,1,-1,,
3.396827e+05,"Ma(d1,d3,d4)",3D,open,2,0,1,1,0,,
3.396827e+05,"Ma(d1,d3,d4,d5)",4D,open,2,0,1,1,1,,
3.396827e+05,"Ma(d1,d3,d4,d5)",4D,open,2,0,1,1,2,,
3.396827e+05,"Ma(d1,d3,d4,d5)",4D,open,2,0,1,1,3,,
3.396827e+05,"Ma(d1,d3,d4,d5)",4D,open,-2,0,-1,-2,-3,,
3.396827e+05,"Ma(d1,d3,d4,d5)",4D,open,-2,0,-1,-2,-2,,
3.396827e+05,"Ma(d1,d3,d4,d5)",4D,open,-2,0,-1,-2,-1,,
3.396827e+05,"Ma(d1,d3,d4)",3D,open,-2,0,-1,-2,0,,
3.396827e+05,"Ma(d1,d3,d4,d5)",4D,open,-2,0,-1,-2,1,,
3.396827e+05,"Ma(d1,d3,d4,d5)",4D,open,-2,0,-1,-2,2,,
3.396827e+05,"Ma(d1,d3,d4,d5)",4D,open,-2,0,-1,-2,3,,
3.396827e+05,"Ma(d1,d3,d4,d5)",4D,open,-2,0,-1,2,-3,,
3.396827e+05,"Ma(d1,d3,d4,d5)",4D,open,-2,0,-1,2,-2,,
3.396827e+05,"Ma(d1,d3,d4,d5)",4D,open,-2,0,-1,2,-1,,
3.396827e+05,"Ma(d1,d3,d4)",3D,open,-2,0,-1,2,0,,
3.396827e+05,"Ma(d1,d3,d4,d5)",4D,open,-2,0,-1,2,1,,
3.396827e+05,"Ma(d1,d3,d4,d5)",4D,open,-2,0,-1,2,2,,
3.396827e+05,"Ma(d1,d3,d4,d5)",4D,open,-2,0,-1,2,3,,
3.396827e+05,"Ma(d1,d3,d4,d5)",4D,open,-2,0,1,-2,-3,,
3.396827e+05,"Ma(d1,d3,d4,d5)",4D,open,-2,0,1,-2,-2,,
3.396827e+05,"Ma(d1,d3,d4,d5)",4D,open,-2,0,1,-2,-1,,
3.396827e+05,"Ma(d1,d3,d4)",3D,open,-2,0,1,-2,0,,
3.396827e+05,"Ma(d1,d3,d4,d5)",4D,open,-2,0,1,-2,1,,
3.396827e+05,"Ma(d1,d3,d4,d5)",4D,open,-2,0,1,-2,2,,
3.396827e+05,"Ma(d1,d3,d4,d5)",4D,open,-2,0,1,-2,3,,
3.396827e+05,"Ma(d1,d3,d4,d5)",4D,open,-2,0,1,2,-3,,
3.396827e+05,"Ma(d1,d3,d4,d5)",4D,open,-2,0,1,2,-2,,
3.396827e+05,"Ma(d1,d3,d4,d5)",4D,open,-2,0,1,2,-1,,
3.396827e+05,"Ma(d1,d3,d4)",3D,open,-2,0,1,2,0,,
3.396827e+05,"Ma(d1,d3,d4,d5)",4D,open,-2,0,1,2,1,,
3.396827e+05,"Ma(d1,d3,d4,d5)",4D,open,-2,0,1,2,2,,
3.396827e+05,"Ma(d1,d3,d4,d5)",4D,open,-2,0,1,2,3,,
3.396827e+05,"Ma(d1,d3,d4,d5)",4D,open,2,0,-1,-2,-3,,
3.396827e+05,"Ma(d1,d3,d4,d5)",4D,open,2,0,-1,-2,-2,,
3.396827e+05,"Ma(d1,d3,d4,d5)",4D,open,2,0,-1,-2,-1,,
3.396827e+05,"Ma(d1,d3,d4)",3D,open,2,0,-1,-2,0,,
3.396827e+05,"Ma(d1,d3,d4,d5)",4D,open,2,0,-1,-2,1,,
3.396827e+05,"Ma(d1,d3,d4,d5)",4D,open,2,0,-1,-2,2,,
3.396827e+05,"Ma(d1,d3,d4,d5)",4D,open,2,0,-1,-2,3,,
3.396827e+05,"Ma(d1,d3,d4,d5)",4D,open,2,0,-1,2,-3,,
3.396827e+05,"Ma(d1,d3,d4,d5)",4D,open,2,0,-1,2,-2,,
3.396827e+05,"Ma(d1,d3,d4,d5)",4D,open,2,0,-1,2,-1,,
3.396827e+05,"Ma(d1,d3,d4)",3D,open,2,0,-1,2,0,,
3.396827e+05,"Ma(d1,d3,d4,d5)",4D,open,2,0,-1,2,1,,
3.396827e+05,"Ma(d1,d3,d4,d5)",4D,open,2,0,-1,2,2,,
3.396827e+05,"Ma(d1,d3,d4,d5)",4D,open,2,0,-1,2,3,,
3.396827e+05,"Ma(d1,d3,d4,d5)",4D,open,2,0,1,-2,-3,,
3.396827e+05,"Ma(d1,d3,d4,d5)",4D,open,2,0,1,-2,-2,,
3.396827e+05,"Ma(d1,d3,d4,d5)",4D,open,2,0,1,-2,-1,,
3.396827e+05,"Ma(d1,d3,d4)",3D,open,2,0,1,-2,0,,
3.396827e+05,"Ma(d1,d3,d4,d5)",4D,open,2,0,1,-2,1,,
3.396827e+05,"Ma(d1,d3,d4,d5)",4D,open,2,0,1,-2,2,,
3.396827e+05,"Ma(d1,d3,d4,d5)",4D,open,2,0,1,-2,3,,
3.396827e+05,"Ma(d1,d3,d4,d5)",4D,open,2,0,1,2,-3,,
3.396827e+05,"Ma(d1,d3,d4,d5)",4D,open,2,0,1,2,-2,,
3.396827e+05,"Ma(d1,d3,d4,d5)",4D,open,2,0,1,2,-1,,
3.396827e+05,"Ma(d1,d3,d4)",3D,open,2,0,1,2,0,,
3.396827e+05,"Ma(d1,d3,d4,d5)",4D,open,2,0,1,2,1,,
3.396827e+05,"Ma(d1,d3,d4,d5)",4D,open,2,0,1,2,2,,
3.396827e+05,"Ma(d1,d3,d4,d5)",4D,open,2,0,1,2,3,,
3.396827e+05,"Ma(d1,d3,d4,d5)",4D,open,-2,0,-1,-3,-3,,
3.396827e+05,"Ma(d1,d3,d4,d5)",4D,open,-2,0,-1,-3,-2,,
3.396827e+05,"Ma(d1,d3,d4,d5)",4D,open,-2,0,-1,-3,-1,,
3.396827e+05,"Ma(d1,d3,d4)",3D,open,-2,0,-1,-3,0,,
3.396827e+05,"Ma(d1,d3,d4,d5)",4D,open,-2,0,-1,-3,1,,
3.396827e+05,"Ma(d1,d3,d4,d5)",4D,open,-2,0,-1,-3,2,,
3.396827e+05,"Ma(d1,d3,d4,d5)",4D,open,-2,0,-1,-3,3,,
3.396827e+05,"Ma(d1,d3,d4,d5)",4D,open,-2,0,-1,3,-3,,
3.396827e+05,"Ma(d1,d3,d4,d5)",4D,open,-2,0,-1,3,-2,,
3.396827e+05,"Ma(d1,d3,d4,d5)",4D,open,-2,0,-1,3,-1,,
3.396827e+05,"Ma(d1,d3,d4)",3D,open,-2,0,-1,3,0,,
3.396827e+05,"Ma(d1,d3,d4,d5)",4D,open,-2,0,-1,3,1,,
3.396827e+05,"Ma(d1,d3,d4,d5)",4D,open,-2,0,-1,3,2,,
3.396827e+05,"Ma(d1,d3,d4,d5)",4D,open,-2,0,-1,3,3,,
3.396827e+05,"Ma(d1,d3,d4,d5)",4D,open,-2,0,1,-3,-3,,
3.396827e+05,"Ma(d1,d3,d4,d5)",4D,open,-2,0,1,-3,-2,,
3.396827e+05,"Ma(d1,d3,d4,d5)",4D,open,-2,0,1,-3,-1,,
3.396827e+05,"Ma(d1,d3,d4)",3D,open,-2,0,1,-3,0,,
3.396827e+05,"Ma(d1,d3,d4,d5)",4D,open,-2,0,1,-3,1,,
3.396827e+05,"Ma(d1,d3,d4,d5)",4D,open,-2,0,1,-3,2,,
3.396827e+05,"Ma(d1,d3,d4,d5)",4D,open,-2,0,1,-3,3,,
3.396827e+05,"Ma(d1,d3,d4,d5)",4D,open,-2,0,1,3,-3,,
3.396827e+05,"Ma(d1,d3,d4,d5)",4D,open,-2,0,1,3,-2,,
3.396827e+05,"Ma(d1,d3,d4,d5)",4D,open,-2,0,1,3,-1,,
3.396827e+05,"Ma(d1,d3,d4)",3D,open,-2,0,1,3,0,,
3.396827e+05,"Ma(d1,d3,d4,d5)",4D,open,-2,0,1,3,1,,
3.396827e+05,"Ma(d1,d3,d4,d5)",4D,open,-2,0,1,3,2,,
3.396827e+05,"Ma(d1,d3,d4,d5)",4D,open,-2,0,1,3,3,,
3.396827e+05,"Ma(d1,d3,d4,d5)",4D,open,2,0,-1,-3,-3,,
3.396827e+05,"Ma(d1,d3,d4,d5)",4D,open,2,0,-1,-3,-2,,
3.396827e+05,"Ma(d1,d3,d4,d5)",4D,open,2,0,-1,-3,-1,,
3.396827e+05,"Ma(d1,d3,d4)",3D,open,2,0,-1,-3,0,,
3.396827e+05,"Ma(d1,d3,d4,d5)",4D,open,2,0,-1,-3,1,,
3.396827e+05,"Ma(d1,d3,d4,d5)",4D,open,2,0,-1,-3,2,,
3.396827e+05,"Ma(d1,d3,d4,d5)",4D,open,2,0,-1,-3,3,,
3.396827e+05,"Ma(d1,d3,d4,d5)",4D,open,2,0,-1,3,-3,,
3.396827e+05,"Ma(d1,d3,d4,d5)",4D,open,2,0,-1,3,-2,,
3.396827e+05,"Ma(d1,d3,d4,d5)",4D,open,2,0,-1,3,-1,,
3.396827e+05,"Ma(d1,d3,d4)",3D,open,2,0,-1,3,0,,
3.396827e+05,"Ma(d1,d3,d4,d5)",4D,open,2,0,-1,3,1,,
3.396827e+05,"Ma(d1,d3,d4,d5)",4D,open,2,0,-1,3,2,,
3.396827e+05,"Ma(d1,d3,d4,d5)",4D,open,2,0,-1,3,3,,
3.396827e+05,"Ma(d1,d3,d4,d5)",4D,open,2,0,1,-3,-3,,
3.396827e+05,"Ma(d1,d3,d4,d5)",4D,open,2,0,1,-3,-2,,
3.396827e+05,"Ma(d1,d3,d4,d5)",4D,open,2,0,1,-3,-1,,
3.396827e+05,"Ma(d1,d3,d4)",3D,open,2,0,1,-3,0,,
3.396827e+05,"Ma(d1,d3,d4,d5)",4D,open,2,0,1,-3,1,,
3.396827e+05,"Ma(d1,d3,d4,d5)",4D,open,2,0,1,-3,2,,
3.396827e+05,"Ma(d1,d3,d4,d5)",4D,open,2,0,1,-3,3,,
3.396827e+05,"Ma(d1,d3,d4,d5)",4D,open,2,0,1,3,-3,,
3.396827e+05,"Ma(d1,d3,d4,d5)",4D,open,2,0,1,3,-2,,
3.396827e+05,"Ma(d1,d3,d4,d5)",4D,open,2,0,1,3,-1,,
3.396827e+05,"Ma(d1,d3,d4)",3D,open,2,0,1,3,0,,
3.396827e+05,"Ma(d1,d3,d4,d5)",4D,open,2,0,1,3,1,,
3.396827e+05,"Ma(d1,d3,d4,d5)",4D,open,2,0,1,3,2,,
3.396827e+05,"Ma(d1,d3,d4,d5)",4D,open,2,0,1,3,3,,
3.396827e+05,"Ma(d1,d3)",2D,closed,-2,0,-2,0,0,d1,1.9764
3.396827e+05,"Ma(d1,d3)",2D,closed,2,0,2,0,0,d1,1.9764
3.396827e+05,"Ma(d1,d3,d5)",3D,open,-2,0,-2,0,-3,,
3.396827e+05,"Ma(d1,d3,d5)",3D,open,-2,0,-2,0,-2,,
3.396827e+05,"Ma(d1,d3,d5)",3D,open,-2,0,-2,0,-1,,
3.396827e+05,"Ma(d1,d3,d5)",3D,open,-2,0,-2,0,1,,
3.396827e+05,"Ma(d1,d3,d5)",3D,open,-2,0,-2,0,2,,
3.396827e+05,"Ma(d1,d3,d5)",3D,open,-2,0,-2,0,3,,
3.396827e+05,"Ma(d1,d3,d5)",3D,open,-2,0,2,0,-3,,
3.396827e+05,"Ma(d1,d3,d5)",3D,open,-2,0,2,0,-2,,
3.396827e+05,"Ma(d1,d3,d5)",3D,open,-2,0,2,0,-1,,
3.396827e+05,"Ma(d1,d3,d5)",3D,open,-2,0,2,0,1,,
3.396827e+05,"Ma(d1,d3,d5)",3D,open,-2,0,2,0,2,,
3.396827e+05,"Ma(d1,d3,d5)",3D,open,-2,0,2,0,3,,
3.396827e+05,"Ma(d1,d3,d5)",3D,open,2,0,-2,0,-3,,
3.396827e+05,"Ma(d1,d3,d5)",3D,open,2,0,-2,0,-2,,
3.396827e+05,"Ma(d1,d3,d5)",3D,open,2,0,-2,0,-1,,
3.396827e+05,"Ma(d1,d3,d5)",3D,open,2,0,-2,0,1,,
3.396827e+05,"Ma(d1,d3,d5)",3D,open,2,0,-2,0,2,,
3.396827e+05,"Ma(d1,d3,d5)",3D,open,2,0,-2,0,3,,
3.396827e+05,"Ma(d1,d3,d5)",3D,open,2,0,2,0,-3,,
3.396827e+05,"Ma(d1,d3,d5)",3D,open,2,0,2,0,-2,,
3.396827e+05,"Ma(d1,d3,d5)",3D,open,2,0,2,0,-1,,
3.396827e+05,"Ma(d1,d3,d5)",3D,open,2,0,2,0,1,,
3.396827e+05,"Ma(d1,d3,d5)",3D,open,2,0,2,0,2,,
3.396827e+05,"Ma(d1,d3,d5)",3D,open,2,0,2,0,3,,
3.396827e+05,"Ma(d1,d3,d4,d5)",4D,open,-2,0,-2,-1,-3,,
3.396827e+05,"Ma(d1,d3,d4,d5)",4D,open,-2,0,-2,-1,-2,,
3.396827e+05,"Ma(d1,d3,d4,d5)",4D,open,-2,0,-2,-1,-1,,
3.396827e+05,"Ma(d1,d3,d4)",3D,open,-2,0,-2,-1,0,,
3.396827e+05,"Ma(d1,d3,d4,d5)",4D,open,-2,0,-2,-1,1,,
3.396827e+05,"Ma(d1,d3,d4,d5)",4D,open,-2,0,-2,-1,2,,
3.396827e+05,"Ma(d1,d3,d4,d5)",4D,open,-2,0,-2,-1,3,,
3.396827e+05,"Ma(d1,d3,d4,d5)",4D,open,-2,0,-2,1,-3,,
3.396827e+05,"Ma(d1,d3,d4,d5)",4D,open,-2,0,-2,1,-2,,
3.396827e+05,"Ma(d1,d3,d4,d5)",4D,open,-2,0,-2,1,-1,,
3.396827e+05,"Ma(d1,d3,d4)",3D,open,-2,0,-2,1,0,,
3.396827e+05,"Ma(d1,d3,d4,d5)",4D,open,-2,0,-2,1,1,,
3.396827e+05,"Ma(d1,d3,d4,d5)",4D,open,-2,0,-2,1,2,,
3.396827e+05,"Ma(d1,d3,d4,d5)",4D,open,-2,0,-2,1,3,,
3.396827e+05,"Ma(d1,d3,d4,d5)",4D,open,-2,0,2,-1,-3,,
3.396827e+05,"Ma(d1,d3,d4,d5)",4D,open,-2,0,2,-1,-2,,
3.396827e+05,"Ma(d1,d3,d4,d5)",4D,open,-2,0,2,-1,-1,,
3.396827e+05,"Ma(d1,d3,d4)",3D,open,-2,0,2,-1,0,,
3.396827e+05,"Ma(d1,d3,d4,d5)",4D,open,-2,0,2,-1,1,,
3.396827e+05,"Ma(d1,d3,d4,d5)",4D,open,-2,0,2,-1,2,,
3.396827e+05,"Ma(d1,d3,d4,d5)",4D,open,-2,0,2,-1,3,,
3.396827e+05,"Ma(d1,d3,d4,d5)",4D,open,-2,0,2,1,-3,,
3.396827e+05,"Ma(d1,d3,d4,d5)",4D,open,-2,0,2,1,-2,,
3.396827e+05,"Ma(d1,d3,d4,d5)",4D,open,-2,0,2,1,-1,,
3.396827e+05,"Ma(d1,d3,d4)",3D,open,-2,0,2,1,0,,
3.396827e+05,"Ma(d1,d3,d4,d5)",4D,open,-2,0,2,1,1,,
3.396827e+05,"Ma(d1,d3,d4,d5)",4D,open,-2,0,2,1,2,,
3.396827e+05,"Ma(d1,d3,d4,d5)",4D,open,-2,0,2,1,3,,
3.396827e+05,"Ma(d1,d3,d4,d5)",4D,open,2,0,-2,-1,-3,,
3.396827e+05,"Ma(d1,d3,d4,d5)",4D,open,2,0,-2,-1,-2,,
3.396827e+05,"Ma(d1,d3,d4,d5)",4D,open,2,0,-2,-1,-1,,
3.396827e+05,"Ma(d1,d3,d4)",3D,open,2,0,-2,-1,0,,
3.396827e+05,"Ma(d1,d3,d4,d5)",4D,open,2,0,-2,-1,1,,
3.396827e+05,"Ma(d1,d3,d4,d5)",4D,open,2,0,-2,-1,2,,
3.396827e+05,"Ma(d1,d3,d4,d5)",4D,open,2,0,-2,-1,3,,
3.396827e+05,"Ma(d1,d3,d4,d5)",4D,open,2,0,-2,1,-3,,
3.396827e+05,"Ma(d1,d3,d4,d5)",4D,open,2,0,-2,1,-2,,
3.396827e+05,"Ma(d1,d3,d4,d5)",4D,open,2,0,-2,1,-1,,
3.396827e+05,"Ma(d1,d3,d4)",3D,open,2,0,-2,1,0,,
3.396827e+05,"Ma(d1,d3,d4,d5)",4D,open,2,0,-2,1,1,,
3.396827e+05,"Ma(d1,d3,d4,d5)",4D,open,2,0,-2,1,2,,
3.396827e+05,"Ma(d1,d3,d4,d5)",4D,open,2,0,-2,1,3,,
3.396827e+05,"Ma(d1,d3,d4,d5)",4D,open,2,0,2,-1,-3,,
3.396827e+05,"Ma(d1,d3,d4,d5)",4D,open,2,0,2,-1,-2,,
3.396827e+05,"Ma(d1,d3,d4,d5)",4D,open,2,0,2,-1,-1,,
3.396827e+05,"Ma(d1,d3,d4)",3D,open,2,0,2,-1,0,,
3.396827e+05,"Ma(d1,d3,d4,d5)",4D,open,2,0,2,-1,1,,
3.396827e+05,"Ma(d1,d3,d4,d5)",4D,open,2,0,2,-1,2,,
3.396827e+05,"Ma(d1,d3,d4,d5)",4D,open,2,0,2,-1,3,,
3.396827e+05,"Ma(d1,d3,d4,d5)",4D,open,2,0,2,1,-3,,
3.396827e+05,"Ma(d1,d3,d4,d5)",4D,open,2,0,2,1,-2,,
3.396827e+05,"Ma(d1,d3,d4,d5)",4D,open,2,0,2,1,-1,,
3.396827e+05,"Ma(d1,d3,d4)",3D,open,2,0,2,1,0,,
3.396827e+05,"Ma(d1,d3,d4,d5)",4D,open,2,0,2,1,1,,
3.396827e+05,"Ma(d1,d3,d4,d5)",4D,open,2,0,2,1,2,,
3.396827e+05,"Ma(d1,d3,d4,d5)",4D,open,2,0,2,1,3,,
3.396827e+05,"Ma(d1,d3,d4,d5)",4D,open,-2,0,-2,-2,-3,,
3.396827e+05,"Ma(d1,d3,d4,d5)",4D,open,-2,0,-2,-2,-2,,
3.396827e+05,"Ma(d1,d3,d4,d5)",4D,open,-2,0,-2,-2,-1,,
3.396827e+05,"Ma(d1,d3,d4)",3D,open,-2,0,-2,-2,0,,
3.396827e+05,"Ma(d1,d3,d4,d5)",4D,open,-2,0,-2,-2,1,,
3.396827e+05,"Ma(d1,d3,d4,d5)",4D,open,-2,0,-2,-2,2,,
3.396827e+05,"Ma(d1,d3,d4,d5)",4D,open,-2,0,-2,-2,3,,
3.396827e+05,"Ma(d1,d3,d4,d5)",4D,open,-2,0,-2,2,-3,,
3.396827e+05,"Ma(d1,d3,d4,d5)",4D,open,-2,0,-2,2,-2,,
3.396827e+05,"Ma(d1,d3,d4,d5)",4D,open,-2,0,-2,2,-1,,
3.396827e+05,"Ma(d1,d3,d4)",3D,open,-2,0,-2,2,0,,
3.396827e+05,"Ma(d1,d3,d4,d5)",4D,open,-2,0,-2,2,1,,
3.396827e+05,"Ma(d1,d3,d4,d5)",4D,open,-2,0,-2,2,2,,
3.396827e+05,"Ma(d1,d3,d4,d5)",4D,open,-2,0,-2,2,3,,
3.396827e+05,"Ma(d1,d3,d4,d5)",4D,open,-2,0,2,-2,-3,,
3.396827e+05,"Ma(d1,d3,d4,d5)",4D,open,-2,0,2,-2,-2,,
3.396827e+05,"Ma(d1,d3,d4,d5)",4D,open,-2,0,2,-2,-1,,
3.396827e+05,"Ma(d1,d3,d4)",3D,open,-2,0,2,-2,0,,
3.396827e+05,"Ma(d1,d3,d4,d5)",4D,open,-2,0,2,-2,1,,
3.396827e+05,"Ma(d1,d3,d4,d5)",4D,open,-2,0,2,-2,2,,
3.396827e+05,"Ma(d1,d3,d4,d5)",4D,open,-2,0,2,-2,3,,
3.396827e+05,"Ma(d1,d3,d4,d5)",4D,open,-2,0,2,2,-3,,
3.396827e+05,"Ma(d1,d3,d4,d5)",4D,open,-2,0,2,2,-2,,
3.396827e+05,"Ma(d1,d3,d4,d5)",4D,open,-2,0,2,2,-1,,
3.396827e+05,"Ma(d1,d3,d4)",3D,open,-2,0,2,2,0,,
3.396827e+05,"Ma(d1,d3,d4,d5)",4D,open,-2,0,2,2,1,,
3.396827e+05,"Ma(d1,d3,d4,d5)",4D,open,-2,0,2,2,2,,
3.396827e+05,"Ma(d1,d3,d4,d5)",4D,open,-2,0,2,2,3,,
3.396827e+05,"Ma(d1,d3,d4,d5)",4D,open,2,0,-2,-2,-3,,
3.396827e+05,"Ma(d1,d3,d4,d5)",4D,open,2,0,-2,-2,-2,,
3.396827e+05,"Ma(d1,d3,d4,d5)",4D,open,2,0,-2,-2,-1,,
3.396827e+05,"Ma(d1,d3,d4)",3D,open,2,0,-2,-2,0,,
3.396827e+05,"Ma(d1,d3,d4,d5)",4D,open,2,0,-2,-2,1,,
3.396827e+05,"Ma(d1,d3,d4,d5)",4D,open,2,0,-2,-2,2,,
3.396827e+05,"Ma(d1,d3,d4,d5)",4D,open,2,0,-2,-2,3,,
3.396827e+05,"Ma(d1,d3,d4,d5)",4D,open,2,0,-2,2,-3,,
3.396827e+05,"Ma(d1,d3,d4,d5)",4D,open,2,0,-2,2,-2,,
3.396827e+05,"Ma(d1,d3,d4,d5)",4D,open,2,0,-2,2,-1,,
3.396827e+05,"Ma(d1,d3,d4)",3D,open,2,0,-2,2,0,,
3.396827e+05,"Ma(d1,d3,d4,d5)",4D,open,2,0,-2,2,1,,
3.396827e+05,"Ma(d1,d3,d4,d5)",4D,open,2,0,-2,2,2,,
3.396827e+05,"Ma(d1,d3,d4,d5)",4D,open,2,0,-2,2,3,,
3.396827e+05,"Ma(d1,d3,d4,d5)",4D,open,2,0,2,-2,-3,,
3.396827e+05,"Ma(d1,d3,d4,d5)",4D,open,2,0,2,-2,-2,,
3.396827e+05,"Ma(d1,d3,d4,d5)",4D,open,2,0,2,-2,-1,,
3.396827e+05,"Ma(d1,d3,d4)",3D,open,2,0,2,-2,0,,
3.396827e+05,"Ma(d1,d3,d4,d5)",4D,open,2,0,2,-2,1,,
3.396827e+05,"Ma(d1,d3,d4,d5)",4D,open,2,0,2,-2,2,,
3.396827e+05,"Ma(d1,d3,d4,d5)",4D,open,2,0,2,-2,3,,
3.396827e+05,"Ma(d1,d3,d4,d5)",4D,open,2,0,2,2,-3,,
3.396827e+05,"Ma(d1,d3,d4,d5)",4D,open,2,0,2,2,-2,,
3.396827e+05,"Ma(d1,d3,d4,d5)",4D,open,2,0,2,2,-1,,
3.396827e+05,"Ma(d1,d3,d4)",3D,open,2,0,2,2,0,,
3.396827e+05,"Ma(d1,d3,d4,d5)",4D,open,2,0,2,2,1,,
3.396827e+05,"Ma(d1,d3,d4,d5)",4D,open,2,0,2,2,2,,
3.396827e+05,"Ma(d1,d3,d4,d5)",4D,open,2,0,2,2,3,,
3.396827e+05,"Ma(d1,d3,d4,d5)",4D,open,-2,0,-2,-3,-3,,
3.396827e+05,"Ma(d1,d3,d4,d5)",4D,open,-2,0,-2,-3,-2,,
3.396827e+05,"Ma(d1,d3,d4,d5)",4D,open,-2,0,-2,-3,-1,,
3.396827e+05,"Ma(d1,d3,d4)",3D,open,-2,0,-2,-3,0,,
3.396827e+05,"Ma(d1,d3,d4,d5)",4D,open,-2,0,-2,-3,1,,
3.396827e+05,"Ma(d1,d3,d4,d5)",4D,open,-2,0,-2,-3,2,,
3.396827e+05,"Ma(d1,d3,d4,d5)",4D,open,-2,0,-2,-3,3,,
3.396827e+05,"Ma(d1,d3,d4,d5)",4D,open,-2,0,-2,3,-3,,
3.396827e+05,"Ma(d1,d3,d4,d5)",4D,open,-2,0,-2,3,-2,,
3.396827e+05,"Ma(d1,d3,d4,d5)",4D,open,-2,0,-2,3,-1,,
3.396827e+05,"Ma(d1,d3,d4)",3D,open,-2,0,-2,3,0,,
3.396827e+05,"Ma(d1,d3,d4,d5)",4D,open,-2,0,-2,3,1,,
3.396827e+05,"Ma(d1,d3,d4,d5)",4D,open,-2,0,-2,3,2,,
3.396827e+05,"Ma(d1,d3,d4,d5)",4D,open,-2,0,-2,3,3,,
3.396827e+05,"Ma(d1,d3,d4,d5)",4D,open,-2,0,2,-3,-3,,
3.396827e+05,"Ma(d1,d3,d4,d5)",4D,open,-2,0,2,-3,-2,,
3.396827e+05,"Ma(d1,d3,d4,d5)",4D,open,-2,0,2,-3,-1,,
3.396827e+05,"Ma(d1,d3,d4)",3D,open,-2,0,2,-3,0,,
3.396827e+05,"Ma(d1,d3,d4,d5)",4D,open,-2,0,2,-3,1,,
3.396827e+05,"Ma(d1,d3,d4,d5)",4D,open,-2,0,2,-3,2,,
3.396827e+05,"Ma(d1,d3,d4,d5)",4D,open,-2,0,2,-3,3,,
3.396827e+05,"Ma(d1,d3,d4,d5)",4D,open,-2,0,2,3,-3,,
3.396827e+05,"Ma(d1,d3,d4,d5)",4D,open,-2,0,2,3,-2,,
3.396827e+05,"Ma(d1,d3,d4,d5)",4D,open,-2,0,2,3,-1,,
3.396827e+05,"Ma(d1,d3,d4)",3D,open,-2,0,2,3,0,,
3.396827e+05,"Ma(d1,d3,d4,d5)",4D,open,-2,0,2,3,1,,
3.396827e+05,"Ma(d1,d3,d4,d5)",4D,open,-2,0,2,3,2,,
3.396827e+05,"Ma(d1,d3,d4,d5)",4D,open,-2,0,2,3,3,,
3.396827e+05,"Ma(d1,d3,d4,d5)",4D,open,2,0,-2,-3,-3,,
3.396827e+05,"Ma(d1,d3,d4,d5)",4D,open,2,0,-2,-3,-2,,
3.396827e+05,"Ma(d1,d3,d4,d5)",4D,open,2,0,-2,-3,-1,,
3.396827e+05,"Ma(d1,d3,d4)",3D,open,2,0,-2,-3,0,,
3.396827e+05,"Ma(d1,d3,d4,d5)",4D,open,2,0,-2,-3,1,,
3.396827e+05,"Ma(d1,d3,d4,d5)",4D,open,2,0,-2,-3,2,,
3.396827e+05,"Ma(d1,d3,d4,d5)",4D,open,2,0,-2,-3,3,,
3.396827e+05,"Ma(d1,d3,d4,d5)",4D,open,2,0,-2,3,-3,,
3.396827e+05,"Ma(d1,d3,d4,d5)",4D,open,2,0,-2,3,-2,,
3.396827e+05,"Ma(d1,d3,d4,d5)",4D,open,2,0,-2,3,-1,,
3.396827e+05,"Ma(d1,d3,d4)",3D,open,2,0,-2,3,0,,
3.396827e+05,"Ma(d1,d3,d4,d5)",4D,open,2,0,-2,3,1,,
3.396827e+05,"Ma(d1,d3,d4,d5)",4D,open,2,0,-2,3,2,,
3.396827e+05,"Ma(d1,d3,d4,d5)",4D,open,2,0,-2,3,3,,
3.396827e+05,"Ma(d1,d3,d4,d5)",4D,open,2,0,2,-3,-3,,
3.396827e+05,"Ma(d1,d3,d4,d5)",4D,open,2,0,2,-3,-2,,
3.396827e+05,"Ma(d1,d3,d4,d5)",4D,open,2,0,2,-3,-1,,
3.396827e+05,"Ma(d1,d3,d4)",3D,open,2,0,2,-3,0,,
3.396827e+05,"Ma(d1,d3,d4,d5)",4D,open,2,0,2,-3,1,,
3.396827e+05,"Ma(d1,d3,d4,d5)",4D,open,2,0,2,-3,2,,
3.396827e+05,"Ma(d1,d3,d4,d5)",4D,open,2,0,2,-3,3,,
3.396827e+05,"Ma(d1,d3,d4,d5)",4D,open,2,0,2,3,-3,,
3.396827e+05,"Ma(d1,d3,d4,d5)",4D,open,2,0,2,3,-2,,
3.396827e+05,"Ma(d1,d3,d4,d5)",4D,open,2,0,2,3,-1,,
3.396827e+05,"Ma(d1,d3,d4)",3D,open,2,0,2,3,0,,
3.396827e+05,"Ma(d1,d3,d4,d5)",4D,open,2,0,2,3,1,,
3.396827e+05,"Ma(d1,d3,d4,d5)",4D,open,2,0,2,3,2,,
3.396827e+05,"Ma(d1,d3,d4,d5)",4D,open,2,0,2,3,3,,
3.396827e+05,"Ma(d1,d3,d5)",3D,open,-2,0,-3,0,-3,,
3.396827e+05,"Ma(d1,d3,d5)",3D,open,-2,0,-3,0,-2,,
3.396827e+05,"Ma(d1,d3,d5)",3D,open,-2,0,-3,0,-1,,
3.396827e+05,"Ma(d1,d3,d5)",3D,open,-2,0,-3,0,1,,
3.396827e+05,"Ma(d1,d3,d5)",3D,open,-2,0,-3,0,2,,
3.396827e+05,"Ma(d1,d3,d5)",3D,open,-2,0,-3,0,3,,
3.396827e+05,"Ma(d1,d3,d5)",3D,open,-2,0,3,0,-3,,
3.396827e+05,"Ma(d1,d3,d5)",3D,open,-2,0,3,0,-2,,
3.396827e+05,"Ma(d1,d3,d5)",3D,open,-2,0,3,0,-1,,
3.396827e+05,"Ma(d1,d3,d5)",3D,open,-2,0,3,0,1,,
3.396827e+05,"Ma(d1,d3,d5)",3D,open,-2,0,3,0,2,,
3.396827e+05,"Ma(d1,d3,d5)",3D,open,-2,0,3,0,3,,
3.396827e+05,"Ma(d1,d3,d5)",3D,open,2,0,-3,0,-3,,
3.396827e+05,"Ma(d1,d3,d5)",3D,open,2,0,-3,0,-2,,
3.396827e+05,"Ma(d1,d3,d5)",3D,open,2,0,-3,0,-1,,
3.396827e+05,"Ma(d1,d3,d5)",3D,open,2,0,-3,0,1,,
3.396827e+05,"Ma(d1,d3,d5)",3D,open,2,0,-3,0,2,,
3.396827e+05,"Ma(d1,d3,d5)",3D,open,2,0,-3,0,3,,
3.396827e+05,"Ma(d1,d3,d5)",3D,open,2,0,3,0,-3,,
3.396827e+05,"Ma(d1,d3,d5)",3D,open,2,0,3,0,-2,,
3.396827e+05,"Ma(d1,d3,d5)",3D,open,2,0,3,0,-1,,
3.396827e+05,"Ma(d1,d3,d5)",3D,open,2,0,3,0,1,,
3.396827e+05,"Ma(d1,d3,d5)",3D,open,2,0,3,0,2,,
3.396827e+05,"Ma(d1,d3,d5)",3D,open,2,0,3,0,3,,
3.396827e+05,"Ma(d1,d3,d4,d5)",4D,open,-2,0,-3,-1,-3,,
3.396827e+05,"Ma(d1,d3,d4,d5)",4D,open,-2,0,-3,-1,-2,,
3.396827e+05,"Ma(d1,d3,d4,d5)",4D,open,-2,0,-3,-1,-1,,
3.396827e+05,"Ma(d1,d3,d4)",3D,open,-2,0,-3,-1,0,,
3.396827e+05,"Ma(d1,d3,d4,d5)",4D,open,-2,0,-3,-1,1,,
3.396827e+05,"Ma(d1,d3,d4,d5)",4D,open,-2,0,-3,-1,2,,
3.396827e+05,"Ma(d1,d3,d4,d5)",4D,open,-2,0,-3,-1,3,,
3.396827e+05,"Ma(d1,d3,d4,d5)",4D,open,-2,0,-3,1,-3,,
3.396827e+05,"Ma(d1,d3,d4,d5)",4D,open,-2,0,-3,1,-2,,
3.396827e+05,"Ma(d1,d3,d4,d5)",4D,open,-2,0,-3,1,-1,,
3.396827e+05,"Ma(d1,d3,d4)",3D,open,-2,0,-3,1,0,,
3.396827e+05,"Ma(d1,d3,d4,d5)",4D,open,-2,0,-3,1,1,,
3.396827e+05,"Ma(d1,d3,d4,d5)",4D,open,-2,0,-3,1,2,,
3.396827e+05,"Ma(d1,d3,d4,d5)",4D,open,-2,0,-3,1,3,,
3.396827e+05,"Ma(d1,d3,d4,d5)",4D,open,-2,0,3,-1,-3,,
3.396827e+05,"Ma(d1,d3,d4,d5)",4D,open,-2,0,3,-1,-2,,
3.396827e+05,"Ma(d1,d3,d4,d5)",4D,open,-2,0,3,-1,-1,,
3.396827e+05,"Ma(d1,d3,d4)",3D,open,-2,0,3,-1,0,,
3.396827e+05,"Ma(d1,d3,d4,d5)",4D,open,-2,0,3,-1,1,,
3.396827e+05,"Ma(d1,d3,d4,d5)",4D,open,-2,0,3,-1,2,,
3.396827e+05,"Ma(d1,d3,d4,d5)",4D,open,-2,0,3,-1,3,,
3.396827e+05,"Ma(d1,d3,d4,d5)",4D,open,-2,0,3,1,-3,,
3.396827e+05,"Ma(d1,d3,d4,d5)",4D,open,-2,0,3,1,-2,,
3.396827e+05,"Ma(d1,d3,d4,d5)",4D,open,-2,0,3,1,-1,,
3.396827e+05,"Ma(d1,d3,d4)",3D,open,-2,0,3,1,0,,
3.396827e+05,"Ma(d1,d3,d4,d5)",4D,open,-2,0,3,1,1,,
3.396827e+05,"Ma(d1,d3,d4,d5)",4D,open,-2,0,3,1,2,,
3.396827e+05,"Ma(d1,d3,d4,d5)",4D,open,-2,0,3,1,3,,
3.396827e+05,"Ma(d1,d3,d4,d5)",4D,open,2,0,-3,-1,-3,,
3.396827e+05,"Ma(d1,d3,d4,d5)",4D,open,2,0,-3,-1,-2,,
3.396827e+05,"Ma(d1,d3,d4,d5)",4D,open,2,0,-3,-1,-1,,
3.396827e+05,"Ma(d1,d3,d4)",3D,open,2,0,-3,-1,0,,
3.396827e+05,"Ma(d1,d3,d4,d5)",4D,open,2,0,-3,-1,1,,
3.396827e+05,"Ma(d1,d3,d4,d5)",4D,open,2,0,-3,-1,2,,
3.396827e+05,"Ma(d1,d3,d4,d5)",4D,open,2,0,-3,-1,3,,
3.396827e+05,"Ma(d1,d3,d4,d5)",4D,open,2,0,-3,1,-3,,
3.396827e+05,"Ma(d1,d3,d4,d5)",4D,open,2,0,-3,1,-2,,
3.396827e+05,"Ma(d1,d3,d4,d5)",4D,open,2,0,-3,1,-1,,
3.396827e+05,"Ma(d1,d3,d4)",3D,open,2,0,-3,1,0,,
3.396827e+05,"Ma(d1,d3,d4,d5)",4D,open,2,0,-3,1,1,,
3.396827e+05,"Ma(d1,d3,d4,d5)",4D,open,2,0,-3,1,2,,
3.396827e+05,"Ma(d1,d3,d4,d5)",4D,open,2,0,-3,1,3,,
3.396827e+05,"Ma(d1,d3,d4,d5)",4D,open,2,0,3,-1,-3,,
3.396827e+05,"Ma(d1,d3,d4,d5)",4D,open,2,0,3,-1,-2,,
3.396827e+05,"Ma(d1,d3,d4,d5)",4D,open,2,0,3,-1,-1,,
3.396827e+05,"Ma(d1,d3,d4)",3D,open,2,0,3,-1,0,,
3.396827e+05,"Ma(d1,d3,d4,d5)",4D,open,2,0,3,-1,1,,
3.396827e+05,"Ma(d1,d3,d4,d5)",4D,open,2,0,3,-1,2,,
3.396827e+05,"Ma(d1,d3,d4,d5)",4D,open,2,0,3,-1,3,,
3.396827e+05,"Ma(d1,d3,d4,d5)",4D,open,2,0,3,1,-3,,
3.396827e+05,"Ma(d1,d3,d4,d5)",4D,open,2,0,3,1,-2,,
3.396827e+05,"Ma(d1,d3,d4,d5)",4D,open,2,0,3,1,-1,,
3.396827e+05,"Ma(d1,d3,d4)",3D,open,2,0,3,1,0,,
3.396827e+05,"Ma(d1,d3,d4,d5)",4D,open,2,0,3,1,1,,
3.396827e+05,"Ma(d1,d3,d4,d5)",4D,open,2,0,3,1,2,,
3.396827e+05,"Ma(d1,d3,d4,d5)",4D,open,2,0,3,1,3,,
3.396827e+05,"Ma(d1,d3,d4,d5)",4D,open,-2,0,-3,-2,-3,,
3.396827e+05,"Ma(d1,d3,d4,d5)",4D,open,-2,0,-3,-2,-2,,
3.396827e+05,"Ma(d1,d3,d4,d5)",4D,open,-2,0,-3,-2,-1,,
3.396827e+05,"Ma(d1,d3,d4)",3D,open,-2,0,-3,-2,0,,
3.396827e+05,"Ma(d1,d3,d4,d5)",4D,open,-2,0,-3,-2,1,,
3.396827e+05,"Ma(d1,d3,d4,d5)",4D,open,-2,0,-3,-2,2,,
3.396827e+05,"Ma(d1,d3,d4,d5)",4D,open,-2,0,-3,-2,3,,
3.396827e+05,"Ma(d1,d3,d4,d5)",4D,open,-2,0,-3,2,-3,,
3.396827e+05,"Ma(d1,d3,d4,d5)",4D,open,-2,0,-3,2,-2,,
3.396827e+05,"Ma(d1,d3,d4,d5)",4D,open,-2,0,-3,2,-1,,
3.396827e+05,"Ma(d1,d3,d4)",3D,open,-2,0,-3,2,0,,
3.396827e+05,"Ma(d1,d3,d4,d5)",4D,open,-2,0,-3,2,1,,
3.396827e+05,"Ma(d1,d3,d4,d5)",4D,open,-2,0,-3,2,2,,
3.396827e+05,"Ma(d1,d3,d4,d5)",4D,open,-2,0,-3,2,3,,
3.396827e+05,"Ma(d1,d3,d4,d5)",4D,open,-2,0,3,-2,-3,,
3.396827e+05,"Ma(d1,d3,d4,d5)",4D,open,-2,0,3,-2,-2,,
3.396827e+05,"Ma(d1,d3,d4,d5)",4D,open,-2,0,3,-2,-1,,
3.396827e+05,"Ma(d1,d3,d4)",3D,open,-2,0,3,-2,0,,
3.396827e+05,"Ma(d1,d3,d4,d5)",4D,open,-2,0,3,-2,1,,
3.396827e+05,"Ma(d1,d3,d4,d5)",4D,open,-2,0,3,-2,2,,
3.396827e+05,"Ma(d1,d3,d4,d5)",4D,open,-2,0,3,-2,3,,
3.396827e+05,"Ma(d1,d3,d4,d5)",4D,open,-2,0,3,2,-3,,
3.396827e+05,"Ma(d1,d3,d4,d5)",4D,open,-2,0,3,2,-2,,
3.396827e+05,"Ma(d1,d3,d4,d5)",4D,open,-2,0,3,2,-1,,
3.396827e+05,"Ma(d1,d3,d4)",3D,open,-2,0,3,2,0,,
3.396827e+05,"Ma(d1,d3,d4,d5)",4D,open,-2,0,3,2,1,,
3.396827e+05,"Ma(d1,d3,d4,d5)",4D,open,-2,0,3,2,2,,
3.396827e+05,"Ma(d1,d3,d4,d5)",4D,open,-2,0,3,2,3,,
3.396827e+05,"Ma(d1,d3,d4,d5)",4D,open,2,0,-3,-2,-3,,
3.396827e+05,"Ma(d1,d3,d4,d5)",4D,open,2,0,-3,-2,-2,,
3.396827e+05,"Ma(d1,d3,d4,d5)",4D,open,2,0,-3,-2,-1,,
3.396827e+05,"Ma(d1,d3,d4)",3D,open,2,0,-3,-2,0,,
3.396827e+05,"Ma(d1,d3,d4,d5)",4D,open,2,0,-3,-2,1,,
3.396827e+05,"Ma(d1,d3,d4,d5)",4D,open,2,0,-3,-2,2,,
3.396827e+05,"Ma(d1,d3,d4,d5)",4D,open,2,0,-3,-2,3,,
3.396827e+05,"Ma(d1,d3,d4,d5)",4D,open,2,0,-3,2,-3,,
3.396827e+05,"Ma(d1,d3,d4,d5)",4D,open,2,0,-3,2,-2,,
3.396827e+05,"Ma(d1,d3,d4,d5)",4D,open,2,0,-3,2,-1,,
3.396827e+05,"Ma(d1,d3,d4)",3D,open,2,0,-3,2,0,,
3.396827e+05,"Ma(d1,d3,d4,d5)",4D,open,2,0,-3,2,1,,
3.396827e+05,"Ma(d1,d3,d4,d5)",4D,open,2,0,-3,2,2,,
3.396827e+05,"Ma(d1,d3,d4,d5)",4D,open,2,0,-3,2,3,,
3.396827e+05,"Ma(d1,d3,d4,d5)",4D,open,2,0,3,-2,-3,,
3.396827e+05,"Ma(d1,d3,d4,d5)",4D,open,2,0,3,-2,-2,,
3.396827e+05,"Ma(d1,d3,d4,d5)",4D,open,2,0,3,-2,-1,,
3.396827e+05,"Ma(d1,d3,d4)",3D,open,2,0,3,-2,0,,
3.396827e+05,"Ma(d1,d3,d4,d5)",4D,open,2,0,3,-2,1,,
3.396827e+05,"Ma(d1,d3,d4,d5)",4D,open,2,0,3,-2,2,,
3.396827e+05,"Ma(d1,d3,d4,d5)",4D,open,2,0,3,-2,3,,
3.396827e+05,"Ma(d1,d3,d4,d5)",4D,open,2,0,3,2,-3,,
3.396827e+05,"Ma(d1,d3,d4,d5)",4D,open,2,0,3,2,-2,,
3.396827e+05,"Ma(d1,d3,d4,d5)",4D,open,2,0,3,2,-1,,
3.396827e+05,"Ma(d1,d3,d4)",3D,open,2,0,3,2,0,,
3.396827e+05,"Ma(d1,d3,d4,d5)",4D,open,2,0,3,2,1,,
3.396827e+05,"Ma(d1,d3,d4,d5)",4D,open,2,0,3,2,2,,
3.396827e+05,"Ma(d1,d3,d4,d5)",4D,open,2,0,3,2,3,,
3.396827e+05,"Ma(d1,d3,d4,d5)",4D,open,-2,0,-3,-3,-3,,
3.396827e+05,"Ma(d1,d3,d4,d5)",4D,open,-2,0,-3,-3,-2,,
3.396827e+05,"Ma(d1,d3,d4,d5)",4D,open,-2,0,-3,-3,-1,,
3.396827e+05,"Ma(d1,d3,d4)",3D,open,-2,0,-3,-3,0,,
3.396827e+05,"Ma(d1,d3,d4,d5)",4D,open,-2,0,-3,-3,1,,
3.396827e+05,"Ma(d1,d3,d4,d5)",4D,open,-2,0,-3,-3,2,,
3.396827e+05,"Ma(d1,d3,d4,d5)",4D,open,-2,0,-3,-3,3,,
3.396827e+05,"Ma(d1,d3,d4,d5)",4D,open,-2,0,-3,3,-3,,
3.396827e+05,"Ma(d1,d3,d4,d5)",4D,open,-2,0,-3,3,-2,,
3.396827e+05,"Ma(d1,d3,d4,d5)",4D,open,-2,0,-3,3,-1,,
3.396827e+05,"Ma(d1,d3,d4)",3D,open,-2,0,-3,3,0,,
3.396827e+05,"Ma(d1,d3,d4,d5)",4D,open,-2,0,-3,3,1,,
3.396827e+05,"Ma(d1,d3,d4,d5)",4D,open,-2,0,-3,3,2,,
3.396827e+05,"Ma(d1,d3,d4,d5)",4D,open,-2,0,-3,3,3,,
3.396827e+05,"Ma(d1,d3,d4,d5)",4D,open,-2,0,3,-3,-3,,
3.396827e+05,"Ma(d1,d3,d4,d5)",4D,open,-2,0,3,-3,-2,,
3.396827e+05,"Ma(d1,d3,d4,d5)",4D,open,-2,0,3,-3,-1,,
3.396827e+05,"Ma(d1,d3,d4)",3D,open,-2,0,3,-3,0,,
3.396827e+05,"Ma(d1,d3,d4,d5)",4D,open,-2,0,3,-3,1,,
3.396827e+05,"Ma(d1,d3,d4,d5)",4D,open,-2,0,3,-3,2,,
3.396827e+05,"Ma(d1,d3,d4,d5)",4D,open,-2,0,3,-3,3,,
3.396827e+05,"Ma(d1,d3,d4,d5)",4D,open,-2,0,3,3,-3,,
3.396827e+05,"Ma(d1,d3,d4,d5)",4D,open,-2,0,3,3,-2,,
3.396827e+05,"Ma(d1,d3,d4,d5)",4D,open,-2,0,3,3,-1,,
3.396827e+05,"Ma(d1,d3,d4)",3D,open,-2,0,3,3,0,,
3.396827e+05,"Ma(d1,d3,d4,d5)",4D,open,-2,0,3,3,1,,
3.396827e+05,"Ma(d1,d3,d4,d5)",4D,open,-2,0,3,3,2,,
3.396827e+05,"Ma(d1,d3,d4,d5)",4D,open,-2,0,3,3,3,,
3.396827e+05,"Ma(d1,d3,d4,d5)",4D,open,2,0,-3,-3,-3,,
3.396827e+05,"Ma(d1,d3,d4,d5)",4D,open,2,0,-3,-3,-2,,
3.396827e+05,"Ma(d1,d3,d4,d5)",4D,open,2,0,-3,-3,-1,,
3.396827e+05,"Ma(d1,d3,d4)",3D,open,2,0,-3,-3,0,,
3.396827e+05,"Ma(d1,d3,d4,d5)",4D,open,2,0,-3,-3,1,,
3.396827e+05,"Ma(d1,d3,d4,d5)",4D,open,2,0,-3,-3,2,,
3.396827e+05,"Ma(d1,d3,d4,d5)",4D,open,2,0,-3,-3,3,,
3.396827e+05,"Ma(d1,d3,d4,d5)",4D,open,2,0,-3,3,-3,,
3.396827e+05,"Ma(d1,d3,d4,d5)",4D,open,2,0,-3,3,-2,,
3.396827e+05,"Ma(d1,d3,d4,d5)",4D,open,2,0,-3,3,-1,,
3.396827e+05,"Ma(d1,d3,d4)",3D,open,2,0,-3,3,0,,
3.396827e+05,"Ma(d1,d3,d4,d5)",4D,open,2,0,-3,3,1,,
3.396827e+05,"Ma(d1,d3,d4,d5)",4D,open,2,0,-3,3,2,,
3.396827e+05,"Ma(d1,d3,d4,d5)",4D,open,2,0,-3,3,3,,
3.396827e+05,"Ma(d1,d3,d4,d5)",4D,open,2,0,3,-3,-3,,
3.396827e+05,"Ma(d1,d3,d4,d5)",4D,open,2,0,3,-3,-2,,
3.396827e+05,"Ma(d1,d3,d4,d5)",4D,open,2,0,3,-3,-1,,
3.396827e+05,"Ma(d1,d3,d4)",3D,open,2,0,3,-3,0,,
3.396827e+05,"Ma(d1,d3,d4,d5)",4D,open,2,0,3,-3,1,,
3.396827e+05,"Ma(d1,d3,d4,d5)",4D,open,2,0,3,-3,2,,
3.396827e+05,"Ma(d1,d3,d4,d5)",4D,open,2,0,3,-3,3,,
3.396827e+05,"Ma(d1,d3,d4,d5)",4D,open,2,0,3,3,-3,,
3.396827e+05,"Ma(d1,d3,d4,d5)",4D,open,2,0,3,3,-2,,
3.396827e+05,"Ma(d1,d3,d4,d5)",4D,open,2,0,3,3,-1,,
3.396827e+05,"Ma(d1,d3,d4)",3D,open,2,0,3,3,0,,
3.396827e+05,"Ma(d1,d3,d4,d5)",4D,open,2,0,3,3,1,,
3.396827e+05,"Ma(d1,d3,d4,d5)",4D,open,2,0,3,3,2,,
3.396827e+05,"Ma(d1,d3,d4,d5)",4D,open,2,0,3,3,3,,
3.396827e+05,"Ma(d1,d3)",2D,closed,-2,0,2,0,0,d1,1.9764
3.396827e+05,"Ma(d1,d3)",2D,closed,2,0,-2,0,0,d1,1.9764
3.396850e+05,"Ma(d1,d2,d5)",3D,open,-2,-1,0,0,-3,,
3.396850e+05,"Ma(d1,d2,d5)",3D,open,-2,-1,0,0,-2,,
3.396850e+05,"Ma(d1,d2,d5)",3D,open,-2,-1,0,0,-1,,
3.396850e+05,"Ma(d1,d2,d5)",3D,open,-2,-1,0,0,1,,
3.396850e+05,"Ma(d1,d2,d5)",3D,open,-2,-1,0,0,2,,
3.396850e+05,"Ma(d1,d2,d5)",3D,open,-2,-1,0,0,3,,
3.396850e+05,"Ma(d1,d2,d5)",3D,open,-2,1,0,0,-3,,
3.396850e+05,"Ma(d1,d2,d5)",3D,open,-2,1,0,0,-2,,
3.396850e+05,"Ma(d1,d2,d5)",3D,open,-2,1,0,0,-1,,
3.396850e+05,"Ma(d1,d2,d5)",3D,open,-2,1,0,0,1,,
3.396850e+05,"Ma(d1,d2,d5)",3D,open,-2,1,0,0,2,,
3.396850e+05,"Ma(d1,d2,d5)",3D,open,-2,1,0,0,3,,
3.396850e+05,"Ma(d1,d2,d5)",3D,open,2,-1,0,0,-3,,
3.396850e+05,"Ma(d1,d2,d5)",3D,open,2,-1,0,0,-2,,
3.396850e+05,"Ma(d1,d2,d5)",3D,open,2,-1,0,0,-1,,
3.396850e+05,"Ma(d1,d2,d5)",3D,open,2,-1,0,0,1,,
3.396850e+05,"Ma(d1,d2,d5)",3D,open,2,-1,0,0,2,,
3.396850e+05,"Ma(d1,d2,d5)",3D,open,2,-1,0,0,3,,
3.396850e+05,"Ma(d1,d2,d5)",3D,open,2,1,0,0,-3,,
3.396850e+05,"Ma(d1,d2,d5)",3D,open,2,1,0,0,-2,,
3.396850e+05,"Ma(d1,d2,d5)",3D,open,2,1,0,0,-1,,
3.396850e+05,"Ma(d1,d2,d5)",3D,open,2,1,0,0,1,,
3.396850e+05,"Ma(d1,d2,d5)",3D,open,2,1,0,0,2,,
3.396850e+05,"Ma(d1,d2,d5)",3D,open,2,1,0,0,3,,
3.396850e+05,"Ma(d1,d2,d4,d5)",4D,open,-2,-1,0,-1,-3,,
3.396850e+05,"Ma(d1,d2,d4,d5)",4D,open,-2,-1,0,-1,-2,,
3.396850e+05,"Ma(d1,d2,d4,d5)",4D,open,-2,-1,0,-1,-1,,
3.396850e+05,"Ma(d1,d2,d4)",3D,open,-2,-1,0,-1,0,,
3.396850e+05,"Ma(d1,d2,d4,d5)",4D,open,-2,-1,0,-1,1,,
3.396850e+05,"Ma(d1,d2,d4,d5)",4D,open,-2,-1,0,-1,2,,
3.396850e+05,"Ma(d1,d2,d4,d5)",4D,open,-2,-1,0,-1,3,,
3.396850e+05,"Ma(d1,d2,d4,d5)",4D,open,-2,-1,0,1,-3,,
3.396850e+05,"Ma(d1,d2,d4,d5)",4D,open,-2,-1,0,1,-2,,
3.396850e+05,"Ma(d1,d2,d4,d5)",4D,open,-2,-1,0,1,-1,,
3.396850e+05,"Ma(d1,d2,d4)",3D,open,-2,-1,0,1,0,,
3.396850e+05,"Ma(d1,d2,d4,d5)",4D,open,-2,-1,0,1,1,,
3.396850e+05,"Ma(d1,d2,d4,d5)",4D,open,-2,-1,0,1,2,,
3.396850e+05,"Ma(d1,d2,d4,d5)",4D,open,-2,-1,0,1,3,,
3.396850e+05,"Ma(d1,d2,d4,d5)",4D,open,-2,1,0,-1,-3,,
3.396850e+05,"Ma(d1,d2,d4,d5)",4D,open,-2,1,0,-1,-2,,
3.396850e+05,"Ma(d1,d2,d4,d5)",4D,open,-2,1,0,-1,-1,,
3.396850e+05,"Ma(d1,d2,d4)",3D,open,-2,1,0,-1,0,,
3.396850e+05,"Ma(d1,d2,d4,d5)",4D,open,-2,1,0,-1,1,,
3.396850e+05,"Ma(d1,d2,d4,d5)",4D,open,-2,1,0,-1,2,,
3.396850e+05,"Ma(d1,d2,d4,d5)",4D,open,-2,1,0,-1,3,,
3.396850e+05,"Ma(d1,d2,d4,d5)",4D,open,-2,1,0,1,-3,,
3.396850e+05,"Ma(d1,d2,d4,d5)",4D,open,-2,1,0,1,-2,,
3.396850e+05,"Ma(d1,d2,d4,d5)",4D,open,-2,1,0,1,-1,,
3.396850e+05,"Ma(d1,d2,d4)",3D,open,-2,1,0,1,0,,
3.396850e+05,"Ma(d1,d2,d4,d5)",4D,open,-2,1,0,1,1,,
3.396850e+05,"Ma(d1,d2,d4,d5)",4D,open,-2,1,0,1,2,,
3.396850e+05,"Ma(d1,d2,d4,d5)",4D,open,-2,1,0,1,3,,
3.396850e+05,"Ma(d1,d2,d4,d5)",4D,open,2,-1,0,-1,-3,,
3.396850e+05,"Ma(d1,d2,d4,d5)",4D,open,2,-1,0,-1,-2,,
3.396850e+05,"Ma(d1,d2,d4,d5)",4D,open,2,-1,0,-1,-1,,
3.396850e+05,"Ma(d1,d2,d4)",3D,open,2,-1,0,-1,0,,
3.396850e+05,"Ma(d1,d2,d4,d5)",4D,open,2,-1,0,-1,1,,
3.396850e+05,"Ma(d1,d2,d4,d5)",4D,open,2,-1,0,-1,2,,
3.396850e+05,"Ma(d1,d2,d4,d5)",4D,open,2,-1,0,-1,3,,
3.396850e+05,"Ma(d1,d2,d4,d5)",4D,open,2,-1,0,1,-3,,
3.396850e+05,"Ma(d1,d2,d4,d5)",4D,open,2,-1,0,1,-2,,
3.396850e+05,"Ma(d1,d2,d4,d5)",4D,open,2,-1,0,1,-1,,
3.396850e+05,"Ma(d1,d2,d4)",3D,open,2,-1,0,1,0,,
3.396850e+05,"Ma(d1,d2,d4,d5)",4D,open,2,-1,0,1,1,,
3.396850e+05,"Ma(d1,d2,d4,d5)",4D,open,2,-1,0,1,2,,
3.396850e+05,"Ma(d1,d2,d4,d5)",4D,open,2,-1,0,1,3,,
3.396850e+05,"Ma(d1,d2,d4,d5)",4D,open,2,1,0,-1,-3,,
3.396850e+05,"Ma(d1,d2,d4,d5)",4D,open,2,1,0,-1,-2,,
3.396850e+05,"Ma(d1,d2,d4,d5)",4D,open,2,1,0,-1,-1,,
3.396850e+05,"Ma(d1,d2,d4)",3D,open,2,1,0,-1,0,,
3.396850e+05,"Ma(d1,d2,d4,d5)",4D,open,2,1,0,-1,1,,
3.396850e+05,"Ma(d1,d2,d4,d5)",4D,open,2,1,0,-1,2,,
3.396850e+05,"Ma(d1,d2,d4,d5)",4D,open,2,1,0,-1,3,,
3.396850e+05,"Ma(d1,d2,d4,d5)",4D,open,2,1,0,1,-3,,
3.396850e+05,"Ma(d1,d2,d4,d5)",4D,open,2,1,0,1,-2,,
3.396850e+05,"Ma(d1,d2,d4,d5)",4D,open,2,1,0,1,-1,,
3.396850e+05,"Ma(d1,d2,d4)",3D,open,2,1,0,1,0,,
3.396850e+05,"Ma(d1,d2,d4,d5)",4D,open,2,1,0,1,1,,
3.396850e+05,"Ma(d1,d2,d4,d5)",4D,open,2,1,0,1,2,,
3.396850e+05,"Ma(d1,d2,d4,d5)",4D,open,2,1,0,1,3,,
3.396850e+05,"Ma(d1,d2,d4,d5)",4D,open,-2,-1,0,-2,-3,,
3.396850e+05,"Ma(d1,d2,d4,d5)",4D,open,-2,-1,0,-2,-2,,
3.396850e+05,"Ma(d1,d2,d4,d5)",4D,open,-2,-1,0,-2,-1,,
3.396850e+05,"Ma(d1,d2,d4)",3D,open,-2,-1,0,-2,0,,
3.396850e+05,"Ma(d1,d2,d4,d5)",4D,open,-2,-1,0,-2,1,,
3.396850e+05,"Ma(d1,d2,d4,d5)",4D,open,-2,-1,0,-2,2,,
3.396850e+05,"Ma(d1,d2,d4,d5)",4D,open,-2,-1,0,-2,3,,
3.396850e+05,"Ma(d1,d2,d4,d5)",4D,open,-2,-1,0,2,-3,,
3.396850e+05,"Ma(d1,d2,d4,d5)",4D,open,-2,-1,0,2,-2,,
3.396850e+05,"Ma(d1,d2,d4,d5)",4D,open,-2,-1,0,2,-1,,
3.396850e+05,"Ma(d1,d2,d4)",3D,open,-2,-1,0,2,0,,
3.396850e+05,"Ma(d1,d2,d4,d5)",4D,open,-2,-1,0,2,1,,
3.396850e+05,"Ma(d1,d2,d4,d5)",4D,open,-2,-1,0,2,2,,
3.396850e+05,"Ma(d1,d2,d4,d5)",4D,open,-2,-1,0,2,3,,
3.396850e+05,"Ma(d1,d2,d4,d5)",4D,open,-2,1,0,-2,-3,,
3.396850e+05,"Ma(d1,d2,d4,d5)",4D,open,-2,1,0,-2,-2,,
3.396850e+05,"Ma(d1,d2,d4,d5)",4D,open,-2,1,0,-2,-1,,
3.396850e+05,"Ma(d1,d2,d4)",3D,open,-2,1,0,-2,0,,
3.396850e+05,"Ma(d1,d2,d4,d5)",4D,open,-2,1,0,-2,1,,
3.396850e+05,"Ma(d1,d2,d4,d5)",4D,open,-2,1,0,-2,2,,
3.396850e+05,"Ma(d1,d2,d4,d5)",4D,open,-2,1,0,-2,3,,
3.396850e+05,"Ma(d1,d2,d4,d5)",4D,open,-2,1,0,2,-3,,
3.396850e+05,"Ma(d1,d2,d4,d5)",4D,open,-2,1,0,2,-2,,
3.396850e+05,"Ma(d1,d2,d4,d5)",4D,open,-2,1,0,2,-1,,
3.396850e+05,"Ma(d1,d2,d4)",3D,open,-2,1,0,2,0,,
3.396850e+05,"Ma(d1,d2,d4,d5)",4D,open,-2,1,0,2,1,,
3.396850e+05,"Ma(d1,d2,d4,d5)",4D,open,-2,1,0,2,2,,
3.396850e+05,"Ma(d1,d2,d4,d5)",4D,open,-2,1,0,2,3,,
3.396850e+05,"Ma(d1,d2,d4,d5)",4D,open,2,-1,0,-2,-3,,
3.396850e+05,"Ma(d1,d2,d4,d5)",4D,open,2,-1,0,-2,-2,,
3.396850e+05,"Ma(d1,d2,d4,d5)",4D,open,2,-1,0,-2,-1,,
3.396850e+05,"Ma(d1,d2,d4)",3D,open,2,-1,0,-2,0,,
3.396850e+05,"Ma(d1,d2,d4,d5)",4D,open,2,-1,0,-2,1,,
3.396850e+05,"Ma(d1,d2,d4,d5)",4D,open,2,-1,0,-2,2,,
3.396850e+05,"Ma(d1,d2,d4,d5)",4D,open,2,-1,0,-2,3,,
3.396850e+05,"Ma(d1,d2,d4,d5)",4D,open,2,-1,0,2,-3,,
3.396850e+05,"Ma(d1,d2,d4,d5)",4D,open,2,-1,0,2,-2,,
3.396850e+05,"Ma(d1,d2,d4,d5)",4D,open,2,-1,0,2,-1,,
3.396850e+05,"Ma(d1,d2,d4)",3D,open,2,-1,0,2,0,,
3.396850e+05,"Ma(d1,d2,d4,d5)",4D,open,2,-1,0,2,1,,
3.396850e+05,"Ma(d1,d2,d4,d5)",4D,open,2,-1,0,2,2,,
3.396850e+05,"Ma(d1,d2,d4,d5)",4D,open,2,-1,0,2,3,,
3.396850e+05,"Ma(d1,d2,d4,d5)",4D,open,2,1,0,-2,-3,,
3.396850e+05,"Ma(d1,d2,d4,d5)",4D,open,2,1,0,-2,-2,,
3.396850e+05,"Ma(d1,d2,d4,d5)",4D,open,2,1,0,-2,-1,,
3.396850e+05,"Ma(d1,d2,d4)",3D,open,2,1,0,-2,0,,
3.396850e+05,"Ma(d1,d2,d4,d5)",4D,open,2,1,0,-2,1,,
3.396850e+05,"Ma(d1,d2,d4,d5)",4D,open,2,1,0,-2,2,,
3.396850e+05,"Ma(d1,d2,d4,d5)",4D,open,2,1,0,-2,3,,
3.396850e+05,"Ma(d1,d2,d4,d5)",4D,open,2,1,0,2,-3,,
3.396850e+05,"Ma(d1,d2,d4,d5)",4D,open,2,1,0,2,-2,,
3.396850e+05,"Ma(d1,d2,d4,d5)",4D,open,2,1,0,2,-1,,
3.396850e+05,"Ma(d1,d2,d4)",3D,open,2,1,0,2,0,,
3.396850e+05,"Ma(d1,d2,d4,d5)",4D,open,2,1,0,2,1,,
3.396850e+05,"Ma(d1,d2,d4,d5)",4D,open,2,1,0,2,2,,
3.396850e+05,"Ma(d1,d2,d4,d5)",4D,open,2,1,0,2,3,,
3.396850e+05,"Ma(d1,d2,d4,d5)",4D,open,-2,-1,0,-3,-3,,
3.396850e+05,"Ma(d1,d2,d4,d5)",4D,open,-2,-1,0,-3,-2,,
3.396850e+05,"Ma(d1,d2,d4,d5)",4D,open,-2,-1,0,-3,-1,,
3.396850e+05,"Ma(d1,d2,d4)",3D,open,-2,-1,0,-3,0,,
3.396850e+05,"Ma(d1,d2,d4,d5)",4D,open,-2,-1,0,-3,1,,
3.396850e+05,"Ma(d1,d2,d4,d5)",4D,open,-2,-1,0,-3,2,,
3.396850e+05,"Ma(d1,d2,d4,d5)",4D,open,-2,-1,0,-3,3,,
3.396850e+05,"Ma(d1,d2,d4,d5)",4D,open,-2,-1,0,3,-3,,
3.396850e+05,"Ma(d1,d2,d4,d5)",4D,open,-2,-1,0,3,-2,,
3.396850e+05,"Ma(d1,d2,d4,d5)",4D,open,-2,-1,0,3,-1,,
3.396850e+05,"Ma(d1,d2,d4)",3D,open,-2,-1,0,3,0,,
3.396850e+05,"Ma(d1,d2,d4,d5)",4D,open,-2,-1,0,3,1,,
3.396850e+05,"Ma(d1,d2,d4,d5)",4D,open,-2,-1,0,3,2,,
3.396850e+05,"Ma(d1,d2,d4,d5)",4D,open,-2,-1,0,3,3,,
3.396850e+05,"Ma(d1,d2,d4,d5)",4D,open,-2,1,0,-3,-3,,
3.396850e+05,"Ma(d1,d2,d4,d5)",4D,open,-2,1,0,-3,-2,,
3.396850e+05,"Ma(d1,d2,d4,d5)",4D,open,-2,1,0,-3,-1,,
3.396850e+05,"Ma(d1,d2,d4)",3D,open,-2,1,0,-3,0,,
3.396850e+05,"Ma(d1,d2,d4,d5)",4D,open,-2,1,0,-3,1,,
3.396850e+05,"Ma(d1,d2,d4,d5)",4D,open,-2,1,0,-3,2,,
3.396850e+05,"Ma(d1,d2,d4,d5)",4D,open,-2,1,0,-3,3,,
3.396850e+05,"Ma(d1,d2,d4,d5)",4D,open,-2,1,0,3,-3,,
3.396850e+05,"Ma(d1,d2,d4,d5)",4D,open,-2,1,0,3,-2,,
3.396850e+05,"Ma(d1,d2,d4,d5)",4D,open,-2,1,0,3,-1,,
3.396850e+05,"Ma(d1,d2,d4)",3D,open,-2,1,0,3,0,,
3.396850e+05,"Ma(d1,d2,d4,d5)",4D,open,-2,1,0,3,1,,
3.396850e+05,"Ma(d1,d2,d4,d5)",4D,open,-2,1,0,3,2,,
3.396850e+05,"Ma(d1,d2,d4,d5)",4D,open,-2,1,0,3,3,,
3.396850e+05,"Ma(d1,d2,d4,d5)",4D,open,2,-1,0,-3,-3,,
3.396850e+05,"Ma(d1,d2,d4,d5)",4D,open,2,-1,0,-3,-2,,
3.396850e+05,"Ma(d1,d2,d4,d5)",4D,open,2,-1,0,-3,-1,,
3.396850e+05,"Ma(d1,d2,d4)",3D,open,2,-1,0,-3,0,,
3.396850e+05,"Ma(d1,d2,d4,d5)",4D,open,2,-1,0,-3,1,,
3.396850e+05,"Ma(d1,d2,d4,d5)",4D,open,2,-1,0,-3,2,,
3.396850e+05,"Ma(d1,d2,d4,d5)",4D,open,2,-1,0,-3,3,,
3.396850e+05,"Ma(d1,d2,d4,d5)",4D,open,2,-1,0,3,-3,,
3.396850e+05,"Ma(d1,d2,d4,d5)",4D,open,2,-1,0,3,-2,,
3.396850e+05,"Ma(d1,d2,d4,d5)",4D,open,2,-1,0,3,-1,,
3.396850e+05,"Ma(d1,d2,d4)",3D,open,2,-1,0,3,0,,
3.396850e+05,"Ma(d1,d2,d4,d5)",4D,open,2,-1,0,3,1,,
3.396850e+05,"Ma(d1,d2,d4,d5)",4D,open,2,-1,0,3,2,,
3.396850e+05,"Ma(d1,d2,d4,d5)",4D,open,2,-1,0,3,3,,
3.396850e+05,"Ma(d1,d2,d4,d5)",4D,open,2,1,0,-3,-3,,
3.396850e+05,"Ma(d1,d2,d4,d5)",4D,open,2,1,0,-3,-2,,
3.396850e+05,"Ma(d1,d2,d4,d5)",4D,open,2,1,0,-3,-1,,
3.396850e+05,"Ma(d1,d2,d4)",3D,open,2,1,0,-3,0,,
3.396850e+05,"Ma(d1,d2,d4,d5)",4D,open,2,1,0,-3,1,,
3.396850e+05,"Ma(d1,d2,d4,d5)",4D,open,2,1,0,-3,2,,
3.396850e+05,"Ma(d1,d2,d4,d5)",4D,open,2,1,0,-3,3,,
3.396850e+05,"Ma(d1,d2,d4,d5)",4D,open,2,1,0,3,-3,,
3.396850e+05,"Ma(d1,d2,d4,d5)",4D,open,2,1,0,3,-2,,
3.396850e+05,"Ma(d1,d2,d4,d5)",4D,open,2,1,0,3,-1,,
3.396850e+05,"Ma(d1,d2,d4)",3D,open,2,1,0,3,0,,
3.396850e+05,"Ma(d1,d2,d4,d5)",4D,open,2,1,0,3,1,,
3.396850e+05,"Ma(d1,d2,d4,d5)",4D,open,2,1,0,3,2,,
3.396850e+05,"Ma(d1,d2,d4,d5)",4D,open,2,1,0,3,3,,
3.396850e+05,"Ma(d1,d2,d3,d5)",4D,open,-2,-1,-1,0,-3,,
3.396850e+05,"Ma(d1,d2,d3,d5)",4D,open,-2,-1,-1,0,-2,,
3.396850e+05,"Ma(d1,d2,d3,d5)",4D,open,-2,-1,-1,0,-1,,
3.396850e+05,"Ma(d1,d2,d3)",3D,open,-2,-1,-1,0,0,,
3.396850e+05,"Ma(d1,d2,d3,d5)",4D,open,-2,-1,-1,0,1,,
3.396850e+05,"Ma(d1,d2,d3,d5)",4D,open,-2,-1,-1,0,2,,
3.396850e+05,"Ma(d1,d2,d3,d5)",4D,open,-2,-1,-1,0,3,,
3.396850e+05,"Ma(d1,d2,d3,d5)",4D,open,-2,-1,1,0,-3,,
3.396850e+05,"Ma(d1,d2,d3,d5)",4D,open,-2,-1,1,0,-2,,
3.396850e+05,"Ma(d1,d2,d3,d5)",4D,open,-2,-1,1,0,-1,,
3.396850e+05,"Ma(d1,d2,d3)",3D,open,-2,-1,1,0,0,,
3.396850e+05,"Ma(d1,d2,d3,d5)",4D,open,-2,-1,1,0,1,,
3.396850e+05,"Ma(d1,d2,d3,d5)",4D,open,-2,-1,1,0,2,,
3.396850e+05,"Ma(d1,d2,d3,d5)",4D,open,-2,-1,1,0,3,,
3.396850e+05,"Ma(d1,d2,d3,d5)",4D,open,-2,1,-1,0,-3,,
3.396850e+05,"Ma(d1,d2,d3,d5)",4D,open,-2,1,-1,0,-2,,
3.396850e+05,"Ma(d1,d2,d3,d5)",4D,open,-2,1,-1,0,-1,,
3.396850e+05,"Ma(d1,d2,d3)",3D,open,-2,1,-1,0,0,,
3.396850e+05,"Ma(d1,d2,d3,d5)",4D,open,-2,1,-1,0,1,,
3.396850e+05,"Ma(d1,d2,d3,d5)",4D,open,-2,1,-1,0,2,,
3.396850e+05,"Ma(d1,d2,d3,d5)",4D,open,-2,1,-1,0,3,,
3.396850e+05,"Ma(d1,d2,d3,d5)",4D,open,-2,1,1,0,-3,,
3.396850e+05,"Ma(d1,d2,d3,d5)",4D,open,-2,1,1,0,-2,,
3.396850e+05,"Ma(d1,d2,d3,d5)",4D,open,-2,1,1,0,-1,,
3.396850e+05,"Ma(d1,d2,d3)",3D,open,-2,1,1,0,0,,
3.396850e+05,"Ma(d1,d2,d3,d5)",4D,open,-2,1,1,0,1,,
3.396850e+05,"Ma(d1,d2,d3,d5)",4D,open,-2,1,1,0,2,,
3.396850e+05,"Ma(d1,d2,d3,d5)",4D,open,-2,1,1,0,3,,
3.396850e+05,"Ma(d1,d2,d3,d5)",4D,open,2,-1,-1,0,-3,,
3.396850e+05,"Ma(d1,d2,d3,d5)",4D,open,2,-1,-1,0,-2,,
3.396850e+05,"Ma(d1,d2,d3,d5)",4D,open,2,-1,-1,0,-1,,
3.396850e+05,"Ma(d1,d2,d3)",3D,open,2,-1,-1,0,0,,
3.396850e+05,"Ma(d1,d2,d3,d5)",4D,open,2,-1,-1,0,1,,
3.396850e+05,"Ma(d1,d2,d3,d5)",4D,open,2,-1,-1,0,2,,
3.396850e+05,"Ma(d1,d2,d3,d5)",4D,open,2,-1,-1,0,3,,
3.396850e+05,"Ma(d1,d2,d3,d5)",4D,open,2,-1,1,0,-3,,
3.396850e+05,"Ma(d1,d2,d3,d5)",4D,open,2,-1,1,0,-2,,
3.396850e+05,"Ma(d1,d2,d3,d5)",4D,open,2,-1,1,0,-1,,
3.396850e+05,"Ma(d1,d2,d3)",3D,open,2,-1,1,0,0,,
3.396850e+05,"Ma(d1,d2,d3,d5)",4D,open,2,-1,1,0,1,,
3.396850e+05,"Ma(d1,d2,d3,d5)",4D,open,2,-1,1,0,2,,
3.396850e+05,"Ma(d1,d2,d3,d5)",4D,open,2,-1,1,0,3,,
3.396850e+05,"Ma(d1,d2,d3,d5)",4D,open,2,1,-1,0,-3,,
3.396850e+05,"Ma(d1,d2,d3,d5)",4D,open,2,1,-1,0,-2,,
3.396850e+05,"Ma(d1,d2,d3,d5)",4D,open,2,1,-1,0,-1,,
3.396850e+05,"Ma(d1,d2,d3)",3D,open,2,1,-1,0,0,,
3.396850e+05,"Ma(d1,d2,d3,d5)",4D,open,2,1,-1,0,1,,
3.396850e+05,"Ma(d1,d2,d3,d5)",4D,open,2,1,-1,0,2,,
3.396850e+05,"Ma(d1,d2,d3,d5)",4D,open,2,1,-1,0,3,,
3.396850e+05,"Ma(d1,d2,d3,d5)",4D,open,2,1,1,0,-3,,
3.396850e+05,"Ma(d1,d2,d3,d5)",4D,open,2,1,1,0,-2,,
3.396850e+05,"Ma(d1,d2,d3,d5)",4D,open,2,1,1,0,-1,,
3.396850e+05,"Ma(d1,d2,d3)",3D,open,2,1,1,0,0,,
3.396850e+05,"Ma(d1,d2,d3,d5)",4D,open,2,1,1,0,1,,
3.396850e+05,"Ma(d1,d2,d3,d5)",4D,open,2,1,1,0,2,,
3.396850e+05,"Ma(d1,d2,d3,d5)",4D,open,2,1,1,0,3,,
3.396850e+05,"Ma(d1,d2,d3,d4,d5)",5D,open,-2,-1,-1,-1,-3,,
3.396850e+05,"Ma(d1,d2,d3,d4,d5)",5D,open,-2,-1,-1,-1,-2,,
3.396850e+05,"Ma(d1,d2,d3,d4,d5)",5D,open,-2,-1,-1,-1,-1,,
3.396850e+05,"Ma(d1,d2,d3,d4)",4D,open,-2,-1,-1,-1,0,,
3.396850e+05,"Ma(d1,d2,d3,d4,d5)",5D,open,-2,-1,-1,-1,1,,
3.396850e+05,"Ma(d1,d2,d3,d4,d5)",5D,open,-2,-1,-1,-1,2,,
3.396850e+05,"Ma(d1,d2,d3,d4,d5)",5D,open,-2,-1,-1,-1,3,,
3.396850e+05,"Ma(d1,d2,d3,d4,d5)",5D,open,-2,-1,-1,1,-3,,
3.396850e+05,"Ma(d1,d2,d3,d4,d5)",5D,open,-2,-1,-1,1,-2,,
3.396850e+05,"Ma(d1,d2,d3,d4,d5)",5D,open,-2,-1,-1,1,-1,,
3.396850e+05,"Ma(d1,d2,d3,d4)",4D,open,-2,-1,-1,1,0,,
3.396850e+05,"Ma(d1,d2,d3,d4,d5)",5D,open,-2,-1,-1,1,1,,
3.396850e+05,"Ma(d1,d2,d3,d4,d5)",5D,open,-2,-1,-1,1,2,,
3.396850e+05,"Ma(d1,d2,d3,d4,d5)",5D,open,-2,-1,-1,1,3,,
3.396850e+05,"Ma(d1,d2,d3,d4,d5)",5D,open,-2,-1,1,-1,-3,,
3.396850e+05,"Ma(d1,d2,d3,d4,d5)",5D,open,-2,-1,1,-1,-2,,
3.396850e+05,"Ma(d1,d2,d3,d4,d5)",5D,open,-2,-1,1,-1,-1,,
3.396850e+05,"Ma(d1,d2,d3,d4)",4D,open,-2,-1,1,-1,0,,
3.396850e+05,"Ma(d1,d2,d3,d4,d5)",5D,open,-2,-1,1,-1,1,,
3.396850e+05,"Ma(d1,d2,d3,d4,d5)",5D,open,-2,-1,1,-1,2,,
3.396850e+05,"Ma(d1,d2,d3,d4,d5)",5D,open,-2,-1,1,-1,3,,
3.396850e+05,"Ma(d1,d2,d3,d4,d5)",5D,open,-2,-1,1,1,-3,,
3.396850e+05,"Ma(d1,d2,d3,d4,d5)",5D,open,-2,-1,1,1,-2,,
3.396850e+05,"Ma(d1,d2,d3,d4,d5)",5D,open,-2,-1,1,1,-1,,
3.396850e+05,"Ma(d1,d2,d3,d4)",4D,open,-2,-1,1,1,0,,
3.396850e+05,"Ma(d1,d2,d3,d4,d5)",5D,open,-2,-1,1,1,1,,
3.396850e+05,"Ma(d1,d2,d3,d4,d5)",5D,open,-2,-1,1,1,2,,
3.396850e+05,"Ma(d1,d2,d3,d4,d5)",5D,open,-2,-1,1,1,3,,
3.396850e+05,"Ma(d1,d2,d3,d4,d5)",5D,open,-2,1,-1,-1,-3,,
3.396850e+05,"Ma(d1,d2,d3,d4,d5)",5D,open,-2,1,-1,-1,-2,,
3.396850e+05,"Ma(d1,d2,d3,d4,d5)",5D,open,-2,1,-1,-1,-1,,
3.396850e+05,"Ma(d1,d2,d3,d4)",4D,open,-2,1,-1,-1,0,,
3.396850e+05,"Ma(d1,d2,d3,d4,d5)",5D,open,-2,1,-1,-1,1,,
3.396850e+05,"Ma(d1,d2,d3,d4,d5)",5D,open,-2,1,-1,-1,2,,
3.396850e+05,"Ma(d1,d2,d3,d4,d5)",5D,open,-2,1,-1,-1,3,,
3.396850e+05,"Ma(d1,d2,d3,d4,d5)",5D,open,-2,1,-1,1,-3,,
3.396850e+05,"Ma(d1,d2,d3,d4,d5)",5D,open,-2,1,-1,1,-2,,
3.396850e+05,"Ma(d1,d2,d3,d4,d5)",5D,open,-2,1,-1,1,-1,,
3.396850e+05,"Ma(d1,d2,d3,d4)",4D,open,-2,1,-1,1,0,,
3.396850e+05,"Ma(d1,d2,d3,d4,d5)",5D,open,-2,1,-1,1,1,,
3.396850e+05,"Ma(d1,d2,d3,d4,d5)",5D,open,-2,1,-1,1,2,,
3.396850e+05,"Ma(d1,d2,d3,d4,d5)",5D,open,-2,1,-1,1,3,,
3.396850e+05,"Ma(d1,d2,d3,d4,d5)",5D,open,-2,1,1,-1,-3,,
3.396850e+05,"Ma(d1,d2,d3,d4,d5)",5D,open,-2,1,1,-1,-2,,
3.396850e+05,"Ma(d1,d2,d3,d4,d5)",5D,open,-2,1,1,-1,-1,,
3.396850e+05,"Ma(d1,d2,d3,d4)",4D,open,-2,1,1,-1,0,,
3.396850e+05,"Ma(d1,d2,d3,d4,d5)",5D,open,-2,1,1,-1,1,,
3.396850e+05,"Ma(d1,d2,d3,d4,d5)",5D,open,-2,1,1,-1,2,,
3.396850e+05,"Ma(d1,d2,d3,d4,d5)",5D,open,-2,1,1,-1,3,,
3.396850e+05,"Ma(d1,d2,d3,d4,d5)",5D,open,-2,1,1,1,-3,,
3.396850e+05,"Ma(d1,d2,d3,d4,d5)",5D,open,-2,1,1,1,-2,,
3.396850e+05,"Ma(d1,d2,d3,d4,d5)",5D,open,-2,1,1,1,-1,,
3.396850e+05,"Ma(d1,d2,d3,d4)",4D,open,-2,1,1,1,0,,
3.396850e+05,"Ma(d1,d2,d3,d4,d5)",5D,open,-2,1,1,1,1,,
3.396850e+05,"Ma(d1,d2,d3,d4,d5)",5D,open,-2,1,1,1,2,,
3.396850e+05,"Ma(d1,d2,d3,d4,d5)",5D,open,-2,1,1,1,3,,
3.396850e+05,"Ma(d1,d2,d3,d4,d5)",5D,open,2,-1,-1,-1,-3,,
3.396850e+05,"Ma(d1,d2,d3,d4,d5)",5D,open,2,-1,-1,-1,-2,,
3.396850e+05,"Ma(d1,d2,d3,d4,d5)",5D,open,2,-1,-1,-1,-1,,
3.396850e+05,"Ma(d1,d2,d3,d4)",4D,open,2,-1,-1,-1,0,,
3.396850e+05,"Ma(d1,d2,d3,d4,d5)",5D,open,2,-1,-1,-1,1,,
3.396850e+05,"Ma(d1,d2,d3,d4,d5)",5D,open,2,-1,-1,-1,2,,
3.396850e+05,"Ma(d1,d2,d3,d4,d5)",5D,open,2,-1,-1,-1,3,,
3.396850e+05,"Ma(d1,d2,d3,d4,d5)",5D,open,2,-1,-1,1,-3,,
3.396850e+05,"Ma(d1,d2,d3,d4,d5)",5D,open,2,-1,-1,1,-2,,
3.396850e+05,"Ma(d1,d2,d3,d4,d5)",5D,open,2,-1,-1,1,-1,,
3.396850e+05,"Ma(d1,d2,d3,d4)",4D,open,2,-1,-1,1,0,,
3.396850e+05,"Ma(d1,d2,d3,d4,d5)",5D,open,2,-1,-1,1,1,,
3.396850e+05,"Ma(d1,d2,d3,d4,d5)",5D,open,2,-1,-1,1,2,,
3.396850e+05,"Ma(d1,d2,d3,d4,d5)",5D,open,2,-1,-1,1,3,,
3.396850e+05,"Ma(d1,d2,d3,d4,d5)",5D,open,2,-1,1,-1,-3,,
3.396850e+05,"Ma(d1,d2,d3,d4,d5)",5D,open,2,-1,1,-1,-2,,
3.396850e+05,"Ma(d1,d2,d3,d4,d5)",5D,open,2,-1,1,-1,-1,,
3.396850e+05,"Ma(d1,d2,d3,d4)",4D,open,2,-1,1,-1,0,,
3.396850e+05,"Ma(d1,d2,d3,d4,d5)",5D,open,2,-1,1,-1,1,,
3.396850e+05,"Ma(d1,d2,d3,d4,d5)",5D,open,2,-1,1,-1,2,,
3.396850e+05,"Ma(d1,d2,d3,d4,d5)",5D,open,2,-1,1,-1,3,,
3.396850e+05,"Ma(d1,d2,d3,d4,d5)",5D,open,2,-1,1,1,-3,,
3.396850e+05,"Ma(d1,d2,d3,d4,d5)",5D,open,2,-1,1,1,-2,,
3.396850e+05,"Ma(d1,d2,d3,d4,d5)",5D,open,2,-1,1,1,-1,,
3.396850e+05,"Ma(d1,d2,d3,d4)",4D,open,2,-1,1,1,0,,
3.396850e+05,"Ma(d1,d2,d3,d4,d5)",5D,open,2,-1,1,1,1,,
3.396850e+05,"Ma(d1,d2,d3,d4,d5)",5D,open,2,-1,1,1,2,,
3.396850e+05,"Ma(d1,d2,d3,d4,d5)",5D,open,2,-1,1,1,3,,
3.396850e+05,"Ma(d1,d2,d3,d4,d5)",5D,open,2,1,-1,-1,-3,,
3.396850e+05,"Ma(d1,d2,d3,d4,d5)",5D,open,2,1,-1,-1,-2,,
3.396850e+05,"Ma(d1,d2,d3,d4,d5)",5D,open,2,1,-1,-1,-1,,
3.396850e+05,"Ma(d1,d2,d3,d4)",4D,open,2,1,-1,-1,0,,
3.396850e+05,"Ma(d1,d2,d3,d4,d5)",5D,open,2,1,-1,-1,1,,
3.396850e+05,"Ma(d1,d2,d3,d4,d5)",5D,open,2,1,-1,-1,2,,
3.396850e+05,"Ma(d1,d2,d3,d4,d5)",5D,open,2,1,-1,-1,3,,
3.396850e+05,"Ma(d1,d2,d3,d4,d5)",5D,open,2,1,-1,1,-3,,
3.396850e+05,"Ma(d1,d2,d3,d4,d5)",5D,open,2,1,-1,1,-2,,
3.396850e+05,"Ma(d1,d2,d3,d4,d5)",5D,open,2,1,-1,1,-1,,
3.396850e+05,"Ma(d1,d2,d3,d4)",4D,open,2,1,-1,1,0,,
3.396850e+05,"Ma(d1,d2,d3,d4,d5)",5D,open,2,1,-1,1,1,,
3.396850e+05,"Ma(d1,d2,d3,d4,d5)",5D,open,2,1,-1,1,2,,
3.396850e+05,"Ma(d1,d2,d3,d4,d5)",5D,open,2,1,-1,1,3,,
3.396850e+05,"Ma(d1,d2,d3,d4,d5)",5D,open,2,1,1,-1,-3,,
3.396850e+05,"Ma(d1,d2,d3,d4,d5)",5D,open,2,1,1,-1,-2,,
3.396850e+05,"Ma(d1,d2,d3,d4,d5)",5D,open,2,1,1,-1,-1,,
3.396850e+05,"Ma(d1,d2,d3,d4)",4D,open,2,1,1,-1,0,,
3.396850e+05,"Ma(d1,d2,d3,d4,d5)",5D,open,2,1,1,-1,1,,
3.396850e+05,"Ma(d1,d2,d3,d4,d5)",5D,open,2,1,1,-1,2,,
3.396850e+05,"Ma(d1,d2,d3,d4,d5)",5D,open,2,1,1,-1,3,,
3.396850e+05,"Ma(d1,d2,d3,d4,d5)",5D,open,2,1,1,1,-3,,
3.396850e+05,"Ma(d1,d2,d3,d4,d5)",5D,open,2,1,1,1,-2,,
3.396850e+05,"Ma(d1,d2,d3,d4,d5)",5D,open,2,1,1,1,-1,,
3.396850e+05,"Ma(d1,d2,d3,d4)",4D,open,2,1,1,1,0,,
3.396850e+05,"Ma(d1,d2,d3,d4,d5)",5D,open,2,1,1,1,1,,
3.396850e+05,"Ma(d1,d2,d3,d4,d5)",5D,open,2,1,1,1,2,,
3.396850e+05,"Ma(d1,d2,d3,d4,d5)",5D,open,2,1,1,1,3,,
3.396850e+05,"Ma(d1,d2,d3,d4,d5)",5D,open,-2,-1,-1,-2,-3,,
3.396850e+05,"Ma(d1,d2,d3,d4,d5)",5D,open,-2,-1,-1,-2,-2,,
3.396850e+05,"Ma(d1,d2,d3,d4,d5)",5D,open,-2,-1,-1,-2,-1,,
3.396850e+05,"Ma(d1,d2,d3,d4)",4D,open,-2,-1,-1,-2,0,,
3.396850e+05,"Ma(d1,d2,d3,d4,d5)",5D,open,-2,-1,-1,-2,1,,
3.396850e+05,"Ma(d1,d2,d3,d4,d5)",5D,open,-2,-1,-1,-2,2,,
3.396850e+05,"Ma(d1,d2,d3,d4,d5)",5D,open,-2,-1,-1,-2,3,,
3.396850e+05,"Ma(d1,d2,d3,d4,d5)",5D,open,-2,-1,-1,2,-3,,
3.396850e+05,"Ma(d1,d2,d3,d4,d5)",5D,open,-2,-1,-1,2,-2,,
3.396850e+05,"Ma(d1,d2,d3,d4,d5)",5D,open,-2,-1,-1,2,-1,,
3.396850e+05,"Ma(d1,d2,d3,d4)",4D,open,-2,-1,-1,2,0,,
3.396850e+05,"Ma(d1,d2,d3,d4,d5)",5D,open,-2,-1,-1,2,1,,
3.396850e+05,"Ma(d1,d2,d3,d4,d5)",5D,open,-2,-1,-1,2,2,,
3.396850e+05,"Ma(d1,d2,d3,d4,d5)",5D,open,-2,-1,-1,2,3,,
3.396850e+05,"Ma(d1,d2,d3,d4,d5)",5D,open,-2,-1,1,-2,-3,,
3.396850e+05,"Ma(d1,d2,d3,d4,d5)",5D,open,-2,-1,1,-2,-2,,
3.396850e+05,"Ma(d1,d2,d3,d4,d5)",5D,open,-2,-1,1,-2,-1,,
3.396850e+05,"Ma(d1,d2,d3,d4)",4D,open,-2,-1,1,-2,0,,
3.396850e+05,"Ma(d1,d2,d3,d4,d5)",5D,open,-2,-1,1,-2,1,,
3.396850e+05,"Ma(d1,d2,d3,d4,d5)",5D,open,-2,-1,1,-2,2,,
3.396850e+05,"Ma(d1,d2,d3,d4,d5)",5D,open,-2,-1,1,-2,3,,
3.396850e+05,"Ma(d1,d2,d3,d4,d5)",5D,open,-2,-1,1,2,-3,,
3.396850e+05,"Ma(d1,d2,d3,d4,d5)",5D,open,-2,-1,1,2,-2,,
3.396850e+05,"Ma(d1,d2,d3,d4,d5)",5D,open,-2,-1,1,2,-1,,
3.396850e+05,"Ma(d1,d2,d3,d4)",4D,open,-2,-1,1,2,0,,
3.396850e+05,"Ma(d1,d2,d3,d4,d5)",5D,open,-2,-1,1,2,1,,
3.396850e+05,"Ma(d1,d2,d3,d4,d5)",5D,open,-2,-1,1,2,2,,
3.396850e+05,"Ma(d1,d2,d3,d4,d5)",5D,open,-2,-1,1,2,3,,
3.396850e+05,"Ma(d1,d2,d3,d4,d5)",5D,open,-2,1,-1,-2,-3,,
3.396850e+05,"Ma(d1,d2,d3,d4,d5)",5D,open,-2,1,-1,-2,-2,,
3.396850e+05,"Ma(d1,d2,d3,d4,d5)",5D,open,-2,1,-1,-2,-1,,
3.396850e+05,"Ma(d1,d2,d3,d4)",4D,open,-2,1,-1,-2,0,,
3.396850e+05,"Ma(d1,d2,d3,d4,d5)",5D,open,-2,1,-1,-2,1,,
3.396850e+05,"Ma(d1,d2,d3,d4,d5)",5D,open,-2,1,-1,-2,2,,
3.396850e+05,"Ma(d1,d2,d3,d4,d5)",5D,open,-2,1,-1,-2,3,,
3.396850e+05,"Ma(d1,d2,d3,d4,d5)",5D,open,-2,1,-1,2,-3,,
3.396850e+05,"Ma(d1,d2,d3,d4,d5)",5D,open,-2,1,-1,2,-2,,
3.396850e+05,"Ma(d1,d2,d3,d4,d5)",5D,open,-2,1,-1,2,-1,,
3.396850e+05,"Ma(d1,d2,d3,d4)",4D,open,-2,1,-1,2,0,,
3.396850e+05,"Ma(d1,d2,d3,d4,d5)",5D,open,-2,1,-1,2,1,,
3.396850e+05,"Ma(d1,d2,d3,d4,d5)",5D,open,-2,1,-1,2,2,,
3.396850e+05,"Ma(d1,d2,d3,d4,d5)",5D,open,-2,1,-1,2,3,,
3.396850e+05,"Ma(d1,d2,d3,d4,d5)",5D,open,-2,1,1,-2,-3,,
3.396850e+05,"Ma(d1,d2,d3,d4,d5)",5D,open,-2,1,1,-2,-2,,
3.396850e+05,"Ma(d1,d2,d3,d4,d5)",5D,open,-2,1,1,-2,-1,,
3.396850e+05,"Ma(d1,d2,d3,d4)",4D,open,-2,1,1,-2,0,,
3.396850e+05,"Ma(d1,d2,d3,d4,d5)",5D,open,-2,1,1,-2,1,,
3.396850e+05,"Ma(d1,d2,d3,d4,d5)",5D,open,-2,1,1,-2,2,,
3.396850e+05,"Ma(d1,d2,d3,d4,d5)",5D,open,-2,1,1,-2,3,,
3.396850e+05,"Ma(d1,d2,d3,d4,d5)",5D,open,-2,1,1,2,-3,,
3.396850e+05,"Ma(d1,d2,d3,d4,d5)",5D,open,-2,1,1,2,-2,,
3.396850e+05,"Ma(d1,d2,d3,d4,d5)",5D,open,-2,1,1,2,-1,,
3.396850e+05,"Ma(d1,d2,d3,d4)",4D,open,-2,1,1,2,0,,
3.396850e+05,"Ma(d1,d2,d3,d4,d5)",5D,open,-2,1,1,2,1,,
3.396850e+05,"Ma(d1,d2,d3,d4,d5)",5D,open,-2,1,1,2,2,,
3.396850e+05,"Ma(d1,d2,d3,d4,d5)",5D,open,-2,1,1,2,3,,
3.396850e+05,"Ma(d1,d2,d3,d4,d5)",5D,open,2,-1,-1,-2,-3,,
3.396850e+05,"Ma(d1,d2,d3,d4,d5)",5D,open,2,-1,-1,-2,-2,,
3.396850e+05,"Ma(d1,d2,d3,d4,d5)",5D,open,2,-1,-1,-2,-1,,
3.396850e+05,"Ma(d1,d2,d3,d4)",4D,open,2,-1,-1,-2,0,,
3.396850e+05,"Ma(d1,d2,d3,d4,d5)",5D,open,2,-1,-1,-2,1,,
3.396850e+05,"Ma(d1,d2,d3,d4,d5)",5D,open,2,-1,-1,-2,2,,
3.396850e+05,"Ma(d1,d2,d3,d4,d5)",5D,open,2,-1,-1,-2,3,,
3.396850e+05,"Ma(d1,d2,d3,d4,d5)",5D,open,2,-1,-1,2,-3,,
3.396850e+05,"Ma(d1,d2,d3,d4,d5)",5D,open,2,-1,-1,2,-2,,
3.396850e+05,"Ma(d1,d2,d3,d4,d5)",5D,open,2,-1,-1,2,-1,,
3.396850e+05,"Ma(d1,d2,d3,d4)",4D,open,2,-1,-1,2,0,,
3.396850e+05,"Ma(d1,d2,d3,d4,d5)",5D,open,2,-1,-1,2,1,,
3.396850e+05,"Ma(d1,d2,d3,d4,d5)",5D,open,2,-1,-1,2,2,,
3.396850e+05,"Ma(d1,d2,d3,d4,d5)",5D,open,2,-1,-1,2,3,,
3.396850e+05,"Ma(d1,d2,d3,d4,d5)",5D,open,2,-1,1,-2,-3,,
3.396850e+05,"Ma(d1,d2,d3,d4,d5)",5D,open,2,-1,1,-2,-2,,
3.396850e+05,"Ma(d1,d2,d3,d4,d5)",5D,open,2,-1,1,-2,-1,,
3.396850e+05,"Ma(d1,d2,d3,d4)",4D,open,2,-1,1,-2,0,,
3.396850e+05,"Ma(d1,d2,d3,d4,d5)",5D,open,2,-1,1,-2,1,,
3.396850e+05,"Ma(d1,d2,d3,d4,d5)",5D,open,2,-1,1,-2,2,,
3.396850e+05,"Ma(d1,d2,d3,d4,d5)",5D,open,2,-1,1,-2,3,,
3.396850e+05,"Ma(d1,d2,d3,d4,d5)",5D,open,2,-1,1,2,-3,,
3.396850e+05,"Ma(d1,d2,d3,d4,d5)",5D,open,2,-1,1,2,-2,,
3.396850e+05,"Ma(d1,d2,d3,d4,d5)",5D,open,2,-1,1,2,-1,,
3.396850e+05,"Ma(d1,d2,d3,d4)",4D,open,2,-1,1,2,0,,
3.396850e+05,"Ma(d1,d2,d3,d4,d5)",5D,open,2,-1,1,2,1,,
3.396850e+05,"Ma(d1,d2,d3,d4,d5)",5D,open,2,-1,1,2,2,,
3.396850e+05,"Ma(d1,d2,d3,d4,d5)",5D,open,2,-1,1,2,3,,
3.396850e+05,"Ma(d1,d2,d3,d4,d5)",5D,open,2,1,-1,-2,-3,,
3.396850e+05,"Ma(d1,d2,d3,d4,d5)",5D,open,2,1,-1,-2,-2,,
3.396850e+05,"Ma(d1,d2,d3,d4,d5)",5D,open,2,1,-1,-2,-1,,
3.396850e+05,"Ma(d1,d2,d3,d4)",4D,open,2,1,-1,-2,0,,
3.396850e+05,"Ma(d1,d2,d3,d4,d5)",5D,open,2,1,-1,-2,1,,
3.396850e+05,"Ma(d1,d2,d3,d4,d5)",5D,open,2,1,-1,-2,2,,
3.396850e+05,"Ma(d1,d2,d3,d4,d5)",5D,open,2,1,-1,-2,3,,
3.396850e+05,"Ma(d1,d2,d3,d4,d5)",5D,open,2,1,-1,2,-3,,
3.396850e+05,"Ma(d1,d2,d3,d4,d5)",5D,open,2,1,-1,2,-2,,
3.396850e+05,"Ma(d1,d2,d3,d4,d5)",5D,open,2,1,-1,2,-1,,
3.396850e+05,"Ma(d1,d2,d3,d4)",4D,open,2,1,-1,2,0,,
3.396850e+05,"Ma(d1,d2,d3,d4,d5)",5D,open,2,1,-1,2,1,,
3.396850e+05,"Ma(d1,d2,d3,d4,d5)",5D,open,2,1,-1,2,2,,
3.396850e+05,"Ma(d1,d2,d3,d4,d5)",5D,open,2,1,-1,2,3,,
3.396850e+05,"Ma(d1,d2,d3,d4,d5)",5D,open,2,1,1,-2,-3,,
3.396850e+05,"Ma(d1,d2,d3,d4,d5)",5D,open,2,1,1,-2,-2,,
3.396850e+05,"Ma(d1,d2,d3,d4,d5)",5D,open,2,1,1,-2,-1,,
3.396850e+05,"Ma(d1,d2,d3,d4)",4D,open,2,1,1,-2,0,,
3.396850e+05,"Ma(d1,d2,d3,d4,d5)",5D,open,2,1,1,-2,1,,
3.396850e+05,"Ma(d1,d2,d3,d4,d5)",5D,open,2,1,1,-2,2,,
3.396850e+05,"Ma(d1,d2,d3,d4,d5)",5D,open,2,1,1,-2,3,,
3.396850e+05,"Ma(d1,d2,d3,d4,d5)",5D,open,2,1,1,2,-3,,
3.396850e+05,"Ma(d1,d2,d3,d4,d5)",5D,open,2,1,1,2,-2,,
3.396850e+05,"Ma(d1,d2,d3,d4,d5)",5D,open,2,1,1,2,-1,,
3.396850e+05,"Ma(d1,d2,d3,d4)",4D,open,2,1,1,2,0,,
3.396850e+05,"Ma(d1,d2,d3,d4,d5)",5D,open,2,1,1,2,1,,
3.396850e+05,"Ma(d1,d2,d3,d4,d5)",5D,open,2,1,1,2,2,,
3.396850e+05,"Ma(d1,d2,d3,d4,d5)",5D,open,2,1,1,2,3,,
3.396850e+05,"Ma(d1,d2,d3,d4,d5)",5D,open,-2,-1,-1,-3,-3,,
3.396850e+05,"Ma(d1,d2,d3,d4,d5)",5D,open,-2,-1,-1,-3,-2,,
3.396850e+05,"Ma(d1,d2,d3,d4,d5)",5D,open,-2,-1,-1,-3,-1,,
3.396850e+05,"Ma(d1,d2,d3,d4)",4D,open,-2,-1,-1,-3,0,,
3.396850e+05,"Ma(d1,d2,d3,d4,d5)",5D,open,-2,-1,-1,-3,1,,
3.396850e+05,"Ma(d1,d2,d3,d4,d5)",5D,open,-2,-1,-1,-3,2,,
3.396850e+05,"Ma(d1,d2,d3,d4,d5)",5D,open,-2,-1,-1,-3,3,,
3.396850e+05,"Ma(d1,d2,d3,d4,d5)",5D,open,-2,-1,-1,3,-3,,
3.396850e+05,"Ma(d1,d2,d3,d4,d5)",5D,open,-2,-1,-1,3,-2,,
3.396850e+05,"Ma(d1,d2,d3,d4,d5)",5D,open,-2,-1,-1,3,-1,,
3.396850e+05,"Ma(d1,d2,d3,d4)",4D,open,-2,-1,-1,3,0,,
3.396850e+05,"Ma(d1,d2,d3,d4,d5)",5D,open,-2,-1,-1,3,1,,
3.396850e+05,"Ma(d1,d2,d3,d4,d5)",5D,open,-2,-1,-1,3,2,,
3.396850e+05,"Ma(d1,d2,d3,d4,d5)",5D,open,-2,-1,-1,3,3,,
3.396850e+05,"Ma(d1,d2,d3,d4,d5)",5D,open,-2,-1,1,-3,-3,,
3.396850e+05,"Ma(d1,d2,d3,d4,d5)",5D,open,-2,-1,1,-3,-2,,
3.396850e+05,"Ma(d1,d2,d3,d4,d5)",5D,open,-2,-1,1,-3,-1,,
3.396850e+05,"Ma(d1,d2,d3,d4)",4D,open,-2,-1,1,-3,0,,
3.396850e+05,"Ma(d1,d2,d3,d4,d5)",5D,open,-2,-1,1,-3,1,,
3.396850e+05,"Ma(d1,d2,d3,d4,d5)",5D,open,-2,-1,1,-3,2,,
3.396850e+05,"Ma(d1,d2,d3,d4,d5)",5D,open,-2,-1,1,-3,3,,
3.396850e+05,"Ma(d1,d2,d3,d4,d5)",5D,open,-2,-1,1,3,-3,,
3.396850e+05,"Ma(d1,d2,d3,d4,d5)",5D,open,-2,-1,1,3,-2,,
3.396850e+05,"Ma(d1,d2,d3,d4,d5)",5D,open,-2,-1,1,3,-1,,
3.396850e+05,"Ma(d1,d2,d3,d4)",4D,open,-2,-1,1,3,0,,
3.396850e+05,"Ma(d1,d2,d3,d4,d5)",5D,open,-2,-1,1,3,1,,
3.396850e+05,"Ma(d1,d2,d3,d4,d5)",5D,open,-2,-1,1,3,2,,
3.396850e+05,"Ma(d1,d2,d3,d4,d5)",5D,open,-2,-1,1,3,3,,
3.396850e+05,"Ma(d1,d2,d3,d4,d5)",5D,open,-2,1,-1,-3,-3,,
3.396850e+05,"Ma(d1,d2,d3,d4,d5)",5D,open,-2,1,-1,-3,-2,,
3.396850e+05,"Ma(d1,d2,d3,d4,d5)",5D,open,-2,1,-1,-3,-1,,
3.396850e+05,"Ma(d1,d2,d3,d4)",4D,open,-2,1,-1,-3,0,,
3.396850e+05,"Ma(d1,d2,d3,d4,d5)",5D,open,-2,1,-1,-3,1,,
3.396850e+05,"Ma(d1,d2,d3,d4,d5)",5D,open,-2,1,-1,-3,2,,
3.396850e+05,"Ma(d1,d2,d3,d4,d5)",5D,open,-2,1,-1,-3,3,,
3.396850e+05,"Ma(d1,d2,d3,d4,d5)",5D,open,-2,1,-1,3,-3,,
3.396850e+05,"Ma(d1,d2,d3,d4,d5)",5D,open,-2,1,-1,3,-2,,
3.396850e+05,"Ma(d1,d2,d3,d4,d5)",5D,open,-2,1,-1,3,-1,,
3.396850e+05,"Ma(d1,d2,d3,d4)",4D,open,-2,1,-1,3,0,,
3.396850e+05,"Ma(d1,d2,d3,d4,d5)",5D,open,-2,1,-1,3,1,,
3.396850e+05,"Ma(d1,d2,d3,d4,d5)",5D,open,-2,1,-1,3,2,,
3.396850e+05,"Ma(d1,d2,d3,d4,d5)",5D,open,-2,1,-1,3,3,,
3.396850e+05,"Ma(d1,d2,d3,d4,d5)",5D,open,-2,1,1,-3,-3,,
3.396850e+05,"Ma(d1,d2,d3,d4,d5)",5D,open,-2,1,1,-3,-2,,
3.396850e+05,"Ma(d1,d2,d3,d4,d5)",5D,open,-2,1,1,-3,-1,,
3.396850e+05,"Ma(d1,d2,d3,d4)",4D,open,-2,1,1,-3,0,,
3.396850e+05,"Ma(d1,d2,d3,d4,d5)",5D,open,-2,1,1,-3,1,,
3.396850e+05,"Ma(d1,d2,d3,d4,d5)",5D,open,-2,1,1,-3,2,,
3.396850e+05,"Ma(d1,d2,d3,d4,d5)",5D,open,-2,1,1,-3,3,,
3.396850e+05,"Ma(d1,d2,d3,d4,d5)",5D,open,-2,1,1,3,-3,,
3.396850e+05,"Ma(d1,d2,d3,d4,d5)",5D,open,-2,1,1,3,-2,,
3.396850e+05,"Ma(d1,d2,d3,d4,d5)",5D,open,-2,1,1,3,-1,,
3.396850e+05,"Ma(d1,d2,d3,d4)",4D,open,-2,1,1,3,0,,
3.396850e+05,"Ma(d1,d2,d3,d4,d5)",5D,open,-2,1,1,3,1,,
3.396850e+05,"Ma(d1,d2,d3,d4,d5)",5D,open,-2,1,1,3,2,,
3.396850e+05,"Ma(d1,d2,d3,d4,d5)",5D,open,-2,1,1,3,3,,
3.396850e+05,"Ma(d1,d2,d3,d4,d5)",5D,open,2,-1,-1,-3,-3,,
3.396850e+05,"Ma(d1,d2,d3,d4,d5)",5D,open,2,-1,-1,-3,-2,,
3.396850e+05,"Ma(d1,d2,d3,d4,d5)",5D,open,2,-1,-1,-3,-1,,
3.396850e+05,"Ma(d1,d2,d3,d4)",4D,open,2,-1,-1,-3,0,,
3.396850e+05,"Ma(d1,d2,d3,d4,d5)",5D,open,2,-1,-1,-3,1,,
3.396850e+05,"Ma(d1,d2,d3,d4,d5)",5D,open,2,-1,-1,-3,2,,
3.396850e+05,"Ma(d1,d2,d3,d4,d5)",5D,open,2,-1,-1,-3,3,,
3.396850e+05,"Ma(d1,d2,d3,d4,d5)",5D,open,2,-1,-1,3,-3,,
3.396850e+05,"Ma(d1,d2,d3,d4,d5)",5D,open,2,-1,-1,3,-2,,
3.396850e+05,"Ma(d1,d2,d3,d4,d5)",5D,open,2,-1,-1,3,-1,,
3.396850e+05,"Ma(d1,d2,d3,d4)",4D,open,2,-1,-1,3,0,,
3.396850e+05,"Ma(d1,d2,d3,d4,d5)",5D,open,2,-1,-1,3,1,,
3.396850e+05,"Ma(d1,d2,d3,d4,d5)",5D,open,2,-1,-1,3,2,,
3.396850e+05,"Ma(d1,d2,d3,d4,d5)",5D,open,2,-1,-1,3,3,,
3.396850e+05,"Ma(d1,d2,d3,d4,d5)",5D,open,2,-1,1,-3,-3,,
3.396850e+05,"Ma(d1,d2,d3,d4,d5)",5D,open,2,-1,1,-3,-2,,
3.396850e+05,"Ma(d1,d2,d3,d4,d5)",5D,open,2,-1,1,-3,-1,,
3.396850e+05,"Ma(d1,d2,d3,d4)",4D,open,2,-1,1,-3,0,,
3.396850e+05,"Ma(d1,d2,d3,d4,d5)",5D,open,2,-1,1,-3,1,,
3.396850e+05,"Ma(d1,d2,d3,d4,d5)",5D,open,2,-1,1,-3,2,,
3.396850e+05,"Ma(d1,d2,d3,d4,d5)",5D,open,2,-1,1,-3,3,,
3.396850e+05,"Ma(d1,d2,d3,d4,d5)",5D,open,2,-1,1,3,-3,,
3.396850e+05,"Ma(d1,d2,d3,d4,d5)",5D,open,2,-1,1,3,-2,,
3.396850e+05,"Ma(d1,d2,d3,d4,d5)",5D,open,2,-1,1,3,-1,,
3.396850e+05,"Ma(d1,d2,d3,d4)",4D,open,2,-1,1,3,0,,
3.396850e+05,"Ma(d1,d2,d3,d4,d5)",5D,open,2,-1,1,3,1,,
3.396850e+05,"Ma(d1,d2,d3,d4,d5)",5D,open,2,-1,1,3,2,,
3.396850e+05,"Ma(d1,d2,d3,d4,d5)",5D,open,2,-1,1,3,3,,
3.396850e+05,"Ma(d1,d2,d3,d4,d5)",5D,open,2,1,-1,-3,-3,,
3.396850e+05,"Ma(d1,d2,d3,d4,d5)",5D,open,2,1,-1,-3,-2,,
3.396850e+05,"Ma(d1,d2,d3,d4,d5)",5D,open,2,1,-1,-3,-1,,
3.396850e+05,"Ma(d1,d2,d3,d4)",4D,open,2,1,-1,-3,0,,
3.396850e+05,"Ma(d1,d2,d3,d4,d5)",5D,open,2,1,-1,-3,1,,
3.396850e+05,"Ma(d1,d2,d3,d4,d5)",5D,open,2,1,-1,-3,2,,
3.396850e+05,"Ma(d1,d2,d3,d4,d5)",5D,open,2,1,-1,-3,3,,
3.396850e+05,"Ma(d1,d2,d3,d4,d5)",5D,open,2,1,-1,3,-3,,
3.396850e+05,"Ma(d1,d2,d3,d4,d5)",5D,open,2,1,-1,3,-2,,
3.396850e+05,"Ma(d1,d2,d3,d4,d5)",5D,open,2,1,-1,3,-1,,
3.396850e+05,"Ma(d1,d2,d3,d4)",4D,open,2,1,-1,3,0,,
3.396850e+05,"Ma(d1,d2,d3,d4,d5)",5D,open,2,1,-1,3,1,,
3.396850e+05,"Ma(d1,d2,d3,d4,d5)",5D,open,2,1,-1,3,2,,
3.396850e+05,"Ma(d1,d2,d3,d4,d5)",5D,open,2,1,-1,3,3,,
3.396850e+05,"Ma(d1,d2,d3,d4,d5)",5D,open,2,1,1,-3,-3,,
3.396850e+05,"Ma(d1,d2,d3,d4,d5)",5D,open,2,1,1,-3,-2,,
3.396850e+05,"Ma(d1,d2,d3,d4,d5)",5D,open,2,1,1,-3,-1,,
3.396850e+05,"Ma(d1,d2,d3,d4)",4D,open,2,1,1,-3,0,,
3.396850e+05,"Ma(d1,d2,d3,d4,d5)",5D,open,2,1,1,-3,1,,
3.396850e+05,"Ma(d1,d2,d3,d4,d5)",5D,open,2,1,1,-3,2,,
3.396850e+05,"Ma(d1,d2,d3,d4,d5)",5D,open,2,1,1,-3,3,,
3.396850e+05,"Ma(d1,d2,d3,d4,d5)",5D,open,2,1,1,3,-3,,
3.396850e+05,"Ma(d1,d2,d3,d4,d5)",5D,open,2,1,1,3,-2,,
3.396850e+05,"Ma(d1,d2,d3,d4,d5)",5D,open,2,1,1,3,-1,,
3.396850e+05,"Ma(d1,d2,d3,d4)",4D,open,2,1,1,3,0,,
3.396850e+05,"Ma(d1,d2,d3,d4,d5)",5D,open,2,1,1,3,1,,
3.396850e+05,"Ma(d1,d2,d3,d4,d5)",5D,open,2,1,1,3,2,,
3.396850e+05,"Ma(d1,d2,d3,d4,d5)",5D,open,2,1,1,3,3,,
3.396850e+05,"Ma(d1,d2,d3,d5)",4D,open,-2,-1,-2,0,-3,,
3.396850e+05,"Ma(d1,d2,d3,d5)",4D,open,-2,-1,-2,0,-2,,
3.396850e+05,"Ma(d1,d2,d3,d5)",4D,open,-2,-1,-2,0,-1,,
3.396850e+05,"Ma(d1,d2,d3)",3D,open,-2,-1,-2,0,0,,
3.396850e+05,"Ma(d1,d2,d3,d5)",4D,open,-2,-1,-2,0,1,,
3.396850e+05,"Ma(d1,d2,d3,d5)",4D,open,-2,-1,-2,0,2,,
3.396850e+05,"Ma(d1,d2,d3,d5)",4D,open,-2,-1,-2,0,3,,
3.396850e+05,"Ma(d1,d2,d3,d5)",4D,open,-2,-1,2,0,-3,,
3.396850e+05,"Ma(d1,d2,d3,d5)",4D,open,-2,-1,2,0,-2,,
3.396850e+05,"Ma(d1,d2,d3,d5)",4D,open,-2,-1,2,0,-1,,
3.396850e+05,"Ma(d1,d2,d3)",3D,open,-2,-1,2,0,0,,
3.396850e+05,"Ma(d1,d2,d3,d5)",4D,open,-2,-1,2,0,1,,
3.396850e+05,"Ma(d1,d2,d3,d5)",4D,open,-2,-1,2,0,2,,
3.396850e+05,"Ma(d1,d2,d3,d5)",4D,open,-2,-1,2,0,3,,
3.396850e+05,"Ma(d1,d2,d3,d5)",4D,open,-2,1,-2,0,-3,,
3.396850e+05,"Ma(d1,d2,d3,d5)",4D,open,-2,1,-2,0,-2,,
3.396850e+05,"Ma(d1,d2,d3,d5)",4D,open,-2,1,-2,0,-1,,
3.396850e+05,"Ma(d1,d2,d3)",3D,open,-2,1,-2,0,0,,
3.396850e+05,"Ma(d1,d2,d3,d5)",4D,open,-2,1,-2,0,1,,
3.396850e+05,"Ma(d1,d2,d3,d5)",4D,open,-2,1,-2,0,2,,
3.396850e+05,"Ma(d1,d2,d3,d5)",4D,open,-2,1,-2,0,3,,
3.396850e+05,"Ma(d1,d2,d3,d5)",4D,open,-2,1,2,0,-3,,
3.396850e+05,"Ma(d1,d2,d3,d5)",4D,open,-2,1,2,0,-2,,
3.396850e+05,"Ma(d1,d2,d3,d5)",4D,open,-2,1,2,0,-1,,
3.396850e+05,"Ma(d1,d2,d3)",3D,open,-2,1,2,0,0,,
3.396850e+05,"Ma(d1,d2,d3,d5)",4D,open,-2,1,2,0,1,,
3.396850e+05,"Ma(d1,d2,d3,d5)",4D,open,-2,1,2,0,2,,
3.396850e+05,"Ma(d1,d2,d3,d5)",4D,open,-2,1,2,0,3,,
3.396850e+05,"Ma(d1,d2,d3,d5)",4D,open,2,-1,-2,0,-3,,
3.396850e+05,"Ma(d1,d2,d3,d5)",4D,open,2,-1,-2,0,-2,,
3.396850e+05,"Ma(d1,d2,d3,d5)",4D,open,2,-1,-2,0,-1,,
3.396850e+05,"Ma(d1,d2,d3)",3D,open,2,-1,-2,0,0,,
3.396850e+05,"Ma(d1,d2,d3,d5)",4D,open,2,-1,-2,0,1,,
3.396850e+05,"Ma(d1,d2,d3,d5)",4D,open,2,-1,-2,0,2,,
3.396850e+05,"Ma(d1,d2,d3,d5)",4D,open,2,-1,-2,0,3,,
3.396850e+05,"Ma(d1,d2,d3,d5)",4D,open,2,-1,2,0,-3,,
3.396850e+05,"Ma(d1,d2,d3,d5)",4D,open,2,-1,2,0,-2,,
3.396850e+05,"Ma(d1,d2,d3,d5)",4D,open,2,-1,2,0,-1,,
3.396850e+05,"Ma(d1,d2,d3)",3D,open,2,-1,2,0,0,,
3.396850e+05,"Ma(d1,d2,d3,d5)",4D,open,2,-1,2,0,1,,
3.396850e+05,"Ma(d1,d2,d3,d5)",4D,open,2,-1,2,0,2,,
3.396850e+05,"Ma(d1,d2,d3,d5)",4D,open,2,-1,2,0,3,,
3.396850e+05,"Ma(d1,d2,d3,d5)",4D,open,2,1,-2,0,-3,,
3.396850e+05,"Ma(d1,d2,d3,d5)",4D,open,2,1,-2,0,-2,,
3.396850e+05,"Ma(d1,d2,d3,d5)",4D,open,2,1,-2,0,-1,,
3.396850e+05,"Ma(d1,d2,d3)",3D,open,2,1,-2,0,0,,
3.396850e+05,"Ma(d1,d2,d3,d5)",4D,open,2,1,-2,0,1,,
3.396850e+05,"Ma(d1,d2,d3,d5)",4D,open,2,1,-2,0,2,,
3.396850e+05,"Ma(d1,d2,d3,d5)",4D,open,2,1,-2,0,3,,
3.396850e+05,"Ma(d1,d2,d3,d5)",4D,open,2,1,2,0,-3,,
3.396850e+05,"Ma(d1,d2,d3,d5)",4D,open,2,1,2,0,-2,,
3.396850e+05,"Ma(d1,d2,d3,d5)",4D,open,2,1,2,0,-1,,
3.396850e+05,"Ma(d1,d2,d3)",3D,open,2,1,2,0,0,,
3.396850e+05,"Ma(d1,d2,d3,d5)",4D,open,2,1,2,0,1,,
3.396850e+05,"Ma(d1,d2,d3,d5)",4D,open,2,1,2,0,2,,
3.396850e+05,"Ma(d1,d2,d3,d5)",4D,open,2,1,2,0,3,,
3.396850e+05,"Ma(d1,d2,d3,d4,d5)",5D,open,-2,-1,-2,-1,-3,,
3.396850e+05,"Ma(d1,d2,d3,d4,d5)",5D,open,-2,-1,-2,-1,-2,,
3.396850e+05,"Ma(d1,d2,d3,d4,d5)",5D,open,-2,-1,-2,-1,-1,,
3.396850e+05,"Ma(d1,d2,d3,d4)",4D,open,-2,-1,-2,-1,0,,
3.396850e+05,"Ma(d1,d2,d3,d4,d5)",5D,open,-2,-1,-2,-1,1,,
3.396850e+05,"Ma(d1,d2,d3,d4,d5)",5D,open,-2,-1,-2,-1,2,,
3.396850e+05,"Ma(d1,d2,d3,d4,d5)",5D,open,-2,-1,-2,-1,3,,
3.396850e+05,"Ma(d1,d2,d3,d4,d5)",5D,open,-2,-1,-2,1,-3,,
3.396850e+05,"Ma(d1,d2,d3,d4,d5)",5D,open,-2,-1,-2,1,-2,,
3.396850e+05,"Ma(d1,d2,d3,d4,d5)",5D,open,-2,-1,-2,1,-1,,
3.396850e+05,"Ma(d1,d2,d3,d4)",4D,open,-2,-1,-2,1,0,,
3.396850e+05,"Ma(d1,d2,d3,d4,d5)",5D,open,-2,-1,-2,1,1,,
3.396850e+05,"Ma(d1,d2,d3,d4,d5)",5D,open,-2,-1,-2,1,2,,
3.396850e+05,"Ma(d1,d2,d3,d4,d5)",5D,open,-2,-1,-2,1,3,,
3.396850e+05,"Ma(d1,d2,d3,d4,d5)",5D,open,-2,-1,2,-1,-3,,
3.396850e+05,"Ma(d1,d2,d3,d4,d5)",5D,open,-2,-1,2,-1,-2,,
3.396850e+05,"Ma(d1,d2,d3,d4,d5)",5D,open,-2,-1,2,-1,-1,,
3.396850e+05,"Ma(d1,d2,d3,d4)",4D,open,-2,-1,2,-1,0,,
3.396850e+05,"Ma(d1,d2,d3,d4,d5)",5D,open,-2,-1,2,-1,1,,
3.396850e+05,"Ma(d1,d2,d3,d4,d5)",5D,open,-2,-1,2,-1,2,,
3.396850e+05,"Ma(d1,d2,d3,d4,d5)",5D,open,-2,-1,2,-1,3,,
3.396850e+05,"Ma(d1,d2,d3,d4,d5)",5D,open,-2,-1,2,1,-3,,
3.396850e+05,"Ma(d1,d2,d3,d4,d5)",5D,open,-2,-1,2,1,-2,,
3.396850e+05,"Ma(d1,d2,d3,d4,d5)",5D,open,-2,-1,2,1,-1,,
3.396850e+05,"Ma(d1,d2,d3,d4)",4D,open,-2,-1,2,1,0,,
3.396850e+05,"Ma(d1,d2,d3,d4,d5)",5D,open,-2,-1,2,1,1,,
3.396850e+05,"Ma(d1,d2,d3,d4,d5)",5D,open,-2,-1,2,1,2,,
3.396850e+05,"Ma(d1,d2,d3,d4,d5)",5D,open,-2,-1,2,1,3,,
3.396850e+05,"Ma(d1,d2,d3,d4,d5)",5D,open,-2,1,-2,-1,-3,,
3.396850e+05,"Ma(d1,d2,d3,d4,d5)",5D,open,-2,1,-2,-1,-2,,
3.396850e+05,"Ma(d1,d2,d3,d4,d5)",5D,open,-2,1,-2,-1,-1,,
3.396850e+05,"Ma(d1,d2,d3,d4)",4D,open,-2,1,-2,-1,0,,
3.396850e+05,"Ma(d1,d2,d3,d4,d5)",5D,open,-2,1,-2,-1,1,,
3.396850e+05,"Ma(d1,d2,d3,d4,d5)",5D,open,-2,1,-2,-1,2,,
3.396850e+05,"Ma(d1,d2,d3,d4,d5)",5D,open,-2,1,-2,-1,3,,
3.396850e+05,"Ma(d1,d2,d3,d4,d5)",5D,open,-2,1,-2,1,-3,,
3.396850e+05,"Ma(d1,d2,d3,d4,d5)",5D,open,-2,1,-2,1,-2,,
3.396850e+05,"Ma(d1,d2,d3,d4,d5)",5D,open,-2,1,-2,1,-1,,
3.396850e+05,"Ma(d1,d2,d3,d4)",4D,open,-2,1,-2,1,0,,
3.396850e+05,"Ma(d1,d2,d3,d4,d5)",5D,open,-2,1,-2,1,1,,
3.396850e+05,"Ma(d1,d2,d3,d4,d5)",5D,open,-2,1,-2,1,2,,
3.396850e+05,"Ma(d1,d2,d3,d4,d5)",5D,open,-2,1,-2,1,3,,
3.396850e+05,"Ma(d1,d2,d3,d4,d5)",5D,open,-2,1,2,-1,-3,,
3.396850e+05,"Ma(d1,d2,d3,d4,d5)",5D,open,-2,1,2,-1,-2,,
3.396850e+05,"Ma(d1,d2,d3,d4,d5)",5D,open,-2,1,2,-1,-1,,
3.396850e+05,"Ma(d1,d2,d3,d4)",4D,open,-2,1,2,-1,0,,
3.396850e+05,"Ma(d1,d2,d3,d4,d5)",5D,open,-2,1,2,-1,1,,
3.396850e+05,"Ma(d1,d2,d3,d4,d5)",5D,open,-2,1,2,-1,2,,
3.396850e+05,"Ma(d1,d2,d3,d4,d5)",5D,open,-2,1,2,-1,3,,
3.396850e+05,"Ma(d1,d2,d3,d4,d5)",5D,open,-2,1,2,1,-3,,
3.396850e+05,"Ma(d1,d2,d3,d4,d5)",5D,open,-2,1,2,1,-2,,
3.396850e+05,"Ma(d1,d2,d3,d4,d5)",5D,open,-2,1,2,1,-1,,
3.396850e+05,"Ma(d1,d2,d3,d4)",4D,open,-2,1,2,1,0,,
3.396850e+05,"Ma(d1,d2,d3,d4,d5)",5D,open,-2,1,2,1,1,,
3.396850e+05,"Ma(d1,d2,d3,d4,d5)",5D,open,-2,1,2,1,2,,
3.396850e+05,"Ma(d1,d2,d3,d4,d5)",5D,open,-2,1,2,1,3,,
3.396850e+05,"Ma(d1,d2,d3,d4,d5)",5D,open,2,-1,-2,-1,-3,,
3.396850e+05,"Ma(d1,d2,d3,d4,d5)",5D,open,2,-1,-2,-1,-2,,
3.396850e+05,"Ma(d1,d2,d3,d4,d5)",5D,open,2,-1,-2,-1,-1,,
3.396850e+05,"Ma(d1,d2,d3,d4)",4D,open,2,-1,-2,-1,0,,
3.396850e+05,"Ma(d1,d2,d3,d4,d5)",5D,open,2,-1,-2,-1,1,,
3.396850e+05,"Ma(d1,d2,d3,d4,d5)",5D,open,2,-1,-2,-1,2,,
3.396850e+05,"Ma(d1,d2,d3,d4,d5)",5D,open,2,-1,-2,-1,3,,
3.396850e+05,"Ma(d1,d2,d3,d4,d5)",5D,open,2,-1,-2,1,-3,,
3.396850e+05,"Ma(d1,d2,d3,d4,d5)",5D,open,2,-1,-2,1,-2,,
3.396850e+05,"Ma(d1,d2,d3,d4,d5)",5D,open,2,-1,-2,1,-1,,
3.396850e+05,"Ma(d1,d2,d3,d4)",4D,open,2,-1,-2,1,0,,
3.396850e+05,"Ma(d1,d2,d3,d4,d5)",5D,open,2,-1,-2,1,1,,
3.396850e+05,"Ma(d1,d2,d3,d4,d5)",5D,open,2,-1,-2,1,2,,
3.396850e+05,"Ma(d1,d2,d3,d4,d5)",5D,open,2,-1,-2,1,3,,
3.396850e+05,"Ma(d1,d2,d3,d4,d5)",5D,open,2,-1,2,-1,-3,,
3.396850e+05,"Ma(d1,d2,d3,d4,d5)",5D,open,2,-1,2,-1,-2,,
3.396850e+05,"Ma(d1,d2,d3,d4,d5)",5D,open,2,-1,2,-1,-1,,
3.396850e+05,"Ma(d1,d2,d3,d4)",4D,open,2,-1,2,-1,0,,
3.396850e+05,"Ma(d1,d2,d3,d4,d5)",5D,open,2,-1,2,-1,1,,
3.396850e+05,"Ma(d1,d2,d3,d4,d5)",5D,open,2,-1,2,-1,2,,
3.396850e+05,"Ma(d1,d2,d3,d4,d5)",5D,open,2,-1,2,-1,3,,
3.396850e+05,"Ma(d1,d2,d3,d4,d5)",5D,open,2,-1,2,1,-3,,
3.396850e+05,"Ma(d1,d2,d3,d4,d5)",5D,open,2,-1,2,1,-2,,
3.396850e+05,"Ma(d1,d2,d3,d4,d5)",5D,open,2,-1,2,1,-1,,
3.396850e+05,"Ma(d1,d2,d3,d4)",4D,open,2,-1,2,1,0,,
3.396850e+05,"Ma(d1,d2,d3,d4,d5)",5D,open,2,-1,2,1,1,,
3.396850e+05,"Ma(d1,d2,d3,d4,d5)",5D,open,2,-1,2,1,2,,
3.396850e+05,"Ma(d1,d2,d3,d4,d5)",5D,open,2,-1,2,1,3,,
3.396850e+05,"Ma(d1,d2,d3,d4,d5)",5D,open,2,1,-2,-1,-3,,
3.396850e+05,"Ma(d1,d2,d3,d4,d5)",5D,open,2,1,-2,-1,-2,,
3.396850e+05,"Ma(d1,d2,d3,d4,d5)",5D,open,2,1,-2,-1,-1,,
3.396850e+05,"Ma(d1,d2,d3,d4)",4D,open,2,1,-2,-1,0,,
3.396850e+05,"Ma(d1,d2,d3,d4,d5)",5D,open,2,1,-2,-1,1,,
3.396850e+05,"Ma(d1,d2,d3,d4,d5)",5D,open,2,1,-2,-1,2,,
3.396850e+05,"Ma(d1,d2,d3,d4,d5)",5D,open,2,1,-2,-1,3,,
3.396850e+05,"Ma(d1,d2,d3,d4,d5)",5D,open,2,1,-2,1,-3,,
3.396850e+05,"Ma(d1,d2,d3,d4,d5)",5D,open,2,1,-2,1,-2,,
3.396850e+05,"Ma(d1,d2,d3,d4,d5)",5D,open,2,1,-2,1,-1,,
3.396850e+05,"Ma(d1,d2,d3,d4)",4D,open,2,1,-2,1,0,,
3.396850e+05,"Ma(d1,d2,d3,d4,d5)",5D,open,2,1,-2,1,1,,
3.396850e+05,"Ma(d1,d2,d3,d4,d5)",5D,open,2,1,-2,1,2,,
3.396850e+05,"Ma(d1,d2,d3,d4,d5)",5D,open,2,1,-2,1,3,,
3.396850e+05,"Ma(d1,d2,d3,d4,d5)",5D,open,2,1,2,-1,-3,,
3.396850e+05,"Ma(d1,d2,d3,d4,d5)",5D,open,2,1,2,-1,-2,,
3.396850e+05,"Ma(d1,d2,d3,d4,d5)",5D,open,2,1,2,-1,-1,,
3.396850e+05,"Ma(d1,d2,d3,d4)",4D,open,2,1,2,-1,0,,
3.396850e+05,"Ma(d1,d2,d3,d4,d5)",5D,open,2,1,2,-1,1,,
3.396850e+05,"Ma(d1,d2,d3,d4,d5)",5D,open,2,1,2,-1,2,,
3.396850e+05,"Ma(d1,d2,d3,d4,d5)",5D,open,2,1,2,-1,3,,
3.396850e+05,"Ma(d1,d2,d3,d4,d5)",5D,open,2,1,2,1,-3,,
3.396850e+05,"Ma(d1,d2,d3,d4,d5)",5D,open,2,1,2,1,-2,,
3.396850e+05,"Ma(d1,d2,d3,d4,d5)",5D,open,2,1,2,1,-1,,
3.396850e+05,"Ma(d1,d2,d3,d4)",4D,open,2,1,2,1,0,,
3.396850e+05,"Ma(d1,d2,d3,d4,d5)",5D,open,2,1,2,1,1,,
3.396850e+05,"Ma(d1,d2,d3,d4,d5)",5D,open,2,1,2,1,2,,
3.396850e+05,"Ma(d1,d2,d3,d4,d5)",5D,open,2,1,2,1,3,,
3.396850e+05,"Ma(d1,d2,d3,d4,d5)",5D,open,-2,-1,-2,-2,-3,,
3.396850e+05,"Ma(d1,d2,d3,d4,d5)",5D,open,-2,-1,-2,-2,-2,,
3.396850e+05,"Ma(d1,d2,d3,d4,d5)",5D,open,-2,-1,-2,-2,-1,,
3.396850e+05,"Ma(d1,d2,d3,d4)",4D,open,-2,-1,-2,-2,0,,
3.396850e+05,"Ma(d1,d2,d3,d4,d5)",5D,open,-2,-1,-2,-2,1,,
3.396850e+05,"Ma(d1,d2,d3,d4,d5)",5D,open,-2,-1,-2,-2,2,,
3.396850e+05,"Ma(d1,d2,d3,d4,d5)",5D,open,-2,-1,-2,-2,3,,
3.396850e+05,"Ma(d1,d2,d3,d4,d5)",5D,open,-2,-1,-2,2,-3,,
3.396850e+05,"Ma(d1,d2,d3,d4,d5)",5D,open,-2,-1,-2,2,-2,,
3.396850e+05,"Ma(d1,d2,d3,d4,d5)",5D,open,-2,-1,-2,2,-1,,
3.396850e+05,"Ma(d1,d2,d3,d4)",4D,open,-2,-1,-2,2,0,,
3.396850e+05,"Ma(d1,d2,d3,d4,d5)",5D,open,-2,-1,-2,2,1,,
3.396850e+05,"Ma(d1,d2,d3,d4,d5)",5D,open,-2,-1,-2,2,2,,
3.396850e+05,"Ma(d1,d2,d3,d4,d5)",5D,open,-2,-1,-2,2,3,,
3.396850e+05,"Ma(d1,d2,d3,d4,d5)",5D,open,-2,-1,2,-2,-3,,
3.396850e+05,"Ma(d1,d2,d3,d4,d5)",5D,open,-2,-1,2,-2,-2,,
3.396850e+05,"Ma(d1,d2,d3,d4,d5)",5D,open,-2,-1,2,-2,-1,,
3.396850e+05,"Ma(d1,d2,d3,d4)",4D,open,-2,-1,2,-2,0,,
3.396850e+05,"Ma(d1,d2,d3,d4,d5)",5D,open,-2,-1,2,-2,1,,
3.396850e+05,"Ma(d1,d2,d3,d4,d5)",5D,open,-2,-1,2,-2,2,,
3.396850e+05,"Ma(d1,d2,d3,d4,d5)",5D,open,-2,-1,2,-2,3,,
3.396850e+05,"Ma(d1,d2,d3,d4,d5)",5D,open,-2,-1,2,2,-3,,
3.396850e+05,"Ma(d1,d2,d3,d4,d5)",5D,open,-2,-1,2,2,-2,,
3.396850e+05,"Ma(d1,d2,d3,d4,d5)",5D,open,-2,-1,2,2,-1,,
3.396850e+05,"Ma(d1,d2,d3,d4)",4D,open,-2,-1,2,2,0,,
3.396850e+05,"Ma(d1,d2,d3,d4,d5)",5D,open,-2,-1,2,2,1,,
3.396850e+05,"Ma(d1,d2,d3,d4,d5)",5D,open,-2,-1,2,2,2,,
3.396850e+05,"Ma(d1,d2,d3,d4,d5)",5D,open,-2,-1,2,2,3,,
3.396850e+05,"Ma(d1,d2,d3,d4,d5)",5D,open,-2,1,-2,-2,-3,,
3.396850e+05,"Ma(d1,d2,d3,d4,d5)",5D,open,-2,1,-2,-2,-2,,
3.396850e+05,"Ma(d1,d2,d3,d4,d5)",5D,open,-2,1,-2,-2,-1,,
3.396850e+05,"Ma(d1,d2,d3,d4)",4D,open,-2,1,-2,-2,0,,
3.396850e+05,"Ma(d1,d2,d3,d4,d5)",5D,open,-2,1,-2,-2,1,,
3.396850e+05,"Ma(d1,d2,d3,d4,d5)",5D,open,-2,1,-2,-2,2,,
3.396850e+05,"Ma(d1,d2,d3,d4,d5)",5D,open,-2,1,-2,-2,3,,
3.396850e+05,"Ma(d1,d2,d3,d4,d5)",5D,open,-2,1,-2,2,-3,,
3.396850e+05,"Ma(d1,d2,d3,d4,d5)",5D,open,-2,1,-2,2,-2,,
3.396850e+05,"Ma(d1,d2,d3,d4,d5)",5D,open,-2,1,-2,2,-1,,
3.396850e+05,"Ma(d1,d2,d3,d4)",4D,open,-2,1,-2,2,0,,
3.396850e+05,"Ma(d1,d2,d3,d4,d5)",5D,open,-2,1,-2,2,1,,
3.396850e+05,"Ma(d1,d2,d3,d4,d5)",5D,open,-2,1,-2,2,2,,
3.396850e+05,"Ma(d1,d2,d3,d4,d5)",5D,open,-2,1,-2,2,3,,
3.396850e+05,"Ma(d1,d2,d3,d4,d5)",5D,open,-2,1,2,-2,-3,,
3.396850e+05,"Ma(d1,d2,d3,d4,d5)",5D,open,-2,1,2,-2,-2,,
3.396850e+05,"Ma(d1,d2,d3,d4,d5)",5D,open,-2,1,2,-2,-1,,
3.396850e+05,"Ma(d1,d2,d3,d4)",4D,open,-2,1,2,-2,0,,
3.396850e+05,"Ma(d1,d2,d3,d4,d5)",5D,open,-2,1,2,-2,1,,
3.396850e+05,"Ma(d1,d2,d3,d4,d5)",5D,open,-2,1,2,-2,2,,
3.396850e+05,"Ma(d1,d2,d3,d4,d5)",5D,open,-2,1,2,-2,3,,
3.396850e+05,"Ma(d1,d2,d3,d4,d5)",5D,open,-2,1,2,2,-3,,
3.396850e+05,"Ma(d1,d2,d3,d4,d5)",5D,open,-2,1,2,2,-2,,
3.396850e+05,"Ma(d1,d2,d3,d4,d5)",5D,open,-2,1,2,2,-1,,
3.396850e+05,"Ma(d1,d2,d3,d4)",4D,open,-2,1,2,2,0,,
3.396850e+05,"Ma(d1,d2,d3,d4,d5)",5D,open,-2,1,2,2,1,,
3.396850e+05,"Ma(d1,d2,d3,d4,d5)",5D,open,-2,1,2,2,2,,
3.396850e+05,"Ma(d1,d2,d3,d4,d5)",5D,open,-2,1,2,2,3,,
3.396850e+05,"Ma(d1,d2,d3,d4,d5)",5D,open,2,-1,-2,-2,-3,,
3.396850e+05,"Ma(d1,d2,d3,d4,d5)",5D,open,2,-1,-2,-2,-2,,
3.396850e+05,"Ma(d1,d2,d3,d4,d5)",5D,open,2,-1,-2,-2,-1,,
3.396850e+05,"Ma(d1,d2,d3,d4)",4D,open,2,-1,-2,-2,0,,
3.396850e+05,"Ma(d1,d2,d3,d4,d5)",5D,open,2,-1,-2,-2,1,,
3.396850e+05,"Ma(d1,d2,d3,d4,d5)",5D,open,2,-1,-2,-2,2,,
3.396850e+05,"Ma(d1,d2,d3,d4,d5)",5D,open,2,-1,-2,-2,3,,
3.396850e+05,"Ma(d1,d2,d3,d4,d5)",5D,open,2,-1,-2,2,-3,,
3.396850e+05,"Ma(d1,d2,d3,d4,d5)",5D,open,2,-1,-2,2,-2,,
3.396850e+05,"Ma(d1,d2,d3,d4,d5)",5D,open,2,-1,-2,2,-1,,
3.396850e+05,"Ma(d1,d2,d3,d4)",4D,open,2,-1,-2,2,0,,
3.396850e+05,"Ma(d1,d2,d3,d4,d5)",5D,open,2,-1,-2,2,1,,
3.396850e+05,"Ma(d1,d2,d3,d4,d5)",5D,open,2,-1,-2,2,2,,
3.396850e+05,"Ma(d1,d2,d3,d4,d5)",5D,open,2,-1,-2,2,3,,
3.396850e+05,"Ma(d1,d2,d3,d4,d5)",5D,open,2,-1,2,-2,-3,,
3.396850e+05,"Ma(d1,d2,d3,d4,d5)",5D,open,2,-1,2,-2,-2,,
3.396850e+05,"Ma(d1,d2,d3,d4,d5)",5D,open,2,-1,2,-2,-1,,
3.396850e+05,"Ma(d1,d2,d3,d4)",4D,open,2,-1,2,-2,0,,
3.396850e+05,"Ma(d1,d2,d3,d4,d5)",5D,open,2,-1,2,-2,1,,
3.396850e+05,"Ma(d1,d2,d3,d4,d5)",5D,open,2,-1,2,-2,2,,
3.396850e+05,"Ma(d1,d2,d3,d4,d5)",5D,open,2,-1,2,-2,3,,
3.396850e+05,"Ma(d1,d2,d3,d4,d5)",5D,open,2,-1,2,2,-3,,
3.396850e+05,"Ma(d1,d2,d3,d4,d5)",5D,open,2,-1,2,2,-2,,
3.396850e+05,"Ma(d1,d2,d3,d4,d5)",5D,open,2,-1,2,2,-1,,
3.396850e+05,"Ma(d1,d2,d3,d4)",4D,open,2,-1,2,2,0,,
3.396850e+05,"Ma(d1,d2,d3,d4,d5)",5D,open,2,-1,2,2,1,,
3.396850e+05,"Ma(d1,d2,d3,d4,d5)",5D,open,2,-1,2,2,2,,
3.396850e+05,"Ma(d1,d2,d3,d4,d5)",5D,open,2,-1,2,2,3,,
3.396850e+05,"Ma(d1,d2,d3,d4,d5)",5D,open,2,1,-2,-2,-3,,
3.396850e+05,"Ma(d1,d2,d3,d4,d5)",5D,open,2,1,-2,-2,-2,,
3.396850e+05,"Ma(d1,d2,d3,d4,d5)",5D,open,2,1,-2,-2,-1,,
3.396850e+05,"Ma(d1,d2,d3,d4)",4D,open,2,1,-2,-2,0,,
3.396850e+05,"Ma(d1,d2,d3,d4,d5)",5D,open,2,1,-2,-2,1,,
3.396850e+05,"Ma(d1,d2,d3,d4,d5)",5D,open,2,1,-2,-2,2,,
3.396850e+05,"Ma(d1,d2,d3,d4,d5)",5D,open,2,1,-2,-2,3,,
3.396850e+05,"Ma(d1,d2,d3,d4,d5)",5D,open,2,1,-2,2,-3,,
3.396850e+05,"Ma(d1,d2,d3,d4,d5)",5D,open,2,1,-2,2,-2,,
3.396850e+05,"Ma(d1,d2,d3,d4,d5)",5D,open,2,1,-2,2,-1,,
3.396850e+05,"Ma(d1,d2,d3,d4)",4D,open,2,1,-2,2,0,,
3.396850e+05,"Ma(d1,d2,d3,d4,d5)",5D,open,2,1,-2,2,1,,
3.396850e+05,"Ma(d1,d2,d3,d4,d5)",5D,open,2,1,-2,2,2,,
3.396850e+05,"Ma(d1,d2,d3,d4,d5)",5D,open,2,1,-2,2,3,,
3.396850e+05,"Ma(d1,d2,d3,d4,d5)",5D,open,2,1,2,-2,-3,,
3.396850e+05,"Ma(d1,d2,d3,d4,d5)",5D,open,2,1,2,-2,-2,,
3.396850e+05,"Ma(d1,d2,d3,d4,d5)",5D,open,2,1,2,-2,-1,,
3.396850e+05,"Ma(d1,d2,d3,d4)",4D,open,2,1,2,-2,0,,
3.396850e+05,"Ma(d1,d2,d3,d4,d5)",5D,open,2,1,2,-2,1,,
3.396850e+05,"Ma(d1,d2,d3,d4,d5)",5D,open,2,1,2,-2,2,,
3.396850e+05,"Ma(d1,d2,d3,d4,d5)",5D,open,2,1,2,-2,3,,
3.396850e+05,"Ma(d1,d2,d3,d4,d5)",5D,open,2,1,2,2,-3,,
3.396850e+05,"Ma(d1,d2,d3,d4,d5)",5D,open,2,1,2,2,-2,,
3.396850e+05,"Ma(d1,d2,d3,d4,d5)",5D,open,2,1,2,2,-1,,
3.396850e+05,"Ma(d1,d2,d3,d4)",4D,open,2,1,2,2,0,,
3.396850e+05,"Ma(d1,d2,d3,d4,d5)",5D,open,2,1,2,2,1,,
3.396850e+05,"Ma(d1,d2,d3,d4,d5)",5D,open,2,1,2,2,2,,
3.396850e+05,"Ma(d1,d2,d3,d4,d5)",5D,open,2,1,2,2,3,,
3.396850e+05,"Ma(d1,d2,d3,d4,d5)",5D,open,-2,-1,-2,-3,-3,,
3.396850e+05,"Ma(d1,d2,d3,d4,d5)",5D,open,-2,-1,-2,-3,-2,,
3.396850e+05,"Ma(d1,d2,d3,d4,d5)",5D,open,-2,-1,-2,-3,-1,,
3.396850e+05,"Ma(d1,d2,d3,d4)",4D,open,-2,-1,-2,-3,0,,
3.396850e+05,"Ma(d1,d2,d3,d4,d5)",5D,open,-2,-1,-2,-3,1,,
3.396850e+05,"Ma(d1,d2,d3,d4,d5)",5D,open,-2,-1,-2,-3,2,,
3.396850e+05,"Ma(d1,d2,d3,d4,d5)",5D,open,-2,-1,-2,-3,3,,
3.396850e+05,"Ma(d1,d2,d3,d4,d5)",5D,open,-2,-1,-2,3,-3,,
3.396850e+05,"Ma(d1,d2,d3,d4,d5)",5D,open,-2,-1,-2,3,-2,,
3.396850e+05,"Ma(d1,d2,d3,d4,d5)",5D,open,-2,-1,-2,3,-1,,
3.396850e+05,"Ma(d1,d2,d3,d4)",4D,open,-2,-1,-2,3,0,,
3.396850e+05,"Ma(d1,d2,d3,d4,d5)",5D,open,-2,-1,-2,3,1,,
3.396850e+05,"Ma(d1,d2,d3,d4,d5)",5D,open,-2,-1,-2,3,2,,
3.396850e+05,"Ma(d1,d2,d3,d4,d5)",5D,open,-2,-1,-2,3,3,,
3.396850e+05,"Ma(d1,d2,d3,d4,d5)",5D,open,-2,-1,2,-3,-3,,
3.396850e+05,"Ma(d1,d2,d3,d4,d5)",5D,open,-2,-1,2,-3,-2,,
3.396850e+05,"Ma(d1,d2,d3,d4,d5)",5D,open,-2,-1,2,-3,-1,,
3.396850e+05,"Ma(d1,d2,d3,d4)",4D,open,-2,-1,2,-3,0,,
3.396850e+05,"Ma(d1,d2,d3,d4,d5)",5D,open,-2,-1,2,-3,1,,
3.396850e+05,"Ma(d1,d2,d3,d4,d5)",5D,open,-2,-1,2,-3,2,,
3.396850e+05,"Ma(d1,d2,d3,d4,d5)",5D,open,-2,-1,2,-3,3,,
3.396850e+05,"Ma(d1,d2,d3,d4,d5)",5D,open,-2,-1,2,3,-3,,
3.396850e+05,"Ma(d1,d2,d3,d4,d5)",5D,open,-2,-1,2,3,-2,,
3.396850e+05,"Ma(d1,d2,d3,d4,d5)",5D,open,-2,-1,2,3,-1,,
3.396850e+05,"Ma(d1,d2,d3,d4)",4D,open,-2,-1,2,3,0,,
3.396850e+05,"Ma(d1,d2,d3,d4,d5)",5D,open,-2,-1,2,3,1,,
3.396850e+05,"Ma(d1,d2,d3,d4,d5)",5D,open,-2,-1,2,3,2,,
3.396850e+05,"Ma(d1,d2,d3,d4,d5)",5D,open,-2,-1,2,3,3,,
3.396850e+05,"Ma(d1,d2,d3,d4,d5)",5D,open,-2,1,-2,-3,-3,,
3.396850e+05,"Ma(d1,d2,d3,d4,d5)",5D,open,-2,1,-2,-3,-2,,
3.396850e+05,"Ma(d1,d2,d3,d4,d5)",5D,open,-2,1,-2,-3,-1,,
3.396850e+05,"Ma(d1,d2,d3,d4)",4D,open,-2,1,-2,-3,0,,
3.396850e+05,"Ma(d1,d2,d3,d4,d5)",5D,open,-2,1,-2,-3,1,,
3.396850e+05,"Ma(d1,d2,d3,d4,d5)",5D,open,-2,1,-2,-3,2,,
3.396850e+05,"Ma(d1,d2,d3,d4,d5)",5D,open,-2,1,-2,-3,3,,
3.396850e+05,"Ma(d1,d2,d3,d4,d5)",5D,open,-2,1,-2,3,-3,,
3.396850e+05,"Ma(d1,d2,d3,d4,d5)",5D,open,-2,1,-2,3,-2,,
3.396850e+05,"Ma(d1,d2,d3,d4,d5)",5D,open,-2,1,-2,3,-1,,
3.396850e+05,"Ma(d1,d2,d3,d4)",4D,open,-2,1,-2,3,0,,
3.396850e+05,"Ma(d1,d2,d3,d4,d5)",5D,open,-2,1,-2,3,1,,
3.396850e+05,"Ma(d1,d2,d3,d4,d5)",5D,open,-2,1,-2,3,2,,
3.396850e+05,"Ma(d1,d2,d3,d4,d5)",5D,open,-2,1,-2,3,3,,
3.396850e+05,"Ma(d1,d2,d3,d4,d5)",5D,open,-2,1,2,-3,-3,,
3.396850e+05,"Ma(d1,d2,d3,d4,d5)",5D,open,-2,1,2,-3,-2,,
3.396850e+05,"Ma(d1,d2,d3,d4,d5)",5D,open,-2,1,2,-3,-1,,
3.396850e+05,"Ma(d1,d2,d3,d4)",4D,open,-2,1,2,-3,0,,
3.396850e+05,"Ma(d1,d2,d3,d4,d5)",5D,open,-2,1,2,-3,1,,
3.396850e+05,"Ma(d1,d2,d3,d4,d5)",5D,open,-2,1,2,-3,2,,
3.396850e+05,"Ma(d1,d2,d3,d4,d5)",5D,open,-2,1,2,-3,3,,
3.396850e+05,"Ma(d1,d2,d3,d4,d5)",5D,open,-2,1,2,3,-3,,
3.396850e+05,"Ma(d1,d2,d3,d4,d5)",5D,open,-2,1,2,3,-2,,
3.396850e+05,"Ma(d1,d2,d3,d4,d5)",5D,open,-2,1,2,3,-1,,
3.396850e+05,"Ma(d1,d2,d3,d4)",4D,open,-2,1,2,3,0,,
3.396850e+05,"Ma(d1,d2,d3,d4,d5)",5D,open,-2,1,2,3,1,,
3.396850e+05,"Ma(d1,d2,d3,d4,d5)",5D,open,-2,1,2,3,2,,
3.396850e+05,"Ma(d1,d2,d3,d4,d5)",5D,open,-2,1,2,3,3,,
3.396850e+05,"Ma(d1,d2,d3,d4,d5)",5D,open,2,-1,-2,-3,-3,,
3.396850e+05,"Ma(d1,d2,d3,d4,d5)",5D,open,2,-1,-2,-3,-2,,
3.396850e+05,"Ma(d1,d2,d3,d4,d5)",5D,open,2,-1,-2,-3,-1,,
3.396850e+05,"Ma(d1,d2,d3,d4)",4D,open,2,-1,-2,-3,0,,
3.396850e+05,"Ma(d1,d2,d3,d4,d5)",5D,open,2,-1,-2,-3,1,,
3.396850e+05,"Ma(d1,d2,d3,d4,d5)",5D,open,2,-1,-2,-3,2,,
3.396850e+05,"Ma(d1,d2,d3,d4,d5)",5D,open,2,-1,-2,-3,3,,
3.396850e+05,"Ma(d1,d2,d3,d4,d5)",5D,open,2,-1,-2,3,-3,,
3.396850e+05,"Ma(d1,d2,d3,d4,d5)",5D,open,2,-1,-2,3,-2,,
3.396850e+05,"Ma(d1,d2,d3,d4,d5)",5D,open,2,-1,-2,3,-1,,
3.396850e+05,"Ma(d1,d2,d3,d4)",4D,open,2,-1,-2,3,0,,
3.396850e+05,"Ma(d1,d2,d3,d4,d5)",5D,open,2,-1,-2,3,1,,
3.396850e+05,"Ma(d1,d2,d3,d4,d5)",5D,open,2,-1,-2,3,2,,
3.396850e+05,"Ma(d1,d2,d3,d4,d5)",5D,open,2,-1,-2,3,3,,
3.396850e+05,"Ma(d1,d2,d3,d4,d5)",5D,open,2,-1,2,-3,-3,,
3.396850e+05,"Ma(d1,d2,d3,d4,d5)",5D,open,2,-1,2,-3,-2,,
3.396850e+05,"Ma(d1,d2,d3,d4,d5)",5D,open,2,-1,2,-3,-1,,
3.396850e+05,"Ma(d1,d2,d3,d4)",4D,open,2,-1,2,-3,0,,
3.396850e+05,"Ma(d1,d2,d3,d4,d5)",5D,open,2,-1,2,-3,1,,
3.396850e+05,"Ma(d1,d2,d3,d4,d5)",5D,open,2,-1,2,-3,2,,
3.396850e+05,"Ma(d1,d2,d3,d4,d5)",5D,open,2,-1,2,-3,3,,
3.396850e+05,"Ma(d1,d2,d3,d4,d5)",5D,open,2,-1,2,3,-3,,
3.396850e+05,"Ma(d1,d2,d3,d4,d5)",5D,open,2,-1,2,3,-2,,
3.396850e+05,"Ma(d1,d2,d3,d4,d5)",5D,open,2,-1,2,3,-1,,
3.396850e+05,"Ma(d1,d2,d3,d4)",4D,open,2,-1,2,3,0,,
3.396850e+05,"Ma(d1,d2,d3,d4,d5)",5D,open,2,-1,2,3,1,,
3.396850e+05,"Ma(d1,d2,d3,d4,d5)",5D,open,2,-1,2,3,2,,
3.396850e+05,"Ma(d1,d2,d3,d4,d5)",5D,open,2,-1,2,3,3,,
3.396850e+05,"Ma(d1,d2,d3,d4,d5)",5D,open,2,1,-2,-3,-3,,
3.396850e+05,"Ma(d1,d2,d3,d4,d5)",5D,open,2,1,-2,-3,-2,,
3.396850e+05,"Ma(d1,d2,d3,d4,d5)",5D,open,2,1,-2,-3,-1,,
3.396850e+05,"Ma(d1,d2,d3,d4)",4D,open,2,1,-2,-3,0,,
3.396850e+05,"Ma(d1,d2,d3,d4,d5)",5D,open,2,1,-2,-3,1,,
3.396850e+05,"Ma(d1,d2,d3,d4,d5)",5D,open,2,1,-2,-3,2,,
3.396850e+05,"Ma(d1,d2,d3,d4,d5)",5D,open,2,1,-2,-3,3,,
3.396850e+05,"Ma(d1,d2,d3,d4,d5)",5D,open,2,1,-2,3,-3,,
3.396850e+05,"Ma(d1,d2,d3,d4,d5)",5D,open,2,1,-2,3,-2,,
3.396850e+05,"Ma(d1,d2,d3,d4,d5)",5D,open,2,1,-2,3,-1,,
3.396850e+05,"Ma(d1,d2,d3,d4)",4D,open,2,1,-2,3,0,,
3.396850e+05,"Ma(d1,d2,d3,d4,d5)",5D,open,2,1,-2,3,1,,
3.396850e+05,"Ma(d1,d2,d3,d4,d5)",5D,open,2,1,-2,3,2,,
3.396850e+05,"Ma(d1,d2,d3,d4,d5)",5D,open,2,1,-2,3,3,,
3.396850e+05,"Ma(d1,d2,d3,d4,d5)",5D,open,2,1,2,-3,-3,,
3.396850e+05,"Ma(d1,d2,d3,d4,d5)",5D,open,2,1,2,-3,-2,,
3.396850e+05,"Ma(d1,d2,d3,d4,d5)",5D,open,2,1,2,-3,-1,,
3.396850e+05,"Ma(d1,d2,d3,d4)",4D,open,2,1,2,-3,0,,
3.396850e+05,"Ma(d1,d2,d3,d4,d5)",5D,open,2,1,2,-3,1,,
3.396850e+05,"Ma(d1,d2,d3,d4,d5)",5D,open,2,1,2,-3,2,,
3.396850e+05,"Ma(d1,d2,d3,d4,d5)",5D,open,2,1,2,-3,3,,
3.396850e+05,"Ma(d1,d2,d3,d4,d5)",5D,open,2,1,2,3,-3,,
3.396850e+05,"Ma(d1,d2,d3,d4,d5)",5D,open,2,1,2,3,-2,,
3.396850e+05,"Ma(d1,d2,d3,d4,d5)",5D,open,2,1,2,3,-1,,
3.396850e+05,"Ma(d1,d2,d3,d4)",4D,open,2,1,2,3,0,,
3.396850e+05,"Ma(d1,d2,d3,d4,d5)",5D,open,2,1,2,3,1,,
3.396850e+05,"Ma(d1,d2,d3,d4,d5)",5D,open,2,1,2,3,2,,
3.396850e+05,"Ma(d1,d2,d3,d4,d5)",5D,open,2,1,2,3,3,,
3.396850e+05,"Ma(d1,d2,d3,d5)",4D,open,-2,-1,-3,0,-3,,
3.396850e+05,"Ma(d1,d2,d3,d5)",4D,open,-2,-1,-3,0,-2,,
3.396850e+05,"Ma(d1,d2,d3,d5)",4D,open,-2,-1,-3,0,-1,,
3.396850e+05,"Ma(d1,d2,d3)",3D,open,-2,-1,-3,0,0,,
3.396850e+05,"Ma(d1,d2,d3,d5)",4D,open,-2,-1,-3,0,1,,
3.396850e+05,"Ma(d1,d2,d3,d5)",4D,open,-2,-1,-3,0,2,,
3.396850e+05,"Ma(d1,d2,d3,d5)",4D,open,-2,-1,-3,0,3,,
3.396850e+05,"Ma(d1,d2,d3,d5)",4D,open,-2,-1,3,0,-3,,
3.396850e+05,"Ma(d1,d2,d3,d5)",4D,open,-2,-1,3,0,-2,,
3.396850e+05,"Ma(d1,d2,d3,d5)",4D,open,-2,-1,3,0,-1,,
3.396850e+05,"Ma(d1,d2,d3)",3D,open,-2,-1,3,0,0,,
3.396850e+05,"Ma(d1,d2,d3,d5)",4D,open,-2,-1,3,0,1,,
3.396850e+05,"Ma(d1,d2,d3,d5)",4D,open,-2,-1,3,0,2,,
3.396850e+05,"Ma(d1,d2,d3,d5)",4D,open,-2,-1,3,0,3,,
3.396850e+05,"Ma(d1,d2,d3,d5)",4D,open,-2,1,-3,0,-3,,
3.396850e+05,"Ma(d1,d2,d3,d5)",4D,open,-2,1,-3,0,-2,,
3.396850e+05,"Ma(d1,d2,d3,d5)",4D,open,-2,1,-3,0,-1,,
3.396850e+05,"Ma(d1,d2,d3)",3D,open,-2,1,-3,0,0,,
3.396850e+05,"Ma(d1,d2,d3,d5)",4D,open,-2,1,-3,0,1,,
3.396850e+05,"Ma(d1,d2,d3,d5)",4D,open,-2,1,-3,0,2,,
3.396850e+05,"Ma(d1,d2,d3,d5)",4D,open,-2,1,-3,0,3,,
3.396850e+05,"Ma(d1,d2,d3,d5)",4D,open,-2,1,3,0,-3,,
3.396850e+05,"Ma(d1,d2,d3,d5)",4D,open,-2,1,3,0,-2,,
3.396850e+05,"Ma(d1,d2,d3,d5)",4D,open,-2,1,3,0,-1,,
3.396850e+05,"Ma(d1,d2,d3)",3D,open,-2,1,3,0,0,,
3.396850e+05,"Ma(d1,d2,d3,d5)",4D,open,-2,1,3,0,1,,
3.396850e+05,"Ma(d1,d2,d3,d5)",4D,open,-2,1,3,0,2,,
3.396850e+05,"Ma(d1,d2,d3,d5)",4D,open,-2,1,3,0,3,,
3.396850e+05,"Ma(d1,d2,d3,d5)",4D,open,2,-1,-3,0,-3,,
3.396850e+05,"Ma(d1,d2,d3,d5)",4D,open,2,-1,-3,0,-2,,
3.396850e+05,"Ma(d1,d2,d3,d5)",4D,open,2,-1,-3,0,-1,,
3.396850e+05,"Ma(d1,d2,d3)",3D,open,2,-1,-3,0,0,,
3.396850e+05,"Ma(d1,d2,d3,d5)",4D,open,2,-1,-3,0,1,,
3.396850e+05,"Ma(d1,d2,d3,d5)",4D,open,2,-1,-3,0,2,,
3.396850e+05,"Ma(d1,d2,d3,d5)",4D,open,2,-1,-3,0,3,,
3.396850e+05,"Ma(d1,d2,d3,d5)",4D,open,2,-1,3,0,-3,,
3.396850e+05,"Ma(d1,d2,d3,d5)",4D,open,2,-1,3,0,-2,,
3.396850e+05,"Ma(d1,d2,d3,d5)",4D,open,2,-1,3,0,-1,,
3.396850e+05,"Ma(d1,d2,d3)",3D,open,2,-1,3,0,0,,
3.396850e+05,"Ma(d1,d2,d3,d5)",4D,open,2,-1,3,0,1,,
3.396850e+05,"Ma(d1,d2,d3,d5)",4D,open,2,-1,3,0,2,,
3.396850e+05,"Ma(d1,d2,d3,d5)",4D,open,2,-1,3,0,3,,
3.396850e+05,"Ma(d1,d2,d3,d5)",4D,open,2,1,-3,0,-3,,
3.396850e+05,"Ma(d1,d2,d3,d5)",4D,open,2,1,-3,0,-2,,
3.396850e+05,"Ma(d1,d2,d3,d5)",4D,open,2,1,-3,0,-1,,
3.396850e+05,"Ma(d1,d2,d3)",3D,open,2,1,-3,0,0,,
3.396850e+05,"Ma(d1,d2,d3,d5)",4D,open,2,1,-3,0,1,,
3.396850e+05,"Ma(d1,d2,d3,d5)",4D,open,2,1,-3,0,2,,
3.396850e+05,"Ma(d1,d2,d3,d5)",4D,open,2,1,-3,0,3,,
3.396850e+05,"Ma(d1,d2,d3,d5)",4D,open,2,1,3,0,-3,,
3.396850e+05,"Ma(d1,d2,d3,d5)",4D,open,2,1,3,0,-2,,
3.396850e+05,"Ma(d1,d2,d3,d5)",4D,open,2,1,3,0,-1,,
3.396850e+05,"Ma(d1,d2,d3)",3D,open,2,1,3,0,0,,
3.396850e+05,"Ma(d1,d2,d3,d5)",4D,open,2,1,3,0,1,,
3.396850e+05,"Ma(d1,d2,d3,d5)",4D,open,2,1,3,0,2,,
3.396850e+05,"Ma(d1,d2,d3,d5)",4D,open,2,1,3,0,3,,
3.396850e+05,"Ma(d1,d2,d3,d4,d5)",5D,open,-2,-1,-3,-1,-3,,
3.396850e+05,"Ma(d1,d2,d3,d4,d5)",5D,open,-2,-1,-3,-1,-2,,
3.396850e+05,"Ma(d1,d2,d3,d4,d5)",5D,open,-2,-1,-3,-1,-1,,
3.396850e+05,"Ma(d1,d2,d3,d4)",4D,open,-2,-1,-3,-1,0,,
3.396850e+05,"Ma(d1,d2,d3,d4,d5)",5D,open,-2,-1,-3,-1,1,,
3.396850e+05,"Ma(d1,d2,d3,d4,d5)",5D,open,-2,-1,-3,-1,2,,
3.396850e+05,"Ma(d1,d2,d3,d4,d5)",5D,open,-2,-1,-3,-1,3,,
3.396850e+05,"Ma(d1,d2,d3,d4,d5)",5D,open,-2,-1,-3,1,-3,,
3.396850e+05,"Ma(d1,d2,d3,d4,d5)",5D,open,-2,-1,-3,1,-2,,
3.396850e+05,"Ma(d1,d2,d3,d4,d5)",5D,open,-2,-1,-3,1,-1,,
3.396850e+05,"Ma(d1,d2,d3,d4)",4D,open,-2,-1,-3,1,0,,
3.396850e+05,"Ma(d1,d2,d3,d4,d5)",5D,open,-2,-1,-3,1,1,,
3.396850e+05,"Ma(d1,d2,d3,d4,d5)",5D,open,-2,-1,-3,1,2,,
3.396850e+05,"Ma(d1,d2,d3,d4,d5)",5D,open,-2,-1,-3,1,3,,
3.396850e+05,"Ma(d1,d2,d3,d4,d5)",5D,open,-2,-1,3,-1,-3,,
3.396850e+05,"Ma(d1,d2,d3,d4,d5)",5D,open,-2,-1,3,-1,-2,,
3.396850e+05,"Ma(d1,d2,d3,d4,d5)",5D,open,-2,-1,3,-1,-1,,
3.396850e+05,"Ma(d1,d2,d3,d4)",4D,open,-2,-1,3,-1,0,,
3.396850e+05,"Ma(d1,d2,d3,d4,d5)",5D,open,-2,-1,3,-1,1,,
3.396850e+05,"Ma(d1,d2,d3,d4,d5)",5D,open,-2,-1,3,-1,2,,
3.396850e+05,"Ma(d1,d2,d3,d4,d5)",5D,open,-2,-1,3,-1,3,,
3.396850e+05,"Ma(d1,d2,d3,d4,d5)",5D,open,-2,-1,3,1,-3,,
3.396850e+05,"Ma(d1,d2,d3,d4,d5)",5D,open,-2,-1,3,1,-2,,
3.396850e+05,"Ma(d1,d2,d3,d4,d5)",5D,open,-2,-1,3,1,-1,,
3.396850e+05,"Ma(d1,d2,d3,d4)",4D,open,-2,-1,3,1,0,,
3.396850e+05,"Ma(d1,d2,d3,d4,d5)",5D,open,-2,-1,3,1,1,,
3.396850e+05,"Ma(d1,d2,d3,d4,d5)",5D,open,-2,-1,3,1,2,,
3.396850e+05,"Ma(d1,d2,d3,d4,d5)",5D,open,-2,-1,3,1,3,,
3.396850e+05,"Ma(d1,d2,d3,d4,d5)",5D,open,-2,1,-3,-1,-3,,
3.396850e+05,"Ma(d1,d2,d3,d4,d5)",5D,open,-2,1,-3,-1,-2,,
3.396850e+05,"Ma(d1,d2,d3,d4,d5)",5D,open,-2,1,-3,-1,-1,,
3.396850e+05,"Ma(d1,d2,d3,d4)",4D,open,-2,1,-3,-1,0,,
3.396850e+05,"Ma(d1,d2,d3,d4,d5)",5D,open,-2,1,-3,-1,1,,
3.396850e+05,"Ma(d1,d2,d3,d4,d5)",5D,open,-2,1,-3,-1,2,,
3.396850e+05,"Ma(d1,d2,d3,d4,d5)",5D,open,-2,1,-3,-1,3,,
3.396850e+05,"Ma(d1,d2,d3,d4,d5)",5D,open,-2,1,-3,1,-3,,
3.396850e+05,"Ma(d1,d2,d3,d4,d5)",5D,open,-2,1,-3,1,-2,,
3.396850e+05,"Ma(d1,d2,d3,d4,d5)",5D,open,-2,1,-3,1,-1,,
3.396850e+05,"Ma(d1,d2,d3,d4)",4D,open,-2,1,-3,1,0,,
3.396850e+05,"Ma(d1,d2,d3,d4,d5)",5D,open,-2,1,-3,1,1,,
3.396850e+05,"Ma(d1,d2,d3,d4,d5)",5D,open,-2,1,-3,1,2,,
3.396850e+05,"Ma(d1,d2,d3,d4,d5)",5D,open,-2,1,-3,1,3,,
3.396850e+05,"Ma(d1,d2,d3,d4,d5)",5D,open,-2,1,3,-1,-3,,
3.396850e+05,"Ma(d1,d2,d3,d4,d5)",5D,open,-2,1,3,-1,-2,,
3.396850e+05,"Ma(d1,d2,d3,d4,d5)",5D,open,-2,1,3,-1,-1,,
3.396850e+05,"Ma(d1,d2,d3,d4)",4D,open,-2,1,3,-1,0,,
3.396850e+05,"Ma(d1,d2,d3,d4,d5)",5D,open,-2,1,3,-1,1,,
3.396850e+05,"Ma(d1,d2,d3,d4,d5)",5D,open,-2,1,3,-1,2,,
3.396850e+05,"Ma(d1,d2,d3,d4,d5)",5D,open,-2,1,3,-1,3,,
3.396850e+05,"Ma(d1,d2,d3,d4,d5)",5D,open,-2,1,3,1,-3,,
3.396850e+05,"Ma(d1,d2,d3,d4,d5)",5D,open,-2,1,3,1,-2,,
3.396850e+05,"Ma(d1,d2,d3,d4,d5)",5D,open,-2,1,3,1,-1,,
3.396850e+05,"Ma(d1,d2,d3,d4)",4D,open,-2,1,3,1,0,,
3.396850e+05,"Ma(d1,d2,d3,d4,d5)",5D,open,-2,1,3,1,1,,
3.396850e+05,"Ma(d1,d2,d3,d4,d5)",5D,open,-2,1,3,1,2,,
3.396850e+05,"Ma(d1,d2,d3,d4,d5)",5D,open,-2,1,3,1,3,,
3.396850e+05,"Ma(d1,d2,d3,d4,d5)",5D,open,2,-1,-3,-1,-3,,
3.396850e+05,"Ma(d1,d2,d3,d4,d5)",5D,open,2,-1,-3,-1,-2,,
3.396850e+05,"Ma(d1,d2,d3,d4,d5)",5D,open,2,-1,-3,-1,-1,,
3.396850e+05,"Ma(d1,d2,d3,d4)",4D,open,2,-1,-3,-1,0,,
3.396850e+05,"Ma(d1,d2,d3,d4,d5)",5D,open,2,-1,-3,-1,1,,
3.396850e+05,"Ma(d1,d2,d3,d4,d5)",5D,open,2,-1,-3,-1,2,,
3.396850e+05,"Ma(d1,d2,d3,d4,d5)",5D,open,2,-1,-3,-1,3,,
3.396850e+05,"Ma(d1,d2,d3,d4,d5)",5D,open,2,-1,-3,1,-3,,
3.396850e+05,"Ma(d1,d2,d3,d4,d5)",5D,open,2,-1,-3,1,-2,,
3.396850e+05,"Ma(d1,d2,d3,d4,d5)",5D,open,2,-1,-3,1,-1,,
3.396850e+05,"Ma(d1,d2,d3,d4)",4D,open,2,-1,-3,1,0,,
3.396850e+05,"Ma(d1,d2,d3,d4,d5)",5D,open,2,-1,-3,1,1,,
3.396850e+05,"Ma(d1,d2,d3,d4,d5)",5D,open,2,-1,-3,1,2,,
3.396850e+05,"Ma(d1,d2,d3,d4,d5)",5D,open,2,-1,-3,1,3,,
3.396850e+05,"Ma(d1,d2,d3,d4,d5)",5D,open,2,-1,3,-1,-3,,
3.396850e+05,"Ma(d1,d2,d3,d4,d5)",5D,open,2,-1,3,-1,-2,,
3.396850e+05,"Ma(d1,d2,d3,d4,d5)",5D,open,2,-1,3,-1,-1,,
3.396850e+05,"Ma(d1,d2,d3,d4)",4D,open,2,-1,3,-1,0,,
3.396850e+05,"Ma(d1,d2,d3,d4,d5)",5D,open,2,-1,3,-1,1,,
3.396850e+05,"Ma(d1,d2,d3,d4,d5)",5D,open,2,-1,3,-1,2,,
3.396850e+05,"Ma(d1,d2,d3,d4,d5)",5D,open,2,-1,3,-1,3,,
3.396850e+05,"Ma(d1,d2,d3,d4,d5)",5D,open,2,-1,3,1,-3,,
3.396850e+05,"Ma(d1,d2,d3,d4,d5)",5D,open,2,-1,3,1,-2,,
3.396850e+05,"Ma(d1,d2,d3,d4,d5)",5D,open,2,-1,3,1,-1,,
3.396850e+05,"Ma(d1,d2,d3,d4)",4D,open,2,-1,3,1,0,,
3.396850e+05,"Ma(d1,d2,d3,d4,d5)",5D,open,2,-1,3,1,1,,
3.396850e+05,"Ma(d1,d2,d3,d4,d5)",5D,open,2,-1,3,1,2,,
3.396850e+05,"Ma(d1,d2,d3,d4,d5)",5D,open,2,-1,3,1,3,,
3.396850e+05,"Ma(d1,d2,d3,d4,d5)",5D,open,2,1,-3,-1,-3,,
3.396850e+05,"Ma(d1,d2,d3,d4,d5)",5D,open,2,1,-3,-1,-2,,
3.396850e+05,"Ma(d1,d2,d3,d4,d5)",5D,open,2,1,-3,-1,-1,,
3.396850e+05,"Ma(d1,d2,d3,d4)",4D,open,2,1,-3,-1,0,,
3.396850e+05,"Ma(d1,d2,d3,d4,d5)",5D,open,2,1,-3,-1,1,,
3.396850e+05,"Ma(d1,d2,d3,d4,d5)",5D,open,2,1,-3,-1,2,,
3.396850e+05,"Ma(d1,d2,d3,d4,d5)",5D,open,2,1,-3,-1,3,,
3.396850e+05,"Ma(d1,d2,d3,d4,d5)",5D,open,2,1,-3,1,-3,,
3.396850e+05,"Ma(d1,d2,d3,d4,d5)",5D,open,2,1,-3,1,-2,,
3.396850e+05,"Ma(d1,d2,d3,d4,d5)",5D,open,2,1,-3,1,-1,,
3.396850e+05,"Ma(d1,d2,d3,d4)",4D,open,2,1,-3,1,0,,
3.396850e+05,"Ma(d1,d2,d3,d4,d5)",5D,open,2,1,-3,1,1,,
3.396850e+05,"Ma(d1,d2,d3,d4,d5)",5D,open,2,1,-3,1,2,,
3.396850e+05,"Ma(d1,d2,d3,d4,d5)",5D,open,2,1,-3,1,3,,
3.396850e+05,"Ma(d1,d2,d3,d4,d5)",5D,open,2,1,3,-1,-3,,
3.396850e+05,"Ma(d1,d2,d3,d4,d5)",5D,open,2,1,3,-1,-2,,
3.396850e+05,"Ma(d1,d2,d3,d4,d5)",5D,open,2,1,3,-1,-1,,
3.396850e+05,"Ma(d1,d2,d3,d4)",4D,open,2,1,3,-1,0,,
3.396850e+05,"Ma(d1,d2,d3,d4,d5)",5D,open,2,1,3,-1,1,,
3.396850e+05,"Ma(d1,d2,d3,d4,d5)",5D,open,2,1,3,-1,2,,
3.396850e+05,"Ma(d1,d2,d3,d4,d5)",5D,open,2,1,3,-1,3,,
3.396850e+05,"Ma(d1,d2,d3,d4,d5)",5D,open,2,1,3,1,-3,,
3.396850e+05,"Ma(d1,d2,d3,d4,d5)",5D,open,2,1,3,1,-2,,
3.396850e+05,"Ma(d1,d2,d3,d4,d5)",5D,open,2,1,3,1,-1,,
3.396850e+05,"Ma(d1,d2,d3,d4)",4D,open,2,1,3,1,0,,
3.396850e+05,"Ma(d1,d2,d3,d4,d5)",5D,open,2,1,3,1,1,,
3.396850e+05,"Ma(d1,d2,d3,d4,d5)",5D,open,2,1,3,1,2,,
3.396850e+05,"Ma(d1,d2,d3,d4,d5)",5D,open,2,1,3,1,3,,
3.396850e+05,"Ma(d1,d2,d3,d4,d5)",5D,open,-2,-1,-3,-2,-3,,
3.396850e+05,"Ma(d1,d2,d3,d4,d5)",5D,open,-2,-1,-3,-2,-2,,
3.396850e+05,"Ma(d1,d2,d3,d4,d5)",5D,open,-2,-1,-3,-2,-1,,
3.396850e+05,"Ma(d1,d2,d3,d4)",4D,open,-2,-1,-3,-2,0,,
3.396850e+05,"Ma(d1,d2,d3,d4,d5)",5D,open,-2,-1,-3,-2,1,,
3.396850e+05,"Ma(d1,d2,d3,d4,d5)",5D,open,-2,-1,-3,-2,2,,
3.396850e+05,"Ma(d1,d2,d3,d4,d5)",5D,open,-2,-1,-3,-2,3,,
3.396850e+05,"Ma(d1,d2,d3,d4,d5)",5D,open,-2,-1,-3,2,-3,,
3.396850e+05,"Ma(d1,d2,d3,d4,d5)",5D,open,-2,-1,-3,2,-2,,
3.396850e+05,"Ma(d1,d2,d3,d4,d5)",5D,open,-2,-1,-3,2,-1,,
3.396850e+05,"Ma(d1,d2,d3,d4)",4D,open,-2,-1,-3,2,0,,
3.396850e+05,"Ma(d1,d2,d3,d4,d5)",5D,open,-2,-1,-3,2,1,,
3.396850e+05,"Ma(d1,d2,d3,d4,d5)",5D,open,-2,-1,-3,2,2,,
3.396850e+05,"Ma(d1,d2,d3,d4,d5)",5D,open,-2,-1,-3,2,3,,
3.396850e+05,"Ma(d1,d2,d3,d4,d5)",5D,open,-2,-1,3,-2,-3,,
3.396850e+05,"Ma(d1,d2,d3,d4,d5)",5D,open,-2,-1,3,-2,-2,,
3.396850e+05,"Ma(d1,d2,d3,d4,d5)",5D,open,-2,-1,3,-2,-1,,
3.396850e+05,"Ma(d1,d2,d3,d4)",4D,open,-2,-1,3,-2,0,,
3.396850e+05,"Ma(d1,d2,d3,d4,d5)",5D,open,-2,-1,3,-2,1,,
3.396850e+05,"Ma(d1,d2,d3,d4,d5)",5D,open,-2,-1,3,-2,2,,
3.396850e+05,"Ma(d1,d2,d3,d4,d5)",5D,open,-2,-1,3,-2,3,,
3.396850e+05,"Ma(d1,d2,d3,d4,d5)",5D,open,-2,-1,3,2,-3,,
3.396850e+05,"Ma(d1,d2,d3,d4,d5)",5D,open,-2,-1,3,2,-2,,
3.396850e+05,"Ma(d1,d2,d3,d4,d5)",5D,open,-2,-1,3,2,-1,,
3.396850e+05,"Ma(d1,d2,d3,d4)",4D,open,-2,-1,3,2,0,,
3.396850e+05,"Ma(d1,d2,d3,d4,d5)",5D,open,-2,-1,3,2,1,,
3.396850e+05,"Ma(d1,d2,d3,d4,d5)",5D,open,-2,-1,3,2,2,,
3.396850e+05,"Ma(d1,d2,d3,d4,d5)",5D,open,-2,-1,3,2,3,,
3.396850e+05,"Ma(d1,d2,d3,d4,d5)",5D,open,-2,1,-3,-2,-3,,
3.396850e+05,"Ma(d1,d2,d3,d4,d5)",5D,open,-2,1,-3,-2,-2,,
3.396850e+05,"Ma(d1,d2,d3,d4,d5)",5D,open,-2,1,-3,-2,-1,,
3.396850e+05,"Ma(d1,d2,d3,d4)",4D,open,-2,1,-3,-2,0,,
3.396850e+05,"Ma(d1,d2,d3,d4,d5)",5D,open,-2,1,-3,-2,1,,
3.396850e+05,"Ma(d1,d2,d3,d4,d5)",5D,open,-2,1,-3,-2,2,,
3.396850e+05,"Ma(d1,d2,d3,d4,d5)",5D,open,-2,1,-3,-2,3,,
3.396850e+05,"Ma(d1,d2,d3,d4,d5)",5D,open,-2,1,-3,2,-3,,
3.396850e+05,"Ma(d1,d2,d3,d4,d5)",5D,open,-2,1,-3,2,-2,,
3.396850e+05,"Ma(d1,d2,d3,d4,d5)",5D,open,-2,1,-3,2,-1,,
3.396850e+05,"Ma(d1,d2,d3,d4)",4D,open,-2,1,-3,2,0,,
3.396850e+05,"Ma(d1,d2,d3,d4,d5)",5D,open,-2,1,-3,2,1,,
3.396850e+05,"Ma(d1,d2,d3,d4,d5)",5D,open,-2,1,-3,2,2,,
3.396850e+05,"Ma(d1,d2,d3,d4,d5)",5D,open,-2,1,-3,2,3,,
3.396850e+05,"Ma(d1,d2,d3,d4,d5)",5D,open,-2,1,3,-2,-3,,
3.396850e+05,"Ma(d1,d2,d3,d4,d5)",5D,open,-2,1,3,-2,-2,,
3.396850e+05,"Ma(d1,d2,d3,d4,d5)",5D,open,-2,1,3,-2,-1,,
3.396850e+05,"Ma(d1,d2,d3,d4)",4D,open,-2,1,3,-2,0,,
3.396850e+05,"Ma(d1,d2,d3,d4,d5)",5D,open,-2,1,3,-2,1,,
3.396850e+05,"Ma(d1,d2,d3,d4,d5)",5D,open,-2,1,3,-2,2,,
3.396850e+05,"Ma(d1,d2,d3,d4,d5)",5D,open,-2,1,3,-2,3,,
3.396850e+05,"Ma(d1,d2,d3,d4,d5)",5D,open,-2,1,3,2,-3,,
3.396850e+05,"Ma(d1,d2,d3,d4,d5)",5D,open,-2,1,3,2,-2,,
3.396850e+05,"Ma(d1,d2,d3,d4,d5)",5D,open,-2,1,3,2,-1,,
3.396850e+05,"Ma(d1,d2,d3,d4)",4D,open,-2,1,3,2,0,,
3.396850e+05,"Ma(d1,d2,d3,d4,d5)",5D,open,-2,1,3,2,1,,
3.396850e+05,"Ma(d1,d2,d3,d4,d5)",5D,open,-2,1,3,2,2,,
3.396850e+05,"Ma(d1,d2,d3,d4,d5)",5D,open,-2,1,3,2,3,,
3.396850e+05,"Ma(d1,d2,d3,d4,d5)",5D,open,2,-1,-3,-2,-3,,
3.396850e+05,"Ma(d1,d2,d3,d4,d5)",5D,open,2,-1,-3,-2,-2,,
3.396850e+05,"Ma(d1,d2,d3,d4,d5)",5D,open,2,-1,-3,-2,-1,,
3.396850e+05,"Ma(d1,d2,d3,d4)",4D,open,2,-1,-3,-2,0,,
3.396850e+05,"Ma(d1,d2,d3,d4,d5)",5D,open,2,-1,-3,-2,1,,
3.396850e+05,"Ma(d1,d2,d3,d4,d5)",5D,open,2,-1,-3,-2,2,,
3.396850e+05,"Ma(d1,d2,d3,d4,d5)",5D,open,2,-1,-3,-2,3,,
3.396850e+05,"Ma(d1,d2,d3,d4,d5)",5D,open,2,-1,-3,2,-3,,
3.396850e+05,"Ma(d1,d2,d3,d4,d5)",5D,open,2,-1,-3,2,-2,,
3.396850e+05,"Ma(d1,d2,d3,d4,d5)",5D,open,2,-1,-3,2,-1,,
3.396850e+05,"Ma(d1,d2,d3,d4)",4D,open,2,-1,-3,2,0,,
3.396850e+05,"Ma(d1,d2,d3,d4,d5)",5D,open,2,-1,-3,2,1,,
3.396850e+05,"Ma(d1,d2,d3,d4,d5)",5D,open,2,-1,-3,2,2,,
3.396850e+05,"Ma(d1,d2,d3,d4,d5)",5D,open,2,-1,-3,2,3,,
3.396850e+05,"Ma(d1,d2,d3,d4,d5)",5D,open,2,-1,3,-2,-3,,
3.396850e+05,"Ma(d1,d2,d3,d4,d5)",5D,open,2,-1,3,-2,-2,,
3.396850e+05,"Ma(d1,d2,d3,d4,d5)",5D,open,2,-1,3,-2,-1,,
3.396850e+05,"Ma(d1,d2,d3,d4)",4D,open,2,-1,3,-2,0,,
3.396850e+05,"Ma(d1,d2,d3,d4,d5)",5D,open,2,-1,3,-2,1,,
3.396850e+05,"Ma(d1,d2,d3,d4,d5)",5D,open,2,-1,3,-2,2,,
3.396850e+05,"Ma(d1,d2,d3,d4,d5)",5D,open,2,-1,3,-2,3,,
3.396850e+05,"Ma(d1,d2,d3,d4,d5)",5D,open,2,-1,3,2,-3,,
3.396850e+05,"Ma(d1,d2,d3,d4,d5)",5D,open,2,-1,3,2,-2,,
3.396850e+05,"Ma(d1,d2,d3,d4,d5)",5D,open,2,-1,3,2,-1,,
3.396850e+05,"Ma(d1,d2,d3,d4)",4D,open,2,-1,3,2,0,,
3.396850e+05,"Ma(d1,d2,d3,d4,d5)",5D,open,2,-1,3,2,1,,
3.396850e+05,"Ma(d1,d2,d3,d4,d5)",5D,open,2,-1,3,2,2,,
3.396850e+05,"Ma(d1,d2,d3,d4,d5)",5D,open,2,-1,3,2,3,,
3.396850e+05,"Ma(d1,d2,d3,d4,d5)",5D,open,2,1,-3,-2,-3,,
3.396850e+05,"Ma(d1,d2,d3,d4,d5)",5D,open,2,1,-3,-2,-2,,
3.396850e+05,"Ma(d1,d2,d3,d4,d5)",5D,open,2,1,-3,-2,-1,,
3.396850e+05,"Ma(d1,d2,d3,d4)",4D,open,2,1,-3,-2,0,,
3.396850e+05,"Ma(d1,d2,d3,d4,d5)",5D,open,2,1,-3,-2,1,,
3.396850e+05,"Ma(d1,d2,d3,d4,d5)",5D,open,2,1,-3,-2,2,,
3.396850e+05,"Ma(d1,d2,d3,d4,d5)",5D,open,2,1,-3,-2,3,,
3.396850e+05,"Ma(d1,d2,d3,d4,d5)",5D,open,2,1,-3,2,-3,,
3.396850e+05,"Ma(d1,d2,d3,d4,d5)",5D,open,2,1,-3,2,-2,,
3.396850e+05,"Ma(d1,d2,d3,d4,d5)",5D,open,2,1,-3,2,-1,,
3.396850e+05,"Ma(d1,d2,d3,d4)",4D,open,2,1,-3,2,0,,
3.396850e+05,"Ma(d1,d2,d3,d4,d5)",5D,open,2,1,-3,2,1,,
3.396850e+05,"Ma(d1,d2,d3,d4,d5)",5D,open,2,1,-3,2,2,,
3.396850e+05,"Ma(d1,d2,d3,d4,d5)",5D,open,2,1,-3,2,3,,
3.396850e+05,"Ma(d1,d2,d3,d4,d5)",5D,open,2,1,3,-2,-3,,
3.396850e+05,"Ma(d1,d2,d3,d4,d5)",5D,open,2,1,3,-2,-2,,
3.396850e+05,"Ma(d1,d2,d3,d4,d5)",5D,open,2,1,3,-2,-1,,
3.396850e+05,"Ma(d1,d2,d3,d4)",4D,open,2,1,3,-2,0,,
3.396850e+05,"Ma(d1,d2,d3,d4,d5)",5D,open,2,1,3,-2,1,,
3.396850e+05,"Ma(d1,d2,d3,d4,d5)",5D,open,2,1,3,-2,2,,
3.396850e+05,"Ma(d1,d2,d3,d4,d5)",5D,open,2,1,3,-2,3,,
3.396850e+05,"Ma(d1,d2,d3,d4,d5)",5D,open,2,1,3,2,-3,,
3.396850e+05,"Ma(d1,d2,d3,d4,d5)",5D,open,2,1,3,2,-2,,
3.396850e+05,"Ma(d1,d2,d3,d4,d5)",5D,open,2,1,3,2,-1,,
3.396850e+05,"Ma(d1,d2,d3,d4)",4D,open,2,1,3,2,0,,
3.396850e+05,"Ma(d1,d2,d3,d4,d5)",5D,open,2,1,3,2,1,,
3.396850e+05,"Ma(d1,d2,d3,d4,d5)",5D,open,2,1,3,2,2,,
3.396850e+05,"Ma(d1,d2,d3,d4,d5)",5D,open,2,1,3,2,3,,
3.396850e+05,"Ma(d1,d2,d3,d4,d5)",5D,open,-2,-1,-3,-3,-3,,
3.396850e+05,"Ma(d1,d2,d3,d4,d5)",5D,open,-2,-1,-3,-3,-2,,
3.396850e+05,"Ma(d1,d2,d3,d4,d5)",5D,open,-2,-1,-3,-3,-1,,
3.396850e+05,"Ma(d1,d2,d3,d4)",4D,open,-2,-1,-3,-3,0,,
3.396850e+05,"Ma(d1,d2,d3,d4,d5)",5D,open,-2,-1,-3,-3,1,,
3.396850e+05,"Ma(d1,d2,d3,d4,d5)",5D,open,-2,-1,-3,-3,2,,
3.396850e+05,"Ma(d1,d2,d3,d4,d5)",5D,open,-2,-1,-3,-3,3,,
3.396850e+05,"Ma(d1,d2,d3,d4,d5)",5D,open,-2,-1,-3,3,-3,,
3.396850e+05,"Ma(d1,d2,d3,d4,d5)",5D,open,-2,-1,-3,3,-2,,
3.396850e+05,"Ma(d1,d2,d3,d4,d5)",5D,open,-2,-1,-3,3,-1,,
3.396850e+05,"Ma(d1,d2,d3,d4)",4D,open,-2,-1,-3,3,0,,
3.396850e+05,"Ma(d1,d2,d3,d4,d5)",5D,open,-2,-1,-3,3,1,,
3.396850e+05,"Ma(d1,d2,d3,d4,d5)",5D,open,-2,-1,-3,3,2,,
3.396850e+05,"Ma(d1,d2,d3,d4,d5)",5D,open,-2,-1,-3,3,3,,
3.396850e+05,"Ma(d1,d2,d3,d4,d5)",5D,open,-2,-1,3,-3,-3,,
3.396850e+05,"Ma(d1,d2,d3,d4,d5)",5D,open,-2,-1,3,-3,-2,,
3.396850e+05,"Ma(d1,d2,d3,d4,d5)",5D,open,-2,-1,3,-3,-1,,
3.396850e+05,"Ma(d1,d2,d3,d4)",4D,open,-2,-1,3,-3,0,,
3.396850e+05,"Ma(d1,d2,d3,d4,d5)",5D,open,-2,-1,3,-3,1,,
3.396850e+05,"Ma(d1,d2,d3,d4,d5)",5D,open,-2,-1,3,-3,2,,
3.396850e+05,"Ma(d1,d2,d3,d4,d5)",5D,open,-2,-1,3,-3,3,,
3.396850e+05,"Ma(d1,d2,d3,d4,d5)",5D,open,-2,-1,3,3,-3,,
3.396850e+05,"Ma(d1,d2,d3,d4,d5)",5D,open,-2,-1,3,3,-2,,
3.396850e+05,"Ma(d1,d2,d3,d4,d5)",5D,open,-2,-1,3,3,-1,,
3.396850e+05,"Ma(d1,d2,d3,d4)",4D,open,-2,-1,3,3,0,,
3.396850e+05,"Ma(d1,d2,d3,d4,d5)",5D,open,-2,-1,3,3,1,,
3.396850e+05,"Ma(d1,d2,d3,d4,d5)",5D,open,-2,-1,3,3,2,,
3.396850e+05,"Ma(d1,d2,d3,d4,d5)",5D,open,-2,-1,3,3,3,,
3.396850e+05,"Ma(d1,d2,d3,d4,d5)",5D,open,-2,1,-3,-3,-3,,
3.396850e+05,"Ma(d1,d2,d3,d4,d5)",5D,open,-2,1,-3,-3,-2,,
3.396850e+05,"Ma(d1,d2,d3,d4,d5)",5D,open,-2,1,-3,-3,-1,,
3.396850e+05,"Ma(d1,d2,d3,d4)",4D,open,-2,1,-3,-3,0,,
3.396850e+05,"Ma(d1,d2,d3,d4,d5)",5D,open,-2,1,-3,-3,1,,
3.396850e+05,"Ma(d1,d2,d3,d4,d5)",5D,open,-2,1,-3,-3,2,,
3.396850e+05,"Ma(d1,d2,d3,d4,d5)",5D,open,-2,1,-3,-3,3,,
3.396850e+05,"Ma(d1,d2,d3,d4,d5)",5D,open,-2,1,-3,3,-3,,
3.396850e+05,"Ma(d1,d2,d3,d4,d5)",5D,open,-2,1,-3,3,-2,,
3.396850e+05,"Ma(d1,d2,d3,d4,d5)",5D,open,-2,1,-3,3,-1,,
3.396850e+05,"Ma(d1,d2,d3,d4)",4D,open,-2,1,-3,3,0,,
3.396850e+05,"Ma(d1,d2,d3,d4,d5)",5D,open,-2,1,-3,3,1,,
3.396850e+05,"Ma(d1,d2,d3,d4,d5)",5D,open,-2,1,-3,3,2,,
3.396850e+05,"Ma(d1,d2,d3,d4,d5)",5D,open,-2,1,-3,3,3,,
3.396850e+05,"Ma(d1,d2,d3,d4,d5)",5D,open,-2,1,3,-3,-3,,
3.396850e+05,"Ma(d1,d2,d3,d4,d5)",5D,open,-2,1,3,-3,-2,,
3.396850e+05,"Ma(d1,d2,d3,d4,d5)",5D,open,-2,1,3,-3,-1,,
3.396850e+05,"Ma(d1,d2,d3,d4)",4D,open,-2,1,3,-3,0,,
3.396850e+05,"Ma(d1,d2,d3,d4,d5)",5D,open,-2,1,3,-3,1,,
3.396850e+05,"Ma(d1,d2,d3,d4,d5)",5D,open,-2,1,3,-3,2,,
3.396850e+05,"Ma(d1,d2,d3,d4,d5)",5D,open,-2,1,3,-3,3,,
3.396850e+05,"Ma(d1,d2,d3,d4,d5)",5D,open,-2,1,3,3,-3,,
3.396850e+05,"Ma(d1,d2,d3,d4,d5)",5D,open,-2,1,3,3,-2,,
3.396850e+05,"Ma(d1,d2,d3,d4,d5)",5D,open,-2,1,3,3,-1,,
3.396850e+05,"Ma(d1,d2,d3,d4)",4D,open,-2,1,3,3,0,,
3.396850e+05,"Ma(d1,d2,d3,d4,d5)",5D,open,-2,1,3,3,1,,
3.396850e+05,"Ma(d1,d2,d3,d4,d5)",5D,open,-2,1,3,3,2,,
3.396850e+05,"Ma(d1,d2,d3,d4,d5)",5D,open,-2,1,3,3,3,,
3.396850e+05,"Ma(d1,d2,d3,d4,d5)",5D,open,2,-1,-3,-3,-3,,
3.396850e+05,"Ma(d1,d2,d3,d4,d5)",5D,open,2,-1,-3,-3,-2,,
3.396850e+05,"Ma(d1,d2,d3,d4,d5)",5D,open,2,-1,-3,-3,-1,,
3.396850e+05,"Ma(d1,d2,d3,d4)",4D,open,2,-1,-3,-3,0,,
3.396850e+05,"Ma(d1,d2,d3,d4,d5)",5D,open,2,-1,-3,-3,1,,
3.396850e+05,"Ma(d1,d2,d3,d4,d5)",5D,open,2,-1,-3,-3,2,,
3.396850e+05,"Ma(d1,d2,d3,d4,d5)",5D,open,2,-1,-3,-3,3,,
3.396850e+05,"Ma(d1,d2,d3,d4,d5)",5D,open,2,-1,-3,3,-3,,
3.396850e+05,"Ma(d1,d2,d3,d4,d5)",5D,open,2,-1,-3,3,-2,,
3.396850e+05,"Ma(d1,d2,d3,d4,d5)",5D,open,2,-1,-3,3,-1,,
3.396850e+05,"Ma(d1,d2,d3,d4)",4D,open,2,-1,-3,3,0,,
3.396850e+05,"Ma(d1,d2,d3,d4,d5)",5D,open,2,-1,-3,3,1,,
3.396850e+05,"Ma(d1,d2,d3,d4,d5)",5D,open,2,-1,-3,3,2,,
3.396850e+05,"Ma(d1,d2,d3,d4,d5)",5D,open,2,-1,-3,3,3,,
3.396850e+05,"Ma(d1,d2,d3,d4,d5)",5D,open,2,-1,3,-3,-3,,
3.396850e+05,"Ma(d1,d2,d3,d4,d5)",5D,open,2,-1,3,-3,-2,,
3.396850e+05,"Ma(d1,d2,d3,d4,d5)",5D,open,2,-1,3,-3,-1,,
3.396850e+05,"Ma(d1,d2,d3,d4)",4D,open,2,-1,3,-3,0,,
3.396850e+05,"Ma(d1,d2,d3,d4,d5)",5D,open,2,-1,3,-3,1,,
3.396850e+05,"Ma(d1,d2,d3,d4,d5)",5D,open,2,-1,3,-3,2,,
3.396850e+05,"Ma(d1,d2,d3,d4,d5)",5D,open,2,-1,3,-3,3,,
3.396850e+05,"Ma(d1,d2,d3,d4,d5)",5D,open,2,-1,3,3,-3,,
3.396850e+05,"Ma(d1,d2,d3,d4,d5)",5D,open,2,-1,3,3,-2,,
3.396850e+05,"Ma(d1,d2,d3,d4,d5)",5D,open,2,-1,3,3,-1,,
3.396850e+05,"Ma(d1,d2,d3,d4)",4D,open,2,-1,3,3,0,,
3.396850e+05,"Ma(d1,d2,d3,d4,d5)",5D,open,2,-1,3,3,1,,
3.396850e+05,"Ma(d1,d2,d3,d4,d5)",5D,open,2,-1,3,3,2,,
3.396850e+05,"Ma(d1,d2,d3,d4,d5)",5D,open,2,-1,3,3,3,,
3.396850e+05,"Ma(d1,d2,d3,d4,d5)",5D,open,2,1,-3,-3,-3,,
3.396850e+05,"Ma(d1,d2,d3,d4,d5)",5D,open,2,1,-3,-3,-2,,
3.396850e+05,"Ma(d1,d2,d3,d4,d5)",5D,open,2,1,-3,-3,-1,,
3.396850e+05,"Ma(d1,d2,d3,d4)",4D,open,2,1,-3,-3,0,,
3.396850e+05,"Ma(d1,d2,d3,d4,d5)",5D,open,2,1,-3,-3,1,,
3.396850e+05,"Ma(d1,d2,d3,d4,d5)",5D,open,2,1,-3,-3,2,,
3.396850e+05,"Ma(d1,d2,d3,d4,d5)",5D,open,2,1,-3,-3,3,,
3.396850e+05,"Ma(d1,d2,d3,d4,d5)",5D,open,2,1,-3,3,-3,,
3.396850e+05,"Ma(d1,d2,d3,d4,d5)",5D,open,2,1,-3,3,-2,,
3.396850e+05,"Ma(d1,d2,d3,d4,d5)",5D,open,2,1,-3,3,-1,,
3.396850e+05,"Ma(d1,d2,d3,d4)",4D,open,2,1,-3,3,0,,
3.396850e+05,"Ma(d1,d2,d3,d4,d5)",5D,open,2,1,-3,3,1,,
3.396850e+05,"Ma(d1,d2,d3,d4,d5)",5D,open,2,1,-3,3,2,,
3.396850e+05,"Ma(d1,d2,d3,d4,d5)",5D,open,2,1,-3,3,3,,
3.396850e+05,"Ma(d1,d2,d3,d4,d5)",5D,open,2,1,3,-3,-3,,
3.396850e+05,"Ma(d1,d2,d3,d4,d5)",5D,open,2,1,3,-3,-2,,
3.396850e+05,"Ma(d1,d2,d3,d4,d5)",5D,open,2,1,3,-3,-1,,
3.396850e+05,"Ma(d1,d2,d3,d4)",4D,open,2,1,3,-3,0,,
3.396850e+05,"Ma(d1,d2,d3,d4,d5)",5D,open,2,1,3,-3,1,,
3.396850e+05,"Ma(d1,d2,d3,d4,d5)",5D,open,2,1,3,-3,2,,
3.396850e+05,"Ma(d1,d2,d3,d4,d5)",5D,open,2,1,3,-3,3,,
3.396850e+05,"Ma(d1,d2,d3,d4,d5)",5D,open,2,1,3,3,-3,,
3.396850e+05,"Ma(d1,d2,d3,d4,d5)",5D,open,2,1,3,3,-2,,
3.396850e+05,"Ma(d1,d2,d3,d4,d5)",5D,open,2,1,3,3,-1,,
3.396850e+05,"Ma(d1,d2,d3,d4)",4D,open,2,1,3,3,0,,
3.396850e+05,"Ma(d1,d2,d3,d4,d5)",5D,open,2,1,3,3,1,,
3.396850e+05,"Ma(d1,d2,d3,d4,d5)",5D,open,2,1,3,3,2,,
3.396850e+05,"Ma(d1,d2,d3,d4,d5)",5D,open,2,1,3,3,3,,
3.396918e+05,"Ma(d1,d2,d5)",3D,open,-2,-2,0,0,-3,,
3.396918e+05,"Ma(d1,d2,d5)",3D,open,-2,-2,0,0,-2,,
3.396918e+05,"Ma(d1,d2,d5)",3D,open,-2,-2,0,0,-1,,
3.396918e+05,"Ma(d1,d2,d5)",3D,open,-2,-2,0,0,1,,
3.396918e+05,"Ma(d1,d2,d5)",3D,open,-2,-2,0,0,2,,
3.396918e+05,"Ma(d1,d2,d5)",3D,open,-2,-2,0,0,3,,
3.396918e+05,"Ma(d1,d2,d5)",3D,open,-2,2,0,0,-3,,
3.396918e+05,"Ma(d1,d2,d5)",3D,open,-2,2,0,0,-2,,
3.396918e+05,"Ma(d1,d2,d5)",3D,open,-2,2,0,0,-1,,
3.396918e+05,"Ma(d1,d2,d5)",3D,open,-2,2,0,0,1,,
3.396918e+05,"Ma(d1,d2,d5)",3D,open,-2,2,0,0,2,,
3.396918e+05,"Ma(d1,d2,d5)",3D,open,-2,2,0,0,3,,
3.396918e+05,"Ma(d1,d2,d5)",3D,open,2,-2,0,0,-3,,
3.396918e+05,"Ma(d1,d2,d5)",3D,open,2,-2,0,0,-2,,
3.396918e+05,"Ma(d1,d2,d5)",3D,open,2,-2,0,0,-1,,
3.396918e+05,"Ma(d1,d2,d5)",3D,open,2,-2,0,0,1,,
3.396918e+05,"Ma(d1,d2,d5)",3D,open,2,-2,0,0,2,,
3.396918e+05,"Ma(d1,d2,d5)",3D,open,2,-2,0,0,3,,
3.396918e+05,"Ma(d1,d2,d5)",3D,open,2,2,0,0,-3,,
3.396918e+05,"Ma(d1,d2,d5)",3D,open,2,2,0,0,-2,,
3.396918e+05,"Ma(d1,d2,d5)",3D,open,2,2,0,0,-1,,
3.396918e+05,"Ma(d1,d2,d5)",3D,open,2,2,0,0,1,,
3.396918e+05,"Ma(d1,d2,d5)",3D,open,2,2,0,0,2,,
3.396918e+05,"Ma(d1,d2,d5)",3D,open,2,2,0,0,3,,
3.396918e+05,"Ma(d1,d2,d4,d5)",4D,open,-2,-2,0,-1,-3,,
3.396918e+05,"Ma(d1,d2,d4,d5)",4D,open,-2,-2,0,-1,-2,,
3.396918e+05,"Ma(d1,d2,d4,d5)",4D,open,-2,-2,0,-1,-1,,
3.396918e+05,"Ma(d1,d2,d4)",3D,open,-2,-2,0,-1,0,,
3.396918e+05,"Ma(d1,d2,d4,d5)",4D,open,-2,-2,0,-1,1,,
3.396918e+05,"Ma(d1,d2,d4,d5)",4D,open,-2,-2,0,-1,2,,
3.396918e+05,"Ma(d1,d2,d4,d5)",4D,open,-2,-2,0,-1,3,,
3.396918e+05,"Ma(d1,d2,d4,d5)",4D,open,-2,-2,0,1,-3,,
3.396918e+05,"Ma(d1,d2,d4,d5)",4D,open,-2,-2,0,1,-2,,
3.396918e+05,"Ma(d1,d2,d4,d5)",4D,open,-2,-2,0,1,-1,,
3.396918e+05,"Ma(d1,d2,d4)",3D,open,-2,-2,0,1,0,,
3.396918e+05,"Ma(d1,d2,d4,d5)",4D,open,-2,-2,0,1,1,,
3.396918e+05,"Ma(d1,d2,d4,d5)",4D,open,-2,-2,0,1,2,,
3.396918e+05,"Ma(d1,d2,d4,d5)",4D,open,-2,-2,0,1,3,,
3.396918e+05,"Ma(d1,d2,d4,d5)",4D,open,-2,2,0,-1,-3,,
3.396918e+05,"Ma(d1,d2,d4,d5)",4D,open,-2,2,0,-1,-2,,
3.396918e+05,"Ma(d1,d2,d4,d5)",4D,open,-2,2,0,-1,-1,,
3.396918e+05,"Ma(d1,d2,d4)",3D,open,-2,2,0,-1,0,,
3.396918e+05,"Ma(d1,d2,d4,d5)",4D,open,-2,2,0,-1,1,,
3.396918e+05,"Ma(d1,d2,d4,d5)",4D,open,-2,2,0,-1,2,,
3.396918e+05,"Ma(d1,d2,d4,d5)",4D,open,-2,2,0,-1,3,,
3.396918e+05,"Ma(d1,d2,d4,d5)",4D,open,-2,2,0,1,-3,,
3.396918e+05,"Ma(d1,d2,d4,d5)",4D,open,-2,2,0,1,-2,,
3.396918e+05,"Ma(d1,d2,d4,d5)",4D,open,-2,2,0,1,-1,,
3.396918e+05,"Ma(d1,d2,d4)",3D,open,-2,2,0,1,0,,
3.396918e+05,"Ma(d1,d2,d4,d5)",4D,open,-2,2,0,1,1,,
3.396918e+05,"Ma(d1,d2,d4,d5)",4D,open,-2,2,0,1,2,,
3.396918e+05,"Ma(d1,d2,d4,d5)",4D,open,-2,2,0,1,3,,
3.396918e+05,"Ma(d1,d2,d4,d5)",4D,open,2,-2,0,-1,-3,,
3.396918e+05,"Ma(d1,d2,d4,d5)",4D,open,2,-2,0,-1,-2,,
3.396918e+05,"Ma(d1,d2,d4,d5)",4D,open,2,-2,0,-1,-1,,
3.396918e+05,"Ma(d1,d2,d4)",3D,open,2,-2,0,-1,0,,
3.396918e+05,"Ma(d1,d2,d4,d5)",4D,open,2,-2,0,-1,1,,
3.396918e+05,"Ma(d1,d2,d4,d5)",4D,open,2,-2,0,-1,2,,
3.396918e+05,"Ma(d1,d2,d4,d5)",4D,open,2,-2,0,-1,3,,
3.396918e+05,"Ma(d1,d2,d4,d5)",4D,open,2,-2,0,1,-3,,
3.396918e+05,"Ma(d1,d2,d4,d5)",4D,open,2,-2,0,1,-2,,
3.396918e+05,"Ma(d1,d2,d4,d5)",4D,open,2,-2,0,1,-1,,
3.396918e+05,"Ma(d1,d2,d4)",3D,open,2,-2,0,1,0,,
3.396918e+05,"Ma(d1,d2,d4,d5)",4D,open,2,-2,0,1,1,,
3.396918e+05,"Ma(d1,d2,d4,d5)",4D,open,2,-2,0,1,2,,
3.396918e+05,"Ma(d1,d2,d4,d5)",4D,open,2,-2,0,1,3,,
3.396918e+05,"Ma(d1,d2,d4,d5)",4D,open,2,2,0,-1,-3,,
3.396918e+05,"Ma(d1,d2,d4,d5)",4D,open,2,2,0,-1,-2,,
3.396918e+05,"Ma(d1,d2,d4,d5)",4D,open,2,2,0,-1,-1,,
3.396918e+05,"Ma(d1,d2,d4)",3D,open,2,2,0,-1,0,,
3.396918e+05,"Ma(d1,d2,d4,d5)",4D,open,2,2,0,-1,1,,
3.396918e+05,"Ma(d1,d2,d4,d5)",4D,open,2,2,0,-1,2,,
3.396918e+05,"Ma(d1,d2,d4,d5)",4D,open,2,2,0,-1,3,,
3.396918e+05,"Ma(d1,d2,d4,d5)",4D,open,2,2,0,1,-3,,
3.396918e+05,"Ma(d1,d2,d4,d5)",4D,open,2,2,0,1,-2,,
3.396918e+05,"Ma(d1,d2,d4,d5)",4D,open,2,2,0,1,-1,,
3.396918e+05,"Ma(d1,d2,d4)",3D,open,2,2,0,1,0,,
3.396918e+05,"Ma(d1,d2,d4,d5)",4D,open,2,2,0,1,1,,
3.396918e+05,"Ma(d1,d2,d4,d5)",4D,open,2,2,0,1,2,,
3.396918e+05,"Ma(d1,d2,d4,d5)",4D,open,2,2,0,1,3,,
3.396918e+05,"Ma(d1,d2,d4,d5)",4D,open,-2,-2,0,-2,-3,,
3.396918e+05,"Ma(d1,d2,d4,d5)",4D,open,-2,-2,0,-2,-2,,
3.396918e+05,"Ma(d1,d2,d4,d5)",4D,open,-2,-2,0,-2,-1,,
3.396918e+05,"Ma(d1,d2,d4)",3D,open,-2,-2,0,-2,0,,
3.396918e+05,"Ma(d1,d2,d4,d5)",4D,open,-2,-2,0,-2,1,,
3.396918e+05,"Ma(d1,d2,d4,d5)",4D,open,-2,-2,0,-2,2,,
3.396918e+05,"Ma(d1,d2,d4,d5)",4D,open,-2,-2,0,-2,3,,
3.396918e+05,"Ma(d1,d2,d4,d5)",4D,open,-2,-2,0,2,-3,,
3.396918e+05,"Ma(d1,d2,d4,d5)",4D,open,-2,-2,0,2,-2,,
3.396918e+05,"Ma(d1,d2,d4,d5)",4D,open,-2,-2,0,2,-1,,
3.396918e+05,"Ma(d1,d2,d4)",3D,open,-2,-2,0,2,0,,
3.396918e+05,"Ma(d1,d2,d4,d5)",4D,open,-2,-2,0,2,1,,
3.396918e+05,"Ma(d1,d2,d4,d5)",4D,open,-2,-2,0,2,2,,
3.396918e+05,"Ma(d1,d2,d4,d5)",4D,open,-2,-2,0,2,3,,
3.396918e+05,"Ma(d1,d2,d4,d5)",4D,open,-2,2,0,-2,-3,,
3.396918e+05,"Ma(d1,d2,d4,d5)",4D,open,-2,2,0,-2,-2,,
3.396918e+05,"Ma(d1,d2,d4,d5)",4D,open,-2,2,0,-2,-1,,
3.396918e+05,"Ma(d1,d2,d4)",3D,open,-2,2,0,-2,0,,
3.396918e+05,"Ma(d1,d2,d4,d5)",4D,open,-2,2,0,-2,1,,
3.396918e+05,"Ma(d1,d2,d4,d5)",4D,open,-2,2,0,-2,2,,
3.396918e+05,"Ma(d1,d2,d4,d5)",4D,open,-2,2,0,-2,3,,
3.396918e+05,"Ma(d1,d2,d4,d5)",4D,open,-2,2,0,2,-3,,
3.396918e+05,"Ma(d1,d2,d4,d5)",4D,open,-2,2,0,2,-2,,
3.396918e+05,"Ma(d1,d2,d4,d5)",4D,open,-2,2,0,2,-1,,
3.396918e+05,"Ma(d1,d2,d4)",3D,open,-2,2,0,2,0,,
3.396918e+05,"Ma(d1,d2,d4,d5)",4D,open,-2,2,0,2,1,,
3.396918e+05,"Ma(d1,d2,d4,d5)",4D,open,-2,2,0,2,2,,
3.396918e+05,"Ma(d1,d2,d4,d5)",4D,open,-2,2,0,2,3,,
3.396918e+05,"Ma(d1,d2,d4,d5)",4D,open,2,-2,0,-2,-3,,
3.396918e+05,"Ma(d1,d2,d4,d5)",4D,open,2,-2,0,-2,-2,,
3.396918e+05,"Ma(d1,d2,d4,d5)",4D,open,2,-2,0,-2,-1,,
3.396918e+05,"Ma(d1,d2,d4)",3D,open,2,-2,0,-2,0,,
3.396918e+05,"Ma(d1,d2,d4,d5)",4D,open,2,-2,0,-2,1,,
3.396918e+05,"Ma(d1,d2,d4,d5)",4D,open,2,-2,0,-2,2,,
3.396918e+05,"Ma(d1,d2,d4,d5)",4D,open,2,-2,0,-2,3,,
3.396918e+05,"Ma(d1,d2,d4,d5)",4D,open,2,-2,0,2,-3,,
3.396918e+05,"Ma(d1,d2,d4,d5)",4D,open,2,-2,0,2,-2,,
3.396918e+05,"Ma(d1,d2,d4,d5)",4D,open,2,-2,0,2,-1,,
3.396918e+05,"Ma(d1,d2,d4)",3D,open,2,-2,0,2,0,,
3.396918e+05,"Ma(d1,d2,d4,d5)",4D,open,2,-2,0,2,1,,
3.396918e+05,"Ma(d1,d2,d4,d5)",4D,open,2,-2,0,2,2,,
3.396918e+05,"Ma(d1,d2,d4,d5)",4D,open,2,-2,0,2,3,,
3.396918e+05,"Ma(d1,d2,d4,d5)",4D,open,2,2,0,-2,-3,,
3.396918e+05,"Ma(d1,d2,d4,d5)",4D,open,2,2,0,-2,-2,,
3.396918e+05,"Ma(d1,d2,d4,d5)",4D,open,2,2,0,-2,-1,,
3.396918e+05,"Ma(d1,d2,d4)",3D,open,2,2,0,-2,0,,
3.396918e+05,"Ma(d1,d2,d4,d5)",4D,open,2,2,0,-2,1,,
3.396918e+05,"Ma(d1,d2,d4,d5)",4D,open,2,2,0,-2,2,,
3.396918e+05,"Ma(d1,d2,d4,d5)",4D,open,2,2,0,-2,3,,
3.396918e+05,"Ma(d1,d2,d4,d5)",4D,open,2,2,0,2,-3,,
3.396918e+05,"Ma(d1,d2,d4,d5)",4D,open,2,2,0,2,-2,,
3.396918e+05,"Ma(d1,d2,d4,d5)",4D,open,2,2,0,2,-1,,
3.396918e+05,"Ma(d1,d2,d4)",3D,open,2,2,0,2,0,,
3.396918e+05,"Ma(d1,d2,d4,d5)",4D,open,2,2,0,2,1,,
3.396918e+05,"Ma(d1,d2,d4,d5)",4D,open,2,2,0,2,2,,
3.396918e+05,"Ma(d1,d2,d4,d5)",4D,open,2,2,0,2,3,,
3.396918e+05,"Ma(d1,d2,d4,d5)",4D,open,-2,-2,0,-3,-3,,
3.396918e+05,"Ma(d1,d2,d4,d5)",4D,open,-2,-2,0,-3,-2,,
3.396918e+05,"Ma(d1,d2,d4,d5)",4D,open,-2,-2,0,-3,-1,,
3.396918e+05,"Ma(d1,d2,d4)",3D,open,-2,-2,0,-3,0,,
3.396918e+05,"Ma(d1,d2,d4,d5)",4D,open,-2,-2,0,-3,1,,
3.396918e+05,"Ma(d1,d2,d4,d5)",4D,open,-2,-2,0,-3,2,,
3.396918e+05,"Ma(d1,d2,d4,d5)",4D,open,-2,-2,0,-3,3,,
3.396918e+05,"Ma(d1,d2,d4,d5)",4D,open,-2,-2,0,3,-3,,
3.396918e+05,"Ma(d1,d2,d4,d5)",4D,open,-2,-2,0,3,-2,,
3.396918e+05,"Ma(d1,d2,d4,d5)",4D,open,-2,-2,0,3,-1,,
3.396918e+05,"Ma(d1,d2,d4)",3D,open,-2,-2,0,3,0,,
3.396918e+05,"Ma(d1,d2,d4,d5)",4D,open,-2,-2,0,3,1,,
3.396918e+05,"Ma(d1,d2,d4,d5)",4D,open,-2,-2,0,3,2,,
3.396918e+05,"Ma(d1,d2,d4,d5)",4D,open,-2,-2,0,3,3,,
3.396918e+05,"Ma(d1,d2,d4,d5)",4D,open,-2,2,0,-3,-3,,
3.396918e+05,"Ma(d1,d2,d4,d5)",4D,open,-2,2,0,-3,-2,,
3.396918e+05,"Ma(d1,d2,d4,d5)",4D,open,-2,2,0,-3,-1,,
3.396918e+05,"Ma(d1,d2,d4)",3D,open,-2,2,0,-3,0,,
3.396918e+05,"Ma(d1,d2,d4,d5)",4D,open,-2,2,0,-3,1,,
3.396918e+05,"Ma(d1,d2,d4,d5)",4D,open,-2,2,0,-3,2,,
3.396918e+05,"Ma(d1,d2,d4,d5)",4D,open,-2,2,0,-3,3,,
3.396918e+05,"Ma(d1,d2,d4,d5)",4D,open,-2,2,0,3,-3,,
3.396918e+05,"Ma(d1,d2,d4,d5)",4D,open,-2,2,0,3,-2,,
3.396918e+05,"Ma(d1,d2,d4,d5)",4D,open,-2,2,0,3,-1,,
3.396918e+05,"Ma(d1,d2,d4)",3D,open,-2,2,0,3,0,,
3.396918e+05,"Ma(d1,d2,d4,d5)",4D,open,-2,2,0,3,1,,
3.396918e+05,"Ma(d1,d2,d4,d5)",4D,open,-2,2,0,3,2,,
3.396918e+05,"Ma(d1,d2,d4,d5)",4D,open,-2,2,0,3,3,,
3.396918e+05,"Ma(d1,d2,d4,d5)",4D,open,2,-2,0,-3,-3,,
3.396918e+05,"Ma(d1,d2,d4,d5)",4D,open,2,-2,0,-3,-2,,
3.396918e+05,"Ma(d1,d2,d4,d5)",4D,open,2,-2,0,-3,-1,,
3.396918e+05,"Ma(d1,d2,d4)",3D,open,2,-2,0,-3,0,,
3.396918e+05,"Ma(d1,d2,d4,d5)",4D,open,2,-2,0,-3,1,,
3.396918e+05,"Ma(d1,d2,d4,d5)",4D,open,2,-2,0,-3,2,,
3.396918e+05,"Ma(d1,d2,d4,d5)",4D,open,2,-2,0,-3,3,,
3.396918e+05,"Ma(d1,d2,d4,d5)",4D,open,2,-2,0,3,-3,,
3.396918e+05,"Ma(d1,d2,d4,d5)",4D,open,2,-2,0,3,-2,,
3.396918e+05,"Ma(d1,d2,d4,d5)",4D,open,2,-2,0,3,-1,,
3.396918e+05,"Ma(d1,d2,d4)",3D,open,2,-2,0,3,0,,
3.396918e+05,"Ma(d1,d2,d4,d5)",4D,open,2,-2,0,3,1,,
3.396918e+05,"Ma(d1,d2,d4,d5)",4D,open,2,-2,0,3,2,,
3.396918e+05,"Ma(d1,d2,d4,d5)",4D,open,2,-2,0,3,3,,
3.396918e+05,"Ma(d1,d2,d4,d5)",4D,open,2,2,0,-3,-3,,
3.396918e+05,"Ma(d1,d2,d4,d5)",4D,open,2,2,0,-3,-2,,
3.396918e+05,"Ma(d1,d2,d4,d5)",4D,open,2,2,0,-3,-1,,
3.396918e+05,"Ma(d1,d2,d4)",3D,open,2,2,0,-3,0,,
3.396918e+05,"Ma(d1,d2,d4,d5)",4D,open,2,2,0,-3,1,,
3.396918e+05,"Ma(d1,d2,d4,d5)",4D,open,2,2,0,-3,2,,
3.396918e+05,"Ma(d1,d2,d4,d5)",4D,open,2,2,0,-3,3,,
3.396918e+05,"Ma(d1,d2,d4,d5)",4D,open,2,2,0,3,-3,,
3.396918e+05,"Ma(d1,d2,d4,d5)",4D,open,2,2,0,3,-2,,
3.396918e+05,"Ma(d1,d2,d4,d5)",4D,open,2,2,0,3,-1,,
3.396918e+05,"Ma(d1,d2,d4)",3D,open,2,2,0,3,0,,
3.396918e+05,"Ma(d1,d2,d4,d5)",4D,open,2,2,0,3,1,,
3.396918e+05,"Ma(d1,d2,d4,d5)",4D,open,2,2,0,3,2,,
3.396918e+05,"Ma(d1,d2,d4,d5)",4D,open,2,2,0,3,3,,
3.396918e+05,"Ma(d1,d2,d3,d5)",4D,open,-2,-2,-1,0,-3,,
3.396918e+05,"Ma(d1,d2,d3,d5)",4D,open,-2,-2,-1,0,-2,,
3.396918e+05,"Ma(d1,d2,d3,d5)",4D,open,-2,-2,-1,0,-1,,
3.396918e+05,"Ma(d1,d2,d3)",3D,open,-2,-2,-1,0,0,,
3.396918e+05,"Ma(d1,d2,d3,d5)",4D,open,-2,-2,-1,0,1,,
3.396918e+05,"Ma(d1,d2,d3,d5)",4D,open,-2,-2,-1,0,2,,
3.396918e+05,"Ma(d1,d2,d3,d5)",4D,open,-2,-2,-1,0,3,,
3.396918e+05,"Ma(d1,d2,d3,d5)",4D,open,-2,-2,1,0,-3,,
3.396918e+05,"Ma(d1,d2,d3,d5)",4D,open,-2,-2,1,0,-2,,
3.396918e+05,"Ma(d1,d2,d3,d5)",4D,open,-2,-2,1,0,-1,,
3.396918e+05,"Ma(d1,d2,d3)",3D,open,-2,-2,1,0,0,,
3.396918e+05,"Ma(d1,d2,d3,d5)",4D,open,-2,-2,1,0,1,,
3.396918e+05,"Ma(d1,d2,d3,d5)",4D,open,-2,-2,1,0,2,,
3.396918e+05,"Ma(d1,d2,d3,d5)",4D,open,-2,-2,1,0,3,,
3.396918e+05,"Ma(d1,d2,d3,d5)",4D,open,-2,2,-1,0,-3,,
3.396918e+05,"Ma(d1,d2,d3,d5)",4D,open,-2,2,-1,0,-2,,
3.396918e+05,"Ma(d1,d2,d3,d5)",4D,open,-2,2,-1,0,-1,,
3.396918e+05,"Ma(d1,d2,d3)",3D,open,-2,2,-1,0,0,,
3.396918e+05,"Ma(d1,d2,d3,d5)",4D,open,-2,2,-1,0,1,,
3.396918e+05,"Ma(d1,d2,d3,d5)",4D,open,-2,2,-1,0,2,,
3.396918e+05,"Ma(d1,d2,d3,d5)",4D,open,-2,2,-1,0,3,,
3.396918e+05,"Ma(d1,d2,d3,d5)",4D,open,-2,2,1,0,-3,,
3.396918e+05,"Ma(d1,d2,d3,d5)",4D,open,-2,2,1,0,-2,,
3.396918e+05,"Ma(d1,d2,d3,d5)",4D,open,-2,2,1,0,-1,,
3.396918e+05,"Ma(d1,d2,d3)",3D,open,-2,2,1,0,0,,
3.396918e+05,"Ma(d1,d2,d3,d5)",4D,open,-2,2,1,0,1,,
3.396918e+05,"Ma(d1,d2,d3,d5)",4D,open,-2,2,1,0,2,,
3.396918e+05,"Ma(d1,d2,d3,d5)",4D,open,-2,2,1,0,3,,
3.396918e+05,"Ma(d1,d2,d3,d5)",4D,open,2,-2,-1,0,-3,,
3.396918e+05,"Ma(d1,d2,d3,d5)",4D,open,2,-2,-1,0,-2,,
3.396918e+05,"Ma(d1,d2,d3,d5)",4D,open,2,-2,-1,0,-1,,
3.396918e+05,"Ma(d1,d2,d3)",3D,open,2,-2,-1,0,0,,
3.396918e+05,"Ma(d1,d2,d3,d5)",4D,open,2,-2,-1,0,1,,
3.396918e+05,"Ma(d1,d2,d3,d5)",4D,open,2,-2,-1,0,2,,
3.396918e+05,"Ma(d1,d2,d3,d5)",4D,open,2,-2,-1,0,3,,
3.396918e+05,"Ma(d1,d2,d3,d5)",4D,open,2,-2,1,0,-3,,
3.396918e+05,"Ma(d1,d2,d3,d5)",4D,open,2,-2,1,0,-2,,
3.396918e+05,"Ma(d1,d2,d3,d5)",4D,open,2,-2,1,0,-1,,
3.396918e+05,"Ma(d1,d2,d3)",3D,open,2,-2,1,0,0,,
3.396918e+05,"Ma(d1,d2,d3,d5)",4D,open,2,-2,1,0,1,,
3.396918e+05,"Ma(d1,d2,d3,d5)",4D,open,2,-2,1,0,2,,
3.396918e+05,"Ma(d1,d2,d3,d5)",4D,open,2,-2,1,0,3,,
3.396918e+05,"Ma(d1,d2,d3,d5)",4D,open,2,2,-1,0,-3,,
3.396918e+05,"Ma(d1,d2,d3,d5)",4D,open,2,2,-1,0,-2,,
3.396918e+05,"Ma(d1,d2,d3,d5)",4D,open,2,2,-1,0,-1,,
3.396918e+05,"Ma(d1,d2,d3)",3D,open,2,2,-1,0,0,,
3.396918e+05,"Ma(d1,d2,d3,d5)",4D,open,2,2,-1,0,1,,
3.396918e+05,"Ma(d1,d2,d3,d5)",4D,open,2,2,-1,0,2,,
3.396918e+05,"Ma(d1,d2,d3,d5)",4D,open,2,2,-1,0,3,,
3.396918e+05,"Ma(d1,d2,d3,d5)",4D,open,2,2,1,0,-3,,
3.396918e+05,"Ma(d1,d2,d3,d5)",4D,open,2,2,1,0,-2,,
3.396918e+05,"Ma(d1,d2,d3,d5)",4D,open,2,2,1,0,-1,,
3.396918e+05,"Ma(d1,d2,d3)",3D,open,2,2,1,0,0,,
3.396918e+05,"Ma(d1,d2,d3,d5)",4D,open,2,2,1,0,1,,
3.396918e+05,"Ma(d1,d2,d3,d5)",4D,open,2,2,1,0,2,,
3.396918e+05,"Ma(d1,d2,d3,d5)",4D,open,2,2,1,0,3,,
3.396918e+05,"Ma(d1,d2,d3,d4,d5)",5D,open,-2,-2,-1,-1,-3,,
3.396918e+05,"Ma(d1,d2,d3,d4,d5)",5D,open,-2,-2,-1,-1,-2,,
3.396918e+05,"Ma(d1,d2,d3,d4,d5)",5D,open,-2,-2,-1,-1,-1,,
3.396918e+05,"Ma(d1,d2,d3,d4)",4D,open,-2,-2,-1,-1,0,,
3.396918e+05,"Ma(d1,d2,d3,d4,d5)",5D,open,-2,-2,-1,-1,1,,
3.396918e+05,"Ma(d1,d2,d3,d4,d5)",5D,open,-2,-2,-1,-1,2,,
3.396918e+05,"Ma(d1,d2,d3,d4,d5)",5D,open,-2,-2,-1,-1,3,,
3.396918e+05,"Ma(d1,d2,d3,d4,d5)",5D,open,-2,-2,-1,1,-3,,
3.396918e+05,"Ma(d1,d2,d3,d4,d5)",5D,open,-2,-2,-1,1,-2,,
3.396918e+05,"Ma(d1,d2,d3,d4,d5)",5D,open,-2,-2,-1,1,-1,,
3.396918e+05,"Ma(d1,d2,d3,d4)",4D,open,-2,-2,-1,1,0,,
3.396918e+05,"Ma(d1,d2,d3,d4,d5)",5D,open,-2,-2,-1,1,1,,
3.396918e+05,"Ma(d1,d2,d3,d4,d5)",5D,open,-2,-2,-1,1,2,,
3.396918e+05,"Ma(d1,d2,d3,d4,d5)",5D,open,-2,-2,-1,1,3,,
3.396918e+05,"Ma(d1,d2,d3,d4,d5)",5D,open,-2,-2,1,-1,-3,,
3.396918e+05,"Ma(d1,d2,d3,d4,d5)",5D,open,-2,-2,1,-1,-2,,
3.396918e+05,"Ma(d1,d2,d3,d4,d5)",5D,open,-2,-2,1,-1,-1,,
3.396918e+05,"Ma(d1,d2,d3,d4)",4D,open,-2,-2,1,-1,0,,
3.396918e+05,"Ma(d1,d2,d3,d4,d5)",5D,open,-2,-2,1,-1,1,,
3.396918e+05,"Ma(d1,d2,d3,d4,d5)",5D,open,-2,-2,1,-1,2,,
3.396918e+05,"Ma(d1,d2,d3,d4,d5)",5D,open,-2,-2,1,-1,3,,
3.396918e+05,"Ma(d1,d2,d3,d4,d5)",5D,open,-2,-2,1,1,-3,,
3.396918e+05,"Ma(d1,d2,d3,d4,d5)",5D,open,-2,-2,1,1,-2,,
3.396918e+05,"Ma(d1,d2,d3,d4,d5)",5D,open,-2,-2,1,1,-1,,
3.396918e+05,"Ma(d1,d2,d3,d4)",4D,open,-2,-2,1,1,0,,
3.396918e+05,"Ma(d1,d2,d3,d4,d5)",5D,open,-2,-2,1,1,1,,
3.396918e+05,"Ma(d1,d2,d3,d4,d5)",5D,open,-2,-2,1,1,2,,
3.396918e+05,"Ma(d1,d2,d3,d4,d5)",5D,open,-2,-2,1,1,3,,
3.396918e+05,"Ma(d1,d2,d3,d4,d5)",5D,open,-2,2,-1,-1,-3,,
3.396918e+05,"Ma(d1,d2,d3,d4,d5)",5D,open,-2,2,-1,-1,-2,,
3.396918e+05,"Ma(d1,d2,d3,d4,d5)",5D,open,-2,2,-1,-1,-1,,
3.396918e+05,"Ma(d1,d2,d3,d4)",4D,open,-2,2,-1,-1,0,,
3.396918e+05,"Ma(d1,d2,d3,d4,d5)",5D,open,-2,2,-1,-1,1,,
3.396918e+05,"Ma(d1,d2,d3,d4,d5)",5D,open,-2,2,-1,-1,2,,
3.396918e+05,"Ma(d1,d2,d3,d4,d5)",5D,open,-2,2,-1,-1,3,,
3.396918e+05,"Ma(d1,d2,d3,d4,d5)",5D,open,-2,2,-1,1,-3,,
3.396918e+05,"Ma(d1,d2,d3,d4,d5)",5D,open,-2,2,-1,1,-2,,
3.396918e+05,"Ma(d1,d2,d3,d4,d5)",5D,open,-2,2,-1,1,-1,,
3.396918e+05,"Ma(d1,d2,d3,d4)",4D,open,-2,2,-1,1,0,,
3.396918e+05,"Ma(d1,d2,d3,d4,d5)",5D,open,-2,2,-1,1,1,,
3.396918e+05,"Ma(d1,d2,d3,d4,d5)",5D,open,-2,2,-1,1,2,,
3.396918e+05,"Ma(d1,d2,d3,d4,d5)",5D,open,-2,2,-1,1,3,,
3.396918e+05,"Ma(d1,d2,d3,d4,d5)",5D,open,-2,2,1,-1,-3,,
3.396918e+05,"Ma(d1,d2,d3,d4,d5)",5D,open,-2,2,1,-1,-2,,
3.396918e+05,"Ma(d1,d2,d3,d4,d5)",5D,open,-2,2,1,-1,-1,,
3.396918e+05,"Ma(d1,d2,d3,d4)",4D,open,-2,2,1,-1,0,,
3.396918e+05,"Ma(d1,d2,d3,d4,d5)",5D,open,-2,2,1,-1,1,,
3.396918e+05,"Ma(d1,d2,d3,d4,d5)",5D,open,-2,2,1,-1,2,,
3.396918e+05,"Ma(d1,d2,d3,d4,d5)",5D,open,-2,2,1,-1,3,,
3.396918e+05,"Ma(d1,d2,d3,d4,d5)",5D,open,-2,2,1,1,-3,,
3.396918e+05,"Ma(d1,d2,d3,d4,d5)",5D,open,-2,2,1,1,-2,,
3.396918e+05,"Ma(d1,d2,d3,d4,d5)",5D,open,-2,2,1,1,-1,,
3.396918e+05,"Ma(d1,d2,d3,d4)",4D,open,-2,2,1,1,0,,
3.396918e+05,"Ma(d1,d2,d3,d4,d5)",5D,open,-2,2,1,1,1,,
3.396918e+05,"Ma(d1,d2,d3,d4,d5)",5D,open,-2,2,1,1,2,,
3.396918e+05,"Ma(d1,d2,d3,d4,d5)",5D,open,-2,2,1,1,3,,
3.396918e+05,"Ma(d1,d2,d3,d4,d5)",5D,open,2,-2,-1,-1,-3,,
3.396918e+05,"Ma(d1,d2,d3,d4,d5)",5D,open,2,-2,-1,-1,-2,,
3.396918e+05,"Ma(d1,d2,d3,d4,d5)",5D,open,2,-2,-1,-1,-1,,
3.396918e+05,"Ma(d1,d2,d3,d4)",4D,open,2,-2,-1,-1,0,,
3.396918e+05,"Ma(d1,d2,d3,d4,d5)",5D,open,2,-2,-1,-1,1,,
3.396918e+05,"Ma(d1,d2,d3,d4,d5)",5D,open,2,-2,-1,-1,2,,
3.396918e+05,"Ma(d1,d2,d3,d4,d5)",5D,open,2,-2,-1,-1,3,,
3.396918e+05,"Ma(d1,d2,d3,d4,d5)",5D,open,2,-2,-1,1,-3,,
3.396918e+05,"Ma(d1,d2,d3,d4,d5)",5D,open,2,-2,-1,1,-2,,
3.396918e+05,"Ma(d1,d2,d3,d4,d5)",5D,open,2,-2,-1,1,-1,,
3.396918e+05,"Ma(d1,d2,d3,d4)",4D,open,2,-2,-1,1,0,,
3.396918e+05,"Ma(d1,d2,d3,d4,d5)",5D,open,2,-2,-1,1,1,,
3.396918e+05,"Ma(d1,d2,d3,d4,d5)",5D,open,2,-2,-1,1,2,,
3.396918e+05,"Ma(d1,d2,d3,d4,d5)",5D,open,2,-2,-1,1,3,,
3.396918e+05,"Ma(d1,d2,d3,d4,d5)",5D,open,2,-2,1,-1,-3,,
3.396918e+05,"Ma(d1,d2,d3,d4,d5)",5D,open,2,-2,1,-1,-2,,
3.396918e+05,"Ma(d1,d2,d3,d4,d5)",5D,open,2,-2,1,-1,-1,,
3.396918e+05,"Ma(d1,d2,d3,d4)",4D,open,2,-2,1,-1,0,,
3.396918e+05,"Ma(d1,d2,d3,d4,d5)",5D,open,2,-2,1,-1,1,,
3.396918e+05,"Ma(d1,d2,d3,d4,d5)",5D,open,2,-2,1,-1,2,,
3.396918e+05,"Ma(d1,d2,d3,d4,d5)",5D,open,2,-2,1,-1,3,,
3.396918e+05,"Ma(d1,d2,d3,d4,d5)",5D,open,2,-2,1,1,-3,,
3.396918e+05,"Ma(d1,d2,d3,d4,d5)",5D,open,2,-2,1,1,-2,,
3.396918e+05,"Ma(d1,d2,d3,d4,d5)",5D,open,2,-2,1,1,-1,,
3.396918e+05,"Ma(d1,d2,d3,d4)",4D,open,2,-2,1,1,0,,
3.396918e+05,"Ma(d1,d2,d3,d4,d5)",5D,open,2,-2,1,1,1,,
3.396918e+05,"Ma(d1,d2,d3,d4,d5)",5D,open,2,-2,1,1,2,,
3.396918e+05,"Ma(d1,d2,d3,d4,d5)",5D,open,2,-2,1,1,3,,
3.396918e+05,"Ma(d1,d2,d3,d4,d5)",5D,open,2,2,-1,-1,-3,,
3.396918e+05,"Ma(d1,d2,d3,d4,d5)",5D,open,2,2,-1,-1,-2,,
3.396918e+05,"Ma(d1,d2,d3,d4,d5)",5D,open,2,2,-1,-1,-1,,
3.396918e+05,"Ma(d1,d2,d3,d4)",4D,open,2,2,-1,-1,0,,
3.396918e+05,"Ma(d1,d2,d3,d4,d5)",5D,open,2,2,-1,-1,1,,
3.396918e+05,"Ma(d1,d2,d3,d4,d5)",5D,open,2,2,-1,-1,2,,
3.396918e+05,"Ma(d1,d2,d3,d4,d5)",5D,open,2,2,-1,-1,3,,
3.396918e+05,"Ma(d1,d2,d3,d4,d5)",5D,open,2,2,-1,1,-3,,
3.396918e+05,"Ma(d1,d2,d3,d4,d5)",5D,open,2,2,-1,1,-2,,
3.396918e+05,"Ma(d1,d2,d3,d4,d5)",5D,open,2,2,-1,1,-1,,
3.396918e+05,"Ma(d1,d2,d3,d4)",4D,open,2,2,-1,1,0,,
3.396918e+05,"Ma(d1,d2,d3,d4,d5)",5D,open,2,2,-1,1,1,,
3.396918e+05,"Ma(d1,d2,d3,d4,d5)",5D,open,2,2,-1,1,2,,
3.396918e+05,"Ma(d1,d2,d3,d4,d5)",5D,open,2,2,-1,1,3,,
3.396918e+05,"Ma(d1,d2,d3,d4,d5)",5D,open,2,2,1,-1,-3,,
3.396918e+05,"Ma(d1,d2,d3,d4,d5)",5D,open,2,2,1,-1,-2,,
3.396918e+05,"Ma(d1,d2,d3,d4,d5)",5D,open,2,2,1,-1,-1,,
3.396918e+05,"Ma(d1,d2,d3,d4)",4D,open,2,2,1,-1,0,,
3.396918e+05,"Ma(d1,d2,d3,d4,d5)",5D,open,2,2,1,-1,1,,
3.396918e+05,"Ma(d1,d2,d3,d4,d5)",5D,open,2,2,1,-1,2,,
3.396918e+05,"Ma(d1,d2,d3,d4,d5)",5D,open,2,2,1,-1,3,,
3.396918e+05,"Ma(d1,d2,d3,d4,d5)",5D,open,2,2,1,1,-3,,
3.396918e+05,"Ma(d1,d2,d3,d4,d5)",5D,open,2,2,1,1,-2,,
3.396918e+05,"Ma(d1,d2,d3,d4,d5)",5D,open,2,2,1,1,-1,,
3.396918e+05,"Ma(d1,d2,d3,d4)",4D,open,2,2,1,1,0,,
3.396918e+05,"Ma(d1,d2,d3,d4,d5)",5D,open,2,2,1,1,1,,
3.396918e+05,"Ma(d1,d2,d3,d4,d5)",5D,open,2,2,1,1,2,,
3.396918e+05,"Ma(d1,d2,d3,d4,d5)",5D,open,2,2,1,1,3,,
3.396918e+05,"Ma(d1,d2,d3,d4,d5)",5D,open,-2,-2,-1,-2,-3,,
3.396918e+05,"Ma(d1,d2,d3,d4,d5)",5D,open,-2,-2,-1,-2,-2,,
3.396918e+05,"Ma(d1,d2,d3,d4,d5)",5D,open,-2,-2,-1,-2,-1,,
3.396918e+05,"Ma(d1,d2,d3,d4)",4D,open,-2,-2,-1,-2,0,,
3.396918e+05,"Ma(d1,d2,d3,d4,d5)",5D,open,-2,-2,-1,-2,1,,
3.396918e+05,"Ma(d1,d2,d3,d4,d5)",5D,open,-2,-2,-1,-2,2,,
3.396918e+05,"Ma(d1,d2,d3,d4,d5)",5D,open,-2,-2,-1,-2,3,,
3.396918e+05,"Ma(d1,d2,d3,d4,d5)",5D,open,-2,-2,-1,2,-3,,
3.396918e+05,"Ma(d1,d2,d3,d4,d5)",5D,open,-2,-2,-1,2,-2,,
3.396918e+05,"Ma(d1,d2,d3,d4,d5)",5D,open,-2,-2,-1,2,-1,,
3.396918e+05,"Ma(d1,d2,d3,d4)",4D,open,-2,-2,-1,2,0,,
3.396918e+05,"Ma(d1,d2,d3,d4,d5)",5D,open,-2,-2,-1,2,1,,
3.396918e+05,"Ma(d1,d2,d3,d4,d5)",5D,open,-2,-2,-1,2,2,,
3.396918e+05,"Ma(d1,d2,d3,d4,d5)",5D,open,-2,-2,-1,2,3,,
3.396918e+05,"Ma(d1,d2,d3,d4,d5)",5D,open,-2,-2,1,-2,-3,,
3.396918e+05,"Ma(d1,d2,d3,d4,d5)",5D,open,-2,-2,1,-2,-2,,
3.396918e+05,"Ma(d1,d2,d3,d4,d5)",5D,open,-2,-2,1,-2,-1,,
3.396918e+05,"Ma(d1,d2,d3,d4)",4D,open,-2,-2,1,-2,0,,
3.396918e+05,"Ma(d1,d2,d3,d4,d5)",5D,open,-2,-2,1,-2,1,,
3.396918e+05,"Ma(d1,d2,d3,d4,d5)",5D,open,-2,-2,1,-2,2,,
3.396918e+05,"Ma(d1,d2,d3,d4,d5)",5D,open,-2,-2,1,-2,3,,
3.396918e+05,"Ma(d1,d2,d3,d4,d5)",5D,open,-2,-2,1,2,-3,,
3.396918e+05,"Ma(d1,d2,d3,d4,d5)",5D,open,-2,-2,1,2,-2,,
3.396918e+05,"Ma(d1,d2,d3,d4,d5)",5D,open,-2,-2,1,2,-1,,
3.396918e+05,"Ma(d1,d2,d3,d4)",4D,open,-2,-2,1,2,0,,
3.396918e+05,"Ma(d1,d2,d3,d4,d5)",5D,open,-2,-2,1,2,1,,
3.396918e+05,"Ma(d1,d2,d3,d4,d5)",5D,open,-2,-2,1,2,2,,
3.396918e+05,"Ma(d1,d2,d3,d4,d5)",5D,open,-2,-2,1,2,3,,
3.396918e+05,"Ma(d1,d2,d3,d4,d5)",5D,open,-2,2,-1,-2,-3,,
3.396918e+05,"Ma(d1,d2,d3,d4,d5)",5D,open,-2,2,-1,-2,-2,,
3.396918e+05,"Ma(d1,d2,d3,d4,d5)",5D,open,-2,2,-1,-2,-1,,
3.396918e+05,"Ma(d1,d2,d3,d4)",4D,open,-2,2,-1,-2,0,,
3.396918e+05,"Ma(d1,d2,d3,d4,d5)",5D,open,-2,2,-1,-2,1,,
3.396918e+05,"Ma(d1,d2,d3,d4,d5)",5D,open,-2,2,-1,-2,2,,
3.396918e+05,"Ma(d1,d2,d3,d4,d5)",5D,open,-2,2,-1,-2,3,,
3.396918e+05,"Ma(d1,d2,d3,d4,d5)",5D,open,-2,2,-1,2,-3,,
3.396918e+05,"Ma(d1,d2,d3,d4,d5)",5D,open,-2,2,-1,2,-2,,
3.396918e+05,"Ma(d1,d2,d3,d4,d5)",5D,open,-2,2,-1,2,-1,,
3.396918e+05,"Ma(d1,d2,d3,d4)",4D,open,-2,2,-1,2,0,,
3.396918e+05,"Ma(d1,d2,d3,d4,d5)",5D,open,-2,2,-1,2,1,,
3.396918e+05,"Ma(d1,d2,d3,d4,d5)",5D,open,-2,2,-1,2,2,,
3.396918e+05,"Ma(d1,d2,d3,d4,d5)",5D,open,-2,2,-1,2,3,,
3.396918e+05,"Ma(d1,d2,d3,d4,d5)",5D,open,-2,2,1,-2,-3,,
3.396918e+05,"Ma(d1,d2,d3,d4,d5)",5D,open,-2,2,1,-2,-2,,
3.396918e+05,"Ma(d1,d2,d3,d4,d5)",5D,open,-2,2,1,-2,-1,,
3.396918e+05,"Ma(d1,d2,d3,d4)",4D,open,-2,2,1,-2,0,,
3.396918e+05,"Ma(d1,d2,d3,d4,d5)",5D,open,-2,2,1,-2,1,,
3.396918e+05,"Ma(d1,d2,d3,d4,d5)",5D,open,-2,2,1,-2,2,,
3.396918e+05,"Ma(d1,d2,d3,d4,d5)",5D,open,-2,2,1,-2,3,,
3.396918e+05,"Ma(d1,d2,d3,d4,d5)",5D,open,-2,2,1,2,-3,,
3.396918e+05,"Ma(d1,d2,d3,d4,d5)",5D,open,-2,2,1,2,-2,,
3.396918e+05,"Ma(d1,d2,d3,d4,d5)",5D,open,-2,2,1,2,-1,,
3.396918e+05,"Ma(d1,d2,d3,d4)",4D,open,-2,2,1,2,0,,
3.396918e+05,"Ma(d1,d2,d3,d4,d5)",5D,open,-2,2,1,2,1,,
3.396918e+05,"Ma(d1,d2,d3,d4,d5)",5D,open,-2,2,1,2,2,,
3.396918e+05,"Ma(d1,d2,d3,d4,d5)",5D,open,-2,2,1,2,3,,
3.396918e+05,"Ma(d1,d2,d3,d4,d5)",5D,open,2,-2,-1,-2,-3,,
3.396918e+05,"Ma(d1,d2,d3,d4,d5)",5D,open,2,-2,-1,-2,-2,,
3.396918e+05,"Ma(d1,d2,d3,d4,d5)",5D,open,2,-2,-1,-2,-1,,
3.396918e+05,"Ma(d1,d2,d3,d4)",4D,open,2,-2,-1,-2,0,,
3.396918e+05,"Ma(d1,d2,d3,d4,d5)",5D,open,2,-2,-1,-2,1,,
3.396918e+05,"Ma(d1,d2,d3,d4,d5)",5D,open,2,-2,-1,-2,2,,
3.396918e+05,"Ma(d1,d2,d3,d4,d5)",5D,open,2,-2,-1,-2,3,,
3.396918e+05,"Ma(d1,d2,d3,d4,d5)",5D,open,2,-2,-1,2,-3,,
3.396918e+05,"Ma(d1,d2,d3,d4,d5)",5D,open,2,-2,-1,2,-2,,
3.396918e+05,"Ma(d1,d2,d3,d4,d5)",5D,open,2,-2,-1,2,-1,,
3.396918e+05,"Ma(d1,d2,d3,d4)",4D,open,2,-2,-1,2,0,,
3.396918e+05,"Ma(d1,d2,d3,d4,d5)",5D,open,2,-2,-1,2,1,,
3.396918e+05,"Ma(d1,d2,d3,d4,d5)",5D,open,2,-2,-1,2,2,,
3.396918e+05,"Ma(d1,d2,d3,d4,d5)",5D,open,2,-2,-1,2,3,,
3.396918e+05,"Ma(d1,d2,d3,d4,d5)",5D,open,2,-2,1,-2,-3,,
3.396918e+05,"Ma(d1,d2,d3,d4,d5)",5D,open,2,-2,1,-2,-2,,
3.396918e+05,"Ma(d1,d2,d3,d4,d5)",5D,open,2,-2,1,-2,-1,,
3.396918e+05,"Ma(d1,d2,d3,d4)",4D,open,2,-2,1,-2,0,,
3.396918e+05,"Ma(d1,d2,d3,d4,d5)",5D,open,2,-2,1,-2,1,,
3.396918e+05,"Ma(d1,d2,d3,d4,d5)",5D,open,2,-2,1,-2,2,,
3.396918e+05,"Ma(d1,d2,d3,d4,d5)",5D,open,2,-2,1,-2,3,,
3.396918e+05,"Ma(d1,d2,d3,d4,d5)",5D,open,2,-2,1,2,-3,,
3.396918e+05,"Ma(d1,d2,d3,d4,d5)",5D,open,2,-2,1,2,-2,,
3.396918e+05,"Ma(d1,d2,d3,d4,d5)",5D,open,2,-2,1,2,-1,,
3.396918e+05,"Ma(d1,d2,d3,d4)",4D,open,2,-2,1,2,0,,
3.396918e+05,"Ma(d1,d2,d3,d4,d5)",5D,open,2,-2,1,2,1,,
3.396918e+05,"Ma(d1,d2,d3,d4,d5)",5D,open,2,-2,1,2,2,,
3.396918e+05,"Ma(d1,d2,d3,d4,d5)",5D,open,2,-2,1,2,3,,
3.396918e+05,"Ma(d1,d2,d3,d4,d5)",5D,open,2,2,-1,-2,-3,,
3.396918e+05,"Ma(d1,d2,d3,d4,d5)",5D,open,2,2,-1,-2,-2,,
3.396918e+05,"Ma(d1,d2,d3,d4,d5)",5D,open,2,2,-1,-2,-1,,
3.396918e+05,"Ma(d1,d2,d3,d4)",4D,open,2,2,-1,-2,0,,
3.396918e+05,"Ma(d1,d2,d3,d4,d5)",5D,open,2,2,-1,-2,1,,
3.396918e+05,"Ma(d1,d2,d3,d4,d5)",5D,open,2,2,-1,-2,2,,
3.396918e+05,"Ma(d1,d2,d3,d4,d5)",5D,open,2,2,-1,-2,3,,
3.396918e+05,"Ma(d1,d2,d3,d4,d5)",5D,open,2,2,-1,2,-3,,
3.396918e+05,"Ma(d1,d2,d3,d4,d5)",5D,open,2,2,-1,2,-2,,
3.396918e+05,"Ma(d1,d2,d3,d4,d5)",5D,open,2,2,-1,2,-1,,
3.396918e+05,"Ma(d1,d2,d3,d4)",4D,open,2,2,-1,2,0,,
3.396918e+05,"Ma(d1,d2,d3,d4,d5)",5D,open,2,2,-1,2,1,,
3.396918e+05,"Ma(d1,d2,d3,d4,d5)",5D,open,2,2,-1,2,2,,
3.396918e+05,"Ma(d1,d2,d3,d4,d5)",5D,open,2,2,-1,2,3,,
3.396918e+05,"Ma(d1,d2,d3,d4,d5)",5D,open,2,2,1,-2,-3,,
3.396918e+05,"Ma(d1,d2,d3,d4,d5)",5D,open,2,2,1,-2,-2,,
3.396918e+05,"Ma(d1,d2,d3,d4,d5)",5D,open,2,2,1,-2,-1,,
3.396918e+05,"Ma(d1,d2,d3,d4)",4D,open,2,2,1,-2,0,,
3.396918e+05,"Ma(d1,d2,d3,d4,d5)",5D,open,2,2,1,-2,1,,
3.396918e+05,"Ma(d1,d2,d3,d4,d5)",5D,open,2,2,1,-2,2,,
3.396918e+05,"Ma(d1,d2,d3,d4,d5)",5D,open,2,2,1,-2,3,,
3.396918e+05,"Ma(d1,d2,d3,d4,d5)",5D,open,2,2,1,2,-3,,
3.396918e+05,"Ma(d1,d2,d3,d4,d5)",5D,open,2,2,1,2,-2,,
3.396918e+05,"Ma(d1,d2,d3,d4,d5)",5D,open,2,2,1,2,-1,,
3.396918e+05,"Ma(d1,d2,d3,d4)",4D,open,2,2,1,2,0,,
3.396918e+05,"Ma(d1,d2,d3,d4,d5)",5D,open,2,2,1,2,1,,
3.396918e+05,"Ma(d1,d2,d3,d4,d5)",5D,open,2,2,1,2,2,,
3.396918e+05,"Ma(d1,d2,d3,d4,d5)",5D,open,2,2,1,2,3,,
3.396918e+05,"Ma(d1,d2,d3,d4,d5)",5D,open,-2,-2,-1,-3,-3,,
3.396918e+05,"Ma(d1,d2,d3,d4,d5)",5D,open,-2,-2,-1,-3,-2,,
3.396918e+05,"Ma(d1,d2,d3,d4,d5)",5D,open,-2,-2,-1,-3,-1,,
3.396918e+05,"Ma(d1,d2,d3,d4)",4D,open,-2,-2,-1,-3,0,,
3.396918e+05,"Ma(d1,d2,d3,d4,d5)",5D,open,-2,-2,-1,-3,1,,
3.396918e+05,"Ma(d1,d2,d3,d4,d5)",5D,open,-2,-2,-1,-3,2,,
3.396918e+05,"Ma(d1,d2,d3,d4,d5)",5D,open,-2,-2,-1,-3,3,,
3.396918e+05,"Ma(d1,d2,d3,d4,d5)",5D,open,-2,-2,-1,3,-3,,
3.396918e+05,"Ma(d1,d2,d3,d4,d5)",5D,open,-2,-2,-1,3,-2,,
3.396918e+05,"Ma(d1,d2,d3,d4,d5)",5D,open,-2,-2,-1,3,-1,,
3.396918e+05,"Ma(d1,d2,d3,d4)",4D,open,-2,-2,-1,3,0,,
3.396918e+05,"Ma(d1,d2,d3,d4,d5)",5D,open,-2,-2,-1,3,1,,
3.396918e+05,"Ma(d1,d2,d3,d4,d5)",5D,open,-2,-2,-1,3,2,,
3.396918e+05,"Ma(d1,d2,d3,d4,d5)",5D,open,-2,-2,-1,3,3,,
3.396918e+05,"Ma(d1,d2,d3,d4,d5)",5D,open,-2,-2,1,-3,-3,,
3.396918e+05,"Ma(d1,d2,d3,d4,d5)",5D,open,-2,-2,1,-3,-2,,
3.396918e+05,"Ma(d1,d2,d3,d4,d5)",5D,open,-2,-2,1,-3,-1,,
3.396918e+05,"Ma(d1,d2,d3,d4)",4D,open,-2,-2,1,-3,0,,
3.396918e+05,"Ma(d1,d2,d3,d4,d5)",5D,open,-2,-2,1,-3,1,,
3.396918e+05,"Ma(d1,d2,d3,d4,d5)",5D,open,-2,-2,1,-3,2,,
3.396918e+05,"Ma(d1,d2,d3,d4,d5)",5D,open,-2,-2,1,-3,3,,
3.396918e+05,"Ma(d1,d2,d3,d4,d5)",5D,open,-2,-2,1,3,-3,,
3.396918e+05,"Ma(d1,d2,d3,d4,d5)",5D,open,-2,-2,1,3,-2,,
3.396918e+05,"Ma(d1,d2,d3,d4,d5)",5D,open,-2,-2,1,3,-1,,
3.396918e+05,"Ma(d1,d2,d3,d4)",4D,open,-2,-2,1,3,0,,
3.396918e+05,"Ma(d1,d2,d3,d4,d5)",5D,open,-2,-2,1,3,1,,
3.396918e+05,"Ma(d1,d2,d3,d4,d5)",5D,open,-2,-2,1,3,2,,
3.396918e+05,"Ma(d1,d2,d3,d4,d5)",5D,open,-2,-2,1,3,3,,
3.396918e+05,"Ma(d1,d2,d3,d4,d5)",5D,open,-2,2,-1,-3,-3,,
3.396918e+05,"Ma(d1,d2,d3,d4,d5)",5D,open,-2,2,-1,-3,-2,,
3.396918e+05,"Ma(d1,d2,d3,d4,d5)",5D,open,-2,2,-1,-3,-1,,
3.396918e+05,"Ma(d1,d2,d3,d4)",4D,open,-2,2,-1,-3,0,,
3.396918e+05,"Ma(d1,d2,d3,d4,d5)",5D,open,-2,2,-1,-3,1,,
3.396918e+05,"Ma(d1,d2,d3,d4,d5)",5D,open,-2,2,-1,-3,2,,
3.396918e+05,"Ma(d1,d2,d3,d4,d5)",5D,open,-2,2,-1,-3,3,,
3.396918e+05,"Ma(d1,d2,d3,d4,d5)",5D,open,-2,2,-1,3,-3,,
3.396918e+05,"Ma(d1,d2,d3,d4,d5)",5D,open,-2,2,-1,3,-2,,
3.396918e+05,"Ma(d1,d2,d3,d4,d5)",5D,open,-2,2,-1,3,-1,,
3.396918e+05,"Ma(d1,d2,d3,d4)",4D,open,-2,2,-1,3,0,,
3.396918e+05,"Ma(d1,d2,d3,d4,d5)",5D,open,-2,2,-1,3,1,,
3.396918e+05,"Ma(d1,d2,d3,d4,d5)",5D,open,-2,2,-1,3,2,,
3.396918e+05,"Ma(d1,d2,d3,d4,d5)",5D,open,-2,2,-1,3,3,,
3.396918e+05,"Ma(d1,d2,d3,d4,d5)",5D,open,-2,2,1,-3,-3,,
3.396918e+05,"Ma(d1,d2,d3,d4,d5)",5D,open,-2,2,1,-3,-2,,
3.396918e+05,"Ma(d1,d2,d3,d4,d5)",5D,open,-2,2,1,-3,-1,,
3.396918e+05,"Ma(d1,d2,d3,d4)",4D,open,-2,2,1,-3,0,,
3.396918e+05,"Ma(d1,d2,d3,d4,d5)",5D,open,-2,2,1,-3,1,,
3.396918e+05,"Ma(d1,d2,d3,d4,d5)",5D,open,-2,2,1,-3,2,,
3.396918e+05,"Ma(d1,d2,d3,d4,d5)",5D,open,-2,2,1,-3,3,,
3.396918e+05,"Ma(d1,d2,d3,d4,d5)",5D,open,-2,2,1,3,-3,,
3.396918e+05,"Ma(d1,d2,d3,d4,d5)",5D,open,-2,2,1,3,-2,,
3.396918e+05,"Ma(d1,d2,d3,d4,d5)",5D,open,-2,2,1,3,-1,,
3.396918e+05,"Ma(d1,d2,d3,d4)",4D,open,-2,2,1,3,0,,
3.396918e+05,"Ma(d1,d2,d3,d4,d5)",5D,open,-2,2,1,3,1,,
3.396918e+05,"Ma(d1,d2,d3,d4,d5)",5D,open,-2,2,1,3,2,,
3.396918e+05,"Ma(d1,d2,d3,d4,d5)",5D,open,-2,2,1,3,3,,
3.396918e+05,"Ma(d1,d2,d3,d4,d5)",5D,open,2,-2,-1,-3,-3,,
3.396918e+05,"Ma(d1,d2,d3,d4,d5)",5D,open,2,-2,-1,-3,-2,,
3.396918e+05,"Ma(d1,d2,d3,d4,d5)",5D,open,2,-2,-1,-3,-1,,
3.396918e+05,"Ma(d1,d2,d3,d4)",4D,open,2,-2,-1,-3,0,,
3.396918e+05,"Ma(d1,d2,d3,d4,d5)",5D,open,2,-2,-1,-3,1,,
3.396918e+05,"Ma(d1,d2,d3,d4,d5)",5D,open,2,-2,-1,-3,2,,
3.396918e+05,"Ma(d1,d2,d3,d4,d5)",5D,open,2,-2,-1,-3,3,,
3.396918e+05,"Ma(d1,d2,d3,d4,d5)",5D,open,2,-2,-1,3,-3,,
3.396918e+05,"Ma(d1,d2,d3,d4,d5)",5D,open,2,-2,-1,3,-2,,
3.396918e+05,"Ma(d1,d2,d3,d4,d5)",5D,open,2,-2,-1,3,-1,,
3.396918e+05,"Ma(d1,d2,d3,d4)",4D,open,2,-2,-1,3,0,,
3.396918e+05,"Ma(d1,d2,d3,d4,d5)",5D,open,2,-2,-1,3,1,,
3.396918e+05,"Ma(d1,d2,d3,d4,d5)",5D,open,2,-2,-1,3,2,,
3.396918e+05,"Ma(d1,d2,d3,d4,d5)",5D,open,2,-2,-1,3,3,,
3.396918e+05,"Ma(d1,d2,d3,d4,d5)",5D,open,2,-2,1,-3,-3,,
3.396918e+05,"Ma(d1,d2,d3,d4,d5)",5D,open,2,-2,1,-3,-2,,
3.396918e+05,"Ma(d1,d2,d3,d4,d5)",5D,open,2,-2,1,-3,-1,,
3.396918e+05,"Ma(d1,d2,d3,d4)",4D,open,2,-2,1,-3,0,,
3.396918e+05,"Ma(d1,d2,d3,d4,d5)",5D,open,2,-2,1,-3,1,,
3.396918e+05,"Ma(d1,d2,d3,d4,d5)",5D,open,2,-2,1,-3,2,,
3.396918e+05,"Ma(d1,d2,d3,d4,d5)",5D,open,2,-2,1,-3,3,,
3.396918e+05,"Ma(d1,d2,d3,d4,d5)",5D,open,2,-2,1,3,-3,,
3.396918e+05,"Ma(d1,d2,d3,d4,d5)",5D,open,2,-2,1,3,-2,,
3.396918e+05,"Ma(d1,d2,d3,d4,d5)",5D,open,2,-2,1,3,-1,,
3.396918e+05,"Ma(d1,d2,d3,d4)",4D,open,2,-2,1,3,0,,
3.396918e+05,"Ma(d1,d2,d3,d4,d5)",5D,open,2,-2,1,3,1,,
3.396918e+05,"Ma(d1,d2,d3,d4,d5)",5D,open,2,-2,1,3,2,,
3.396918e+05,"Ma(d1,d2,d3,d4,d5)",5D,open,2,-2,1,3,3,,
3.396918e+05,"Ma(d1,d2,d3,d4,d5)",5D,open,2,2,-1,-3,-3,,
3.396918e+05,"Ma(d1,d2,d3,d4,d5)",5D,open,2,2,-1,-3,-2,,
3.396918e+05,"Ma(d1,d2,d3,d4,d5)",5D,open,2,2,-1,-3,-1,,
3.396918e+05,"Ma(d1,d2,d3,d4)",4D,open,2,2,-1,-3,0,,
3.396918e+05,"Ma(d1,d2,d3,d4,d5)",5D,open,2,2,-1,-3,1,,
3.396918e+05,"Ma(d1,d2,d3,d4,d5)",5D,open,2,2,-1,-3,2,,
3.396918e+05,"Ma(d1,d2,d3,d4,d5)",5D,open,2,2,-1,-3,3,,
3.396918e+05,"Ma(d1,d2,d3,d4,d5)",5D,open,2,2,-1,3,-3,,
3.396918e+05,"Ma(d1,d2,d3,d4,d5)",5D,open,2,2,-1,3,-2,,
3.396918e+05,"Ma(d1,d2,d3,d4,d5)",5D,open,2,2,-1,3,-1,,
3.396918e+05,"Ma(d1,d2,d3,d4)",4D,open,2,2,-1,3,0,,
3.396918e+05,"Ma(d1,d2,d3,d4,d5)",5D,open,2,2,-1,3,1,,
3.396918e+05,"Ma(d1,d2,d3,d4,d5)",5D,open,2,2,-1,3,2,,
3.396918e+05,"Ma(d1,d2,d3,d4,d5)",5D,open,2,2,-1,3,3,,
3.396918e+05,"Ma(d1,d2,d3,d4,d5)",5D,open,2,2,1,-3,-3,,
3.396918e+05,"Ma(d1,d2,d3,d4,d5)",5D,open,2,2,1,-3,-2,,
3.396918e+05,"Ma(d1,d2,d3,d4,d5)",5D,open,2,2,1,-3,-1,,
3.396918e+05,"Ma(d1,d2,d3,d4)",4D,open,2,2,1,-3,0,,
3.396918e+05,"Ma(d1,d2,d3,d4,d5)",5D,open,2,2,1,-3,1,,
3.396918e+05,"Ma(d1,d2,d3,d4,d5)",5D,open,2,2,1,-3,2,,
3.396918e+05,"Ma(d1,d2,d3,d4,d5)",5D,open,2,2,1,-3,3,,
3.396918e+05,"Ma(d1,d2,d3,d4,d5)",5D,open,2,2,1,3,-3,,
3.396918e+05,"Ma(d1,d2,d3,d4,d5)",5D,open,2,2,1,3,-2,,
3.396918e+05,"Ma(d1,d2,d3,d4,d5)",5D,open,2,2,1,3,-1,,
3.396918e+05,"Ma(d1,d2,d3,d4)",4D,open,2,2,1,3,0,,
3.396918e+05,"Ma(d1,d2,d3,d4,d5)",5D,open,2,2,1,3,1,,
3.396918e+05,"Ma(d1,d2,d3,d4,d5)",5D,open,2,2,1,3,2,,
3.396918e+05,"Ma(d1,d2,d3,d4,d5)",5D,open,2,2,1,3,3,,
3.396918e+05,"Ma(d1,d2,d3,d5)",4D,open,-2,-2,-2,0,-3,,
3.396918e+05,"Ma(d1,d2,d3,d5)",4D,open,-2,-2,-2,0,-2,,
3.396918e+05,"Ma(d1,d2,d3,d5)",4D,open,-2,-2,-2,0,-1,,
3.396918e+05,"Ma(d1,d2,d3)",3D,open,-2,-2,-2,0,0,,
3.396918e+05,"Ma(d1,d2,d3,d5)",4D,open,-2,-2,-2,0,1,,
3.396918e+05,"Ma(d1,d2,d3,d5)",4D,open,-2,-2,-2,0,2,,
3.396918e+05,"Ma(d1,d2,d3,d5)",4D,open,-2,-2,-2,0,3,,
3.396918e+05,"Ma(d1,d2,d3,d5)",4D,open,-2,-2,2,0,-3,,
3.396918e+05,"Ma(d1,d2,d3,d5)",4D,open,-2,-2,2,0,-2,,
3.396918e+05,"Ma(d1,d2,d3,d5)",4D,open,-2,-2,2,0,-1,,
3.396918e+05,"Ma(d1,d2,d3)",3D,open,-2,-2,2,0,0,,
3.396918e+05,"Ma(d1,d2,d3,d5)",4D,open,-2,-2,2,0,1,,
3.396918e+05,"Ma(d1,d2,d3,d5)",4D,open,-2,-2,2,0,2,,
3.396918e+05,"Ma(d1,d2,d3,d5)",4D,open,-2,-2,2,0,3,,
3.396918e+05,"Ma(d1,d2,d3,d5)",4D,open,-2,2,-2,0,-3,,
3.396918e+05,"Ma(d1,d2,d3,d5)",4D,open,-2,2,-2,0,-2,,
3.396918e+05,"Ma(d1,d2,d3,d5)",4D,open,-2,2,-2,0,-1,,
3.396918e+05,"Ma(d1,d2,d3)",3D,open,-2,2,-2,0,0,,
3.396918e+05,"Ma(d1,d2,d3,d5)",4D,open,-2,2,-2,0,1,,
3.396918e+05,"Ma(d1,d2,d3,d5)",4D,open,-2,2,-2,0,2,,
3.396918e+05,"Ma(d1,d2,d3,d5)",4D,open,-2,2,-2,0,3,,
3.396918e+05,"Ma(d1,d2,d3,d5)",4D,open,-2,2,2,0,-3,,
3.396918e+05,"Ma(d1,d2,d3,d5)",4D,open,-2,2,2,0,-2,,
3.396918e+05,"Ma(d1,d2,d3,d5)",4D,open,-2,2,2,0,-1,,
3.396918e+05,"Ma(d1,d2,d3)",3D,open,-2,2,2,0,0,,
3.396918e+05,"Ma(d1,d2,d3,d5)",4D,open,-2,2,2,0,1,,
3.396918e+05,"Ma(d1,d2,d3,d5)",4D,open,-2,2,2,0,2,,
3.396918e+05,"Ma(d1,d2,d3,d5)",4D,open,-2,2,2,0,3,,
3.396918e+05,"Ma(d1,d2,d3,d5)",4D,open,2,-2,-2,0,-3,,
3.396918e+05,"Ma(d1,d2,d3,d5)",4D,open,2,-2,-2,0,-2,,
3.396918e+05,"Ma(d1,d2,d3,d5)",4D,open,2,-2,-2,0,-1,,
3.396918e+05,"Ma(d1,d2,d3)",3D,open,2,-2,-2,0,0,,
3.396918e+05,"Ma(d1,d2,d3,d5)",4D,open,2,-2,-2,0,1,,
3.396918e+05,"Ma(d1,d2,d3,d5)",4D,open,2,-2,-2,0,2,,
3.396918e+05,"Ma(d1,d2,d3,d5)",4D,open,2,-2,-2,0,3,,
3.396918e+05,"Ma(d1,d2,d3,d5)",4D,open,2,-2,2,0,-3,,
3.396918e+05,"Ma(d1,d2,d3,d5)",4D,open,2,-2,2,0,-2,,
3.396918e+05,"Ma(d1,d2,d3,d5)",4D,open,2,-2,2,0,-1,,
3.396918e+05,"Ma(d1,d2,d3)",3D,open,2,-2,2,0,0,,
3.396918e+05,"Ma(d1,d2,d3,d5)",4D,open,2,-2,2,0,1,,
3.396918e+05,"Ma(d1,d2,d3,d5)",4D,open,2,-2,2,0,2,,
3.396918e+05,"Ma(d1,d2,d3,d5)",4D,open,2,-2,2,0,3,,
3.396918e+05,"Ma(d1,d2,d3,d5)",4D,open,2,2,-2,0,-3,,
3.396918e+05,"Ma(d1,d2,d3,d5)",4D,open,2,2,-2,0,-2,,
3.396918e+05,"Ma(d1,d2,d3,d5)",4D,open,2,2,-2,0,-1,,
3.396918e+05,"Ma(d1,d2,d3)",3D,open,2,2,-2,0,0,,
3.396918e+05,"Ma(d1,d2,d3,d5)",4D,open,2,2,-2,0,1,,
3.396918e+05,"Ma(d1,d2,d3,d5)",4D,open,2,2,-2,0,2,,
3.396918e+05,"Ma(d1,d2,d3,d5)",4D,open,2,2,-2,0,3,,
3.396918e+05,"Ma(d1,d2,d3,d5)",4D,open,2,2,2,0,-3,,
3.396918e+05,"Ma(d1,d2,d3,d5)",4D,open,2,2,2,0,-2,,
3.396918e+05,"Ma(d1,d2,d3,d5)",4D,open,2,2,2,0,-1,,
3.396918e+05,"Ma(d1,d2,d3)",3D,open,2,2,2,0,0,,
3.396918e+05,"Ma(d1,d2,d3,d5)",4D,open,2,2,2,0,1,,
3.396918e+05,"Ma(d1,d2,d3,d5)",4D,open,2,2,2,0,2,,
3.396918e+05,"Ma(d1,d2,d3,d5)",4D,open,2,2,2,0,3,,
3.396918e+05,"Ma(d1,d2,d3,d4,d5)",5D,open,-2,-2,-2,-1,-3,,
3.396918e+05,"Ma(d1,d2,d3,d4,d5)",5D,open,-2,-2,-2,-1,-2,,
3.396918e+05,"Ma(d1,d2,d3,d4,d5)",5D,open,-2,-2,-2,-1,-1,,
3.396918e+05,"Ma(d1,d2,d3,d4)",4D,open,-2,-2,-2,-1,0,,
3.396918e+05,"Ma(d1,d2,d3,d4,d5)",5D,open,-2,-2,-2,-1,1,,
3.396918e+05,"Ma(d1,d2,d3,d4,d5)",5D,open,-2,-2,-2,-1,2,,
3.396918e+05,"Ma(d1,d2,d3,d4,d5)",5D,open,-2,-2,-2,-1,3,,
3.396918e+05,"Ma(d1,d2,d3,d4,d5)",5D,open,-2,-2,-2,1,-3,,
3.396918e+05,"Ma(d1,d2,d3,d4,d5)",5D,open,-2,-2,-2,1,-2,,
3.396918e+05,"Ma(d1,d2,d3,d4,d5)",5D,open,-2,-2,-2,1,-1,,
3.396918e+05,"Ma(d1,d2,d3,d4)",4D,open,-2,-2,-2,1,0,,
3.396918e+05,"Ma(d1,d2,d3,d4,d5)",5D,open,-2,-2,-2,1,1,,
3.396918e+05,"Ma(d1,d2,d3,d4,d5)",5D,open,-2,-2,-2,1,2,,
3.396918e+05,"Ma(d1,d2,d3,d4,d5)",5D,open,-2,-2,-2,1,3,,
3.396918e+05,"Ma(d1,d2,d3,d4,d5)",5D,open,-2,-2,2,-1,-3,,
3.396918e+05,"Ma(d1,d2,d3,d4,d5)",5D,open,-2,-2,2,-1,-2,,
3.396918e+05,"Ma(d1,d2,d3,d4,d5)",5D,open,-2,-2,2,-1,-1,,
3.396918e+05,"Ma(d1,d2,d3,d4)",4D,open,-2,-2,2,-1,0,,
3.396918e+05,"Ma(d1,d2,d3,d4,d5)",5D,open,-2,-2,2,-1,1,,
3.396918e+05,"Ma(d1,d2,d3,d4,d5)",5D,open,-2,-2,2,-1,2,,
3.396918e+05,"Ma(d1,d2,d3,d4,d5)",5D,open,-2,-2,2,-1,3,,
3.396918e+05,"Ma(d1,d2,d3,d4,d5)",5D,open,-2,-2,2,1,-3,,
3.396918e+05,"Ma(d1,d2,d3,d4,d5)",5D,open,-2,-2,2,1,-2,,
3.396918e+05,"Ma(d1,d2,d3,d4,d5)",5D,open,-2,-2,2,1,-1,,
3.396918e+05,"Ma(d1,d2,d3,d4)",4D,open,-2,-2,2,1,0,,
3.396918e+05,"Ma(d1,d2,d3,d4,d5)",5D,open,-2,-2,2,1,1,,
3.396918e+05,"Ma(d1,d2,d3,d4,d5)",5D,open,-2,-2,2,1,2,,
3.396918e+05,"Ma(d1,d2,d3,d4,d5)",5D,open,-2,-2,2,1,3,,
3.396918e+05,"Ma(d1,d2,d3,d4,d5)",5D,open,-2,2,-2,-1,-3,,
3.396918e+05,"Ma(d1,d2,d3,d4,d5)",5D,open,-2,2,-2,-1,-2,,
3.396918e+05,"Ma(d1,d2,d3,d4,d5)",5D,open,-2,2,-2,-1,-1,,
3.396918e+05,"Ma(d1,d2,d3,d4)",4D,open,-2,2,-2,-1,0,,
3.396918e+05,"Ma(d1,d2,d3,d4,d5)",5D,open,-2,2,-2,-1,1,,
3.396918e+05,"Ma(d1,d2,d3,d4,d5)",5D,open,-2,2,-2,-1,2,,
3.396918e+05,"Ma(d1,d2,d3,d4,d5)",5D,open,-2,2,-2,-1,3,,
3.396918e+05,"Ma(d1,d2,d3,d4,d5)",5D,open,-2,2,-2,1,-3,,
3.396918e+05,"Ma(d1,d2,d3,d4,d5)",5D,open,-2,2,-2,1,-2,,
3.396918e+05,"Ma(d1,d2,d3,d4,d5)",5D,open,-2,2,-2,1,-1,,
3.396918e+05,"Ma(d1,d2,d3,d4)",4D,open,-2,2,-2,1,0,,
3.396918e+05,"Ma(d1,d2,d3,d4,d5)",5D,open,-2,2,-2,1,1,,
3.396918e+05,"Ma(d1,d2,d3,d4,d5)",5D,open,-2,2,-2,1,2,,
3.396918e+05,"Ma(d1,d2,d3,d4,d5)",5D,open,-2,2,-2,1,3,,
3.396918e+05,"Ma(d1,d2,d3,d4,d5)",5D,open,-2,2,2,-1,-3,,
3.396918e+05,"Ma(d1,d2,d3,d4,d5)",5D,open,-2,2,2,-1,-2,,
3.396918e+05,"Ma(d1,d2,d3,d4,d5)",5D,open,-2,2,2,-1,-1,,
3.396918e+05,"Ma(d1,d2,d3,d4)",4D,open,-2,2,2,-1,0,,
3.396918e+05,"Ma(d1,d2,d3,d4,d5)",5D,open,-2,2,2,-1,1,,
3.396918e+05,"Ma(d1,d2,d3,d4,d5)",5D,open,-2,2,2,-1,2,,
3.396918e+05,"Ma(d1,d2,d3,d4,d5)",5D,open,-2,2,2,-1,3,,
3.396918e+05,"Ma(d1,d2,d3,d4,d5)",5D,open,-2,2,2,1,-3,,
3.396918e+05,"Ma(d1,d2,d3,d4,d5)",5D,open,-2,2,2,1,-2,,
3.396918e+05,"Ma(d1,d2,d3,d4,d5)",5D,open,-2,2,2,1,-1,,
3.396918e+05,"Ma(d1,d2,d3,d4)",4D,open,-2,2,2,1,0,,
3.396918e+05,"Ma(d1,d2,d3,d4,d5)",5D,open,-2,2,2,1,1,,
3.396918e+05,"Ma(d1,d2,d3,d4,d5)",5D,open,-2,2,2,1,2,,
3.396918e+05,"Ma(d1,d2,d3,d4,d5)",5D,open,-2,2,2,1,3,,
3.396918e+05,"Ma(d1,d2,d3,d4,d5)",5D,open,2,-2,-2,-1,-3,,
3.396918e+05,"Ma(d1,d2,d3,d4,d5)",5D,open,2,-2,-2,-1,-2,,
3.396918e+05,"Ma(d1,d2,d3,d4,d5)",5D,open,2,-2,-2,-1,-1,,
3.396918e+05,"Ma(d1,d2,d3,d4)",4D,open,2,-2,-2,-1,0,,
3.396918e+05,"Ma(d1,d2,d3,d4,d5)",5D,open,2,-2,-2,-1,1,,
3.396918e+05,"Ma(d1,d2,d3,d4,d5)",5D,open,2,-2,-2,-1,2,,
3.396918e+05,"Ma(d1,d2,d3,d4,d5)",5D,open,2,-2,-2,-1,3,,
3.396918e+05,"Ma(d1,d2,d3,d4,d5)",5D,open,2,-2,-2,1,-3,,
3.396918e+05,"Ma(d1,d2,d3,d4,d5)",5D,open,2,-2,-2,1,-2,,
3.396918e+05,"Ma(d1,d2,d3,d4,d5)",5D,open,2,-2,-2,1,-1,,
3.396918e+05,"Ma(d1,d2,d3,d4)",4D,open,2,-2,-2,1,0,,
3.396918e+05,"Ma(d1,d2,d3,d4,d5)",5D,open,2,-2,-2,1,1,,
3.396918e+05,"Ma(d1,d2,d3,d4,d5)",5D,open,2,-2,-2,1,2,,
3.396918e+05,"Ma(d1,d2,d3,d4,d5)",5D,open,2,-2,-2,1,3,,
3.396918e+05,"Ma(d1,d2,d3,d4,d5)",5D,open,2,-2,2,-1,-3,,
3.396918e+05,"Ma(d1,d2,d3,d4,d5)",5D,open,2,-2,2,-1,-2,,
3.396918e+05,"Ma(d1,d2,d3,d4,d5)",5D,open,2,-2,2,-1,-1,,
3.396918e+05,"Ma(d1,d2,d3,d4)",4D,open,2,-2,2,-1,0,,
3.396918e+05,"Ma(d1,d2,d3,d4,d5)",5D,open,2,-2,2,-1,1,,
3.396918e+05,"Ma(d1,d2,d3,d4,d5)",5D,open,2,-2,2,-1,2,,
3.396918e+05,"Ma(d1,d2,d3,d4,d5)",5D,open,2,-2,2,-1,3,,
3.396918e+05,"Ma(d1,d2,d3,d4,d5)",5D,open,2,-2,2,1,-3,,
3.396918e+05,"Ma(d1,d2,d3,d4,d5)",5D,open,2,-2,2,1,-2,,
3.396918e+05,"Ma(d1,d2,d3,d4,d5)",5D,open,2,-2,2,1,-1,,
3.396918e+05,"Ma(d1,d2,d3,d4)",4D,open,2,-2,2,1,0,,
3.396918e+05,"Ma(d1,d2,d3,d4,d5)",5D,open,2,-2,2,1,1,,
3.396918e+05,"Ma(d1,d2,d3,d4,d5)",5D,open,2,-2,2,1,2,,
3.396918e+05,"Ma(d1,d2,d3,d4,d5)",5D,open,2,-2,2,1,3,,
3.396918e+05,"Ma(d1,d2,d3,d4,d5)",5D,open,2,2,-2,-1,-3,,
3.396918e+05,"Ma(d1,d2,d3,d4,d5)",5D,open,2,2,-2,-1,-2,,
3.396918e+05,"Ma(d1,d2,d3,d4,d5)",5D,open,2,2,-2,-1,-1,,
3.396918e+05,"Ma(d1,d2,d3,d4)",4D,open,2,2,-2,-1,0,,
3.396918e+05,"Ma(d1,d2,d3,d4,d5)",5D,open,2,2,-2,-1,1,,
3.396918e+05,"Ma(d1,d2,d3,d4,d5)",5D,open,2,2,-2,-1,2,,
3.396918e+05,"Ma(d1,d2,d3,d4,d5)",5D,open,2,2,-2,-1,3,,
3.396918e+05,"Ma(d1,d2,d3,d4,d5)",5D,open,2,2,-2,1,-3,,
3.396918e+05,"Ma(d1,d2,d3,d4,d5)",5D,open,2,2,-2,1,-2,,
3.396918e+05,"Ma(d1,d2,d3,d4,d5)",5D,open,2,2,-2,1,-1,,
3.396918e+05,"Ma(d1,d2,d3,d4)",4D,open,2,2,-2,1,0,,
3.396918e+05,"Ma(d1,d2,d3,d4,d5)",5D,open,2,2,-2,1,1,,
3.396918e+05,"Ma(d1,d2,d3,d4,d5)",5D,open,2,2,-2,1,2,,
3.396918e+05,"Ma(d1,d2,d3,d4,d5)",5D,open,2,2,-2,1,3,,
3.396918e+05,"Ma(d1,d2,d3,d4,d5)",5D,open,2,2,2,-1,-3,,
3.396918e+05,"Ma(d1,d2,d3,d4,d5)",5D,open,2,2,2,-1,-2,,
3.396918e+05,"Ma(d1,d2,d3,d4,d5)",5D,open,2,2,2,-1,-1,,
3.396918e+05,"Ma(d1,d2,d3,d4)",4D,open,2,2,2,-1,0,,
3.396918e+05,"Ma(d1,d2,d3,d4,d5)",5D,open,2,2,2,-1,1,,
3.396918e+05,"Ma(d1,d2,d3,d4,d5)",5D,open,2,2,2,-1,2,,
3.396918e+05,"Ma(d1,d2,d3,d4,d5)",5D,open,2,2,2,-1,3,,
3.396918e+05,"Ma(d1,d2,d3,d4,d5)",5D,open,2,2,2,1,-3,,
3.396918e+05,"Ma(d1,d2,d3,d4,d5)",5D,open,2,2,2,1,-2,,
3.396918e+05,"Ma(d1,d2,d3,d4,d5)",5D,open,2,2,2,1,-1,,
3.396918e+05,"Ma(d1,d2,d3,d4)",4D,open,2,2,2,1,0,,
3.396918e+05,"Ma(d1,d2,d3,d4,d5)",5D,open,2,2,2,1,1,,
3.396918e+05,"Ma(d1,d2,d3,d4,d5)",5D,open,2,2,2,1,2,,
3.396918e+05,"Ma(d1,d2,d3,d4,d5)",5D,open,2,2,2,1,3,,
3.396918e+05,"Ma(d1,d2,d3,d4,d5)",5D,open,-2,-2,-2,-2,-3,,
3.396918e+05,"Ma(d1,d2,d3,d4,d5)",5D,open,-2,-2,-2,-2,-2,,
3.396918e+05,"Ma(d1,d2,d3,d4,d5)",5D,open,-2,-2,-2,-2,-1,,
3.396918e+05,"Ma(d1,d2,d3,d4)",4D,open,-2,-2,-2,-2,0,,
3.396918e+05,"Ma(d1,d2,d3,d4,d5)",5D,open,-2,-2,-2,-2,1,,
3.396918e+05,"Ma(d1,d2,d3,d4,d5)",5D,open,-2,-2,-2,-2,2,,
3.396918e+05,"Ma(d1,d2,d3,d4,d5)",5D,open,-2,-2,-2,-2,3,,
3.396918e+05,"Ma(d1,d2,d3,d4,d5)",5D,open,-2,-2,-2,2,-3,,
3.396918e+05,"Ma(d1,d2,d3,d4,d5)",5D,open,-2,-2,-2,2,-2,,
3.396918e+05,"Ma(d1,d2,d3,d4,d5)",5D,open,-2,-2,-2,2,-1,,
3.396918e+05,"Ma(d1,d2,d3,d4)",4D,open,-2,-2,-2,2,0,,
3.396918e+05,"Ma(d1,d2,d3,d4,d5)",5D,open,-2,-2,-2,2,1,,
3.396918e+05,"Ma(d1,d2,d3,d4,d5)",5D,open,-2,-2,-2,2,2,,
3.396918e+05,"Ma(d1,d2,d3,d4,d5)",5D,open,-2,-2,-2,2,3,,
3.396918e+05,"Ma(d1,d2,d3,d4,d5)",5D,open,-2,-2,2,-2,-3,,
3.396918e+05,"Ma(d1,d2,d3,d4,d5)",5D,open,-2,-2,2,-2,-2,,
3.396918e+05,"Ma(d1,d2,d3,d4,d5)",5D,open,-2,-2,2,-2,-1,,
3.396918e+05,"Ma(d1,d2,d3,d4)",4D,open,-2,-2,2,-2,0,,
3.396918e+05,"Ma(d1,d2,d3,d4,d5)",5D,open,-2,-2,2,-2,1,,
3.396918e+05,"Ma(d1,d2,d3,d4,d5)",5D,open,-2,-2,2,-2,2,,
3.396918e+05,"Ma(d1,d2,d3,d4,d5)",5D,open,-2,-2,2,-2,3,,
3.396918e+05,"Ma(d1,d2,d3,d4,d5)",5D,open,-2,-2,2,2,-3,,
3.396918e+05,"Ma(d1,d2,d3,d4,d5)",5D,open,-2,-2,2,2,-2,,
3.396918e+05,"Ma(d1,d2,d3,d4,d5)",5D,open,-2,-2,2,2,-1,,
3.396918e+05,"Ma(d1,d2,d3,d4)",4D,open,-2,-2,2,2,0,,
3.396918e+05,"Ma(d1,d2,d3,d4,d5)",5D,open,-2,-2,2,2,1,,
3.396918e+05,"Ma(d1,d2,d3,d4,d5)",5D,open,-2,-2,2,2,2,,
3.396918e+05,"Ma(d1,d2,d3,d4,d5)",5D,open,-2,-2,2,2,3,,
3.396918e+05,"Ma(d1,d2,d3,d4,d5)",5D,open,-2,2,-2,-2,-3,,
3.396918e+05,"Ma(d1,d2,d3,d4,d5)",5D,open,-2,2,-2,-2,-2,,
3.396918e+05,"Ma(d1,d2,d3,d4,d5)",5D,open,-2,2,-2,-2,-1,,
3.396918e+05,"Ma(d1,d2,d3,d4)",4D,open,-2,2,-2,-2,0,,
3.396918e+05,"Ma(d1,d2,d3,d4,d5)",5D,open,-2,2,-2,-2,1,,
3.396918e+05,"Ma(d1,d2,d3,d4,d5)",5D,open,-2,2,-2,-2,2,,
3.396918e+05,"Ma(d1,d2,d3,d4,d5)",5D,open,-2,2,-2,-2,3,,
3.396918e+05,"Ma(d1,d2,d3,d4,d5)",5D,open,-2,2,-2,2,-3,,
3.396918e+05,"Ma(d1,d2,d3,d4,d5)",5D,open,-2,2,-2,2,-2,,
3.396918e+05,"Ma(d1,d2,d3,d4,d5)",5D,open,-2,2,-2,2,-1,,
3.396918e+05,"Ma(d1,d2,d3,d4)",4D,open,-2,2,-2,2,0,,
3.396918e+05,"Ma(d1,d2,d3,d4,d5)",5D,open,-2,2,-2,2,1,,
3.396918e+05,"Ma(d1,d2,d3,d4,d5)",5D,open,-2,2,-2,2,2,,
3.396918e+05,"Ma(d1,d2,d3,d4,d5)",5D,open,-2,2,-2,2,3,,
3.396918e+05,"Ma(d1,d2,d3,d4,d5)",5D,open,-2,2,2,-2,-3,,
3.396918e+05,"Ma(d1,d2,d3,d4,d5)",5D,open,-2,2,2,-2,-2,,
3.396918e+05,"Ma(d1,d2,d3,d4,d5)",5D,open,-2,2,2,-2,-1,,
3.396918e+05,"Ma(d1,d2,d3,d4)",4D,open,-2,2,2,-2,0,,
3.396918e+05,"Ma(d1,d2,d3,d4,d5)",5D,open,-2,2,2,-2,1,,
3.396918e+05,"Ma(d1,d2,d3,d4,d5)",5D,open,-2,2,2,-2,2,,
3.396918e+05,"Ma(d1,d2,d3,d4,d5)",5D,open,-2,2,2,-2,3,,
3.396918e+05,"Ma(d1,d2,d3,d4,d5)",5D,open,-2,2,2,2,-3,,
3.396918e+05,"Ma(d1,d2,d3,d4,d5)",5D,open,-2,2,2,2,-2,,
3.396918e+05,"Ma(d1,d2,d3,d4,d5)",5D,open,-2,2,2,2,-1,,
3.396918e+05,"Ma(d1,d2,d3,d4)",4D,open,-2,2,2,2,0,,
3.396918e+05,"Ma(d1,d2,d3,d4,d5)",5D,open,-2,2,2,2,1,,
3.396918e+05,"Ma(d1,d2,d3,d4,d5)",5D,open,-2,2,2,2,2,,
3.396918e+05,"Ma(d1,d2,d3,d4,d5)",5D,open,-2,2,2,2,3,,
3.396918e+05,"Ma(d1,d2,d3,d4,d5)",5D,open,2,-2,-2,-2,-3,,
3.396918e+05,"Ma(d1,d2,d3,d4,d5)",5D,open,2,-2,-2,-2,-2,,
3.396918e+05,"Ma(d1,d2,d3,d4,d5)",5D,open,2,-2,-2,-2,-1,,
3.396918e+05,"Ma(d1,d2,d3,d4)",4D,open,2,-2,-2,-2,0,,
3.396918e+05,"Ma(d1,d2,d3,d4,d5)",5D,open,2,-2,-2,-2,1,,
3.396918e+05,"Ma(d1,d2,d3,d4,d5)",5D,open,2,-2,-2,-2,2,,
3.396918e+05,"Ma(d1,d2,d3,d4,d5)",5D,open,2,-2,-2,-2,3,,
3.396918e+05,"Ma(d1,d2,d3,d4,d5)",5D,open,2,-2,-2,2,-3,,
3.396918e+05,"Ma(d1,d2,d3,d4,d5)",5D,open,2,-2,-2,2,-2,,
3.396918e+05,"Ma(d1,d2,d3,d4,d5)",5D,open,2,-2,-2,2,-1,,
3.396918e+05,"Ma(d1,d2,d3,d4)",4D,open,2,-2,-2,2,0,,
3.396918e+05,"Ma(d1,d2,d3,d4,d5)",5D,open,2,-2,-2,2,1,,
3.396918e+05,"Ma(d1,d2,d3,d4,d5)",5D,open,2,-2,-2,2,2,,
3.396918e+05,"Ma(d1,d2,d3,d4,d5)",5D,open,2,-2,-2,2,3,,
3.396918e+05,"Ma(d1,d2,d3,d4,d5)",5D,open,2,-2,2,-2,-3,,
3.396918e+05,"Ma(d1,d2,d3,d4,d5)",5D,open,2,-2,2,-2,-2,,
3.396918e+05,"Ma(d1,d2,d3,d4,d5)",5D,open,2,-2,2,-2,-1,,
3.396918e+05,"Ma(d1,d2,d3,d4)",4D,open,2,-2,2,-2,0,,
3.396918e+05,"Ma(d1,d2,d3,d4,d5)",5D,open,2,-2,2,-2,1,,
3.396918e+05,"Ma(d1,d2,d3,d4,d5)",5D,open,2,-2,2,-2,2,,
3.396918e+05,"Ma(d1,d2,d3,d4,d5)",5D,open,2,-2,2,-2,3,,
3.396918e+05,"Ma(d1,d2,d3,d4,d5)",5D,open,2,-2,2,2,-3,,
3.396918e+05,"Ma(d1,d2,d3,d4,d5)",5D,open,2,-2,2,2,-2,,
3.396918e+05,"Ma(d1,d2,d3,d4,d5)",5D,open,2,-2,2,2,-1,,
3.396918e+05,"Ma(d1,d2,d3,d4)",4D,open,2,-2,2,2,0,,
3.396918e+05,"Ma(d1,d2,d3,d4,d5)",5D,open,2,-2,2,2,1,,
3.396918e+05,"Ma(d1,d2,d3,d4,d5)",5D,open,2,-2,2,2,2,,
3.396918e+05,"Ma(d1,d2,d3,d4,d5)",5D,open,2,-2,2,2,3,,
3.396918e+05,"Ma(d1,d2,d3,d4,d5)",5D,open,2,2,-2,-2,-3,,
3.396918e+05,"Ma(d1,d2,d3,d4,d5)",5D,open,2,2,-2,-2,-2,,
3.396918e+05,"Ma(d1,d2,d3,d4,d5)",5D,open,2,2,-2,-2,-1,,
3.396918e+05,"Ma(d1,d2,d3,d4)",4D,open,2,2,-2,-2,0,,
3.396918e+05,"Ma(d1,d2,d3,d4,d5)",5D,open,2,2,-2,-2,1,,
3.396918e+05,"Ma(d1,d2,d3,d4,d5)",5D,open,2,2,-2,-2,2,,
3.396918e+05,"Ma(d1,d2,d3,d4,d5)",5D,open,2,2,-2,-2,3,,
3.396918e+05,"Ma(d1,d2,d3,d4,d5)",5D,open,2,2,-2,2,-3,,
3.396918e+05,"Ma(d1,d2,d3,d4,d5)",5D,open,2,2,-2,2,-2,,
3.396918e+05,"Ma(d1,d2,d3,d4,d5)",5D,open,2,2,-2,2,-1,,
3.396918e+05,"Ma(d1,d2,d3,d4)",4D,open,2,2,-2,2,0,,
3.396918e+05,"Ma(d1,d2,d3,d4,d5)",5D,open,2,2,-2,2,1,,
3.396918e+05,"Ma(d1,d2,d3,d4,d5)",5D,open,2,2,-2,2,2,,
3.396918e+05,"Ma(d1,d2,d3,d4,d5)",5D,open,2,2,-2,2,3,,
3.396918e+05,"Ma(d1,d2,d3,d4,d5)",5D,open,2,2,2,-2,-3,,
3.396918e+05,"Ma(d1,d2,d3,d4,d5)",5D,open,2,2,2,-2,-2,,
3.396918e+05,"Ma(d1,d2,d3,d4,d5)",5D,open,2,2,2,-2,-1,,
3.396918e+05,"Ma(d1,d2,d3,d4)",4D,open,2,2,2,-2,0,,
3.396918e+05,"Ma(d1,d2,d3,d4,d5)",5D,open,2,2,2,-2,1,,
3.396918e+05,"Ma(d1,d2,d3,d4,d5)",5D,open,2,2,2,-2,2,,
3.396918e+05,"Ma(d1,d2,d3,d4,d5)",5D,open,2,2,2,-2,3,,
3.396918e+05,"Ma(d1,d2,d3,d4,d5)",5D,open,2,2,2,2,-3,,
3.396918e+05,"Ma(d1,d2,d3,d4,d5)",5D,open,2,2,2,2,-2,,
3.396918e+05,"Ma(d1,d2,d3,d4,d5)",5D,open,2,2,2,2,-1,,
3.396918e+05,"Ma(d1,d2,d3,d4)",4D,open,2,2,2,2,0,,
3.396918e+05,"Ma(d1,d2,d3,d4,d5)",5D,open,2,2,2,2,1,,
3.396918e+05,"Ma(d1,d2,d3,d4,d5)",5D,open,2,2,2,2,2,,
3.396918e+05,"Ma(d1,d2,d3,d4,d5)",5D,open,2,2,2,2,3,,
3.396918e+05,"Ma(d1,d2,d3,d4,d5)",5D,open,-2,-2,-2,-3,-3,,
3.396918e+05,"Ma(d1,d2,d3,d4,d5)",5D,open,-2,-2,-2,-3,-2,,
3.396918e+05,"Ma(d1,d2,d3,d4,d5)",5D,open,-2,-2,-2,-3,-1,,
3.396918e+05,"Ma(d1,d2,d3,d4)",4D,open,-2,-2,-2,-3,0,,
3.396918e+05,"Ma(d1,d2,d3,d4,d5)",5D,open,-2,-2,-2,-3,1,,
3.396918e+05,"Ma(d1,d2,d3,d4,d5)",5D,open,-2,-2,-2,-3,2,,
3.396918e+05,"Ma(d1,d2,d3,d4,d5)",5D,open,-2,-2,-2,-3,3,,
3.396918e+05,"Ma(d1,d2,d3,d4,d5)",5D,open,-2,-2,-2,3,-3,,
3.396918e+05,"Ma(d1,d2,d3,d4,d5)",5D,open,-2,-2,-2,3,-2,,
3.396918e+05,"Ma(d1,d2,d3,d4,d5)",5D,open,-2,-2,-2,3,-1,,
3.396918e+05,"Ma(d1,d2,d3,d4)",4D,open,-2,-2,-2,3,0,,
3.396918e+05,"Ma(d1,d2,d3,d4,d5)",5D,open,-2,-2,-2,3,1,,
3.396918e+05,"Ma(d1,d2,d3,d4,d5)",5D,open,-2,-2,-2,3,2,,
3.396918e+05,"Ma(d1,d2,d3,d4,d5)",5D,open,-2,-2,-2,3,3,,
3.396918e+05,"Ma(d1,d2,d3,d4,d5)",5D,open,-2,-2,2,-3,-3,,
3.396918e+05,"Ma(d1,d2,d3,d4,d5)",5D,open,-2,-2,2,-3,-2,,
3.396918e+05,"Ma(d1,d2,d3,d4,d5)",5D,open,-2,-2,2,-3,-1,,
3.396918e+05,"Ma(d1,d2,d3,d4)",4D,open,-2,-2,2,-3,0,,
3.396918e+05,"Ma(d1,d2,d3,d4,d5)",5D,open,-2,-2,2,-3,1,,
3.396918e+05,"Ma(d1,d2,d3,d4,d5)",5D,open,-2,-2,2,-3,2,,
3.396918e+05,"Ma(d1,d2,d3,d4,d5)",5D,open,-2,-2,2,-3,3,,
3.396918e+05,"Ma(d1,d2,d3,d4,d5)",5D,open,-2,-2,2,3,-3,,
3.396918e+05,"Ma(d1,d2,d3,d4,d5)",5D,open,-2,-2,2,3,-2,,
3.396918e+05,"Ma(d1,d2,d3,d4,d5)",5D,open,-2,-2,2,3,-1,,
3.396918e+05,"Ma(d1,d2,d3,d4)",4D,open,-2,-2,2,3,0,,
3.396918e+05,"Ma(d1,d2,d3,d4,d5)",5D,open,-2,-2,2,3,1,,
3.396918e+05,"Ma(d1,d2,d3,d4,d5)",5D,open,-2,-2,2,3,2,,
3.396918e+05,"Ma(d1,d2,d3,d4,d5)",5D,open,-2,-2,2,3,3,,
3.396918e+05,"Ma(d1,d2,d3,d4,d5)",5D,open,-2,2,-2,-3,-3,,
3.396918e+05,"Ma(d1,d2,d3,d4,d5)",5D,open,-2,2,-2,-3,-2,,
3.396918e+05,"Ma(d1,d2,d3,d4,d5)",5D,open,-2,2,-2,-3,-1,,
3.396918e+05,"Ma(d1,d2,d3,d4)",4D,open,-2,2,-2,-3,0,,
3.396918e+05,"Ma(d1,d2,d3,d4,d5)",5D,open,-2,2,-2,-3,1,,
3.396918e+05,"Ma(d1,d2,d3,d4,d5)",5D,open,-2,2,-2,-3,2,,
3.396918e+05,"Ma(d1,d2,d3,d4,d5)",5D,open,-2,2,-2,-3,3,,
3.396918e+05,"Ma(d1,d2,d3,d4,d5)",5D,open,-2,2,-2,3,-3,,
3.396918e+05,"Ma(d1,d2,d3,d4,d5)",5D,open,-2,2,-2,3,-2,,
3.396918e+05,"Ma(d1,d2,d3,d4,d5)",5D,open,-2,2,-2,3,-1,,
3.396918e+05,"Ma(d1,d2,d3,d4)",4D,open,-2,2,-2,3,0,,
3.396918e+05,"Ma(d1,d2,d3,d4,d5)",5D,open,-2,2,-2,3,1,,
3.396918e+05,"Ma(d1,d2,d3,d4,d5)",5D,open,-2,2,-2,3,2,,
3.396918e+05,"Ma(d1,d2,d3,d4,d5)",5D,open,-2,2,-2,3,3,,
3.396918e+05,"Ma(d1,d2,d3,d4,d5)",5D,open,-2,2,2,-3,-3,,
3.396918e+05,"Ma(d1,d2,d3,d4,d5)",5D,open,-2,2,2,-3,-2,,
3.396918e+05,"Ma(d1,d2,d3,d4,d5)",5D,open,-2,2,2,-3,-1,,
3.396918e+05,"Ma(d1,d2,d3,d4)",4D,open,-2,2,2,-3,0,,
3.396918e+05,"Ma(d1,d2,d3,d4,d5)",5D,open,-2,2,2,-3,1,,
3.396918e+05,"Ma(d1,d2,d3,d4,d5)",5D,open,-2,2,2,-3,2,,
3.396918e+05,"Ma(d1,d2,d3,d4,d5)",5D,open,-2,2,2,-3,3,,
3.396918e+05,"Ma(d1,d2,d3,d4,d5)",5D,open,-2,2,2,3,-3,,
3.396918e+05,"Ma(d1,d2,d3,d4,d5)",5D,open,-2,2,2,3,-2,,
3.396918e+05,"Ma(d1,d2,d3,d4,d5)",5D,open,-2,2,2,3,-1,,
3.396918e+05,"Ma(d1,d2,d3,d4)",4D,open,-2,2,2,3,0,,
3.396918e+05,"Ma(d1,d2,d3,d4,d5)",5D,open,-2,2,2,3,1,,
3.396918e+05,"Ma(d1,d2,d3,d4,d5)",5D,open,-2,2,2,3,2,,
3.396918e+05,"Ma(d1,d2,d3,d4,d5)",5D,open,-2,2,2,3,3,,
3.396918e+05,"Ma(d1,d2,d3,d4,d5)",5D,open,2,-2,-2,-3,-3,,
3.396918e+05,"Ma(d1,d2,d3,d4,d5)",5D,open,2,-2,-2,-3,-2,,
3.396918e+05,"Ma(d1,d2,d3,d4,d5)",5D,open,2,-2,-2,-3,-1,,
3.396918e+05,"Ma(d1,d2,d3,d4)",4D,open,2,-2,-2,-3,0,,
3.396918e+05,"Ma(d1,d2,d3,d4,d5)",5D,open,2,-2,-2,-3,1,,
3.396918e+05,"Ma(d1,d2,d3,d4,d5)",5D,open,2,-2,-2,-3,2,,
3.396918e+05,"Ma(d1,d2,d3,d4,d5)",5D,open,2,-2,-2,-3,3,,
3.396918e+05,"Ma(d1,d2,d3,d4,d5)",5D,open,2,-2,-2,3,-3,,
3.396918e+05,"Ma(d1,d2,d3,d4,d5)",5D,open,2,-2,-2,3,-2,,
3.396918e+05,"Ma(d1,d2,d3,d4,d5)",5D,open,2,-2,-2,3,-1,,
3.396918e+05,"Ma(d1,d2,d3,d4)",4D,open,2,-2,-2,3,0,,
3.396918e+05,"Ma(d1,d2,d3,d4,d5)",5D,open,2,-2,-2,3,1,,
3.396918e+05,"Ma(d1,d2,d3,d4,d5)",5D,open,2,-2,-2,3,2,,
3.396918e+05,"Ma(d1,d2,d3,d4,d5)",5D,open,2,-2,-2,3,3,,
3.396918e+05,"Ma(d1,d2,d3,d4,d5)",5D,open,2,-2,2,-3,-3,,
3.396918e+05,"Ma(d1,d2,d3,d4,d5)",5D,open,2,-2,2,-3,-2,,
3.396918e+05,"Ma(d1,d2,d3,d4,d5)",5D,open,2,-2,2,-3,-1,,
3.396918e+05,"Ma(d1,d2,d3,d4)",4D,open,2,-2,2,-3,0,,
3.396918e+05,"Ma(d1,d2,d3,d4,d5)",5D,open,2,-2,2,-3,1,,
3.396918e+05,"Ma(d1,d2,d3,d4,d5)",5D,open,2,-2,2,-3,2,,
3.396918e+05,"Ma(d1,d2,d3,d4,d5)",5D,open,2,-2,2,-3,3,,
3.396918e+05,"Ma(d1,d2,d3,d4,d5)",5D,open,2,-2,2,3,-3,,
3.396918e+05,"Ma(d1,d2,d3,d4,d5)",5D,open,2,-2,2,3,-2,,
3.396918e+05,"Ma(d1,d2,d3,d4,d5)",5D,open,2,-2,2,3,-1,,
3.396918e+05,"Ma(d1,d2,d3,d4)",4D,open,2,-2,2,3,0,,
3.396918e+05,"Ma(d1,d2,d3,d4,d5)",5D,open,2,-2,2,3,1,,
3.396918e+05,"Ma(d1,d2,d3,d4,d5)",5D,open,2,-2,2,3,2,,
3.396918e+05,"Ma(d1,d2,d3,d4,d5)",5D,open,2,-2,2,3,3,,
3.396918e+05,"Ma(d1,d2,d3,d4,d5)",5D,open,2,2,-2,-3,-3,,
3.396918e+05,"Ma(d1,d2,d3,d4,d5)",5D,open,2,2,-2,-3,-2,,
3.396918e+05,"Ma(d1,d2,d3,d4,d5)",5D,open,2,2,-2,-3,-1,,
3.396918e+05,"Ma(d1,d2,d3,d4)",4D,open,2,2,-2,-3,0,,
3.396918e+05,"Ma(d1,d2,d3,d4,d5)",5D,open,2,2,-2,-3,1,,
3.396918e+05,"Ma(d1,d2,d3,d4,d5)",5D,open,2,2,-2,-3,2,,
3.396918e+05,"Ma(d1,d2,d3,d4,d5)",5D,open,2,2,-2,-3,3,,
3.396918e+05,"Ma(d1,d2,d3,d4,d5)",5D,open,2,2,-2,3,-3,,
3.396918e+05,"Ma(d1,d2,d3,d4,d5)",5D,open,2,2,-2,3,-2,,
3.396918e+05,"Ma(d1,d2,d3,d4,d5)",5D,open,2,2,-2,3,-1,,
3.396918e+05,"Ma(d1,d2,d3,d4)",4D,open,2,2,-2,3,0,,
3.396918e+05,"Ma(d1,d2,d3,d4,d5)",5D,open,2,2,-2,3,1,,
3.396918e+05,"Ma(d1,d2,d3,d4,d5)",5D,open,2,2,-2,3,2,,
3.396918e+05,"Ma(d1,d2,d3,d4,d5)",5D,open,2,2,-2,3,3,,
3.396918e+05,"Ma(d1,d2,d3,d4,d5)",5D,open,2,2,2,-3,-3,,
3.396918e+05,"Ma(d1,d2,d3,d4,d5)",5D,open,2,2,2,-3,-2,,
3.396918e+05,"Ma(d1,d2,d3,d4,d5)",5D,open,2,2,2,-3,-1,,
3.396918e+05,"Ma(d1,d2,d3,d4)",4D,open,2,2,2,-3,0,,
3.396918e+05,"Ma(d1,d2,d3,d4,d5)",5D,open,2,2,2,-3,1,,
3.396918e+05,"Ma(d1,d2,d3,d4,d5)",5D,open,2,2,2,-3,2,,
3.396918e+05,"Ma(d1,d2,d3,d4,d5)",5D,open,2,2,2,-3,3,,
3.396918e+05,"Ma(d1,d2,d3,d4,d5)",5D,open,2,2,2,3,-3,,
3.396918e+05,"Ma(d1,d2,d3,d4,d5)",5D,open,2,2,2,3,-2,,
3.396918e+05,"Ma(d1,d2,d3,d4,d5)",5D,open,2,2,2,3,-1,,
3.396918e+05,"Ma(d1,d2,d3,d4)",4D,open,2,2,2,3,0,,
3.396918e+05,"Ma(d1,d2,d3,d4,d5)",5D,open,2,2,2,3,1,,
3.396918e+05,"Ma(d1,d2,d3,d4,d5)",5D,open,2,2,2,3,2,,
3.396918e+05,"Ma(d1,d2,d3,d4,d5)",5D,open,2,2,2,3,3,,
3.396918e+05,"Ma(d1,d2,d3,d5)",4D,open,-2,-2,-3,0,-3,,
3.396918e+05,"Ma(d1,d2,d3,d5)",4D,open,-2,-2,-3,0,-2,,
3.396918e+05,"Ma(d1,d2,d3,d5)",4D,open,-2,-2,-3,0,-1,,
3.396918e+05,"Ma(d1,d2,d3)",3D,open,-2,-2,-3,0,0,,
3.396918e+05,"Ma(d1,d2,d3,d5)",4D,open,-2,-2,-3,0,1,,
3.396918e+05,"Ma(d1,d2,d3,d5)",4D,open,-2,-2,-3,0,2,,
3.396918e+05,"Ma(d1,d2,d3,d5)",4D,open,-2,-2,-3,0,3,,
3.396918e+05,"Ma(d1,d2,d3,d5)",4D,open,-2,-2,3,0,-3,,
3.396918e+05,"Ma(d1,d2,d3,d5)",4D,open,-2,-2,3,0,-2,,
3.396918e+05,"Ma(d1,d2,d3,d5)",4D,open,-2,-2,3,0,-1,,
3.396918e+05,"Ma(d1,d2,d3)",3D,open,-2,-2,3,0,0,,
3.396918e+05,"Ma(d1,d2,d3,d5)",4D,open,-2,-2,3,0,1,,
3.396918e+05,"Ma(d1,d2,d3,d5)",4D,open,-2,-2,3,0,2,,
3.396918e+05,"Ma(d1,d2,d3,d5)",4D,open,-2,-2,3,0,3,,
3.396918e+05,"Ma(d1,d2,d3,d5)",4D,open,-2,2,-3,0,-3,,
3.396918e+05,"Ma(d1,d2,d3,d5)",4D,open,-2,2,-3,0,-2,,
3.396918e+05,"Ma(d1,d2,d3,d5)",4D,open,-2,2,-3,0,-1,,
3.396918e+05,"Ma(d1,d2,d3)",3D,open,-2,2,-3,0,0,,
3.396918e+05,"Ma(d1,d2,d3,d5)",4D,open,-2,2,-3,0,1,,
3.396918e+05,"Ma(d1,d2,d3,d5)",4D,open,-2,2,-3,0,2,,
3.396918e+05,"Ma(d1,d2,d3,d5)",4D,open,-2,2,-3,0,3,,
3.396918e+05,"Ma(d1,d2,d3,d5)",4D,open,-2,2,3,0,-3,,
3.396918e+05,"Ma(d1,d2,d3,d5)",4D,open,-2,2,3,0,-2,,
3.396918e+05,"Ma(d1,d2,d3,d5)",4D,open,-2,2,3,0,-1,,
3.396918e+05,"Ma(d1,d2,d3)",3D,open,-2,2,3,0,0,,
3.396918e+05,"Ma(d1,d2,d3,d5)",4D,open,-2,2,3,0,1,,
3.396918e+05,"Ma(d1,d2,d3,d5)",4D,open,-2,2,3,0,2,,
3.396918e+05,"Ma(d1,d2,d3,d5)",4D,open,-2,2,3,0,3,,
3.396918e+05,"Ma(d1,d2,d3,d5)",4D,open,2,-2,-3,0,-3,,
3.396918e+05,"Ma(d1,d2,d3,d5)",4D,open,2,-2,-3,0,-2,,
3.396918e+05,"Ma(d1,d2,d3,d5)",4D,open,2,-2,-3,0,-1,,
3.396918e+05,"Ma(d1,d2,d3)",3D,open,2,-2,-3,0,0,,
3.396918e+05,"Ma(d1,d2,d3,d5)",4D,open,2,-2,-3,0,1,,
3.396918e+05,"Ma(d1,d2,d3,d5)",4D,open,2,-2,-3,0,2,,
3.396918e+05,"Ma(d1,d2,d3,d5)",4D,open,2,-2,-3,0,3,,
3.396918e+05,"Ma(d1,d2,d3,d5)",4D,open,2,-2,3,0,-3,,
3.396918e+05,"Ma(d1,d2,d3,d5)",4D,open,2,-2,3,0,-2,,
3.396918e+05,"Ma(d1,d2,d3,d5)",4D,open,2,-2,3,0,-1,,
3.396918e+05,"Ma(d1,d2,d3)",3D,open,2,-2,3,0,0,,
3.396918e+05,"Ma(d1,d2,d3,d5)",4D,open,2,-2,3,0,1,,
3.396918e+05,"Ma(d1,d2,d3,d5)",4D,open,2,-2,3,0,2,,
3.396918e+05,"Ma(d1,d2,d3,d5)",4D,open,2,-2,3,0,3,,
3.396918e+05,"Ma(d1,d2,d3,d5)",4D,open,2,2,-3,0,-3,,
3.396918e+05,"Ma(d1,d2,d3,d5)",4D,open,2,2,-3,0,-2,,
3.396918e+05,"Ma(d1,d2,d3,d5)",4D,open,2,2,-3,0,-1,,
3.396918e+05,"Ma(d1,d2,d3)",3D,open,2,2,-3,0,0,,
3.396918e+05,"Ma(d1,d2,d3,d5)",4D,open,2,2,-3,0,1,,
3.396918e+05,"Ma(d1,d2,d3,d5)",4D,open,2,2,-3,0,2,,
3.396918e+05,"Ma(d1,d2,d3,d5)",4D,open,2,2,-3,0,3,,
3.396918e+05,"Ma(d1,d2,d3,d5)",4D,open,2,2,3,0,-3,,
3.396918e+05,"Ma(d1,d2,d3,d5)",4D,open,2,2,3,0,-2,,
3.396918e+05,"Ma(d1,d2,d3,d5)",4D,open,2,2,3,0,-1,,
3.396918e+05,"Ma(d1,d2,d3)",3D,open,2,2,3,0,0,,
3.396918e+05,"Ma(d1,d2,d3,d5)",4D,open,2,2,3,0,1,,
3.396918e+05,"Ma(d1,d2,d3,d5)",4D,open,2,2,3,0,2,,
3.396918e+05,"Ma(d1,d2,d3,d5)",4D,open,2,2,3,0,3,,
3.396918e+05,"Ma(d1,d2,d3,d4,d5)",5D,open,-2,-2,-3,-1,-3,,
3.396918e+05,"Ma(d1,d2,d3,d4,d5)",5D,open,-2,-2,-3,-1,-2,,
3.396918e+05,"Ma(d1,d2,d3,d4,d5)",5D,open,-2,-2,-3,-1,-1,,
3.396918e+05,"Ma(d1,d2,d3,d4)",4D,open,-2,-2,-3,-1,0,,
3.396918e+05,"Ma(d1,d2,d3,d4,d5)",5D,open,-2,-2,-3,-1,1,,
3.396918e+05,"Ma(d1,d2,d3,d4,d5)",5D,open,-2,-2,-3,-1,2,,
3.396918e+05,"Ma(d1,d2,d3,d4,d5)",5D,open,-2,-2,-3,-1,3,,
3.396918e+05,"Ma(d1,d2,d3,d4,d5)",5D,open,-2,-2,-3,1,-3,,
3.396918e+05,"Ma(d1,d2,d3,d4,d5)",5D,open,-2,-2,-3,1,-2,,
3.396918e+05,"Ma(d1,d2,d3,d4,d5)",5D,open,-2,-2,-3,1,-1,,
3.396918e+05,"Ma(d1,d2,d3,d4)",4D,open,-2,-2,-3,1,0,,
3.396918e+05,"Ma(d1,d2,d3,d4,d5)",5D,open,-2,-2,-3,1,1,,
3.396918e+05,"Ma(d1,d2,d3,d4,d5)",5D,open,-2,-2,-3,1,2,,
3.396918e+05,"Ma(d1,d2,d3,d4,d5)",5D,open,-2,-2,-3,1,3,,
3.396918e+05,"Ma(d1,d2,d3,d4,d5)",5D,open,-2,-2,3,-1,-3,,
3.396918e+05,"Ma(d1,d2,d3,d4,d5)",5D,open,-2,-2,3,-1,-2,,
3.396918e+05,"Ma(d1,d2,d3,d4,d5)",5D,open,-2,-2,3,-1,-1,,
3.396918e+05,"Ma(d1,d2,d3,d4)",4D,open,-2,-2,3,-1,0,,
3.396918e+05,"Ma(d1,d2,d3,d4,d5)",5D,open,-2,-2,3,-1,1,,
3.396918e+05,"Ma(d1,d2,d3,d4,d5)",5D,open,-2,-2,3,-1,2,,
3.396918e+05,"Ma(d1,d2,d3,d4,d5)",5D,open,-2,-2,3,-1,3,,
3.396918e+05,"Ma(d1,d2,d3,d4,d5)",5D,open,-2,-2,3,1,-3,,
3.396918e+05,"Ma(d1,d2,d3,d4,d5)",5D,open,-2,-2,3,1,-2,,
3.396918e+05,"Ma(d1,d2,d3,d4,d5)",5D,open,-2,-2,3,1,-1,,
3.396918e+05,"Ma(d1,d2,d3,d4)",4D,open,-2,-2,3,1,0,,
3.396918e+05,"Ma(d1,d2,d3,d4,d5)",5D,open,-2,-2,3,1,1,,
3.396918e+05,"Ma(d1,d2,d3,d4,d5)",5D,open,-2,-2,3,1,2,,
3.396918e+05,"Ma(d1,d2,d3,d4,d5)",5D,open,-2,-2,3,1,3,,
3.396918e+05,"Ma(d1,d2,d3,d4,d5)",5D,open,-2,2,-3,-1,-3,,
3.396918e+05,"Ma(d1,d2,d3,d4,d5)",5D,open,-2,2,-3,-1,-2,,
3.396918e+05,"Ma(d1,d2,d3,d4,d5)",5D,open,-2,2,-3,-1,-1,,
3.396918e+05,"Ma(d1,d2,d3,d4)",4D,open,-2,2,-3,-1,0,,
3.396918e+05,"Ma(d1,d2,d3,d4,d5)",5D,open,-2,2,-3,-1,1,,
3.396918e+05,"Ma(d1,d2,d3,d4,d5)",5D,open,-2,2,-3,-1,2,,
3.396918e+05,"Ma(d1,d2,d3,d4,d5)",5D,open,-2,2,-3,-1,3,,
3.396918e+05,"Ma(d1,d2,d3,d4,d5)",5D,open,-2,2,-3,1,-3,,
3.396918e+05,"Ma(d1,d2,d3,d4,d5)",5D,open,-2,2,-3,1,-2,,
3.396918e+05,"Ma(d1,d2,d3,d4,d5)",5D,open,-2,2,-3,1,-1,,
3.396918e+05,"Ma(d1,d2,d3,d4)",4D,open,-2,2,-3,1,0,,
3.396918e+05,"Ma(d1,d2,d3,d4,d5)",5D,open,-2,2,-3,1,1,,
3.396918e+05,"Ma(d1,d2,d3,d4,d5)",5D,open,-2,2,-3,1,2,,
3.396918e+05,"Ma(d1,d2,d3,d4,d5)",5D,open,-2,2,-3,1,3,,
3.396918e+05,"Ma(d1,d2,d3,d4,d5)",5D,open,-2,2,3,-1,-3,,
3.396918e+05,"Ma(d1,d2,d3,d4,d5)",5D,open,-2,2,3,-1,-2,,
3.396918e+05,"Ma(d1,d2,d3,d4,d5)",5D,open,-2,2,3,-1,-1,,
3.396918e+05,"Ma(d1,d2,d3,d4)",4D,open,-2,2,3,-1,0,,
3.396918e+05,"Ma(d1,d2,d3,d4,d5)",5D,open,-2,2,3,-1,1,,
3.396918e+05,"Ma(d1,d2,d3,d4,d5)",5D,open,-2,2,3,-1,2,,
3.396918e+05,"Ma(d1,d2,d3,d4,d5)",5D,open,-2,2,3,-1,3,,
3.396918e+05,"Ma(d1,d2,d3,d4,d5)",5D,open,-2,2,3,1,-3,,
3.396918e+05,"Ma(d1,d2,d3,d4,d5)",5D,open,-2,2,3,1,-2,,
3.396918e+05,"Ma(d1,d2,d3,d4,d5)",5D,open,-2,2,3,1,-1,,
3.396918e+05,"Ma(d1,d2,d3,d4)",4D,open,-2,2,3,1,0,,
3.396918e+05,"Ma(d1,d2,d3,d4,d5)",5D,open,-2,2,3,1,1,,
3.396918e+05,"Ma(d1,d2,d3,d4,d5)",5D,open,-2,2,3,1,2,,
3.396918e+05,"Ma(d1,d2,d3,d4,d5)",5D,open,-2,2,3,1,3,,
3.396918e+05,"Ma(d1,d2,d3,d4,d5)",5D,open,2,-2,-3,-1,-3,,
3.396918e+05,"Ma(d1,d2,d3,d4,d5)",5D,open,2,-2,-3,-1,-2,,
3.396918e+05,"Ma(d1,d2,d3,d4,d5)",5D,open,2,-2,-3,-1,-1,,
3.396918e+05,"Ma(d1,d2,d3,d4)",4D,open,2,-2,-3,-1,0,,
3.396918e+05,"Ma(d1,d2,d3,d4,d5)",5D,open,2,-2,-3,-1,1,,
3.396918e+05,"Ma(d1,d2,d3,d4,d5)",5D,open,2,-2,-3,-1,2,,
3.396918e+05,"Ma(d1,d2,d3,d4,d5)",5D,open,2,-2,-3,-1,3,,
3.396918e+05,"Ma(d1,d2,d3,d4,d5)",5D,open,2,-2,-3,1,-3,,
3.396918e+05,"Ma(d1,d2,d3,d4,d5)",5D,open,2,-2,-3,1,-2,,
3.396918e+05,"Ma(d1,d2,d3,d4,d5)",5D,open,2,-2,-3,1,-1,,
3.396918e+05,"Ma(d1,d2,d3,d4)",4D,open,2,-2,-3,1,0,,
3.396918e+05,"Ma(d1,d2,d3,d4,d5)",5D,open,2,-2,-3,1,1,,
3.396918e+05,"Ma(d1,d2,d3,d4,d5)",5D,open,2,-2,-3,1,2,,
3.396918e+05,"Ma(d1,d2,d3,d4,d5)",5D,open,2,-2,-3,1,3,,
3.396918e+05,"Ma(d1,d2,d3,d4,d5)",5D,open,2,-2,3,-1,-3,,
3.396918e+05,"Ma(d1,d2,d3,d4,d5)",5D,open,2,-2,3,-1,-2,,
3.396918e+05,"Ma(d1,d2,d3,d4,d5)",5D,open,2,-2,3,-1,-1,,
3.396918e+05,"Ma(d1,d2,d3,d4)",4D,open,2,-2,3,-1,0,,
3.396918e+05,"Ma(d1,d2,d3,d4,d5)",5D,open,2,-2,3,-1,1,,
3.396918e+05,"Ma(d1,d2,d3,d4,d5)",5D,open,2,-2,3,-1,2,,
3.396918e+05,"Ma(d1,d2,d3,d4,d5)",5D,open,2,-2,3,-1,3,,
3.396918e+05,"Ma(d1,d2,d3,d4,d5)",5D,open,2,-2,3,1,-3,,
3.396918e+05,"Ma(d1,d2,d3,d4,d5)",5D,open,2,-2,3,1,-2,,
3.396918e+05,"Ma(d1,d2,d3,d4,d5)",5D,open,2,-2,3,1,-1,,
3.396918e+05,"Ma(d1,d2,d3,d4)",4D,open,2,-2,3,1,0,,
3.396918e+05,"Ma(d1,d2,d3,d4,d5)",5D,open,2,-2,3,1,1,,
3.396918e+05,"Ma(d1,d2,d3,d4,d5)",5D,open,2,-2,3,1,2,,
3.396918e+05,"Ma(d1,d2,d3,d4,d5)",5D,open,2,-2,3,1,3,,
3.396918e+05,"Ma(d1,d2,d3,d4,d5)",5D,open,2,2,-3,-1,-3,,
3.396918e+05,"Ma(d1,d2,d3,d4,d5)",5D,open,2,2,-3,-1,-2,,
3.396918e+05,"Ma(d1,d2,d3,d4,d5)",5D,open,2,2,-3,-1,-1,,
3.396918e+05,"Ma(d1,d2,d3,d4)",4D,open,2,2,-3,-1,0,,
3.396918e+05,"Ma(d1,d2,d3,d4,d5)",5D,open,2,2,-3,-1,1,,
3.396918e+05,"Ma(d1,d2,d3,d4,d5)",5D,open,2,2,-3,-1,2,,
3.396918e+05,"Ma(d1,d2,d3,d4,d5)",5D,open,2,2,-3,-1,3,,
3.396918e+05,"Ma(d1,d2,d3,d4,d5)",5D,open,2,2,-3,1,-3,,
3.396918e+05,"Ma(d1,d2,d3,d4,d5)",5D,open,2,2,-3,1,-2,,
3.396918e+05,"Ma(d1,d2,d3,d4,d5)",5D,open,2,2,-3,1,-1,,
3.396918e+05,"Ma(d1,d2,d3,d4)",4D,open,2,2,-3,1,0,,
3.396918e+05,"Ma(d1,d2,d3,d4,d5)",5D,open,2,2,-3,1,1,,
3.396918e+05,"Ma(d1,d2,d3,d4,d5)",5D,open,2,2,-3,1,2,,
3.396918e+05,"Ma(d1,d2,d3,d4,d5)",5D,open,2,2,-3,1,3,,
3.396918e+05,"Ma(d1,d2,d3,d4,d5)",5D,open,2,2,3,-1,-3,,
3.396918e+05,"Ma(d1,d2,d3,d4,d5)",5D,open,2,2,3,-1,-2,,
3.396918e+05,"Ma(d1,d2,d3,d4,d5)",5D,open,2,2,3,-1,-1,,
3.396918e+05,"Ma(d1,d2,d3,d4)",4D,open,2,2,3,-1,0,,
3.396918e+05,"Ma(d1,d2,d3,d4,d5)",5D,open,2,2,3,-1,1,,
3.396918e+05,"Ma(d1,d2,d3,d4,d5)",5D,open,2,2,3,-1,2,,
3.396918e+05,"Ma(d1,d2,d3,d4,d5)",5D,open,2,2,3,-1,3,,
3.396918e+05,"Ma(d1,d2,d3,d4,d5)",5D,open,2,2,3,1,-3,,
3.396918e+05,"Ma(d1,d2,d3,d4,d5)",5D,open,2,2,3,1,-2,,
3.396918e+05,"Ma(d1,d2,d3,d4,d5)",5D,open,2,2,3,1,-1,,
3.396918e+05,"Ma(d1,d2,d3,d4)",4D,open,2,2,3,1,0,,
3.396918e+05,"Ma(d1,d2,d3,d4,d5)",5D,open,2,2,3,1,1,,
3.396918e+05,"Ma(d1,d2,d3,d4,d5)",5D,open,2,2,3,1,2,,
3.396918e+05,"Ma(d1,d2,d3,d4,d5)",5D,open,2,2,3,1,3,,
3.396918e+05,"Ma(d1,d2,d3,d4,d5)",5D,open,-2,-2,-3,-2,-3,,
3.396918e+05,"Ma(d1,d2,d3,d4,d5)",5D,open,-2,-2,-3,-2,-2,,
3.396918e+05,"Ma(d1,d2,d3,d4,d5)",5D,open,-2,-2,-3,-2,-1,,
3.396918e+05,"Ma(d1,d2,d3,d4)",4D,open,-2,-2,-3,-2,0,,
3.396918e+05,"Ma(d1,d2,d3,d4,d5)",5D,open,-2,-2,-3,-2,1,,
3.396918e+05,"Ma(d1,d2,d3,d4,d5)",5D,open,-2,-2,-3,-2,2,,
3.396918e+05,"Ma(d1,d2,d3,d4,d5)",5D,open,-2,-2,-3,-2,3,,
3.396918e+05,"Ma(d1,d2,d3,d4,d5)",5D,open,-2,-2,-3,2,-3,,
3.396918e+05,"Ma(d1,d2,d3,d4,d5)",5D,open,-2,-2,-3,2,-2,,
3.396918e+05,"Ma(d1,d2,d3,d4,d5)",5D,open,-2,-2,-3,2,-1,,
3.396918e+05,"Ma(d1,d2,d3,d4)",4D,open,-2,-2,-3,2,0,,
3.396918e+05,"Ma(d1,d2,d3,d4,d5)",5D,open,-2,-2,-3,2,1,,
3.396918e+05,"Ma(d1,d2,d3,d4,d5)",5D,open,-2,-2,-3,2,2,,
3.396918e+05,"Ma(d1,d2,d3,d4,d5)",5D,open,-2,-2,-3,2,3,,
3.396918e+05,"Ma(d1,d2,d3,d4,d5)",5D,open,-2,-2,3,-2,-3,,
3.396918e+05,"Ma(d1,d2,d3,d4,d5)",5D,open,-2,-2,3,-2,-2,,
3.396918e+05,"Ma(d1,d2,d3,d4,d5)",5D,open,-2,-2,3,-2,-1,,
3.396918e+05,"Ma(d1,d2,d3,d4)",4D,open,-2,-2,3,-2,0,,
3.396918e+05,"Ma(d1,d2,d3,d4,d5)",5D,open,-2,-2,3,-2,1,,
3.396918e+05,"Ma(d1,d2,d3,d4,d5)",5D,open,-2,-2,3,-2,2,,
3.396918e+05,"Ma(d1,d2,d3,d4,d5)",5D,open,-2,-2,3,-2,3,,
3.396918e+05,"Ma(d1,d2,d3,d4,d5)",5D,open,-2,-2,3,2,-3,,
3.396918e+05,"Ma(d1,d2,d3,d4,d5)",5D,open,-2,-2,3,2,-2,,
3.396918e+05,"Ma(d1,d2,d3,d4,d5)",5D,open,-2,-2,3,2,-1,,
3.396918e+05,"Ma(d1,d2,d3,d4)",4D,open,-2,-2,3,2,0,,
3.396918e+05,"Ma(d1,d2,d3,d4,d5)",5D,open,-2,-2,3,2,1,,
3.396918e+05,"Ma(d1,d2,d3,d4,d5)",5D,open,-2,-2,3,2,2,,
3.396918e+05,"Ma(d1,d2,d3,d4,d5)",5D,open,-2,-2,3,2,3,,
3.396918e+05,"Ma(d1,d2,d3,d4,d5)",5D,open,-2,2,-3,-2,-3,,
3.396918e+05,"Ma(d1,d2,d3,d4,d5)",5D,open,-2,2,-3,-2,-2,,
3.396918e+05,"Ma(d1,d2,d3,d4,d5)",5D,open,-2,2,-3,-2,-1,,
3.396918e+05,"Ma(d1,d2,d3,d4)",4D,open,-2,2,-3,-2,0,,
3.396918e+05,"Ma(d1,d2,d3,d4,d5)",5D,open,-2,2,-3,-2,1,,
3.396918e+05,"Ma(d1,d2,d3,d4,d5)",5D,open,-2,2,-3,-2,2,,
3.396918e+05,"Ma(d1,d2,d3,d4,d5)",5D,open,-2,2,-3,-2,3,,
3.396918e+05,"Ma(d1,d2,d3,d4,d5)",5D,open,-2,2,-3,2,-3,,
3.396918e+05,"Ma(d1,d2,d3,d4,d5)",5D,open,-2,2,-3,2,-2,,
3.396918e+05,"Ma(d1,d2,d3,d4,d5)",5D,open,-2,2,-3,2,-1,,
3.396918e+05,"Ma(d1,d2,d3,d4)",4D,open,-2,2,-3,2,0,,
3.396918e+05,"Ma(d1,d2,d3,d4,d5)",5D,open,-2,2,-3,2,1,,
3.396918e+05,"Ma(d1,d2,d3,d4,d5)",5D,open,-2,2,-3,2,2,,
3.396918e+05,"Ma(d1,d2,d3,d4,d5)",5D,open,-2,2,-3,2,3,,
3.396918e+05,"Ma(d1,d2,d3,d4,d5)",5D,open,-2,2,3,-2,-3,,
3.396918e+05,"Ma(d1,d2,d3,d4,d5)",5D,open,-2,2,3,-2,-2,,
3.396918e+05,"Ma(d1,d2,d3,d4,d5)",5D,open,-2,2,3,-2,-1,,
3.396918e+05,"Ma(d1,d2,d3,d4)",4D,open,-2,2,3,-2,0,,
3.396918e+05,"Ma(d1,d2,d3,d4,d5)",5D,open,-2,2,3,-2,1,,
3.396918e+05,"Ma(d1,d2,d3,d4,d5)",5D,open,-2,2,3,-2,2,,
3.396918e+05,"Ma(d1,d2,d3,d4,d5)",5D,open,-2,2,3,-2,3,,
3.396918e+05,"Ma(d1,d2,d3,d4,d5)",5D,open,-2,2,3,2,-3,,
3.396918e+05,"Ma(d1,d2,d3,d4,d5)",5D,open,-2,2,3,2,-2,,
3.396918e+05,"Ma(d1,d2,d3,d4,d5)",5D,open,-2,2,3,2,-1,,
3.396918e+05,"Ma(d1,d2,d3,d4)",4D,open,-2,2,3,2,0,,
3.396918e+05,"Ma(d1,d2,d3,d4,d5)",5D,open,-2,2,3,2,1,,
3.396918e+05,"Ma(d1,d2,d3,d4,d5)",5D,open,-2,2,3,2,2,,
3.396918e+05,"Ma(d1,d2,d3,d4,d5)",5D,open,-2,2,3,2,3,,
3.396918e+05,"Ma(d1,d2,d3,d4,d5)",5D,open,2,-2,-3,-2,-3,,
3.396918e+05,"Ma(d1,d2,d3,d4,d5)",5D,open,2,-2,-3,-2,-2,,
3.396918e+05,"Ma(d1,d2,d3,d4,d5)",5D,open,2,-2,-3,-2,-1,,
3.396918e+05,"Ma(d1,d2,d3,d4)",4D,open,2,-2,-3,-2,0,,
3.396918e+05,"Ma(d1,d2,d3,d4,d5)",5D,open,2,-2,-3,-2,1,,
3.396918e+05,"Ma(d1,d2,d3,d4,d5)",5D,open,2,-2,-3,-2,2,,
3.396918e+05,"Ma(d1,d2,d3,d4,d5)",5D,open,2,-2,-3,-2,3,,
3.396918e+05,"Ma(d1,d2,d3,d4,d5)",5D,open,2,-2,-3,2,-3,,
3.396918e+05,"Ma(d1,d2,d3,d4,d5)",5D,open,2,-2,-3,2,-2,,
3.396918e+05,"Ma(d1,d2,d3,d4,d5)",5D,open,2,-2,-3,2,-1,,
3.396918e+05,"Ma(d1,d2,d3,d4)",4D,open,2,-2,-3,2,0,,
3.396918e+05,"Ma(d1,d2,d3,d4,d5)",5D,open,2,-2,-3,2,1,,
3.396918e+05,"Ma(d1,d2,d3,d4,d5)",5D,open,2,-2,-3,2,2,,
3.396918e+05,"Ma(d1,d2,d3,d4,d5)",5D,open,2,-2,-3,2,3,,
3.396918e+05,"Ma(d1,d2,d3,d4,d5)",5D,open,2,-2,3,-2,-3,,
3.396918e+05,"Ma(d1,d2,d3,d4,d5)",5D,open,2,-2,3,-2,-2,,
3.396918e+05,"Ma(d1,d2,d3,d4,d5)",5D,open,2,-2,3,-2,-1,,
3.396918e+05,"Ma(d1,d2,d3,d4)",4D,open,2,-2,3,-2,0,,
3.396918e+05,"Ma(d1,d2,d3,d4,d5)",5D,open,2,-2,3,-2,1,,
3.396918e+05,"Ma(d1,d2,d3,d4,d5)",5D,open,2,-2,3,-2,2,,
3.396918e+05,"Ma(d1,d2,d3,d4,d5)",5D,open,2,-2,3,-2,3,,
3.396918e+05,"Ma(d1,d2,d3,d4,d5)",5D,open,2,-2,3,2,-3,,
3.396918e+05,"Ma(d1,d2,d3,d4,d5)",5D,open,2,-2,3,2,-2,,
3.396918e+05,"Ma(d1,d2,d3,d4,d5)",5D,open,2,-2,3,2,-1,,
3.396918e+05,"Ma(d1,d2,d3,d4)",4D,open,2,-2,3,2,0,,
3.396918e+05,"Ma(d1,d2,d3,d4,d5)",5D,open,2,-2,3,2,1,,
3.396918e+05,"Ma(d1,d2,d3,d4,d5)",5D,open,2,-2,3,2,2,,
3.396918e+05,"Ma(d1,d2,d3,d4,d5)",5D,open,2,-2,3,2,3,,
3.396918e+05,"Ma(d1,d2,d3,d4,d5)",5D,open,2,2,-3,-2,-3,,
3.396918e+05,"Ma(d1,d2,d3,d4,d5)",5D,open,2,2,-3,-2,-2,,
3.396918e+05,"Ma(d1,d2,d3,d4,d5)",5D,open,2,2,-3,-2,-1,,
3.396918e+05,"Ma(d1,d2,d3,d4)",4D,open,2,2,-3,-2,0,,
3.396918e+05,"Ma(d1,d2,d3,d4,d5)",5D,open,2,2,-3,-2,1,,
3.396918e+05,"Ma(d1,d2,d3,d4,d5)",5D,open,2,2,-3,-2,2,,
3.396918e+05,"Ma(d1,d2,d3,d4,d5)",5D,open,2,2,-3,-2,3,,
3.396918e+05,"Ma(d1,d2,d3,d4,d5)",5D,open,2,2,-3,2,-3,,
3.396918e+05,"Ma(d1,d2,d3,d4,d5)",5D,open,2,2,-3,2,-2,,
3.396918e+05,"Ma(d1,d2,d3,d4,d5)",5D,open,2,2,-3,2,-1,,
3.396918e+05,"Ma(d1,d2,d3,d4)",4D,open,2,2,-3,2,0,,
3.396918e+05,"Ma(d1,d2,d3,d4,d5)",5D,open,2,2,-3,2,1,,
3.396918e+05,"Ma(d1,d2,d3,d4,d5)",5D,open,2,2,-3,2,2,,
3.396918e+05,"Ma(d1,d2,d3,d4,d5)",5D,open,2,2,-3,2,3,,
3.396918e+05,"Ma(d1,d2,d3,d4,d5)",5D,open,2,2,3,-2,-3,,
3.396918e+05,"Ma(d1,d2,d3,d4,d5)",5D,open,2,2,3,-2,-2,,
3.396918e+05,"Ma(d1,d2,d3,d4,d5)",5D,open,2,2,3,-2,-1,,
3.396918e+05,"Ma(d1,d2,d3,d4)",4D,open,2,2,3,-2,0,,
3.396918e+05,"Ma(d1,d2,d3,d4,d5)",5D,open,2,2,3,-2,1,,
3.396918e+05,"Ma(d1,d2,d3,d4,d5)",5D,open,2,2,3,-2,2,,
3.396918e+05,"Ma(d1,d2,d3,d4,d5)",5D,open,2,2,3,-2,3,,
3.396918e+05,"Ma(d1,d2,d3,d4,d5)",5D,open,2,2,3,2,-3,,
3.396918e+05,"Ma(d1,d2,d3,d4,d5)",5D,open,2,2,3,2,-2,,
3.396918e+05,"Ma(d1,d2,d3,d4,d5)",5D,open,2,2,3,2,-1,,
3.396918e+05,"Ma(d1,d2,d3,d4)",4D,open,2,2,3,2,0,,
3.396918e+05,"Ma(d1,d2,d3,d4,d5)",5D,open,2,2,3,2,1,,
3.396918e+05,"Ma(d1,d2,d3,d4,d5)",5D,open,2,2,3,2,2,,
3.396918e+05,"Ma(d1,d2,d3,d4,d5)",5D,open,2,2,3,2,3,,
3.396918e+05,"Ma(d1,d2,d3,d4,d5)",5D,open,-2,-2,-3,-3,-3,,
3.396918e+05,"Ma(d1,d2,d3,d4,d5)",5D,open,-2,-2,-3,-3,-2,,
3.396918e+05,"Ma(d1,d2,d3,d4,d5)",5D,open,-2,-2,-3,-3,-1,,
3.396918e+05,"Ma(d1,d2,d3,d4)",4D,open,-2,-2,-3,-3,0,,
3.396918e+05,"Ma(d1,d2,d3,d4,d5)",5D,open,-2,-2,-3,-3,1,,
3.396918e+05,"Ma(d1,d2,d3,d4,d5)",5D,open,-2,-2,-3,-3,2,,
3.396918e+05,"Ma(d1,d2,d3,d4,d5)",5D,open,-2,-2,-3,-3,3,,
3.396918e+05,"Ma(d1,d2,d3,d4,d5)",5D,open,-2,-2,-3,3,-3,,
3.396918e+05,"Ma(d1,d2,d3,d4,d5)",5D,open,-2,-2,-3,3,-2,,
3.396918e+05,"Ma(d1,d2,d3,d4,d5)",5D,open,-2,-2,-3,3,-1,,
3.396918e+05,"Ma(d1,d2,d3,d4)",4D,open,-2,-2,-3,3,0,,
3.396918e+05,"Ma(d1,d2,d3,d4,d5)",5D,open,-2,-2,-3,3,1,,
3.396918e+05,"Ma(d1,d2,d3,d4,d5)",5D,open,-2,-2,-3,3,2,,
3.396918e+05,"Ma(d1,d2,d3,d4,d5)",5D,open,-2,-2,-3,3,3,,
3.396918e+05,"Ma(d1,d2,d3,d4,d5)",5D,open,-2,-2,3,-3,-3,,
3.396918e+05,"Ma(d1,d2,d3,d4,d5)",5D,open,-2,-2,3,-3,-2,,
3.396918e+05,"Ma(d1,d2,d3,d4,d5)",5D,open,-2,-2,3,-3,-1,,
3.396918e+05,"Ma(d1,d2,d3,d4)",4D,open,-2,-2,3,-3,0,,
3.396918e+05,"Ma(d1,d2,d3,d4,d5)",5D,open,-2,-2,3,-3,1,,
3.396918e+05,"Ma(d1,d2,d3,d4,d5)",5D,open,-2,-2,3,-3,2,,
3.396918e+05,"Ma(d1,d2,d3,d4,d5)",5D,open,-2,-2,3,-3,3,,
3.396918e+05,"Ma(d1,d2,d3,d4,d5)",5D,open,-2,-2,3,3,-3,,
3.396918e+05,"Ma(d1,d2,d3,d4,d5)",5D,open,-2,-2,3,3,-2,,
3.396918e+05,"Ma(d1,d2,d3,d4,d5)",5D,open,-2,-2,3,3,-1,,
3.396918e+05,"Ma(d1,d2,d3,d4)",4D,open,-2,-2,3,3,0,,
3.396918e+05,"Ma(d1,d2,d3,d4,d5)",5D,open,-2,-2,3,3,1,,
3.396918e+05,"Ma(d1,d2,d3,d4,d5)",5D,open,-2,-2,3,3,2,,
3.396918e+05,"Ma(d1,d2,d3,d4,d5)",5D,open,-2,-2,3,3,3,,
3.396918e+05,"Ma(d1,d2,d3,d4,d5)",5D,open,-2,2,-3,-3,-3,,
3.396918e+05,"Ma(d1,d2,d3,d4,d5)",5D,open,-2,2,-3,-3,-2,,
3.396918e+05,"Ma(d1,d2,d3,d4,d5)",5D,open,-2,2,-3,-3,-1,,
3.396918e+05,"Ma(d1,d2,d3,d4)",4D,open,-2,2,-3,-3,0,,
3.396918e+05,"Ma(d1,d2,d3,d4,d5)",5D,open,-2,2,-3,-3,1,,
3.396918e+05,"Ma(d1,d2,d3,d4,d5)",5D,open,-2,2,-3,-3,2,,
3.396918e+05,"Ma(d1,d2,d3,d4,d5)",5D,open,-2,2,-3,-3,3,,
3.396918e+05,"Ma(d1,d2,d3,d4,d5)",5D,open,-2,2,-3,3,-3,,
3.396918e+05,"Ma(d1,d2,d3,d4,d5)",5D,open,-2,2,-3,3,-2,,
3.396918e+05,"Ma(d1,d2,d3,d4,d5)",5D,open,-2,2,-3,3,-1,,
3.396918e+05,"Ma(d1,d2,d3,d4)",4D,open,-2,2,-3,3,0,,
3.396918e+05,"Ma(d1,d2,d3,d4,d5)",5D,open,-2,2,-3,3,1,,
3.396918e+05,"Ma(d1,d2,d3,d4,d5)",5D,open,-2,2,-3,3,2,,
3.396918e+05,"Ma(d1,d2,d3,d4,d5)",5D,open,-2,2,-3,3,3,,
3.396918e+05,"Ma(d1,d2,d3,d4,d5)",5D,open,-2,2,3,-3,-3,,
3.396918e+05,"Ma(d1,d2,d3,d4,d5)",5D,open,-2,2,3,-3,-2,,
3.396918e+05,"Ma(d1,d2,d3,d4,d5)",5D,open,-2,2,3,-3,-1,,
3.396918e+05,"Ma(d1,d2,d3,d4)",4D,open,-2,2,3,-3,0,,
3.396918e+05,"Ma(d1,d2,d3,d4,d5)",5D,open,-2,2,3,-3,1,,
3.396918e+05,"Ma(d1,d2,d3,d4,d5)",5D,open,-2,2,3,-3,2,,
3.396918e+05,"Ma(d1,d2,d3,d4,d5)",5D,open,-2,2,3,-3,3,,
3.396918e+05,"Ma(d1,d2,d3,d4,d5)",5D,open,-2,2,3,3,-3,,
3.396918e+05,"Ma(d1,d2,d3,d4,d5)",5D,open,-2,2,3,3,-2,,
3.396918e+05,"Ma(d1,d2,d3,d4,d5)",5D,open,-2,2,3,3,-1,,
3.396918e+05,"Ma(d1,d2,d3,d4)",4D,open,-2,2,3,3,0,,
3.396918e+05,"Ma(d1,d2,d3,d4,d5)",5D,open,-2,2,3,3,1,,
3.396918e+05,"Ma(d1,d2,d3,d4,d5)",5D,open,-2,2,3,3,2,,
3.396918e+05,"Ma(d1,d2,d3,d4,d5)",5D,open,-2,2,3,3,3,,
3.396918e+05,"Ma(d1,d2,d3,d4,d5)",5D,open,2,-2,-3,-3,-3,,
3.396918e+05,"Ma(d1,d2,d3,d4,d5)",5D,open,2,-2,-3,-3,-2,,
3.396918e+05,"Ma(d1,d2,d3,d4,d5)",5D,open,2,-2,-3,-3,-1,,
3.396918e+05,"Ma(d1,d2,d3,d4)",4D,open,2,-2,-3,-3,0,,
3.396918e+05,"Ma(d1,d2,d3,d4,d5)",5D,open,2,-2,-3,-3,1,,
3.396918e+05,"Ma(d1,d2,d3,d4,d5)",5D,open,2,-2,-3,-3,2,,
3.396918e+05,"Ma(d1,d2,d3,d4,d5)",5D,open,2,-2,-3,-3,3,,
3.396918e+05,"Ma(d1,d2,d3,d4,d5)",5D,open,2,-2,-3,3,-3,,
3.396918e+05,"Ma(d1,d2,d3,d4,d5)",5D,open,2,-2,-3,3,-2,,
3.396918e+05,"Ma(d1,d2,d3,d4,d5)",5D,open,2,-2,-3,3,-1,,
3.396918e+05,"Ma(d1,d2,d3,d4)",4D,open,2,-2,-3,3,0,,
3.396918e+05,"Ma(d1,d2,d3,d4,d5)",5D,open,2,-2,-3,3,1,,
3.396918e+05,"Ma(d1,d2,d3,d4,d5)",5D,open,2,-2,-3,3,2,,
3.396918e+05,"Ma(d1,d2,d3,d4,d5)",5D,open,2,-2,-3,3,3,,
3.396918e+05,"Ma(d1,d2,d3,d4,d5)",5D,open,2,-2,3,-3,-3,,
3.396918e+05,"Ma(d1,d2,d3,d4,d5)",5D,open,2,-2,3,-3,-2,,
3.396918e+05,"Ma(d1,d2,d3,d4,d5)",5D,open,2,-2,3,-3,-1,,
3.396918e+05,"Ma(d1,d2,d3,d4)",4D,open,2,-2,3,-3,0,,
3.396918e+05,"Ma(d1,d2,d3,d4,d5)",5D,open,2,-2,3,-3,1,,
3.396918e+05,"Ma(d1,d2,d3,d4,d5)",5D,open,2,-2,3,-3,2,,
3.396918e+05,"Ma(d1,d2,d3,d4,d5)",5D,open,2,-2,3,-3,3,,
3.396918e+05,"Ma(d1,d2,d3,d4,d5)",5D,open,2,-2,3,3,-3,,
3.396918e+05,"Ma(d1,d2,d3,d4,d5)",5D,open,2,-2,3,3,-2,,
3.396918e+05,"Ma(d1,d2,d3,d4,d5)",5D,open,2,-2,3,3,-1,,
3.396918e+05,"Ma(d1,d2,d3,d4)",4D,open,2,-2,3,3,0,,
3.396918e+05,"Ma(d1,d2,d3,d4,d5)",5D,open,2,-2,3,3,1,,
3.396918e+05,"Ma(d1,d2,d3,d4,d5)",5D,open,2,-2,3,3,2,,
3.396918e+05,"Ma(d1,d2,d3,d4,d5)",5D,open,2,-2,3,3,3,,
3.396918e+05,"Ma(d1,d2,d3,d4,d5)",5D,open,2,2,-3,-3,-3,,
3.396918e+05,"Ma(d1,d2,d3,d4,d5)",5D,open,2,2,-3,-3,-2,,
3.396918e+05,"Ma(d1,d2,d3,d4,d5)",5D,open,2,2,-3,-3,-1,,
3.396918e+05,"Ma(d1,d2,d3,d4)",4D,open,2,2,-3,-3,0,,
3.396918e+05,"Ma(d1,d2,d3,d4,d5)",5D,open,2,2,-3,-3,1,,
3.396918e+05,"Ma(d1,d2,d3,d4,d5)",5D,open,2,2,-3,-3,2,,
3.396918e+05,"Ma(d1,d2,d3,d4,d5)",5D,open,2,2,-3,-3,3,,
3.396918e+05,"Ma(d1,d2,d3,d4,d5)",5D,open,2,2,-3,3,-3,,
3.396918e+05,"Ma(d1,d2,d3,d4,d5)",5D,open,2,2,-3,3,-2,,
3.396918e+05,"Ma(d1,d2,d3,d4,d5)",5D,open,2,2,-3,3,-1,,
3.396918e+05,"Ma(d1,d2,d3,d4)",4D,open,2,2,-3,3,0,,
3.396918e+05,"Ma(d1,d2,d3,d4,d5)",5D,open,2,2,-3,3,1,,
3.396918e+05,"Ma(d1,d2,d3,d4,d5)",5D,open,2,2,-3,3,2,,
3.396918e+05,"Ma(d1,d2,d3,d4,d5)",5D,open,2,2,-3,3,3,,
3.396918e+05,"Ma(d1,d2,d3,d4,d5)",5D,open,2,2,3,-3,-3,,
3.396918e+05,"Ma(d1,d2,d3,d4,d5)",5D,open,2,2,3,-3,-2,,
3.396918e+05,"Ma(d1,d2,d3,d4,d5)",5D,open,2,2,3,-3,-1,,
3.396918e+05,"Ma(d1,d2,d3,d4)",4D,open,2,2,3,-3,0,,
3.396918e+05,"Ma(d1,d2,d3,d4,d5)",5D,open,2,2,3,-3,1,,
3.396918e+05,"Ma(d1,d2,d3,d4,d5)",5D,open,2,2,3,-3,2,,
3.396918e+05,"Ma(d1,d2,d3,d4,d5)",5D,open,2,2,3,-3,3,,
3.396918e+05,"Ma(d1,d2,d3,d4,d5)",5D,open,2,2,3,3,-3,,
3.396918e+05,"Ma(d1,d2,d3,d4,d5)",5D,open,2,2,3,3,-2,,
3.396918e+05,"Ma(d1,d2,d3,d4,d5)",5D,open,2,2,3,3,-1,,
3.396918e+05,"Ma(d1,d2,d3,d4)",4D,open,2,2,3,3,0,,
3.396918e+05,"Ma(d1,d2,d3,d4,d5)",5D,open,2,2,3,3,1,,
3.396918e+05,"Ma(d1,d2,d3,d4,d5)",5D,open,2,2,3,3,2,,
3.396918e+05,"Ma(d1,d2,d3,d4,d5)",5D,open,2,2,3,3,3,,
3.396919e+05,"Ma(d1,d2)",2D,closed,-2,-2,0,0,0,d1,2.0075
3.396919e+05,"Ma(d1,d2)",2D,closed,2,2,0,0,0,d1,2.0075
3.397031e+05,"Ma(d1,d2,d5)",3D,open,-2,-3,0,0,-3,,
3.397031e+05,"Ma(d1,d2,d5)",3D,open,-2,-3,0,0,-2,,
3.397031e+05,"Ma(d1,d2,d5)",3D,open,-2,-3,0,0,-1,,
3.397031e+05,"Ma(d1,d2,d5)",3D,open,-2,-3,0,0,1,,
3.397031e+05,"Ma(d1,d2,d5)",3D,open,-2,-3,0,0,2,,
3.397031e+05,"Ma(d1,d2,d5)",3D,open,-2,-3,0,0,3,,
3.397031e+05,"Ma(d1,d2,d5)",3D,open,-2,3,0,0,-3,,
3.397031e+05,"Ma(d1,d2,d5)",3D,open,-2,3,0,0,-2,,
3.397031e+05,"Ma(d1,d2,d5)",3D,open,-2,3,0,0,-1,,
3.397031e+05,"Ma(d1,d2,d5)",3D,open,-2,3,0,0,1,,
3.397031e+05,"Ma(d1,d2,d5)",3D,open,-2,3,0,0,2,,
3.397031e+05,"Ma(d1,d2,d5)",3D,open,-2,3,0,0,3,,
3.397031e+05,"Ma(d1,d2,d5)",3D,open,2,-3,0,0,-3,,
3.397031e+05,"Ma(d1,d2,d5)",3D,open,2,-3,0,0,-2,,
3.397031e+05,"Ma(d1,d2,d5)",3D,open,2,-3,0,0,-1,,
3.397031e+05,"Ma(d1,d2,d5)",3D,open,2,-3,0,0,1,,
3.397031e+05,"Ma(d1,d2,d5)",3D,open,2,-3,0,0,2,,
3.397031e+05,"Ma(d1,d2,d5)",3D,open,2,-3,0,0,3,,
3.397031e+05,"Ma(d1,d2,d5)",3D,open,2,3,0,0,-3,,
3.397031e+05,"Ma(d1,d2,d5)",3D,open,2,3,0,0,-2,,
3.397031e+05,"Ma(d1,d2,d5)",3D,open,2,3,0,0,-1,,
3.397031e+05,"Ma(d1,d2,d5)",3D,open,2,3,0,0,1,,
3.397031e+05,"Ma(d1,d2,d5)",3D,open,2,3,0,0,2,,
3.397031e+05,"Ma(d1,d2,d5)",3D,open,2,3,0,0,3,,
3.397031e+05,"Ma(d1,d2,d4,d5)",4D,open,-2,-3,0,-1,-3,,
3.397031e+05,"Ma(d1,d2,d4,d5)",4D,open,-2,-3,0,-1,-2,,
3.397031e+05,"Ma(d1,d2,d4,d5)",4D,open,-2,-3,0,-1,-1,,
3.397031e+05,"Ma(d1,d2,d4)",3D,open,-2,-3,0,-1,0,,
3.397031e+05,"Ma(d1,d2,d4,d5)",4D,open,-2,-3,0,-1,1,,
3.397031e+05,"Ma(d1,d2,d4,d5)",4D,open,-2,-3,0,-1,2,,
3.397031e+05,"Ma(d1,d2,d4,d5)",4D,open,-2,-3,0,-1,3,,
3.397031e+05,"Ma(d1,d2,d4,d5)",4D,open,-2,-3,0,1,-3,,
3.397031e+05,"Ma(d1,d2,d4,d5)",4D,open,-2,-3,0,1,-2,,
3.397031e+05,"Ma(d1,d2,d4,d5)",4D,open,-2,-3,0,1,-1,,
3.397031e+05,"Ma(d1,d2,d4)",3D,open,-2,-3,0,1,0,,
3.397031e+05,"Ma(d1,d2,d4,d5)",4D,open,-2,-3,0,1,1,,
3.397031e+05,"Ma(d1,d2,d4,d5)",4D,open,-2,-3,0,1,2,,
3.397031e+05,"Ma(d1,d2,d4,d5)",4D,open,-2,-3,0,1,3,,
3.397031e+05,"Ma(d1,d2,d4,d5)",4D,open,-2,3,0,-1,-3,,
3.397031e+05,"Ma(d1,d2,d4,d5)",4D,open,-2,3,0,-1,-2,,
3.397031e+05,"Ma(d1,d2,d4,d5)",4D,open,-2,3,0,-1,-1,,
3.397031e+05,"Ma(d1,d2,d4)",3D,open,-2,3,0,-1,0,,
3.397031e+05,"Ma(d1,d2,d4,d5)",4D,open,-2,3,0,-1,1,,
3.397031e+05,"Ma(d1,d2,d4,d5)",4D,open,-2,3,0,-1,2,,
3.397031e+05,"Ma(d1,d2,d4,d5)",4D,open,-2,3,0,-1,3,,
3.397031e+05,"Ma(d1,d2,d4,d5)",4D,open,-2,3,0,1,-3,,
3.397031e+05,"Ma(d1,d2,d4,d5)",4D,open,-2,3,0,1,-2,,
3.397031e+05,"Ma(d1,d2,d4,d5)",4D,open,-2,3,0,1,-1,,
3.397031e+05,"Ma(d1,d2,d4)",3D,open,-2,3,0,1,0,,
3.397031e+05,"Ma(d1,d2,d4,d5)",4D,open,-2,3,0,1,1,,
3.397031e+05,"Ma(d1,d2,d4,d5)",4D,open,-2,3,0,1,2,,
3.397031e+05,"Ma(d1,d2,d4,d5)",4D,open,-2,3,0,1,3,,
3.397031e+05,"Ma(d1,d2,d4,d5)",4D,open,2,-3,0,-1,-3,,
3.397031e+05,"Ma(d1,d2,d4,d5)",4D,open,2,-3,0,-1,-2,,
3.397031e+05,"Ma(d1,d2,d4,d5)",4D,open,2,-3,0,-1,-1,,
3.397031e+05,"Ma(d1,d2,d4)",3D,open,2,-3,0,-1,0,,
3.397031e+05,"Ma(d1,d2,d4,d5)",4D,open,2,-3,0,-1,1,,
3.397031e+05,"Ma(d1,d2,d4,d5)",4D,open,2,-3,0,-1,2,,
3.397031e+05,"Ma(d1,d2,d4,d5)",4D,open,2,-3,0,-1,3,,
3.397031e+05,"Ma(d1,d2,d4,d5)",4D,open,2,-3,0,1,-3,,
3.397031e+05,"Ma(d1,d2,d4,d5)",4D,open,2,-3,0,1,-2,,
3.397031e+05,"Ma(d1,d2,d4,d5)",4D,open,2,-3,0,1,-1,,
3.397031e+05,"Ma(d1,d2,d4)",3D,open,2,-3,0,1,0,,
3.397031e+05,"Ma(d1,d2,d4,d5)",4D,open,2,-3,0,1,1,,
3.397031e+05,"Ma(d1,d2,d4,d5)",4D,open,2,-3,0,1,2,,
3.397031e+05,"Ma(d1,d2,d4,d5)",4D,open,2,-3,0,1,3,,
3.397031e+05,"Ma(d1,d2,d4,d5)",4D,open,2,3,0,-1,-3,,
3.397031e+05,"Ma(d1,d2,d4,d5)",4D,open,2,3,0,-1,-2,,
3.397031e+05,"Ma(d1,d2,d4,d5)",4D,open,2,3,0,-1,-1,,
3.397031e+05,"Ma(d1,d2,d4)",3D,open,2,3,0,-1,0,,
3.397031e+05,"Ma(d1,d2,d4,d5)",4D,open,2,3,0,-1,1,,
3.397031e+05,"Ma(d1,d2,d4,d5)",4D,open,2,3,0,-1,2,,
3.397031e+05,"Ma(d1,d2,d4,d5)",4D,open,2,3,0,-1,3,,
3.397031e+05,"Ma(d1,d2,d4,d5)",4D,open,2,3,0,1,-3,,
3.397031e+05,"Ma(d1,d2,d4,d5)",4D,open,2,3,0,1,-2,,
3.397031e+05,"Ma(d1,d2,d4,d5)",4D,open,2,3,0,1,-1,,
3.397031e+05,"Ma(d1,d2,d4)",3D,open,2,3,0,1,0,,
3.397031e+05,"Ma(d1,d2,d4,d5)",4D,open,2,3,0,1,1,,
3.397031e+05,"Ma(d1,d2,d4,d5)",4D,open,2,3,0,1,2,,
3.397031e+05,"Ma(d1,d2,d4,d5)",4D,open,2,3,0,1,3,,
3.397031e+05,"Ma(d1,d2,d4,d5)",4D,open,-2,-3,0,-2,-3,,
3.397031e+05,"Ma(d1,d2,d4,d5)",4D,open,-2,-3,0,-2,-2,,
3.397031e+05,"Ma(d1,d2,d4,d5)",4D,open,-2,-3,0,-2,-1,,
3.397031e+05,"Ma(d1,d2,d4)",3D,open,-2,-3,0,-2,0,,
3.397031e+05,"Ma(d1,d2,d4,d5)",4D,open,-2,-3,0,-2,1,,
3.397031e+05,"Ma(d1,d2,d4,d5)",4D,open,-2,-3,0,-2,2,,
3.397031e+05,"Ma(d1,d2,d4,d5)",4D,open,-2,-3,0,-2,3,,
3.397031e+05,"Ma(d1,d2,d4,d5)",4D,open,-2,-3,0,2,-3,,
3.397031e+05,"Ma(d1,d2,d4,d5)",4D,open,-2,-3,0,2,-2,,
3.397031e+05,"Ma(d1,d2,d4,d5)",4D,open,-2,-3,0,2,-1,,
3.397031e+05,"Ma(d1,d2,d4)",3D,open,-2,-3,0,2,0,,
3.397031e+05,"Ma(d1,d2,d4,d5)",4D,open,-2,-3,0,2,1,,
3.397031e+05,"Ma(d1,d2,d4,d5)",4D,open,-2,-3,0,2,2,,
3.397031e+05,"Ma(d1,d2,d4,d5)",4D,open,-2,-3,0,2,3,,
3.397031e+05,"Ma(d1,d2,d4,d5)",4D,open,-2,3,0,-2,-3,,
3.397031e+05,"Ma(d1,d2,d4,d5)",4D,open,-2,3,0,-2,-2,,
3.397031e+05,"Ma(d1,d2,d4,d5)",4D,open,-2,3,0,-2,-1,,
3.397031e+05,"Ma(d1,d2,d4)",3D,open,-2,3,0,-2,0,,
3.397031e+05,"Ma(d1,d2,d4,d5)",4D,open,-2,3,0,-2,1,,
3.397031e+05,"Ma(d1,d2,d4,d5)",4D,open,-2,3,0,-2,2,,
3.397031e+05,"Ma(d1,d2,d4,d5)",4D,open,-2,3,0,-2,3,,
3.397031e+05,"Ma(d1,d2,d4,d5)",4D,open,-2,3,0,2,-3,,
3.397031e+05,"Ma(d1,d2,d4,d5)",4D,open,-2,3,0,2,-2,,
3.397031e+05,"Ma(d1,d2,d4,d5)",4D,open,-2,3,0,2,-1,,
3.397031e+05,"Ma(d1,d2,d4)",3D,open,-2,3,0,2,0,,
3.397031e+05,"Ma(d1,d2,d4,d5)",4D,open,-2,3,0,2,1,,
3.397031e+05,"Ma(d1,d2,d4,d5)",4D,open,-2,3,0,2,2,,
3.397031e+05,"Ma(d1,d2,d4,d5)",4D,open,-2,3,0,2,3,,
3.397031e+05,"Ma(d1,d2,d4,d5)",4D,open,2,-3,0,-2,-3,,
3.397031e+05,"Ma(d1,d2,d4,d5)",4D,open,2,-3,0,-2,-2,,
3.397031e+05,"Ma(d1,d2,d4,d5)",4D,open,2,-3,0,-2,-1,,
3.397031e+05,"Ma(d1,d2,d4)",3D,open,2,-3,0,-2,0,,
3.397031e+05,"Ma(d1,d2,d4,d5)",4D,open,2,-3,0,-2,1,,
3.397031e+05,"Ma(d1,d2,d4,d5)",4D,open,2,-3,0,-2,2,,
3.397031e+05,"Ma(d1,d2,d4,d5)",4D,open,2,-3,0,-2,3,,
3.397031e+05,"Ma(d1,d2,d4,d5)",4D,open,2,-3,0,2,-3,,
3.397031e+05,"Ma(d1,d2,d4,d5)",4D,open,2,-3,0,2,-2,,
3.397031e+05,"Ma(d1,d2,d4,d5)",4D,open,2,-3,0,2,-1,,
3.397031e+05,"Ma(d1,d2,d4)",3D,open,2,-3,0,2,0,,
3.397031e+05,"Ma(d1,d2,d4,d5)",4D,open,2,-3,0,2,1,,
3.397031e+05,"Ma(d1,d2,d4,d5)",4D,open,2,-3,0,2,2,,
3.397031e+05,"Ma(d1,d2,d4,d5)",4D,open,2,-3,0,2,3,,
3.397031e+05,"Ma(d1,d2,d4,d5)",4D,open,2,3,0,-2,-3,,
3.397031e+05,"Ma(d1,d2,d4,d5)",4D,open,2,3,0,-2,-2,,
3.397031e+05,"Ma(d1,d2,d4,d5)",4D,open,2,3,0,-2,-1,,
3.397031e+05,"Ma(d1,d2,d4)",3D,open,2,3,0,-2,0,,
3.397031e+05,"Ma(d1,d2,d4,d5)",4D,open,2,3,0,-2,1,,
3.397031e+05,"Ma(d1,d2,d4,d5)",4D,open,2,3,0,-2,2,,
3.397031e+05,"Ma(d1,d2,d4,d5)",4D,open,2,3,0,-2,3,,
3.397031e+05,"Ma(d1,d2,d4,d5)",4D,open,2,3,0,2,-3,,
3.397031e+05,"Ma(d1,d2,d4,d5)",4D,open,2,3,0,2,-2,,
3.397031e+05,"Ma(d1,d2,d4,d5)",4D,open,2,3,0,2,-1,,
3.397031e+05,"Ma(d1,d2,d4)",3D,open,2,3,0,2,0,,
3.397031e+05,"Ma(d1,d2,d4,d5)",4D,open,2,3,0,2,1,,
3.397031e+05,"Ma(d1,d2,d4,d5)",4D,open,2,3,0,2,2,,
3.397031e+05,"Ma(d1,d2,d4,d5)",4D,open,2,3,0,2,3,,
3.397031e+05,"Ma(d1,d2,d4,d5)",4D,open,-2,-3,0,-3,-3,,
3.397031e+05,"Ma(d1,d2,d4,d5)",4D,open,-2,-3,0,-3,-2,,
3.397031e+05,"Ma(d1,d2,d4,d5)",4D,open,-2,-3,0,-3,-1,,
3.397031e+05,"Ma(d1,d2,d4)",3D,open,-2,-3,0,-3,0,,
3.397031e+05,"Ma(d1,d2,d4,d5)",4D,open,-2,-3,0,-3,1,,
3.397031e+05,"Ma(d1,d2,d4,d5)",4D,open,-2,-3,0,-3,2,,
3.397031e+05,"Ma(d1,d2,d4,d5)",4D,open,-2,-3,0,-3,3,,
3.397031e+05,"Ma(d1,d2,d4,d5)",4D,open,-2,-3,0,3,-3,,
3.397031e+05,"Ma(d1,d2,d4,d5)",4D,open,-2,-3,0,3,-2,,
3.397031e+05,"Ma(d1,d2,d4,d5)",4D,open,-2,-3,0,3,-1,,
3.397031e+05,"Ma(d1,d2,d4)",3D,open,-2,-3,0,3,0,,
3.397031e+05,"Ma(d1,d2,d4,d5)",4D,open,-2,-3,0,3,1,,
3.397031e+05,"Ma(d1,d2,d4,d5)",4D,open,-2,-3,0,3,2,,
3.397031e+05,"Ma(d1,d2,d4,d5)",4D,open,-2,-3,0,3,3,,
3.397031e+05,"Ma(d1,d2,d4,d5)",4D,open,-2,3,0,-3,-3,,
3.397031e+05,"Ma(d1,d2,d4,d5)",4D,open,-2,3,0,-3,-2,,
3.397031e+05,"Ma(d1,d2,d4,d5)",4D,open,-2,3,0,-3,-1,,
3.397031e+05,"Ma(d1,d2,d4)",3D,open,-2,3,0,-3,0,,
3.397031e+05,"Ma(d1,d2,d4,d5)",4D,open,-2,3,0,-3,1,,
3.397031e+05,"Ma(d1,d2,d4,d5)",4D,open,-2,3,0,-3,2,,
3.397031e+05,"Ma(d1,d2,d4,d5)",4D,open,-2,3,0,-3,3,,
3.397031e+05,"Ma(d1,d2,d4,d5)",4D,open,-2,3,0,3,-3,,
3.397031e+05,"Ma(d1,d2,d4,d5)",4D,open,-2,3,0,3,-2,,
3.397031e+05,"Ma(d1,d2,d4,d5)",4D,open,-2,3,0,3,-1,,
3.397031e+05,"Ma(d1,d2,d4)",3D,open,-2,3,0,3,0,,
3.397031e+05,"Ma(d1,d2,d4,d5)",4D,open,-2,3,0,3,1,,
3.397031e+05,"Ma(d1,d2,d4,d5)",4D,open,-2,3,0,3,2,,
3.397031e+05,"Ma(d1,d2,d4,d5)",4D,open,-2,3,0,3,3,,
3.397031e+05,"Ma(d1,d2,d4,d5)",4D,open,2,-3,0,-3,-3,,
3.397031e+05,"Ma(d1,d2,d4,d5)",4D,open,2,-3,0,-3,-2,,
3.397031e+05,"Ma(d1,d2,d4,d5)",4D,open,2,-3,0,-3,-1,,
3.397031e+05,"Ma(d1,d2,d4)",3D,open,2,-3,0,-3,0,,
3.397031e+05,"Ma(d1,d2,d4,d5)",4D,open,2,-3,0,-3,1,,
3.397031e+05,"Ma(d1,d2,d4,d5)",4D,open,2,-3,0,-3,2,,
3.397031e+05,"Ma(d1,d2,d4,d5)",4D,open,2,-3,0,-3,3,,
3.397031e+05,"Ma(d1,d2,d4,d5)",4D,open,2,-3,0,3,-3,,
3.397031e+05,"Ma(d1,d2,d4,d5)",4D,open,2,-3,0,3,-2,,
3.397031e+05,"Ma(d1,d2,d4,d5)",4D,open,2,-3,0,3,-1,,
3.397031e+05,"Ma(d1,d2,d4)",3D,open,2,-3,0,3,0,,
3.397031e+05,"Ma(d1,d2,d4,d5)",4D,open,2,-3,0,3,1,,
3.397031e+05,"Ma(d1,d2,d4,d5)",4D,open,2,-3,0,3,2,,
3.397031e+05,"Ma(d1,d2,d4,d5)",4D,open,2,-3,0,3,3,,
3.397031e+05,"Ma(d1,d2,d4,d5)",4D,open,2,3,0,-3,-3,,
3.397031e+05,"Ma(d1,d2,d4,d5)",4D,open,2,3,0,-3,-2,,
3.397031e+05,"Ma(d1,d2,d4,d5)",4D,open,2,3,0,-3,-1,,
3.397031e+05,"Ma(d1,d2,d4)",3D,open,2,3,0,-3,0,,
3.397031e+05,"Ma(d1,d2,d4,d5)",4D,open,2,3,0,-3,1,,
3.397031e+05,"Ma(d1,d2,d4,d5)",4D,open,2,3,0,-3,2,,
3.397031e+05,"Ma(d1,d2,d4,d5)",4D,open,2,3,0,-3,3,,
3.397031e+05,"Ma(d1,d2,d4,d5)",4D,open,2,3,0,3,-3,,
3.397031e+05,"Ma(d1,d2,d4,d5)",4D,open,2,3,0,3,-2,,
3.397031e+05,"Ma(d1,d2,d4,d5)",4D,open,2,3,0,3,-1,,
3.397031e+05,"Ma(d1,d2,d4)",3D,open,2,3,0,3,0,,
3.397031e+05,"Ma(d1,d2,d4,d5)",4D,open,2,3,0,3,1,,
3.397031e+05,"Ma(d1,d2,d4,d5)",4D,open,2,3,0,3,2,,
3.397031e+05,"Ma(d1,d2,d4,d5)",4D,open,2,3,0,3,3,,
3.397031e+05,"Ma(d1,d2,d3,d5)",4D,open,-2,-3,-1,0,-3,,
3.397031e+05,"Ma(d1,d2,d3,d5)",4D,open,-2,-3,-1,0,-2,,
3.397031e+05,"Ma(d1,d2,d3,d5)",4D,open,-2,-3,-1,0,-1,,
3.397031e+05,"Ma(d1,d2,d3)",3D,open,-2,-3,-1,0,0,,
3.397031e+05,"Ma(d1,d2,d3,d5)",4D,open,-2,-3,-1,0,1,,
3.397031e+05,"Ma(d1,d2,d3,d5)",4D,open,-2,-3,-1,0,2,,
3.397031e+05,"Ma(d1,d2,d3,d5)",4D,open,-2,-3,-1,0,3,,
3.397031e+05,"Ma(d1,d2,d3,d5)",4D,open,-2,-3,1,0,-3,,
3.397031e+05,"Ma(d1,d2,d3,d5)",4D,open,-2,-3,1,0,-2,,
3.397031e+05,"Ma(d1,d2,d3,d5)",4D,open,-2,-3,1,0,-1,,
3.397031e+05,"Ma(d1,d2,d3)",3D,open,-2,-3,1,0,0,,
3.397031e+05,"Ma(d1,d2,d3,d5)",4D,open,-2,-3,1,0,1,,
3.397031e+05,"Ma(d1,d2,d3,d5)",4D,open,-2,-3,1,0,2,,
3.397031e+05,"Ma(d1,d2,d3,d5)",4D,open,-2,-3,1,0,3,,
3.397031e+05,"Ma(d1,d2,d3,d5)",4D,open,-2,3,-1,0,-3,,
3.397031e+05,"Ma(d1,d2,d3,d5)",4D,open,-2,3,-1,0,-2,,
3.397031e+05,"Ma(d1,d2,d3,d5)",4D,open,-2,3,-1,0,-1,,
3.397031e+05,"Ma(d1,d2,d3)",3D,open,-2,3,-1,0,0,,
3.397031e+05,"Ma(d1,d2,d3,d5)",4D,open,-2,3,-1,0,1,,
3.397031e+05,"Ma(d1,d2,d3,d5)",4D,open,-2,3,-1,0,2,,
3.397031e+05,"Ma(d1,d2,d3,d5)",4D,open,-2,3,-1,0,3,,
3.397031e+05,"Ma(d1,d2,d3,d5)",4D,open,-2,3,1,0,-3,,
3.397031e+05,"Ma(d1,d2,d3,d5)",4D,open,-2,3,1,0,-2,,
3.397031e+05,"Ma(d1,d2,d3,d5)",4D,open,-2,3,1,0,-1,,
3.397031e+05,"Ma(d1,d2,d3)",3D,open,-2,3,1,0,0,,
3.397031e+05,"Ma(d1,d2,d3,d5)",4D,open,-2,3,1,0,1,,
3.397031e+05,"Ma(d1,d2,d3,d5)",4D,open,-2,3,1,0,2,,
3.397031e+05,"Ma(d1,d2,d3,d5)",4D,open,-2,3,1,0,3,,
3.397031e+05,"Ma(d1,d2,d3,d5)",4D,open,2,-3,-1,0,-3,,
3.397031e+05,"Ma(d1,d2,d3,d5)",4D,open,2,-3,-1,0,-2,,
3.397031e+05,"Ma(d1,d2,d3,d5)",4D,open,2,-3,-1,0,-1,,
3.397031e+05,"Ma(d1,d2,d3)",3D,open,2,-3,-1,0,0,,
3.397031e+05,"Ma(d1,d2,d3,d5)",4D,open,2,-3,-1,0,1,,
3.397031e+05,"Ma(d1,d2,d3,d5)",4D,open,2,-3,-1,0,2,,
3.397031e+05,"Ma(d1,d2,d3,d5)",4D,open,2,-3,-1,0,3,,
3.397031e+05,"Ma(d1,d2,d3,d5)",4D,open,2,-3,1,0,-3,,
3.397031e+05,"Ma(d1,d2,d3,d5)",4D,open,2,-3,1,0,-2,,
3.397031e+05,"Ma(d1,d2,d3,d5)",4D,open,2,-3,1,0,-1,,
3.397031e+05,"Ma(d1,d2,d3)",3D,open,2,-3,1,0,0,,
3.397031e+05,"Ma(d1,d2,d3,d5)",4D,open,2,-3,1,0,1,,
3.397031e+05,"Ma(d1,d2,d3,d5)",4D,open,2,-3,1,0,2,,
3.397031e+05,"Ma(d1,d2,d3,d5)",4D,open,2,-3,1,0,3,,
3.397031e+05,"Ma(d1,d2,d3,d5)",4D,open,2,3,-1,0,-3,,
3.397031e+05,"Ma(d1,d2,d3,d5)",4D,open,2,3,-1,0,-2,,
3.397031e+05,"Ma(d1,d2,d3,d5)",4D,open,2,3,-1,0,-1,,
3.397031e+05,"Ma(d1,d2,d3)",3D,open,2,3,-1,0,0,,
3.397031e+05,"Ma(d1,d2,d3,d5)",4D,open,2,3,-1,0,1,,
3.397031e+05,"Ma(d1,d2,d3,d5)",4D,open,2,3,-1,0,2,,
3.397031e+05,"Ma(d1,d2,d3,d5)",4D,open,2,3,-1,0,3,,
3.397031e+05,"Ma(d1,d2,d3,d5)",4D,open,2,3,1,0,-3,,
3.397031e+05,"Ma(d1,d2,d3,d5)",4D,open,2,3,1,0,-2,,
3.397031e+05,"Ma(d1,d2,d3,d5)",4D,open,2,3,1,0,-1,,
3.397031e+05,"Ma(d1,d2,d3)",3D,open,2,3,1,0,0,,
3.397031e+05,"Ma(d1,d2,d3,d5)",4D,open,2,3,1,0,1,,
3.397031e+05,"Ma(d1,d2,d3,d5)",4D,open,2,3,1,0,2,,
3.397031e+05,"Ma(d1,d2,d3,d5)",4D,open,2,3,1,0,3,,
3.397031e+05,"Ma(d1,d2,d3,d4,d5)",5D,open,-2,-3,-1,-1,-3,,
3.397031e+05,"Ma(d1,d2,d3,d4,d5)",5D,open,-2,-3,-1,-1,-2,,
3.397031e+05,"Ma(d1,d2,d3,d4,d5)",5D,open,-2,-3,-1,-1,-1,,
3.397031e+05,"Ma(d1,d2,d3,d4)",4D,open,-2,-3,-1,-1,0,,
3.397031e+05,"Ma(d1,d2,d3,d4,d5)",5D,open,-2,-3,-1,-1,1,,
3.397031e+05,"Ma(d1,d2,d3,d4,d5)",5D,open,-2,-3,-1,-1,2,,
3.397031e+05,"Ma(d1,d2,d3,d4,d5)",5D,open,-2,-3,-1,-1,3,,
3.397031e+05,"Ma(d1,d2,d3,d4,d5)",5D,open,-2,-3,-1,1,-3,,
3.397031e+05,"Ma(d1,d2,d3,d4,d5)",5D,open,-2,-3,-1,1,-2,,
3.397031e+05,"Ma(d1,d2,d3,d4,d5)",5D,open,-2,-3,-1,1,-1,,
3.397031e+05,"Ma(d1,d2,d3,d4)",4D,open,-2,-3,-1,1,0,,
3.397031e+05,"Ma(d1,d2,d3,d4,d5)",5D,open,-2,-3,-1,1,1,,
3.397031e+05,"Ma(d1,d2,d3,d4,d5)",5D,open,-2,-3,-1,1,2,,
3.397031e+05,"Ma(d1,d2,d3,d4,d5)",5D,open,-2,-3,-1,1,3,,
3.397031e+05,"Ma(d1,d2,d3,d4,d5)",5D,open,-2,-3,1,-1,-3,,
3.397031e+05,"Ma(d1,d2,d3,d4,d5)",5D,open,-2,-3,1,-1,-2,,
3.397031e+05,"Ma(d1,d2,d3,d4,d5)",5D,open,-2,-3,1,-1,-1,,
3.397031e+05,"Ma(d1,d2,d3,d4)",4D,open,-2,-3,1,-1,0,,
3.397031e+05,"Ma(d1,d2,d3,d4,d5)",5D,open,-2,-3,1,-1,1,,
3.397031e+05,"Ma(d1,d2,d3,d4,d5)",5D,open,-2,-3,1,-1,2,,
3.397031e+05,"Ma(d1,d2,d3,d4,d5)",5D,open,-2,-3,1,-1,3,,
3.397031e+05,"Ma(d1,d2,d3,d4,d5)",5D,open,-2,-3,1,1,-3,,
3.397031e+05,"Ma(d1,d2,d3,d4,d5)",5D,open,-2,-3,1,1,-2,,
3.397031e+05,"Ma(d1,d2,d3,d4,d5)",5D,open,-2,-3,1,1,-1,,
3.397031e+05,"Ma(d1,d2,d3,d4)",4D,open,-2,-3,1,1,0,,
3.397031e+05,"Ma(d1,d2,d3,d4,d5)",5D,open,-2,-3,1,1,1,,
3.397031e+05,"Ma(d1,d2,d3,d4,d5)",5D,open,-2,-3,1,1,2,,
3.397031e+05,"Ma(d1,d2,d3,d4,d5)",5D,open,-2,-3,1,1,3,,
3.397031e+05,"Ma(d1,d2,d3,d4,d5)",5D,open,-2,3,-1,-1,-3,,
3.397031e+05,"Ma(d1,d2,d3,d4,d5)",5D,open,-2,3,-1,-1,-2,,
3.397031e+05,"Ma(d1,d2,d3,d4,d5)",5D,open,-2,3,-1,-1,-1,,
3.397031e+05,"Ma(d1,d2,d3,d4)",4D,open,-2,3,-1,-1,0,,
3.397031e+05,"Ma(d1,d2,d3,d4,d5)",5D,open,-2,3,-1,-1,1,,
3.397031e+05,"Ma(d1,d2,d3,d4,d5)",5D,open,-2,3,-1,-1,2,,
3.397031e+05,"Ma(d1,d2,d3,d4,d5)",5D,open,-2,3,-1,-1,3,,
3.397031e+05,"Ma(d1,d2,d3,d4,d5)",5D,open,-2,3,-1,1,-3,,
3.397031e+05,"Ma(d1,d2,d3,d4,d5)",5D,open,-2,3,-1,1,-2,,
3.397031e+05,"Ma(d1,d2,d3,d4,d5)",5D,open,-2,3,-1,1,-1,,
3.397031e+05,"Ma(d1,d2,d3,d4)",4D,open,-2,3,-1,1,0,,
3.397031e+05,"Ma(d1,d2,d3,d4,d5)",5D,open,-2,3,-1,1,1,,
3.397031e+05,"Ma(d1,d2,d3,d4,d5)",5D,open,-2,3,-1,1,2,,
3.397031e+05,"Ma(d1,d2,d3,d4,d5)",5D,open,-2,3,-1,1,3,,
3.397031e+05,"Ma(d1,d2,d3,d4,d5)",5D,open,-2,3,1,-1,-3,,
3.397031e+05,"Ma(d1,d2,d3,d4,d5)",5D,open,-2,3,1,-1,-2,,
3.397031e+05,"Ma(d1,d2,d3,d4,d5)",5D,open,-2,3,1,-1,-1,,
3.397031e+05,"Ma(d1,d2,d3,d4)",4D,open,-2,3,1,-1,0,,
3.397031e+05,"Ma(d1,d2,d3,d4,d5)",5D,open,-2,3,1,-1,1,,
3.397031e+05,"Ma(d1,d2,d3,d4,d5)",5D,open,-2,3,1,-1,2,,
3.397031e+05,"Ma(d1,d2,d3,d4,d5)",5D,open,-2,3,1,-1,3,,
3.397031e+05,"Ma(d1,d2,d3,d4,d5)",5D,open,-2,3,1,1,-3,,
3.397031e+05,"Ma(d1,d2,d3,d4,d5)",5D,open,-2,3,1,1,-2,,
3.397031e+05,"Ma(d1,d2,d3,d4,d5)",5D,open,-2,3,1,1,-1,,
3.397031e+05,"Ma(d1,d2,d3,d4)",4D,open,-2,3,1,1,0,,
3.397031e+05,"Ma(d1,d2,d3,d4,d5)",5D,open,-2,3,1,1,1,,
3.397031e+05,"Ma(d1,d2,d3,d4,d5)",5D,open,-2,3,1,1,2,,
3.397031e+05,"Ma(d1,d2,d3,d4,d5)",5D,open,-2,3,1,1,3,,
3.397031e+05,"Ma(d1,d2,d3,d4,d5)",5D,open,2,-3,-1,-1,-3,,
3.397031e+05,"Ma(d1,d2,d3,d4,d5)",5D,open,2,-3,-1,-1,-2,,
3.397031e+05,"Ma(d1,d2,d3,d4,d5)",5D,open,2,-3,-1,-1,-1,,
3.397031e+05,"Ma(d1,d2,d3,d4)",4D,open,2,-3,-1,-1,0,,
3.397031e+05,"Ma(d1,d2,d3,d4,d5)",5D,open,2,-3,-1,-1,1,,
3.397031e+05,"Ma(d1,d2,d3,d4,d5)",5D,open,2,-3,-1,-1,2,,
3.397031e+05,"Ma(d1,d2,d3,d4,d5)",5D,open,2,-3,-1,-1,3,,
3.397031e+05,"Ma(d1,d2,d3,d4,d5)",5D,open,2,-3,-1,1,-3,,
3.397031e+05,"Ma(d1,d2,d3,d4,d5)",5D,open,2,-3,-1,1,-2,,
3.397031e+05,"Ma(d1,d2,d3,d4,d5)",5D,open,2,-3,-1,1,-1,,
3.397031e+05,"Ma(d1,d2,d3,d4)",4D,open,2,-3,-1,1,0,,
3.397031e+05,"Ma(d1,d2,d3,d4,d5)",5D,open,2,-3,-1,1,1,,
3.397031e+05,"Ma(d1,d2,d3,d4,d5)",5D,open,2,-3,-1,1,2,,
3.397031e+05,"Ma(d1,d2,d3,d4,d5)",5D,open,2,-3,-1,1,3,,
3.397031e+05,"Ma(d1,d2,d3,d4,d5)",5D,open,2,-3,1,-1,-3,,
3.397031e+05,"Ma(d1,d2,d3,d4,d5)",5D,open,2,-3,1,-1,-2,,
3.397031e+05,"Ma(d1,d2,d3,d4,d5)",5D,open,2,-3,1,-1,-1,,
3.397031e+05,"Ma(d1,d2,d3,d4)",4D,open,2,-3,1,-1,0,,
3.397031e+05,"Ma(d1,d2,d3,d4,d5)",5D,open,2,-3,1,-1,1,,
3.397031e+05,"Ma(d1,d2,d3,d4,d5)",5D,open,2,-3,1,-1,2,,
3.397031e+05,"Ma(d1,d2,d3,d4,d5)",5D,open,2,-3,1,-1,3,,
3.397031e+05,"Ma(d1,d2,d3,d4,d5)",5D,open,2,-3,1,1,-3,,
3.397031e+05,"Ma(d1,d2,d3,d4,d5)",5D,open,2,-3,1,1,-2,,
3.397031e+05,"Ma(d1,d2,d3,d4,d5)",5D,open,2,-3,1,1,-1,,
3.397031e+05,"Ma(d1,d2,d3,d4)",4D,open,2,-3,1,1,0,,
3.397031e+05,"Ma(d1,d2,d3,d4,d5)",5D,open,2,-3,1,1,1,,
3.397031e+05,"Ma(d1,d2,d3,d4,d5)",5D,open,2,-3,1,1,2,,
3.397031e+05,"Ma(d1,d2,d3,d4,d5)",5D,open,2,-3,1,1,3,,
3.397031e+05,"Ma(d1,d2,d3,d4,d5)",5D,open,2,3,-1,-1,-3,,
3.397031e+05,"Ma(d1,d2,d3,d4,d5)",5D,open,2,3,-1,-1,-2,,
3.397031e+05,"Ma(d1,d2,d3,d4,d5)",5D,open,2,3,-1,-1,-1,,
3.397031e+05,"Ma(d1,d2,d3,d4)",4D,open,2,3,-1,-1,0,,
3.397031e+05,"Ma(d1,d2,d3,d4,d5)",5D,open,2,3,-1,-1,1,,
3.397031e+05,"Ma(d1,d2,d3,d4,d5)",5D,open,2,3,-1,-1,2,,
3.397031e+05,"Ma(d1,d2,d3,d4,d5)",5D,open,2,3,-1,-1,3,,
3.397031e+05,"Ma(d1,d2,d3,d4,d5)",5D,open,2,3,-1,1,-3,,
3.397031e+05,"Ma(d1,d2,d3,d4,d5)",5D,open,2,3,-1,1,-2,,
3.397031e+05,"Ma(d1,d2,d3,d4,d5)",5D,open,2,3,-1,1,-1,,
3.397031e+05,"Ma(d1,d2,d3,d4)",4D,open,2,3,-1,1,0,,
3.397031e+05,"Ma(d1,d2,d3,d4,d5)",5D,open,2,3,-1,1,1,,
3.397031e+05,"Ma(d1,d2,d3,d4,d5)",5D,open,2,3,-1,1,2,,
3.397031e+05,"Ma(d1,d2,d3,d4,d5)",5D,open,2,3,-1,1,3,,
3.397031e+05,"Ma(d1,d2,d3,d4,d5)",5D,open,2,3,1,-1,-3,,
3.397031e+05,"Ma(d1,d2,d3,d4,d5)",5D,open,2,3,1,-1,-2,,
3.397031e+05,"Ma(d1,d2,d3,d4,d5)",5D,open,2,3,1,-1,-1,,
3.397031e+05,"Ma(d1,d2,d3,d4)",4D,open,2,3,1,-1,0,,
3.397031e+05,"Ma(d1,d2,d3,d4,d5)",5D,open,2,3,1,-1,1,,
3.397031e+05,"Ma(d1,d2,d3,d4,d5)",5D,open,2,3,1,-1,2,,
3.397031e+05,"Ma(d1,d2,d3,d4,d5)",5D,open,2,3,1,-1,3,,
3.397031e+05,"Ma(d1,d2,d3,d4,d5)",5D,open,2,3,1,1,-3,,
3.397031e+05,"Ma(d1,d2,d3,d4,d5)",5D,open,2,3,1,1,-2,,
3.397031e+05,"Ma(d1,d2,d3,d4,d5)",5D,open,2,3,1,1,-1,,
3.397031e+05,"Ma(d1,d2,d3,d4)",4D,open,2,3,1,1,0,,
3.397031e+05,"Ma(d1,d2,d3,d4,d5)",5D,open,2,3,1,1,1,,
3.397031e+05,"Ma(d1,d2,d3,d4,d5)",5D,open,2,3,1,1,2,,
3.397031e+05,"Ma(d1,d2,d3,d4,d5)",5D,open,2,3,1,1,3,,
3.397031e+05,"Ma(d1,d2,d3,d4,d5)",5D,open,-2,-3,-1,-2,-3,,
3.397031e+05,"Ma(d1,d2,d3,d4,d5)",5D,open,-2,-3,-1,-2,-2,,
3.397031e+05,"Ma(d1,d2,d3,d4,d5)",5D,open,-2,-3,-1,-2,-1,,
3.397031e+05,"Ma(d1,d2,d3,d4)",4D,open,-2,-3,-1,-2,0,,
3.397031e+05,"Ma(d1,d2,d3,d4,d5)",5D,open,-2,-3,-1,-2,1,,
3.397031e+05,"Ma(d1,d2,d3,d4,d5)",5D,open,-2,-3,-1,-2,2,,
3.397031e+05,"Ma(d1,d2,d3,d4,d5)",5D,open,-2,-3,-1,-2,3,,
3.397031e+05,"Ma(d1,d2,d3,d4,d5)",5D,open,-2,-3,-1,2,-3,,
3.397031e+05,"Ma(d1,d2,d3,d4,d5)",5D,open,-2,-3,-1,2,-2,,
3.397031e+05,"Ma(d1,d2,d3,d4,d5)",5D,open,-2,-3,-1,2,-1,,
3.397031e+05,"Ma(d1,d2,d3,d4)",4D,open,-2,-3,-1,2,0,,
3.397031e+05,"Ma(d1,d2,d3,d4,d5)",5D,open,-2,-3,-1,2,1,,
3.397031e+05,"Ma(d1,d2,d3,d4,d5)",5D,open,-2,-3,-1,2,2,,
3.397031e+05,"Ma(d1,d2,d3,d4,d5)",5D,open,-2,-3,-1,2,3,,
3.397031e+05,"Ma(d1,d2,d3,d4,d5)",5D,open,-2,-3,1,-2,-3,,
3.397031e+05,"Ma(d1,d2,d3,d4,d5)",5D,open,-2,-3,1,-2,-2,,
3.397031e+05,"Ma(d1,d2,d3,d4,d5)",5D,open,-2,-3,1,-2,-1,,
3.397031e+05,"Ma(d1,d2,d3,d4)",4D,open,-2,-3,1,-2,0,,
3.397031e+05,"Ma(d1,d2,d3,d4,d5)",5D,open,-2,-3,1,-2,1,,
3.397031e+05,"Ma(d1,d2,d3,d4,d5)",5D,open,-2,-3,1,-2,2,,
3.397031e+05,"Ma(d1,d2,d3,d4,d5)",5D,open,-2,-3,1,-2,3,,
3.397031e+05,"Ma(d1,d2,d3,d4,d5)",5D,open,-2,-3,1,2,-3,,
3.397031e+05,"Ma(d1,d2,d3,d4,d5)",5D,open,-2,-3,1,2,-2,,
3.397031e+05,"Ma(d1,d2,d3,d4,d5)",5D,open,-2,-3,1,2,-1,,
3.397031e+05,"Ma(d1,d2,d3,d4)",4D,open,-2,-3,1,2,0,,
3.397031e+05,"Ma(d1,d2,d3,d4,d5)",5D,open,-2,-3,1,2,1,,
3.397031e+05,"Ma(d1,d2,d3,d4,d5)",5D,open,-2,-3,1,2,2,,
3.397031e+05,"Ma(d1,d2,d3,d4,d5)",5D,open,-2,-3,1,2,3,,
3.397031e+05,"Ma(d1,d2,d3,d4,d5)",5D,open,-2,3,-1,-2,-3,,
3.397031e+05,"Ma(d1,d2,d3,d4,d5)",5D,open,-2,3,-1,-2,-2,,
3.397031e+05,"Ma(d1,d2,d3,d4,d5)",5D,open,-2,3,-1,-2,-1,,
3.397031e+05,"Ma(d1,d2,d3,d4)",4D,open,-2,3,-1,-2,0,,
3.397031e+05,"Ma(d1,d2,d3,d4,d5)",5D,open,-2,3,-1,-2,1,,
3.397031e+05,"Ma(d1,d2,d3,d4,d5)",5D,open,-2,3,-1,-2,2,,
3.397031e+05,"Ma(d1,d2,d3,d4,d5)",5D,open,-2,3,-1,-2,3,,
3.397031e+05,"Ma(d1,d2,d3,d4,d5)",5D,open,-2,3,-1,2,-3,,
3.397031e+05,"Ma(d1,d2,d3,d4,d5)",5D,open,-2,3,-1,2,-2,,
3.397031e+05,"Ma(d1,d2,d3,d4,d5)",5D,open,-2,3,-1,2,-1,,
3.397031e+05,"Ma(d1,d2,d3,d4)",4D,open,-2,3,-1,2,0,,
3.397031e+05,"Ma(d1,d2,d3,d4,d5)",5D,open,-2,3,-1,2,1,,
3.397031e+05,"Ma(d1,d2,d3,d4,d5)",5D,open,-2,3,-1,2,2,,
3.397031e+05,"Ma(d1,d2,d3,d4,d5)",5D,open,-2,3,-1,2,3,,
3.397031e+05,"Ma(d1,d2,d3,d4,d5)",5D,open,-2,3,1,-2,-3,,
3.397031e+05,"Ma(d1,d2,d3,d4,d5)",5D,open,-2,3,1,-2,-2,,
3.397031e+05,"Ma(d1,d2,d3,d4,d5)",5D,open,-2,3,1,-2,-1,,
3.397031e+05,"Ma(d1,d2,d3,d4)",4D,open,-2,3,1,-2,0,,
3.397031e+05,"Ma(d1,d2,d3,d4,d5)",5D,open,-2,3,1,-2,1,,
3.397031e+05,"Ma(d1,d2,d3,d4,d5)",5D,open,-2,3,1,-2,2,,
3.397031e+05,"Ma(d1,d2,d3,d4,d5)",5D,open,-2,3,1,-2,3,,
3.397031e+05,"Ma(d1,d2,d3,d4,d5)",5D,open,-2,3,1,2,-3,,
3.397031e+05,"Ma(d1,d2,d3,d4,d5)",5D,open,-2,3,1,2,-2,,
3.397031e+05,"Ma(d1,d2,d3,d4,d5)",5D,open,-2,3,1,2,-1,,
3.397031e+05,"Ma(d1,d2,d3,d4)",4D,open,-2,3,1,2,0,,
3.397031e+05,"Ma(d1,d2,d3,d4,d5)",5D,open,-2,3,1,2,1,,
3.397031e+05,"Ma(d1,d2,d3,d4,d5)",5D,open,-2,3,1,2,2,,
3.397031e+05,"Ma(d1,d2,d3,d4,d5)",5D,open,-2,3,1,2,3,,
3.397031e+05,"Ma(d1,d2,d3,d4,d5)",5D,open,2,-3,-1,-2,-3,,
3.397031e+05,"Ma(d1,d2,d3,d4,d5)",5D,open,2,-3,-1,-2,-2,,
3.397031e+05,"Ma(d1,d2,d3,d4,d5)",5D,open,2,-3,-1,-2,-1,,
3.397031e+05,"Ma(d1,d2,d3,d4)",4D,open,2,-3,-1,-2,0,,
3.397031e+05,"Ma(d1,d2,d3,d4,d5)",5D,open,2,-3,-1,-2,1,,
3.397031e+05,"Ma(d1,d2,d3,d4,d5)",5D,open,2,-3,-1,-2,2,,
3.397031e+05,"Ma(d1,d2,d3,d4,d5)",5D,open,2,-3,-1,-2,3,,
3.397031e+05,"Ma(d1,d2,d3,d4,d5)",5D,open,2,-3,-1,2,-3,,
3.397031e+05,"Ma(d1,d2,d3,d4,d5)",5D,open,2,-3,-1,2,-2,,
3.397031e+05,"Ma(d1,d2,d3,d4,d5)",5D,open,2,-3,-1,2,-1,,
3.397031e+05,"Ma(d1,d2,d3,d4)",4D,open,2,-3,-1,2,0,,
3.397031e+05,"Ma(d1,d2,d3,d4,d5)",5D,open,2,-3,-1,2,1,,
3.397031e+05,"Ma(d1,d2,d3,d4,d5)",5D,open,2,-3,-1,2,2,,
3.397031e+05,"Ma(d1,d2,d3,d4,d5)",5D,open,2,-3,-1,2,3,,
3.397031e+05,"Ma(d1,d2,d3,d4,d5)",5D,open,2,-3,1,-2,-3,,
3.397031e+05,"Ma(d1,d2,d3,d4,d5)",5D,open,2,-3,1,-2,-2,,
3.397031e+05,"Ma(d1,d2,d3,d4,d5)",5D,open,2,-3,1,-2,-1,,
3.397031e+05,"Ma(d1,d2,d3,d4)",4D,open,2,-3,1,-2,0,,
3.397031e+05,"Ma(d1,d2,d3,d4,d5)",5D,open,2,-3,1,-2,1,,
3.397031e+05,"Ma(d1,d2,d3,d4,d5)",5D,open,2,-3,1,-2,2,,
3.397031e+05,"Ma(d1,d2,d3,d4,d5)",5D,open,2,-3,1,-2,3,,
3.397031e+05,"Ma(d1,d2,d3,d4,d5)",5D,open,2,-3,1,2,-3,,
3.397031e+05,"Ma(d1,d2,d3,d4,d5)",5D,open,2,-3,1,2,-2,,
3.397031e+05,"Ma(d1,d2,d3,d4,d5)",5D,open,2,-3,1,2,-1,,
3.397031e+05,"Ma(d1,d2,d3,d4)",4D,open,2,-3,1,2,0,,
3.397031e+05,"Ma(d1,d2,d3,d4,d5)",5D,open,2,-3,1,2,1,,
3.397031e+05,"Ma(d1,d2,d3,d4,d5)",5D,open,2,-3,1,2,2,,
3.397031e+05,"Ma(d1,d2,d3,d4,d5)",5D,open,2,-3,1,2,3,,
3.397031e+05,"Ma(d1,d2,d3,d4,d5)",5D,open,2,3,-1,-2,-3,,
3.397031e+05,"Ma(d1,d2,d3,d4,d5)",5D,open,2,3,-1,-2,-2,,
3.397031e+05,"Ma(d1,d2,d3,d4,d5)",5D,open,2,3,-1,-2,-1,,
3.397031e+05,"Ma(d1,d2,d3,d4)",4D,open,2,3,-1,-2,0,,
3.397031e+05,"Ma(d1,d2,d3,d4,d5)",5D,open,2,3,-1,-2,1,,
3.397031e+05,"Ma(d1,d2,d3,d4,d5)",5D,open,2,3,-1,-2,2,,
3.397031e+05,"Ma(d1,d2,d3,d4,d5)",5D,open,2,3,-1,-2,3,,
3.397031e+05,"Ma(d1,d2,d3,d4,d5)",5D,open,2,3,-1,2,-3,,
3.397031e+05,"Ma(d1,d2,d3,d4,d5)",5D,open,2,3,-1,2,-2,,
3.397031e+05,"Ma(d1,d2,d3,d4,d5)",5D,open,2,3,-1,2,-1,,
3.397031e+05,"Ma(d1,d2,d3,d4)",4D,open,2,3,-1,2,0,,
3.397031e+05,"Ma(d1,d2,d3,d4,d5)",5D,open,2,3,-1,2,1,,
3.397031e+05,"Ma(d1,d2,d3,d4,d5)",5D,open,2,3,-1,2,2,,
3.397031e+05,"Ma(d1,d2,d3,d4,d5)",5D,open,2,3,-1,2,3,,
3.397031e+05,"Ma(d1,d2,d3,d4,d5)",5D,open,2,3,1,-2,-3,,
3.397031e+05,"Ma(d1,d2,d3,d4,d5)",5D,open,2,3,1,-2,-2,,
3.397031e+05,"Ma(d1,d2,d3,d4,d5)",5D,open,2,3,1,-2,-1,,
3.397031e+05,"Ma(d1,d2,d3,d4)",4D,open,2,3,1,-2,0,,
3.397031e+05,"Ma(d1,d2,d3,d4,d5)",5D,open,2,3,1,-2,1,,
3.397031e+05,"Ma(d1,d2,d3,d4,d5)",5D,open,2,3,1,-2,2,,
3.397031e+05,"Ma(d1,d2,d3,d4,d5)",5D,open,2,3,1,-2,3,,
3.397031e+05,"Ma(d1,d2,d3,d4,d5)",5D,open,2,3,1,2,-3,,
3.397031e+05,"Ma(d1,d2,d3,d4,d5)",5D,open,2,3,1,2,-2,,
3.397031e+05,"Ma(d1,d2,d3,d4,d5)",5D,open,2,3,1,2,-1,,
3.397031e+05,"Ma(d1,d2,d3,d4)",4D,open,2,3,1,2,0,,
3.397031e+05,"Ma(d1,d2,d3,d4,d5)",5D,open,2,3,1,2,1,,
3.397031e+05,"Ma(d1,d2,d3,d4,d5)",5D,open,2,3,1,2,2,,
3.397031e+05,"Ma(d1,d2,d3,d4,d5)",5D,open,2,3,1,2,3,,
3.397031e+05,"Ma(d1,d2,d3,d4,d5)",5D,open,-2,-3,-1,-3,-3,,
3.397031e+05,"Ma(d1,d2,d3,d4,d5)",5D,open,-2,-3,-1,-3,-2,,
3.397031e+05,"Ma(d1,d2,d3,d4,d5)",5D,open,-2,-3,-1,-3,-1,,
3.397031e+05,"Ma(d1,d2,d3,d4)",4D,open,-2,-3,-1,-3,0,,
3.397031e+05,"Ma(d1,d2,d3,d4,d5)",5D,open,-2,-3,-1,-3,1,,
3.397031e+05,"Ma(d1,d2,d3,d4,d5)",5D,open,-2,-3,-1,-3,2,,
3.397031e+05,"Ma(d1,d2,d3,d4,d5)",5D,open,-2,-3,-1,-3,3,,
3.397031e+05,"Ma(d1,d2,d3,d4,d5)",5D,open,-2,-3,-1,3,-3,,
3.397031e+05,"Ma(d1,d2,d3,d4,d5)",5D,open,-2,-3,-1,3,-2,,
3.397031e+05,"Ma(d1,d2,d3,d4,d5)",5D,open,-2,-3,-1,3,-1,,
3.397031e+05,"Ma(d1,d2,d3,d4)",4D,open,-2,-3,-1,3,0,,
3.397031e+05,"Ma(d1,d2,d3,d4,d5)",5D,open,-2,-3,-1,3,1,,
3.397031e+05,"Ma(d1,d2,d3,d4,d5)",5D,open,-2,-3,-1,3,2,,
3.397031e+05,"Ma(d1,d2,d3,d4,d5)",5D,open,-2,-3,-1,3,3,,
3.397031e+05,"Ma(d1,d2,d3,d4,d5)",5D,open,-2,-3,1,-3,-3,,
3.397031e+05,"Ma(d1,d2,d3,d4,d5)",5D,open,-2,-3,1,-3,-2,,
3.397031e+05,"Ma(d1,d2,d3,d4,d5)",5D,open,-2,-3,1,-3,-1,,
3.397031e+05,"Ma(d1,d2,d3,d4)",4D,open,-2,-3,1,-3,0,,
3.397031e+05,"Ma(d1,d2,d3,d4,d5)",5D,open,-2,-3,1,-3,1,,
3.397031e+05,"Ma(d1,d2,d3,d4,d5)",5D,open,-2,-3,1,-3,2,,
3.397031e+05,"Ma(d1,d2,d3,d4,d5)",5D,open,-2,-3,1,-3,3,,
3.397031e+05,"Ma(d1,d2,d3,d4,d5)",5D,open,-2,-3,1,3,-3,,
3.397031e+05,"Ma(d1,d2,d3,d4,d5)",5D,open,-2,-3,1,3,-2,,
3.397031e+05,"Ma(d1,d2,d3,d4,d5)",5D,open,-2,-3,1,3,-1,,
3.397031e+05,"Ma(d1,d2,d3,d4)",4D,open,-2,-3,1,3,0,,
3.397031e+05,"Ma(d1,d2,d3,d4,d5)",5D,open,-2,-3,1,3,1,,
3.397031e+05,"Ma(d1,d2,d3,d4,d5)",5D,open,-2,-3,1,3,2,,
3.397031e+05,"Ma(d1,d2,d3,d4,d5)",5D,open,-2,-3,1,3,3,,
3.397031e+05,"Ma(d1,d2,d3,d4,d5)",5D,open,-2,3,-1,-3,-3,,
3.397031e+05,"Ma(d1,d2,d3,d4,d5)",5D,open,-2,3,-1,-3,-2,,
3.397031e+05,"Ma(d1,d2,d3,d4,d5)",5D,open,-2,3,-1,-3,-1,,
3.397031e+05,"Ma(d1,d2,d3,d4)",4D,open,-2,3,-1,-3,0,,
3.397031e+05,"Ma(d1,d2,d3,d4,d5)",5D,open,-2,3,-1,-3,1,,
3.397031e+05,"Ma(d1,d2,d3,d4,d5)",5D,open,-2,3,-1,-3,2,,
3.397031e+05,"Ma(d1,d2,d3,d4,d5)",5D,open,-2,3,-1,-3,3,,
3.397031e+05,"Ma(d1,d2,d3,d4,d5)",5D,open,-2,3,-1,3,-3,,
3.397031e+05,"Ma(d1,d2,d3,d4,d5)",5D,open,-2,3,-1,3,-2,,
3.397031e+05,"Ma(d1,d2,d3,d4,d5)",5D,open,-2,3,-1,3,-1,,
3.397031e+05,"Ma(d1,d2,d3,d4)",4D,open,-2,3,-1,3,0,,
3.397031e+05,"Ma(d1,d2,d3,d4,d5)",5D,open,-2,3,-1,3,1,,
3.397031e+05,"Ma(d1,d2,d3,d4,d5)",5D,open,-2,3,-1,3,2,,
3.397031e+05,"Ma(d1,d2,d3,d4,d5)",5D,open,-2,3,-1,3,3,,
3.397031e+05,"Ma(d1,d2,d3,d4,d5)",5D,open,-2,3,1,-3,-3,,
3.397031e+05,"Ma(d1,d2,d3,d4,d5)",5D,open,-2,3,1,-3,-2,,
3.397031e+05,"Ma(d1,d2,d3,d4,d5)",5D,open,-2,3,1,-3,-1,,
3.397031e+05,"Ma(d1,d2,d3,d4)",4D,open,-2,3,1,-3,0,,
3.397031e+05,"Ma(d1,d2,d3,d4,d5)",5D,open,-2,3,1,-3,1,,
3.397031e+05,"Ma(d1,d2,d3,d4,d5)",5D,open,-2,3,1,-3,2,,
3.397031e+05,"Ma(d1,d2,d3,d4,d5)",5D,open,-2,3,1,-3,3,,
3.397031e+05,"Ma(d1,d2,d3,d4,d5)",5D,open,-2,3,1,3,-3,,
3.397031e+05,"Ma(d1,d2,d3,d4,d5)",5D,open,-2,3,1,3,-2,,
3.397031e+05,"Ma(d1,d2,d3,d4,d5)",5D,open,-2,3,1,3,-1,,
3.397031e+05,"Ma(d1,d2,d3,d4)",4D,open,-2,3,1,3,0,,
3.397031e+05,"Ma(d1,d2,d3,d4,d5)",5D,open,-2,3,1,3,1,,
3.397031e+05,"Ma(d1,d2,d3,d4,d5)",5D,open,-2,3,1,3,2,,
3.397031e+05,"Ma(d1,d2,d3,d4,d5)",5D,open,-2,3,1,3,3,,
3.397031e+05,"Ma(d1,d2,d3,d4,d5)",5D,open,2,-3,-1,-3,-3,,
3.397031e+05,"Ma(d1,d2,d3,d4,d5)",5D,open,2,-3,-1,-3,-2,,
3.397031e+05,"Ma(d1,d2,d3,d4,d5)",5D,open,2,-3,-1,-3,-1,,
3.397031e+05,"Ma(d1,d2,d3,d4)",4D,open,2,-3,-1,-3,0,,
3.397031e+05,"Ma(d1,d2,d3,d4,d5)",5D,open,2,-3,-1,-3,1,,
3.397031e+05,"Ma(d1,d2,d3,d4,d5)",5D,open,2,-3,-1,-3,2,,
3.397031e+05,"Ma(d1,d2,d3,d4,d5)",5D,open,2,-3,-1,-3,3,,
3.397031e+05,"Ma(d1,d2,d3,d4,d5)",5D,open,2,-3,-1,3,-3,,
3.397031e+05,"Ma(d1,d2,d3,d4,d5)",5D,open,2,-3,-1,3,-2,,
3.397031e+05,"Ma(d1,d2,d3,d4,d5)",5D,open,2,-3,-1,3,-1,,
3.397031e+05,"Ma(d1,d2,d3,d4)",4D,open,2,-3,-1,3,0,,
3.397031e+05,"Ma(d1,d2,d3,d4,d5)",5D,open,2,-3,-1,3,1,,
3.397031e+05,"Ma(d1,d2,d3,d4,d5)",5D,open,2,-3,-1,3,2,,
3.397031e+05,"Ma(d1,d2,d3,d4,d5)",5D,open,2,-3,-1,3,3,,
3.397031e+05,"Ma(d1,d2,d3,d4,d5)",5D,open,2,-3,1,-3,-3,,
3.397031e+05,"Ma(d1,d2,d3,d4,d5)",5D,open,2,-3,1,-3,-2,,
3.397031e+05,"Ma(d1,d2,d3,d4,d5)",5D,open,2,-3,1,-3,-1,,
3.397031e+05,"Ma(d1,d2,d3,d4)",4D,open,2,-3,1,-3,0,,
3.397031e+05,"Ma(d1,d2,d3,d4,d5)",5D,open,2,-3,1,-3,1,,
3.397031e+05,"Ma(d1,d2,d3,d4,d5)",5D,open,2,-3,1,-3,2,,
3.397031e+05,"Ma(d1,d2,d3,d4,d5)",5D,open,2,-3,1,-3,3,,
3.397031e+05,"Ma(d1,d2,d3,d4,d5)",5D,open,2,-3,1,3,-3,,
3.397031e+05,"Ma(d1,d2,d3,d4,d5)",5D,open,2,-3,1,3,-2,,
3.397031e+05,"Ma(d1,d2,d3,d4,d5)",5D,open,2,-3,1,3,-1,,
3.397031e+05,"Ma(d1,d2,d3,d4)",4D,open,2,-3,1,3,0,,
3.397031e+05,"Ma(d1,d2,d3,d4,d5)",5D,open,2,-3,1,3,1,,
3.397031e+05,"Ma(d1,d2,d3,d4,d5)",5D,open,2,-3,1,3,2,,
3.397031e+05,"Ma(d1,d2,d3,d4,d5)",5D,open,2,-3,1,3,3,,
3.397031e+05,"Ma(d1,d2,d3,d4,d5)",5D,open,2,3,-1,-3,-3,,
3.397031e+05,"Ma(d1,d2,d3,d4,d5)",5D,open,2,3,-1,-3,-2,,
3.397031e+05,"Ma(d1,d2,d3,d4,d5)",5D,open,2,3,-1,-3,-1,,
3.397031e+05,"Ma(d1,d2,d3,d4)",4D,open,2,3,-1,-3,0,,
3.397031e+05,"Ma(d1,d2,d3,d4,d5)",5D,open,2,3,-1,-3,1,,
3.397031e+05,"Ma(d1,d2,d3,d4,d5)",5D,open,2,3,-1,-3,2,,
3.397031e+05,"Ma(d1,d2,d3,d4,d5)",5D,open,2,3,-1,-3,3,,
3.397031e+05,"Ma(d1,d2,d3,d4,d5)",5D,open,2,3,-1,3,-3,,
3.397031e+05,"Ma(d1,d2,d3,d4,d5)",5D,open,2,3,-1,3,-2,,
3.397031e+05,"Ma(d1,d2,d3,d4,d5)",5D,open,2,3,-1,3,-1,,
3.397031e+05,"Ma(d1,d2,d3,d4)",4D,open,2,3,-1,3,0,,
3.397031e+05,"Ma(d1,d2,d3,d4,d5)",5D,open,2,3,-1,3,1,,
3.397031e+05,"Ma(d1,d2,d3,d4,d5)",5D,open,2,3,-1,3,2,,
3.397031e+05,"Ma(d1,d2,d3,d4,d5)",5D,open,2,3,-1,3,3,,
3.397031e+05,"Ma(d1,d2,d3,d4,d5)",5D,open,2,3,1,-3,-3,,
3.397031e+05,"Ma(d1,d2,d3,d4,d5)",5D,open,2,3,1,-3,-2,,
3.397031e+05,"Ma(d1,d2,d3,d4,d5)",5D,open,2,3,1,-3,-1,,
3.397031e+05,"Ma(d1,d2,d3,d4)",4D,open,2,3,1,-3,0,,
3.397031e+05,"Ma(d1,d2,d3,d4,d5)",5D,open,2,3,1,-3,1,,
3.397031e+05,"Ma(d1,d2,d3,d4,d5)",5D,open,2,3,1,-3,2,,
3.397031e+05,"Ma(d1,d2,d3,d4,d5)",5D,open,2,3,1,-3,3,,
3.397031e+05,"Ma(d1,d2,d3,d4,d5)",5D,open,2,3,1,3,-3,,
3.397031e+05,"Ma(d1,d2,d3,d4,d5)",5D,open,2,3,1,3,-2,,
3.397031e+05,"Ma(d1,d2,d3,d4,d5)",5D,open,2,3,1,3,-1,,
3.397031e+05,"Ma(d1,d2,d3,d4)",4D,open,2,3,1,3,0,,
3.397031e+05,"Ma(d1,d2,d3,d4,d5)",5D,open,2,3,1,3,1,,
3.397031e+05,"Ma(d1,d2,d3,d4,d5)",5D,open,2,3,1,3,2,,
3.397031e+05,"Ma(d1,d2,d3,d4,d5)",5D,open,2,3,1,3,3,,
3.397031e+05,"Ma(d1,d2,d3,d5)",4D,open,-2,-3,-2,0,-3,,
3.397031e+05,"Ma(d1,d2,d3,d5)",4D,open,-2,-3,-2,0,-2,,
3.397031e+05,"Ma(d1,d2,d3,d5)",4D,open,-2,-3,-2,0,-1,,
3.397031e+05,"Ma(d1,d2,d3)",3D,open,-2,-3,-2,0,0,,
3.397031e+05,"Ma(d1,d2,d3,d5)",4D,open,-2,-3,-2,0,1,,
3.397031e+05,"Ma(d1,d2,d3,d5)",4D,open,-2,-3,-2,0,2,,
3.397031e+05,"Ma(d1,d2,d3,d5)",4D,open,-2,-3,-2,0,3,,
3.397031e+05,"Ma(d1,d2,d3,d5)",4D,open,-2,-3,2,0,-3,,
3.397031e+05,"Ma(d1,d2,d3,d5)",4D,open,-2,-3,2,0,-2,,
3.397031e+05,"Ma(d1,d2,d3,d5)",4D,open,-2,-3,2,0,-1,,
3.397031e+05,"Ma(d1,d2,d3)",3D,open,-2,-3,2,0,0,,
3.397031e+05,"Ma(d1,d2,d3,d5)",4D,open,-2,-3,2,0,1,,
3.397031e+05,"Ma(d1,d2,d3,d5)",4D,open,-2,-3,2,0,2,,
3.397031e+05,"Ma(d1,d2,d3,d5)",4D,open,-2,-3,2,0,3,,
3.397031e+05,"Ma(d1,d2,d3,d5)",4D,open,-2,3,-2,0,-3,,
3.397031e+05,"Ma(d1,d2,d3,d5)",4D,open,-2,3,-2,0,-2,,
3.397031e+05,"Ma(d1,d2,d3,d5)",4D,open,-2,3,-2,0,-1,,
3.397031e+05,"Ma(d1,d2,d3)",3D,open,-2,3,-2,0,0,,
3.397031e+05,"Ma(d1,d2,d3,d5)",4D,open,-2,3,-2,0,1,,
3.397031e+05,"Ma(d1,d2,d3,d5)",4D,open,-2,3,-2,0,2,,
3.397031e+05,"Ma(d1,d2,d3,d5)",4D,open,-2,3,-2,0,3,,
3.397031e+05,"Ma(d1,d2,d3,d5)",4D,open,-2,3,2,0,-3,,
3.397031e+05,"Ma(d1,d2,d3,d5)",4D,open,-2,3,2,0,-2,,
3.397031e+05,"Ma(d1,d2,d3,d5)",4D,open,-2,3,2,0,-1,,
3.397031e+05,"Ma(d1,d2,d3)",3D,open,-2,3,2,0,0,,
3.397031e+05,"Ma(d1,d2,d3,d5)",4D,open,-2,3,2,0,1,,
3.397031e+05,"Ma(d1,d2,d3,d5)",4D,open,-2,3,2,0,2,,
3.397031e+05,"Ma(d1,d2,d3,d5)",4D,open,-2,3,2,0,3,,
3.397031e+05,"Ma(d1,d2,d3,d5)",4D,open,2,-3,-2,0,-3,,
3.397031e+05,"Ma(d1,d2,d3,d5)",4D,open,2,-3,-2,0,-2,,
3.397031e+05,"Ma(d1,d2,d3,d5)",4D,open,2,-3,-2,0,-1,,
3.397031e+05,"Ma(d1,d2,d3)",3D,open,2,-3,-2,0,0,,
3.397031e+05,"Ma(d1,d2,d3,d5)",4D,open,2,-3,-2,0,1,,
3.397031e+05,"Ma(d1,d2,d3,d5)",4D,open,2,-3,-2,0,2,,
3.397031e+05,"Ma(d1,d2,d3,d5)",4D,open,2,-3,-2,0,3,,
3.397031e+05,"Ma(d1,d2,d3,d5)",4D,open,2,-3,2,0,-3,,
3.397031e+05,"Ma(d1,d2,d3,d5)",4D,open,2,-3,2,0,-2,,
3.397031e+05,"Ma(d1,d2,d3,d5)",4D,open,2,-3,2,0,-1,,
3.397031e+05,"Ma(d1,d2,d3)",3D,open,2,-3,2,0,0,,
3.397031e+05,"Ma(d1,d2,d3,d5)",4D,open,2,-3,2,0,1,,
3.397031e+05,"Ma(d1,d2,d3,d5)",4D,open,2,-3,2,0,2,,
3.397031e+05,"Ma(d1,d2,d3,d5)",4D,open,2,-3,2,0,3,,
3.397031e+05,"Ma(d1,d2,d3,d5)",4D,open,2,3,-2,0,-3,,
3.397031e+05,"Ma(d1,d2,d3,d5)",4D,open,2,3,-2,0,-2,,
3.397031e+05,"Ma(d1,d2,d3,d5)",4D,open,2,3,-2,0,-1,,
3.397031e+05,"Ma(d1,d2,d3)",3D,open,2,3,-2,0,0,,
3.397031e+05,"Ma(d1,d2,d3,d5)",4D,open,2,3,-2,0,1,,
3.397031e+05,"Ma(d1,d2,d3,d5)",4D,open,2,3,-2,0,2,,
3.397031e+05,"Ma(d1,d2,d3,d5)",4D,open,2,3,-2,0,3,,
3.397031e+05,"Ma(d1,d2,d3,d5)",4D,open,2,3,2,0,-3,,
3.397031e+05,"Ma(d1,d2,d3,d5)",4D,open,2,3,2,0,-2,,
3.397031e+05,"Ma(d1,d2,d3,d5)",4D,open,2,3,2,0,-1,,
3.397031e+05,"Ma(d1,d2,d3)",3D,open,2,3,2,0,0,,
3.397031e+05,"Ma(d1,d2,d3,d5)",4D,open,2,3,2,0,1,,
3.397031e+05,"Ma(d1,d2,d3,d5)",4D,open,2,3,2,0,2,,
3.397031e+05,"Ma(d1,d2,d3,d5)",4D,open,2,3,2,0,3,,
3.397031e+05,"Ma(d1,d2,d3,d4,d5)",5D,open,-2,-3,-2,-1,-3,,
3.397031e+05,"Ma(d1,d2,d3,d4,d5)",5D,open,-2,-3,-2,-1,-2,,
3.397031e+05,"Ma(d1,d2,d3,d4,d5)",5D,open,-2,-3,-2,-1,-1,,
3.397031e+05,"Ma(d1,d2,d3,d4)",4D,open,-2,-3,-2,-1,0,,
3.397031e+05,"Ma(d1,d2,d3,d4,d5)",5D,open,-2,-3,-2,-1,1,,
3.397031e+05,"Ma(d1,d2,d3,d4,d5)",5D,open,-2,-3,-2,-1,2,,
3.397031e+05,"Ma(d1,d2,d3,d4,d5)",5D,open,-2,-3,-2,-1,3,,
3.397031e+05,"Ma(d1,d2,d3,d4,d5)",5D,open,-2,-3,-2,1,-3,,
3.397031e+05,"Ma(d1,d2,d3,d4,d5)",5D,open,-2,-3,-2,1,-2,,
3.397031e+05,"Ma(d1,d2,d3,d4,d5)",5D,open,-2,-3,-2,1,-1,,
3.397031e+05,"Ma(d1,d2,d3,d4)",4D,open,-2,-3,-2,1,0,,
3.397031e+05,"Ma(d1,d2,d3,d4,d5)",5D,open,-2,-3,-2,1,1,,
3.397031e+05,"Ma(d1,d2,d3,d4,d5)",5D,open,-2,-3,-2,1,2,,
3.397031e+05,"Ma(d1,d2,d3,d4,d5)",5D,open,-2,-3,-2,1,3,,
3.397031e+05,"Ma(d1,d2,d3,d4,d5)",5D,open,-2,-3,2,-1,-3,,
3.397031e+05,"Ma(d1,d2,d3,d4,d5)",5D,open,-2,-3,2,-1,-2,,
3.397031e+05,"Ma(d1,d2,d3,d4,d5)",5D,open,-2,-3,2,-1,-1,,
3.397031e+05,"Ma(d1,d2,d3,d4)",4D,open,-2,-3,2,-1,0,,
3.397031e+05,"Ma(d1,d2,d3,d4,d5)",5D,open,-2,-3,2,-1,1,,
3.397031e+05,"Ma(d1,d2,d3,d4,d5)",5D,open,-2,-3,2,-1,2,,
3.397031e+05,"Ma(d1,d2,d3,d4,d5)",5D,open,-2,-3,2,-1,3,,
3.397031e+05,"Ma(d1,d2,d3,d4,d5)",5D,open,-2,-3,2,1,-3,,
3.397031e+05,"Ma(d1,d2,d3,d4,d5)",5D,open,-2,-3,2,1,-2,,
3.397031e+05,"Ma(d1,d2,d3,d4,d5)",5D,open,-2,-3,2,1,-1,,
3.397031e+05,"Ma(d1,d2,d3,d4)",4D,open,-2,-3,2,1,0,,
3.397031e+05,"Ma(d1,d2,d3,d4,d5)",5D,open,-2,-3,2,1,1,,
3.397031e+05,"Ma(d1,d2,d3,d4,d5)",5D,open,-2,-3,2,1,2,,
3.397031e+05,"Ma(d1,d2,d3,d4,d5)",5D,open,-2,-3,2,1,3,,
3.397031e+05,"Ma(d1,d2,d3,d4,d5)",5D,open,-2,3,-2,-1,-3,,
3.397031e+05,"Ma(d1,d2,d3,d4,d5)",5D,open,-2,3,-2,-1,-2,,
3.397031e+05,"Ma(d1,d2,d3,d4,d5)",5D,open,-2,3,-2,-1,-1,,
3.397031e+05,"Ma(d1,d2,d3,d4)",4D,open,-2,3,-2,-1,0,,
3.397031e+05,"Ma(d1,d2,d3,d4,d5)",5D,open,-2,3,-2,-1,1,,
3.397031e+05,"Ma(d1,d2,d3,d4,d5)",5D,open,-2,3,-2,-1,2,,
3.397031e+05,"Ma(d1,d2,d3,d4,d5)",5D,open,-2,3,-2,-1,3,,
3.397031e+05,"Ma(d1,d2,d3,d4,d5)",5D,open,-2,3,-2,1,-3,,
3.397031e+05,"Ma(d1,d2,d3,d4,d5)",5D,open,-2,3,-2,1,-2,,
3.397031e+05,"Ma(d1,d2,d3,d4,d5)",5D,open,-2,3,-2,1,-1,,
3.397031e+05,"Ma(d1,d2,d3,d4)",4D,open,-2,3,-2,1,0,,
3.397031e+05,"Ma(d1,d2,d3,d4,d5)",5D,open,-2,3,-2,1,1,,
3.397031e+05,"Ma(d1,d2,d3,d4,d5)",5D,open,-2,3,-2,1,2,,
3.397031e+05,"Ma(d1,d2,d3,d4,d5)",5D,open,-2,3,-2,1,3,,
3.397031e+05,"Ma(d1,d2,d3,d4,d5)",5D,open,-2,3,2,-1,-3,,
3.397031e+05,"Ma(d1,d2,d3,d4,d5)",5D,open,-2,3,2,-1,-2,,
3.397031e+05,"Ma(d1,d2,d3,d4,d5)",5D,open,-2,3,2,-1,-1,,
3.397031e+05,"Ma(d1,d2,d3,d4)",4D,open,-2,3,2,-1,0,,
3.397031e+05,"Ma(d1,d2,d3,d4,d5)",5D,open,-2,3,2,-1,1,,
3.397031e+05,"Ma(d1,d2,d3,d4,d5)",5D,open,-2,3,2,-1,2,,
3.397031e+05,"Ma(d1,d2,d3,d4,d5)",5D,open,-2,3,2,-1,3,,
3.397031e+05,"Ma(d1,d2,d3,d4,d5)",5D,open,-2,3,2,1,-3,,
3.397031e+05,"Ma(d1,d2,d3,d4,d5)",5D,open,-2,3,2,1,-2,,
3.397031e+05,"Ma(d1,d2,d3,d4,d5)",5D,open,-2,3,2,1,-1,,
3.397031e+05,"Ma(d1,d2,d3,d4)",4D,open,-2,3,2,1,0,,
3.397031e+05,"Ma(d1,d2,d3,d4,d5)",5D,open,-2,3,2,1,1,,
3.397031e+05,"Ma(d1,d2,d3,d4,d5)",5D,open,-2,3,2,1,2,,
3.397031e+05,"Ma(d1,d2,d3,d4,d5)",5D,open,-2,3,2,1,3,,
3.397031e+05,"Ma(d1,d2,d3,d4,d5)",5D,open,2,-3,-2,-1,-3,,
3.397031e+05,"Ma(d1,d2,d3,d4,d5)",5D,open,2,-3,-2,-1,-2,,
3.397031e+05,"Ma(d1,d2,d3,d4,d5)",5D,open,2,-3,-2,-1,-1,,
3.397031e+05,"Ma(d1,d2,d3,d4)",4D,open,2,-3,-2,-1,0,,
3.397031e+05,"Ma(d1,d2,d3,d4,d5)",5D,open,2,-3,-2,-1,1,,
3.397031e+05,"Ma(d1,d2,d3,d4,d5)",5D,open,2,-3,-2,-1,2,,
3.397031e+05,"Ma(d1,d2,d3,d4,d5)",5D,open,2,-3,-2,-1,3,,
3.397031e+05,"Ma(d1,d2,d3,d4,d5)",5D,open,2,-3,-2,1,-3,,
3.397031e+05,"Ma(d1,d2,d3,d4,d5)",5D,open,2,-3,-2,1,-2,,
3.397031e+05,"Ma(d1,d2,d3,d4,d5)",5D,open,2,-3,-2,1,-1,,
3.397031e+05,"Ma(d1,d2,d3,d4)",4D,open,2,-3,-2,1,0,,
3.397031e+05,"Ma(d1,d2,d3,d4,d5)",5D,open,2,-3,-2,1,1,,
3.397031e+05,"Ma(d1,d2,d3,d4,d5)",5D,open,2,-3,-2,1,2,,
3.397031e+05,"Ma(d1,d2,d3,d4,d5)",5D,open,2,-3,-2,1,3,,
3.397031e+05,"Ma(d1,d2,d3,d4,d5)",5D,open,2,-3,2,-1,-3,,
3.397031e+05,"Ma(d1,d2,d3,d4,d5)",5D,open,2,-3,2,-1,-2,,
3.397031e+05,"Ma(d1,d2,d3,d4,d5)",5D,open,2,-3,2,-1,-1,,
3.397031e+05,"Ma(d1,d2,d3,d4)",4D,open,2,-3,2,-1,0,,
3.397031e+05,"Ma(d1,d2,d3,d4,d5)",5D,open,2,-3,2,-1,1,,
3.397031e+05,"Ma(d1,d2,d3,d4,d5)",5D,open,2,-3,2,-1,2,,
3.397031e+05,"Ma(d1,d2,d3,d4,d5)",5D,open,2,-3,2,-1,3,,
3.397031e+05,"Ma(d1,d2,d3,d4,d5)",5D,open,2,-3,2,1,-3,,
3.397031e+05,"Ma(d1,d2,d3,d4,d5)",5D,open,2,-3,2,1,-2,,
3.397031e+05,"Ma(d1,d2,d3,d4,d5)",5D,open,2,-3,2,1,-1,,
3.397031e+05,"Ma(d1,d2,d3,d4)",4D,open,2,-3,2,1,0,,
3.397031e+05,"Ma(d1,d2,d3,d4,d5)",5D,open,2,-3,2,1,1,,
3.397031e+05,"Ma(d1,d2,d3,d4,d5)",5D,open,2,-3,2,1,2,,
3.397031e+05,"Ma(d1,d2,d3,d4,d5)",5D,open,2,-3,2,1,3,,
3.397031e+05,"Ma(d1,d2,d3,d4,d5)",5D,open,2,3,-2,-1,-3,,
3.397031e+05,"Ma(d1,d2,d3,d4,d5)",5D,open,2,3,-2,-1,-2,,
3.397031e+05,"Ma(d1,d2,d3,d4,d5)",5D,open,2,3,-2,-1,-1,,
3.397031e+05,"Ma(d1,d2,d3,d4)",4D,open,2,3,-2,-1,0,,
3.397031e+05,"Ma(d1,d2,d3,d4,d5)",5D,open,2,3,-2,-1,1,,
3.397031e+05,"Ma(d1,d2,d3,d4,d5)",5D,open,2,3,-2,-1,2,,
3.397031e+05,"Ma(d1,d2,d3,d4,d5)",5D,open,2,3,-2,-1,3,,
3.397031e+05,"Ma(d1,d2,d3,d4,d5)",5D,open,2,3,-2,1,-3,,
3.397031e+05,"Ma(d1,d2,d3,d4,d5)",5D,open,2,3,-2,1,-2,,
3.397031e+05,"Ma(d1,d2,d3,d4,d5)",5D,open,2,3,-2,1,-1,,
3.397031e+05,"Ma(d1,d2,d3,d4)",4D,open,2,3,-2,1,0,,
3.397031e+05,"Ma(d1,d2,d3,d4,d5)",5D,open,2,3,-2,1,1,,
3.397031e+05,"Ma(d1,d2,d3,d4,d5)",5D,open,2,3,-2,1,2,,
3.397031e+05,"Ma(d1,d2,d3,d4,d5)",5D,open,2,3,-2,1,3,,
3.397031e+05,"Ma(d1,d2,d3,d4,d5)",5D,open,2,3,2,-1,-3,,
3.397031e+05,"Ma(d1,d2,d3,d4,d5)",5D,open,2,3,2,-1,-2,,
3.397031e+05,"Ma(d1,d2,d3,d4,d5)",5D,open,2,3,2,-1,-1,,
3.397031e+05,"Ma(d1,d2,d3,d4)",4D,open,2,3,2,-1,0,,
3.397031e+05,"Ma(d1,d2,d3,d4,d5)",5D,open,2,3,2,-1,1,,
3.397031e+05,"Ma(d1,d2,d3,d4,d5)",5D,open,2,3,2,-1,2,,
3.397031e+05,"Ma(d1,d2,d3,d4,d5)",5D,open,2,3,2,-1,3,,
3.397031e+05,"Ma(d1,d2,d3,d4,d5)",5D,open,2,3,2,1,-3,,
3.397031e+05,"Ma(d1,d2,d3,d4,d5)",5D,open,2,3,2,1,-2,,
3.397031e+05,"Ma(d1,d2,d3,d4,d5)",5D,open,2,3,2,1,-1,,
3.397031e+05,"Ma(d1,d2,d3,d4)",4D,open,2,3,2,1,0,,
3.397031e+05,"Ma(d1,d2,d3,d4,d5)",5D,open,2,3,2,1,1,,
3.397031e+05,"Ma(d1,d2,d3,d4,d5)",5D,open,2,3,2,1,2,,
3.397031e+05,"Ma(d1,d2,d3,d4,d5)",5D,open,2,3,2,1,3,,
3.397031e+05,"Ma(d1,d2,d3,d4,d5)",5D,open,-2,-3,-2,-2,-3,,
3.397031e+05,"Ma(d1,d2,d3,d4,d5)",5D,open,-2,-3,-2,-2,-2,,
3.397031e+05,"Ma(d1,d2,d3,d4,d5)",5D,open,-2,-3,-2,-2,-1,,
3.397031e+05,"Ma(d1,d2,d3,d4)",4D,open,-2,-3,-2,-2,0,,
3.397031e+05,"Ma(d1,d2,d3,d4,d5)",5D,open,-2,-3,-2,-2,1,,
3.397031e+05,"Ma(d1,d2,d3,d4,d5)",5D,open,-2,-3,-2,-2,2,,
3.397031e+05,"Ma(d1,d2,d3,d4,d5)",5D,open,-2,-3,-2,-2,3,,
3.397031e+05,"Ma(d1,d2,d3,d4,d5)",5D,open,-2,-3,-2,2,-3,,
3.397031e+05,"Ma(d1,d2,d3,d4,d5)",5D,open,-2,-3,-2,2,-2,,
3.397031e+05,"Ma(d1,d2,d3,d4,d5)",5D,open,-2,-3,-2,2,-1,,
3.397031e+05,"Ma(d1,d2,d3,d4)",4D,open,-2,-3,-2,2,0,,
3.397031e+05,"Ma(d1,d2,d3,d4,d5)",5D,open,-2,-3,-2,2,1,,
3.397031e+05,"Ma(d1,d2,d3,d4,d5)",5D,open,-2,-3,-2,2,2,,
3.397031e+05,"Ma(d1,d2,d3,d4,d5)",5D,open,-2,-3,-2,2,3,,
3.397031e+05,"Ma(d1,d2,d3,d4,d5)",5D,open,-2,-3,2,-2,-3,,
3.397031e+05,"Ma(d1,d2,d3,d4,d5)",5D,open,-2,-3,2,-2,-2,,
3.397031e+05,"Ma(d1,d2,d3,d4,d5)",5D,open,-2,-3,2,-2,-1,,
3.397031e+05,"Ma(d1,d2,d3,d4)",4D,open,-2,-3,2,-2,0,,
3.397031e+05,"Ma(d1,d2,d3,d4,d5)",5D,open,-2,-3,2,-2,1,,
3.397031e+05,"Ma(d1,d2,d3,d4,d5)",5D,open,-2,-3,2,-2,2,,
3.397031e+05,"Ma(d1,d2,d3,d4,d5)",5D,open,-2,-3,2,-2,3,,
3.397031e+05,"Ma(d1,d2,d3,d4,d5)",5D,open,-2,-3,2,2,-3,,
3.397031e+05,"Ma(d1,d2,d3,d4,d5)",5D,open,-2,-3,2,2,-2,,
3.397031e+05,"Ma(d1,d2,d3,d4,d5)",5D,open,-2,-3,2,2,-1,,
3.397031e+05,"Ma(d1,d2,d3,d4)",4D,open,-2,-3,2,2,0,,
3.397031e+05,"Ma(d1,d2,d3,d4,d5)",5D,open,-2,-3,2,2,1,,
3.397031e+05,"Ma(d1,d2,d3,d4,d5)",5D,open,-2,-3,2,2,2,,
3.397031e+05,"Ma(d1,d2,d3,d4,d5)",5D,open,-2,-3,2,2,3,,
3.397031e+05,"Ma(d1,d2,d3,d4,d5)",5D,open,-2,3,-2,-2,-3,,
3.397031e+05,"Ma(d1,d2,d3,d4,d5)",5D,open,-2,3,-2,-2,-2,,
3.397031e+05,"Ma(d1,d2,d3,d4,d5)",5D,open,-2,3,-2,-2,-1,,
3.397031e+05,"Ma(d1,d2,d3,d4)",4D,open,-2,3,-2,-2,0,,
3.397031e+05,"Ma(d1,d2,d3,d4,d5)",5D,open,-2,3,-2,-2,1,,
3.397031e+05,"Ma(d1,d2,d3,d4,d5)",5D,open,-2,3,-2,-2,2,,
3.397031e+05,"Ma(d1,d2,d3,d4,d5)",5D,open,-2,3,-2,-2,3,,
3.397031e+05,"Ma(d1,d2,d3,d4,d5)",5D,open,-2,3,-2,2,-3,,
3.397031e+05,"Ma(d1,d2,d3,d4,d5)",5D,open,-2,3,-2,2,-2,,
3.397031e+05,"Ma(d1,d2,d3,d4,d5)",5D,open,-2,3,-2,2,-1,,
3.397031e+05,"Ma(d1,d2,d3,d4)",4D,open,-2,3,-2,2,0,,
3.397031e+05,"Ma(d1,d2,d3,d4,d5)",5D,open,-2,3,-2,2,1,,
3.397031e+05,"Ma(d1,d2,d3,d4,d5)",5D,open,-2,3,-2,2,2,,
3.397031e+05,"Ma(d1,d2,d3,d4,d5)",5D,open,-2,3,-2,2,3,,
3.397031e+05,"Ma(d1,d2,d3,d4,d5)",5D,open,-2,3,2,-2,-3,,
3.397031e+05,"Ma(d1,d2,d3,d4,d5)",5D,open,-2,3,2,-2,-2,,
3.397031e+05,"Ma(d1,d2,d3,d4,d5)",5D,open,-2,3,2,-2,-1,,
3.397031e+05,"Ma(d1,d2,d3,d4)",4D,open,-2,3,2,-2,0,,
3.397031e+05,"Ma(d1,d2,d3,d4,d5)",5D,open,-2,3,2,-2,1,,
3.397031e+05,"Ma(d1,d2,d3,d4,d5)",5D,open,-2,3,2,-2,2,,
3.397031e+05,"Ma(d1,d2,d3,d4,d5)",5D,open,-2,3,2,-2,3,,
3.397031e+05,"Ma(d1,d2,d3,d4,d5)",5D,open,-2,3,2,2,-3,,
3.397031e+05,"Ma(d1,d2,d3,d4,d5)",5D,open,-2,3,2,2,-2,,
3.397031e+05,"Ma(d1,d2,d3,d4,d5)",5D,open,-2,3,2,2,-1,,
3.397031e+05,"Ma(d1,d2,d3,d4)",4D,open,-2,3,2,2,0,,
3.397031e+05,"Ma(d1,d2,d3,d4,d5)",5D,open,-2,3,2,2,1,,
3.397031e+05,"Ma(d1,d2,d3,d4,d5)",5D,open,-2,3,2,2,2,,
3.397031e+05,"Ma(d1,d2,d3,d4,d5)",5D,open,-2,3,2,2,3,,
3.397031e+05,"Ma(d1,d2,d3,d4,d5)",5D,open,2,-3,-2,-2,-3,,
3.397031e+05,"Ma(d1,d2,d3,d4,d5)",5D,open,2,-3,-2,-2,-2,,
3.397031e+05,"Ma(d1,d2,d3,d4,d5)",5D,open,2,-3,-2,-2,-1,,
3.397031e+05,"Ma(d1,d2,d3,d4)",4D,open,2,-3,-2,-2,0,,
3.397031e+05,"Ma(d1,d2,d3,d4,d5)",5D,open,2,-3,-2,-2,1,,
3.397031e+05,"Ma(d1,d2,d3,d4,d5)",5D,open,2,-3,-2,-2,2,,
3.397031e+05,"Ma(d1,d2,d3,d4,d5)",5D,open,2,-3,-2,-2,3,,
3.397031e+05,"Ma(d1,d2,d3,d4,d5)",5D,open,2,-3,-2,2,-3,,
3.397031e+05,"Ma(d1,d2,d3,d4,d5)",5D,open,2,-3,-2,2,-2,,
3.397031e+05,"Ma(d1,d2,d3,d4,d5)",5D,open,2,-3,-2,2,-1,,
3.397031e+05,"Ma(d1,d2,d3,d4)",4D,open,2,-3,-2,2,0,,
3.397031e+05,"Ma(d1,d2,d3,d4,d5)",5D,open,2,-3,-2,2,1,,
3.397031e+05,"Ma(d1,d2,d3,d4,d5)",5D,open,2,-3,-2,2,2,,
3.397031e+05,"Ma(d1,d2,d3,d4,d5)",5D,open,2,-3,-2,2,3,,
3.397031e+05,"Ma(d1,d2,d3,d4,d5)",5D,open,2,-3,2,-2,-3,,
3.397031e+05,"Ma(d1,d2,d3,d4,d5)",5D,open,2,-3,2,-2,-2,,
3.397031e+05,"Ma(d1,d2,d3,d4,d5)",5D,open,2,-3,2,-2,-1,,
3.397031e+05,"Ma(d1,d2,d3,d4)",4D,open,2,-3,2,-2,0,,
3.397031e+05,"Ma(d1,d2,d3,d4,d5)",5D,open,2,-3,2,-2,1,,
3.397031e+05,"Ma(d1,d2,d3,d4,d5)",5D,open,2,-3,2,-2,2,,
3.397031e+05,"Ma(d1,d2,d3,d4,d5)",5D,open,2,-3,2,-2,3,,
3.397031e+05,"Ma(d1,d2,d3,d4,d5)",5D,open,2,-3,2,2,-3,,
3.397031e+05,"Ma(d1,d2,d3,d4,d5)",5D,open,2,-3,2,2,-2,,
3.397031e+05,"Ma(d1,d2,d3,d4,d5)",5D,open,2,-3,2,2,-1,,
3.397031e+05,"Ma(d1,d2,d3,d4)",4D,open,2,-3,2,2,0,,
3.397031e+05,"Ma(d1,d2,d3,d4,d5)",5D,open,2,-3,2,2,1,,
3.397031e+05,"Ma(d1,d2,d3,d4,d5)",5D,open,2,-3,2,2,2,,
3.397031e+05,"Ma(d1,d2,d3,d4,d5)",5D,open,2,-3,2,2,3,,
3.397031e+05,"Ma(d1,d2,d3,d4,d5)",5D,open,2,3,-2,-2,-3,,
3.397031e+05,"Ma(d1,d2,d3,d4,d5)",5D,open,2,3,-2,-2,-2,,
3.397031e+05,"Ma(d1,d2,d3,d4,d5)",5D,open,2,3,-2,-2,-1,,
3.397031e+05,"Ma(d1,d2,d3,d4)",4D,open,2,3,-2,-2,0,,
3.397031e+05,"Ma(d1,d2,d3,d4,d5)",5D,open,2,3,-2,-2,1,,
3.397031e+05,"Ma(d1,d2,d3,d4,d5)",5D,open,2,3,-2,-2,2,,
3.397031e+05,"Ma(d1,d2,d3,d4,d5)",5D,open,2,3,-2,-2,3,,
3.397031e+05,"Ma(d1,d2,d3,d4,d5)",5D,open,2,3,-2,2,-3,,
3.397031e+05,"Ma(d1,d2,d3,d4,d5)",5D,open,2,3,-2,2,-2,,
3.397031e+05,"Ma(d1,d2,d3,d4,d5)",5D,open,2,3,-2,2,-1,,
3.397031e+05,"Ma(d1,d2,d3,d4)",4D,open,2,3,-2,2,0,,
3.397031e+05,"Ma(d1,d2,d3,d4,d5)",5D,open,2,3,-2,2,1,,
3.397031e+05,"Ma(d1,d2,d3,d4,d5)",5D,open,2,3,-2,2,2,,
3.397031e+05,"Ma(d1,d2,d3,d4,d5)",5D,open,2,3,-2,2,3,,
3.397031e+05,"Ma(d1,d2,d3,d4,d5)",5D,open,2,3,2,-2,-3,,
3.397031e+05,"Ma(d1,d2,d3,d4,d5)",5D,open,2,3,2,-2,-2,,
3.397031e+05,"Ma(d1,d2,d3,d4,d5)",5D,open,2,3,2,-2,-1,,
3.397031e+05,"Ma(d1,d2,d3,d4)",4D,open,2,3,2,-2,0,,
3.397031e+05,"Ma(d1,d2,d3,d4,d5)",5D,open,2,3,2,-2,1,,
3.397031e+05,"Ma(d1,d2,d3,d4,d5)",5D,open,2,3,2,-2,2,,
3.397031e+05,"Ma(d1,d2,d3,d4,d5)",5D,open,2,3,2,-2,3,,
3.397031e+05,"Ma(d1,d2,d3,d4,d5)",5D,open,2,3,2,2,-3,,
3.397031e+05,"Ma(d1,d2,d3,d4,d5)",5D,open,2,3,2,2,-2,,
3.397031e+05,"Ma(d1,d2,d3,d4,d5)",5D,open,2,3,2,2,-1,,
3.397031e+05,"Ma(d1,d2,d3,d4)",4D,open,2,3,2,2,0,,
3.397031e+05,"Ma(d1,d2,d3,d4,d5)",5D,open,2,3,2,2,1,,
3.397031e+05,"Ma(d1,d2,d3,d4,d5)",5D,open,2,3,2,2,2,,
3.397031e+05,"Ma(d1,d2,d3,d4,d5)",5D,open,2,3,2,2,3,,
3.397031e+05,"Ma(d1,d2,d3,d4,d5)",5D,open,-2,-3,-2,-3,-3,,
3.397031e+05,"Ma(d1,d2,d3,d4,d5)",5D,open,-2,-3,-2,-3,-2,,
3.397031e+05,"Ma(d1,d2,d3,d4,d5)",5D,open,-2,-3,-2,-3,-1,,
3.397031e+05,"Ma(d1,d2,d3,d4)",4D,open,-2,-3,-2,-3,0,,
3.397031e+05,"Ma(d1,d2,d3,d4,d5)",5D,open,-2,-3,-2,-3,1,,
3.397031e+05,"Ma(d1,d2,d3,d4,d5)",5D,open,-2,-3,-2,-3,2,,
3.397031e+05,"Ma(d1,d2,d3,d4,d5)",5D,open,-2,-3,-2,-3,3,,
3.397031e+05,"Ma(d1,d2,d3,d4,d5)",5D,open,-2,-3,-2,3,-3,,
3.397031e+05,"Ma(d1,d2,d3,d4,d5)",5D,open,-2,-3,-2,3,-2,,
3.397031e+05,"Ma(d1,d2,d3,d4,d5)",5D,open,-2,-3,-2,3,-1,,
3.397031e+05,"Ma(d1,d2,d3,d4)",4D,open,-2,-3,-2,3,0,,
3.397031e+05,"Ma(d1,d2,d3,d4,d5)",5D,open,-2,-3,-2,3,1,,
3.397031e+05,"Ma(d1,d2,d3,d4,d5)",5D,open,-2,-3,-2,3,2,,
3.397031e+05,"Ma(d1,d2,d3,d4,d5)",5D,open,-2,-3,-2,3,3,,
3.397031e+05,"Ma(d1,d2,d3,d4,d5)",5D,open,-2,-3,2,-3,-3,,
3.397031e+05,"Ma(d1,d2,d3,d4,d5)",5D,open,-2,-3,2,-3,-2,,
3.397031e+05,"Ma(d1,d2,d3,d4,d5)",5D,open,-2,-3,2,-3,-1,,
3.397031e+05,"Ma(d1,d2,d3,d4)",4D,open,-2,-3,2,-3,0,,
3.397031e+05,"Ma(d1,d2,d3,d4,d5)",5D,open,-2,-3,2,-3,1,,
3.397031e+05,"Ma(d1,d2,d3,d4,d5)",5D,open,-2,-3,2,-3,2,,
3.397031e+05,"Ma(d1,d2,d3,d4,d5)",5D,open,-2,-3,2,-3,3,,
3.397031e+05,"Ma(d1,d2,d3,d4,d5)",5D,open,-2,-3,2,3,-3,,
3.397031e+05,"Ma(d1,d2,d3,d4,d5)",5D,open,-2,-3,2,3,-2,,
3.397031e+05,"Ma(d1,d2,d3,d4,d5)",5D,open,-2,-3,2,3,-1,,
3.397031e+05,"Ma(d1,d2,d3,d4)",4D,open,-2,-3,2,3,0,,
3.397031e+05,"Ma(d1,d2,d3,d4,d5)",5D,open,-2,-3,2,3,1,,
3.397031e+05,"Ma(d1,d2,d3,d4,d5)",5D,open,-2,-3,2,3,2,,
3.397031e+05,"Ma(d1,d2,d3,d4,d5)",5D,open,-2,-3,2,3,3,,
3.397031e+05,"Ma(d1,d2,d3,d4,d5)",5D,open,-2,3,-2,-3,-3,,
3.397031e+05,"Ma(d1,d2,d3,d4,d5)",5D,open,-2,3,-2,-3,-2,,
3.397031e+05,"Ma(d1,d2,d3,d4,d5)",5D,open,-2,3,-2,-3,-1,,
3.397031e+05,"Ma(d1,d2,d3,d4)",4D,open,-2,3,-2,-3,0,,
3.397031e+05,"Ma(d1,d2,d3,d4,d5)",5D,open,-2,3,-2,-3,1,,
3.397031e+05,"Ma(d1,d2,d3,d4,d5)",5D,open,-2,3,-2,-3,2,,
3.397031e+05,"Ma(d1,d2,d3,d4,d5)",5D,open,-2,3,-2,-3,3,,
3.397031e+05,"Ma(d1,d2,d3,d4,d5)",5D,open,-2,3,-2,3,-3,,
3.397031e+05,"Ma(d1,d2,d3,d4,d5)",5D,open,-2,3,-2,3,-2,,
3.397031e+05,"Ma(d1,d2,d3,d4,d5)",5D,open,-2,3,-2,3,-1,,
3.397031e+05,"Ma(d1,d2,d3,d4)",4D,open,-2,3,-2,3,0,,
3.397031e+05,"Ma(d1,d2,d3,d4,d5)",5D,open,-2,3,-2,3,1,,
3.397031e+05,"Ma(d1,d2,d3,d4,d5)",5D,open,-2,3,-2,3,2,,
3.397031e+05,"Ma(d1,d2,d3,d4,d5)",5D,open,-2,3,-2,3,3,,
3.397031e+05,"Ma(d1,d2,d3,d4,d5)",5D,open,-2,3,2,-3,-3,,
3.397031e+05,"Ma(d1,d2,d3,d4,d5)",5D,open,-2,3,2,-3,-2,,
3.397031e+05,"Ma(d1,d2,d3,d4,d5)",5D,open,-2,3,2,-3,-1,,
3.397031e+05,"Ma(d1,d2,d3,d4)",4D,open,-2,3,2,-3,0,,
3.397031e+05,"Ma(d1,d2,d3,d4,d5)",5D,open,-2,3,2,-3,1,,
3.397031e+05,"Ma(d1,d2,d3,d4,d5)",5D,open,-2,3,2,-3,2,,
3.397031e+05,"Ma(d1,d2,d3,d4,d5)",5D,open,-2,3,2,-3,3,,
3.397031e+05,"Ma(d1,d2,d3,d4,d5)",5D,open,-2,3,2,3,-3,,
3.397031e+05,"Ma(d1,d2,d3,d4,d5)",5D,open,-2,3,2,3,-2,,
3.397031e+05,"Ma(d1,d2,d3,d4,d5)",5D,open,-2,3,2,3,-1,,
3.397031e+05,"Ma(d1,d2,d3,d4)",4D,open,-2,3,2,3,0,,
3.397031e+05,"Ma(d1,d2,d3,d4,d5)",5D,open,-2,3,2,3,1,,
3.397031e+05,"Ma(d1,d2,d3,d4,d5)",5D,open,-2,3,2,3,2,,
3.397031e+05,"Ma(d1,d2,d3,d4,d5)",5D,open,-2,3,2,3,3,,
3.397031e+05,"Ma(d1,d2,d3,d4,d5)",5D,open,2,-3,-2,-3,-3,,
3.397031e+05,"Ma(d1,d2,d3,d4,d5)",5D,open,2,-3,-2,-3,-2,,
3.397031e+05,"Ma(d1,d2,d3,d4,d5)",5D,open,2,-3,-2,-3,-1,,
3.397031e+05,"Ma(d1,d2,d3,d4)",4D,open,2,-3,-2,-3,0,,
3.397031e+05,"Ma(d1,d2,d3,d4,d5)",5D,open,2,-3,-2,-3,1,,
3.397031e+05,"Ma(d1,d2,d3,d4,d5)",5D,open,2,-3,-2,-3,2,,
3.397031e+05,"Ma(d1,d2,d3,d4,d5)",5D,open,2,-3,-2,-3,3,,
3.397031e+05,"Ma(d1,d2,d3,d4,d5)",5D,open,2,-3,-2,3,-3,,
3.397031e+05,"Ma(d1,d2,d3,d4,d5)",5D,open,2,-3,-2,3,-2,,
3.397031e+05,"Ma(d1,d2,d3,d4,d5)",5D,open,2,-3,-2,3,-1,,
3.397031e+05,"Ma(d1,d2,d3,d4)",4D,open,2,-3,-2,3,0,,
3.397031e+05,"Ma(d1,d2,d3,d4,d5)",5D,open,2,-3,-2,3,1,,
3.397031e+05,"Ma(d1,d2,d3,d4,d5)",5D,open,2,-3,-2,3,2,,
3.397031e+05,"Ma(d1,d2,d3,d4,d5)",5D,open,2,-3,-2,3,3,,
3.397031e+05,"Ma(d1,d2,d3,d4,d5)",5D,open,2,-3,2,-3,-3,,
3.397031e+05,"Ma(d1,d2,d3,d4,d5)",5D,open,2,-3,2,-3,-2,,
3.397031e+05,"Ma(d1,d2,d3,d4,d5)",5D,open,2,-3,2,-3,-1,,
3.397031e+05,"Ma(d1,d2,d3,d4)",4D,open,2,-3,2,-3,0,,
3.397031e+05,"Ma(d1,d2,d3,d4,d5)",5D,open,2,-3,2,-3,1,,
3.397031e+05,"Ma(d1,d2,d3,d4,d5)",5D,open,2,-3,2,-3,2,,
3.397031e+05,"Ma(d1,d2,d3,d4,d5)",5D,open,2,-3,2,-3,3,,
3.397031e+05,"Ma(d1,d2,d3,d4,d5)",5D,open,2,-3,2,3,-3,,
3.397031e+05,"Ma(d1,d2,d3,d4,d5)",5D,open,2,-3,2,3,-2,,
3.397031e+05,"Ma(d1,d2,d3,d4,d5)",5D,open,2,-3,2,3,-1,,
3.397031e+05,"Ma(d1,d2,d3,d4)",4D,open,2,-3,2,3,0,,
3.397031e+05,"Ma(d1,d2,d3,d4,d5)",5D,open,2,-3,2,3,1,,
3.397031e+05,"Ma(d1,d2,d3,d4,d5)",5D,open,2,-3,2,3,2,,
3.397031e+05,"Ma(d1,d2,d3,d4,d5)",5D,open,2,-3,2,3,3,,
3.397031e+05,"Ma(d1,d2,d3,d4,d5)",5D,open,2,3,-2,-3,-3,,
3.397031e+05,"Ma(d1,d2,d3,d4,d5)",5D,open,2,3,-2,-3,-2,,
3.397031e+05,"Ma(d1,d2,d3,d4,d5)",5D,open,2,3,-2,-3,-1,,
3.397031e+05,"Ma(d1,d2,d3,d4)",4D,open,2,3,-2,-3,0,,
3.397031e+05,"Ma(d1,d2,d3,d4,d5)",5D,open,2,3,-2,-3,1,,
3.397031e+05,"Ma(d1,d2,d3,d4,d5)",5D,open,2,3,-2,-3,2,,
3.397031e+05,"Ma(d1,d2,d3,d4,d5)",5D,open,2,3,-2,-3,3,,
3.397031e+05,"Ma(d1,d2,d3,d4,d5)",5D,open,2,3,-2,3,-3,,
3.397031e+05,"Ma(d1,d2,d3,d4,d5)",5D,open,2,3,-2,3,-2,,
3.397031e+05,"Ma(d1,d2,d3,d4,d5)",5D,open,2,3,-2,3,-1,,
3.397031e+05,"Ma(d1,d2,d3,d4)",4D,open,2,3,-2,3,0,,
3.397031e+05,"Ma(d1,d2,d3,d4,d5)",5D,open,2,3,-2,3,1,,
3.397031e+05,"Ma(d1,d2,d3,d4,d5)",5D,open,2,3,-2,3,2,,
3.397031e+05,"Ma(d1,d2,d3,d4,d5)",5D,open,2,3,-2,3,3,,
3.397031e+05,"Ma(d1,d2,d3,d4,d5)",5D,open,2,3,2,-3,-3,,
3.397031e+05,"Ma(d1,d2,d3,d4,d5)",5D,open,2,3,2,-3,-2,,
3.397031e+05,"Ma(d1,d2,d3,d4,d5)",5D,open,2,3,2,-3,-1,,
3.397031e+05,"Ma(d1,d2,d3,d4)",4D,open,2,3,2,-3,0,,
3.397031e+05,"Ma(d1,d2,d3,d4,d5)",5D,open,2,3,2,-3,1,,
3.397031e+05,"Ma(d1,d2,d3,d4,d5)",5D,open,2,3,2,-3,2,,
3.397031e+05,"Ma(d1,d2,d3,d4,d5)",5D,open,2,3,2,-3,3,,
3.397031e+05,"Ma(d1,d2,d3,d4,d5)",5D,open,2,3,2,3,-3,,
3.397031e+05,"Ma(d1,d2,d3,d4,d5)",5D,open,2,3,2,3,-2,,
3.397031e+05,"Ma(d1,d2,d3,d4,d5)",5D,open,2,3,2,3,-1,,
3.397031e+05,"Ma(d1,d2,d3,d4)",4D,open,2,3,2,3,0,,
3.397031e+05,"Ma(d1,d2,d3,d4,d5)",5D,open,2,3,2,3,1,,
3.397031e+05,"Ma(d1,d2,d3,d4,d5)",5D,open,2,3,2,3,2,,
3.397031e+05,"Ma(d1,d2,d3,d4,d5)",5D,open,2,3,2,3,3,,
3.397031e+05,"Ma(d1,d2,d3,d5)",4D,open,-2,-3,-3,0,-3,,
3.397031e+05,"Ma(d1,d2,d3,d5)",4D,open,-2,-3,-3,0,-2,,
3.397031e+05,"Ma(d1,d2,d3,d5)",4D,open,-2,-3,-3,0,-1,,
3.397031e+05,"Ma(d1,d2,d3)",3D,open,-2,-3,-3,0,0,,
3.397031e+05,"Ma(d1,d2,d3,d5)",4D,open,-2,-3,-3,0,1,,
3.397031e+05,"Ma(d1,d2,d3,d5)",4D,open,-2,-3,-3,0,2,,
3.397031e+05,"Ma(d1,d2,d3,d5)",4D,open,-2,-3,-3,0,3,,
3.397031e+05,"Ma(d1,d2,d3,d5)",4D,open,-2,-3,3,0,-3,,
3.397031e+05,"Ma(d1,d2,d3,d5)",4D,open,-2,-3,3,0,-2,,
3.397031e+05,"Ma(d1,d2,d3,d5)",4D,open,-2,-3,3,0,-1,,
3.397031e+05,"Ma(d1,d2,d3)",3D,open,-2,-3,3,0,0,,
3.397031e+05,"Ma(d1,d2,d3,d5)",4D,open,-2,-3,3,0,1,,
3.397031e+05,"Ma(d1,d2,d3,d5)",4D,open,-2,-3,3,0,2,,
3.397031e+05,"Ma(d1,d2,d3,d5)",4D,open,-2,-3,3,0,3,,
3.397031e+05,"Ma(d1,d2,d3,d5)",4D,open,-2,3,-3,0,-3,,
3.397031e+05,"Ma(d1,d2,d3,d5)",4D,open,-2,3,-3,0,-2,,
3.397031e+05,"Ma(d1,d2,d3,d5)",4D,open,-2,3,-3,0,-1,,
3.397031e+05,"Ma(d1,d2,d3)",3D,open,-2,3,-3,0,0,,
3.397031e+05,"Ma(d1,d2,d3,d5)",4D,open,-2,3,-3,0,1,,
3.397031e+05,"Ma(d1,d2,d3,d5)",4D,open,-2,3,-3,0,2,,
3.397031e+05,"Ma(d1,d2,d3,d5)",4D,open,-2,3,-3,0,3,,
3.397031e+05,"Ma(d1,d2,d3,d5)",4D,open,-2,3,3,0,-3,,
3.397031e+05,"Ma(d1,d2,d3,d5)",4D,open,-2,3,3,0,-2,,
3.397031e+05,"Ma(d1,d2,d3,d5)",4D,open,-2,3,3,0,-1,,
3.397031e+05,"Ma(d1,d2,d3)",3D,open,-2,3,3,0,0,,
3.397031e+05,"Ma(d1,d2,d3,d5)",4D,open,-2,3,3,0,1,,
3.397031e+05,"Ma(d1,d2,d3,d5)",4D,open,-2,3,3,0,2,,
3.397031e+05,"Ma(d1,d2,d3,d5)",4D,open,-2,3,3,0,3,,
3.397031e+05,"Ma(d1,d2,d3,d5)",4D,open,2,-3,-3,0,-3,,
3.397031e+05,"Ma(d1,d2,d3,d5)",4D,open,2,-3,-3,0,-2,,
3.397031e+05,"Ma(d1,d2,d3,d5)",4D,open,2,-3,-3,0,-1,,
3.397031e+05,"Ma(d1,d2,d3)",3D,open,2,-3,-3,0,0,,
3.397031e+05,"Ma(d1,d2,d3,d5)",4D,open,2,-3,-3,0,1,,
3.397031e+05,"Ma(d1,d2,d3,d5)",4D,open,2,-3,-3,0,2,,
3.397031e+05,"Ma(d1,d2,d3,d5)",4D,open,2,-3,-3,0,3,,
3.397031e+05,"Ma(d1,d2,d3,d5)",4D,open,2,-3,3,0,-3,,
3.397031e+05,"Ma(d1,d2,d3,d5)",4D,open,2,-3,3,0,-2,,
3.397031e+05,"Ma(d1,d2,d3,d5)",4D,open,2,-3,3,0,-1,,
3.397031e+05,"Ma(d1,d2,d3)",3D,open,2,-3,3,0,0,,
3.397031e+05,"Ma(d1,d2,d3,d5)",4D,open,2,-3,3,0,1,,
3.397031e+05,"Ma(d1,d2,d3,d5)",4D,open,2,-3,3,0,2,,
3.397031e+05,"Ma(d1,d2,d3,d5)",4D,open,2,-3,3,0,3,,
3.397031e+05,"Ma(d1,d2,d3,d5)",4D,open,2,3,-3,0,-3,,
3.397031e+05,"Ma(d1,d2,d3,d5)",4D,open,2,3,-3,0,-2,,
3.397031e+05,"Ma(d1,d2,d3,d5)",4D,open,2,3,-3,0,-1,,
3.397031e+05,"Ma(d1,d2,d3)",3D,open,2,3,-3,0,0,,
3.397031e+05,"Ma(d1,d2,d3,d5)",4D,open,2,3,-3,0,1,,
3.397031e+05,"Ma(d1,d2,d3,d5)",4D,open,2,3,-3,0,2,,
3.397031e+05,"Ma(d1,d2,d3,d5)",4D,open,2,3,-3,0,3,,
3.397031e+05,"Ma(d1,d2,d3,d5)",4D,open,2,3,3,0,-3,,
3.397031e+05,"Ma(d1,d2,d3,d5)",4D,open,2,3,3,0,-2,,
3.397031e+05,"Ma(d1,d2,d3,d5)",4D,open,2,3,3,0,-1,,
3.397031e+05,"Ma(d1,d2,d3)",3D,open,2,3,3,0,0,,
3.397031e+05,"Ma(d1,d2,d3,d5)",4D,open,2,3,3,0,1,,
3.397031e+05,"Ma(d1,d2,d3,d5)",4D,open,2,3,3,0,2,,
3.397031e+05,"Ma(d1,d2,d3,d5)",4D,open,2,3,3,0,3,,
3.397031e+05,"Ma(d1,d2,d3,d4,d5)",5D,open,-2,-3,-3,-1,-3,,
3.397031e+05,"Ma(d1,d2,d3,d4,d5)",5D,open,-2,-3,-3,-1,-2,,
3.397031e+05,"Ma(d1,d2,d3,d4,d5)",5D,open,-2,-3,-3,-1,-1,,
3.397031e+05,"Ma(d1,d2,d3,d4)",4D,open,-2,-3,-3,-1,0,,
3.397031e+05,"Ma(d1,d2,d3,d4,d5)",5D,open,-2,-3,-3,-1,1,,
3.397031e+05,"Ma(d1,d2,d3,d4,d5)",5D,open,-2,-3,-3,-1,2,,
3.397031e+05,"Ma(d1,d2,d3,d4,d5)",5D,open,-2,-3,-3,-1,3,,
3.397031e+05,"Ma(d1,d2,d3,d4,d5)",5D,open,-2,-3,-3,1,-3,,
3.397031e+05,"Ma(d1,d2,d3,d4,d5)",5D,open,-2,-3,-3,1,-2,,
3.397031e+05,"Ma(d1,d2,d3,d4,d5)",5D,open,-2,-3,-3,1,-1,,
3.397031e+05,"Ma(d1,d2,d3,d4)",4D,open,-2,-3,-3,1,0,,
3.397031e+05,"Ma(d1,d2,d3,d4,d5)",5D,open,-2,-3,-3,1,1,,
3.397031e+05,"Ma(d1,d2,d3,d4,d5)",5D,open,-2,-3,-3,1,2,,
3.397031e+05,"Ma(d1,d2,d3,d4,d5)",5D,open,-2,-3,-3,1,3,,
3.397031e+05,"Ma(d1,d2,d3,d4,d5)",5D,open,-2,-3,3,-1,-3,,
3.397031e+05,"Ma(d1,d2,d3,d4,d5)",5D,open,-2,-3,3,-1,-2,,
3.397031e+05,"Ma(d1,d2,d3,d4,d5)",5D,open,-2,-3,3,-1,-1,,
3.397031e+05,"Ma(d1,d2,d3,d4)",4D,open,-2,-3,3,-1,0,,
3.397031e+05,"Ma(d1,d2,d3,d4,d5)",5D,open,-2,-3,3,-1,1,,
3.397031e+05,"Ma(d1,d2,d3,d4,d5)",5D,open,-2,-3,3,-1,2,,
3.397031e+05,"Ma(d1,d2,d3,d4,d5)",5D,open,-2,-3,3,-1,3,,
3.397031e+05,"Ma(d1,d2,d3,d4,d5)",5D,open,-2,-3,3,1,-3,,
3.397031e+05,"Ma(d1,d2,d3,d4,d5)",5D,open,-2,-3,3,1,-2,,
3.397031e+05,"Ma(d1,d2,d3,d4,d5)",5D,open,-2,-3,3,1,-1,,
3.397031e+05,"Ma(d1,d2,d3,d4)",4D,open,-2,-3,3,1,0,,
3.397031e+05,"Ma(d1,d2,d3,d4,d5)",5D,open,-2,-3,3,1,1,,
3.397031e+05,"Ma(d1,d2,d3,d4,d5)",5D,open,-2,-3,3,1,2,,
3.397031e+05,"Ma(d1,d2,d3,d4,d5)",5D,open,-2,-3,3,1,3,,
3.397031e+05,"Ma(d1,d2,d3,d4,d5)",5D,open,-2,3,-3,-1,-3,,
3.397031e+05,"Ma(d1,d2,d3,d4,d5)",5D,open,-2,3,-3,-1,-2,,
3.397031e+05,"Ma(d1,d2,d3,d4,d5)",5D,open,-2,3,-3,-1,-1,,
3.397031e+05,"Ma(d1,d2,d3,d4)",4D,open,-2,3,-3,-1,0,,
3.397031e+05,"Ma(d1,d2,d3,d4,d5)",5D,open,-2,3,-3,-1,1,,
3.397031e+05,"Ma(d1,d2,d3,d4,d5)",5D,open,-2,3,-3,-1,2,,
3.397031e+05,"Ma(d1,d2,d3,d4,d5)",5D,open,-2,3,-3,-1,3,,
3.397031e+05,"Ma(d1,d2,d3,d4,d5)",5D,open,-2,3,-3,1,-3,,
3.397031e+05,"Ma(d1,d2,d3,d4,d5)",5D,open,-2,3,-3,1,-2,,
3.397031e+05,"Ma(d1,d2,d3,d4,d5)",5D,open,-2,3,-3,1,-1,,
3.397031e+05,"Ma(d1,d2,d3,d4)",4D,open,-2,3,-3,1,0,,
3.397031e+05,"Ma(d1,d2,d3,d4,d5)",5D,open,-2,3,-3,1,1,,
3.397031e+05,"Ma(d1,d2,d3,d4,d5)",5D,open,-2,3,-3,1,2,,
3.397031e+05,"Ma(d1,d2,d3,d4,d5)",5D,open,-2,3,-3,1,3,,
3.397031e+05,"Ma(d1,d2,d3,d4,d5)",5D,open,-2,3,3,-1,-3,,
3.397031e+05,"Ma(d1,d2,d3,d4,d5)",5D,open,-2,3,3,-1,-2,,
3.397031e+05,"Ma(d1,d2,d3,d4,d5)",5D,open,-2,3,3,-1,-1,,
3.397031e+05,"Ma(d1,d2,d3,d4)",4D,open,-2,3,3,-1,0,,
3.397031e+05,"Ma(d1,d2,d3,d4,d5)",5D,open,-2,3,3,-1,1,,
3.397031e+05,"Ma(d1,d2,d3,d4,d5)",5D,open,-2,3,3,-1,2,,
3.397031e+05,"Ma(d1,d2,d3,d4,d5)",5D,open,-2,3,3,-1,3,,
3.397031e+05,"Ma(d1,d2,d3,d4,d5)",5D,open,-2,3,3,1,-3,,
3.397031e+05,"Ma(d1,d2,d3,d4,d5)",5D,open,-2,3,3,1,-2,,
3.397031e+05,"Ma(d1,d2,d3,d4,d5)",5D,open,-2,3,3,1,-1,,
3.397031e+05,"Ma(d1,d2,d3,d4)",4D,open,-2,3,3,1,0,,
3.397031e+05,"Ma(d1,d2,d3,d4,d5)",5D,open,-2,3,3,1,1,,
3.397031e+05,"Ma(d1,d2,d3,d4,d5)",5D,open,-2,3,3,1,2,,
3.397031e+05,"Ma(d1,d2,d3,d4,d5)",5D,open,-2,3,3,1,3,,
3.397031e+05,"Ma(d1,d2,d3,d4,d5)",5D,open,2,-3,-3,-1,-3,,
3.397031e+05,"Ma(d1,d2,d3,d4,d5)",5D,open,2,-3,-3,-1,-2,,
3.397031e+05,"Ma(d1,d2,d3,d4,d5)",5D,open,2,-3,-3,-1,-1,,
3.397031e+05,"Ma(d1,d2,d3,d4)",4D,open,2,-3,-3,-1,0,,
3.397031e+05,"Ma(d1,d2,d3,d4,d5)",5D,open,2,-3,-3,-1,1,,
3.397031e+05,"Ma(d1,d2,d3,d4,d5)",5D,open,2,-3,-3,-1,2,,
3.397031e+05,"Ma(d1,d2,d3,d4,d5)",5D,open,2,-3,-3,-1,3,,
3.397031e+05,"Ma(d1,d2,d3,d4,d5)",5D,open,2,-3,-3,1,-3,,
3.397031e+05,"Ma(d1,d2,d3,d4,d5)",5D,open,2,-3,-3,1,-2,,
3.397031e+05,"Ma(d1,d2,d3,d4,d5)",5D,open,2,-3,-3,1,-1,,
3.397031e+05,"Ma(d1,d2,d3,d4)",4D,open,2,-3,-3,1,0,,
3.397031e+05,"Ma(d1,d2,d3,d4,d5)",5D,open,2,-3,-3,1,1,,
3.397031e+05,"Ma(d1,d2,d3,d4,d5)",5D,open,2,-3,-3,1,2,,
3.397031e+05,"Ma(d1,d2,d3,d4,d5)",5D,open,2,-3,-3,1,3,,
3.397031e+05,"Ma(d1,d2,d3,d4,d5)",5D,open,2,-3,3,-1,-3,,
3.397031e+05,"Ma(d1,d2,d3,d4,d5)",5D,open,2,-3,3,-1,-2,,
3.397031e+05,"Ma(d1,d2,d3,d4,d5)",5D,open,2,-3,3,-1,-1,,
3.397031e+05,"Ma(d1,d2,d3,d4)",4D,open,2,-3,3,-1,0,,
3.397031e+05,"Ma(d1,d2,d3,d4,d5)",5D,open,2,-3,3,-1,1,,
3.397031e+05,"Ma(d1,d2,d3,d4,d5)",5D,open,2,-3,3,-1,2,,
3.397031e+05,"Ma(d1,d2,d3,d4,d5)",5D,open,2,-3,3,-1,3,,
3.397031e+05,"Ma(d1,d2,d3,d4,d5)",5D,open,2,-3,3,1,-3,,
3.397031e+05,"Ma(d1,d2,d3,d4,d5)",5D,open,2,-3,3,1,-2,,
3.397031e+05,"Ma(d1,d2,d3,d4,d5)",5D,open,2,-3,3,1,-1,,
3.397031e+05,"Ma(d1,d2,d3,d4)",4D,open,2,-3,3,1,0,,
3.397031e+05,"Ma(d1,d2,d3,d4,d5)",5D,open,2,-3,3,1,1,,
3.397031e+05,"Ma(d1,d2,d3,d4,d5)",5D,open,2,-3,3,1,2,,
3.397031e+05,"Ma(d1,d2,d3,d4,d5)",5D,open,2,-3,3,1,3,,
3.397031e+05,"Ma(d1,d2,d3,d4,d5)",5D,open,2,3,-3,-1,-3,,
3.397031e+05,"Ma(d1,d2,d3,d4,d5)",5D,open,2,3,-3,-1,-2,,
3.397031e+05,"Ma(d1,d2,d3,d4,d5)",5D,open,2,3,-3,-1,-1,,
3.397031e+05,"Ma(d1,d2,d3,d4)",4D,open,2,3,-3,-1,0,,
3.397031e+05,"Ma(d1,d2,d3,d4,d5)",5D,open,2,3,-3,-1,1,,
3.397031e+05,"Ma(d1,d2,d3,d4,d5)",5D,open,2,3,-3,-1,2,,
3.397031e+05,"Ma(d1,d2,d3,d4,d5)",5D,open,2,3,-3,-1,3,,
3.397031e+05,"Ma(d1,d2,d3,d4,d5)",5D,open,2,3,-3,1,-3,,
3.397031e+05,"Ma(d1,d2,d3,d4,d5)",5D,open,2,3,-3,1,-2,,
3.397031e+05,"Ma(d1,d2,d3,d4,d5)",5D,open,2,3,-3,1,-1,,
3.397031e+05,"Ma(d1,d2,d3,d4)",4D,open,2,3,-3,1,0,,
3.397031e+05,"Ma(d1,d2,d3,d4,d5)",5D,open,2,3,-3,1,1,,
3.397031e+05,"Ma(d1,d2,d3,d4,d5)",5D,open,2,3,-3,1,2,,
3.397031e+05,"Ma(d1,d2,d3,d4,d5)",5D,open,2,3,-3,1,3,,
3.397031e+05,"Ma(d1,d2,d3,d4,d5)",5D,open,2,3,3,-1,-3,,
3.397031e+05,"Ma(d1,d2,d3,d4,d5)",5D,open,2,3,3,-1,-2,,
3.397031e+05,"Ma(d1,d2,d3,d4,d5)",5D,open,2,3,3,-1,-1,,
3.397031e+05,"Ma(d1,d2,d3,d4)",4D,open,2,3,3,-1,0,,
3.397031e+05,"Ma(d1,d2,d3,d4,d5)",5D,open,2,3,3,-1,1,,
3.397031e+05,"Ma(d1,d2,d3,d4,d5)",5D,open,2,3,3,-1,2,,
3.397031e+05,"Ma(d1,d2,d3,d4,d5)",5D,open,2,3,3,-1,3,,
3.397031e+05,"Ma(d1,d2,d3,d4,d5)",5D,open,2,3,3,1,-3,,
3.397031e+05,"Ma(d1,d2,d3,d4,d5)",5D,open,2,3,3,1,-2,,
3.397031e+05,"Ma(d1,d2,d3,d4,d5)",5D,open,2,3,3,1,-1,,
3.397031e+05,"Ma(d1,d2,d3,d4)",4D,open,2,3,3,1,0,,
3.397031e+05,"Ma(d1,d2,d3,d4,d5)",5D,open,2,3,3,1,1,,
3.397031e+05,"Ma(d1,d2,d3,d4,d5)",5D,open,2,3,3,1,2,,
3.397031e+05,"Ma(d1,d2,d3,d4,d5)",5D,open,2,3,3,1,3,,
3.397031e+05,"Ma(d1,d2,d3,d4,d5)",5D,open,-2,-3,-3,-2,-3,,
3.397031e+05,"Ma(d1,d2,d3,d4,d5)",5D,open,-2,-3,-3,-2,-2,,
3.397031e+05,"Ma(d1,d2,d3,d4,d5)",5D,open,-2,-3,-3,-2,-1,,
3.397031e+05,"Ma(d1,d2,d3,d4)",4D,open,-2,-3,-3,-2,0,,
3.397031e+05,"Ma(d1,d2,d3,d4,d5)",5D,open,-2,-3,-3,-2,1,,
3.397031e+05,"Ma(d1,d2,d3,d4,d5)",5D,open,-2,-3,-3,-2,2,,
3.397031e+05,"Ma(d1,d2,d3,d4,d5)",5D,open,-2,-3,-3,-2,3,,
3.397031e+05,"Ma(d1,d2,d3,d4,d5)",5D,open,-2,-3,-3,2,-3,,
3.397031e+05,"Ma(d1,d2,d3,d4,d5)",5D,open,-2,-3,-3,2,-2,,
3.397031e+05,"Ma(d1,d2,d3,d4,d5)",5D,open,-2,-3,-3,2,-1,,
3.397031e+05,"Ma(d1,d2,d3,d4)",4D,open,-2,-3,-3,2,0,,
3.397031e+05,"Ma(d1,d2,d3,d4,d5)",5D,open,-2,-3,-3,2,1,,
3.397031e+05,"Ma(d1,d2,d3,d4,d5)",5D,open,-2,-3,-3,2,2,,
3.397031e+05,"Ma(d1,d2,d3,d4,d5)",5D,open,-2,-3,-3,2,3,,
3.397031e+05,"Ma(d1,d2,d3,d4,d5)",5D,open,-2,-3,3,-2,-3,,
3.397031e+05,"Ma(d1,d2,d3,d4,d5)",5D,open,-2,-3,3,-2,-2,,
3.397031e+05,"Ma(d1,d2,d3,d4,d5)",5D,open,-2,-3,3,-2,-1,,
3.397031e+05,"Ma(d1,d2,d3,d4)",4D,open,-2,-3,3,-2,0,,
3.397031e+05,"Ma(d1,d2,d3,d4,d5)",5D,open,-2,-3,3,-2,1,,
3.397031e+05,"Ma(d1,d2,d3,d4,d5)",5D,open,-2,-3,3,-2,2,,
3.397031e+05,"Ma(d1,d2,d3,d4,d5)",5D,open,-2,-3,3,-2,3,,
3.397031e+05,"Ma(d1,d2,d3,d4,d5)",5D,open,-2,-3,3,2,-3,,
3.397031e+05,"Ma(d1,d2,d3,d4,d5)",5D,open,-2,-3,3,2,-2,,
3.397031e+05,"Ma(d1,d2,d3,d4,d5)",5D,open,-2,-3,3,2,-1,,
3.397031e+05,"Ma(d1,d2,d3,d4)",4D,open,-2,-3,3,2,0,,
3.397031e+05,"Ma(d1,d2,d3,d4,d5)",5D,open,-2,-3,3,2,1,,
3.397031e+05,"Ma(d1,d2,d3,d4,d5)",5D,open,-2,-3,3,2,2,,
3.397031e+05,"Ma(d1,d2,d3,d4,d5)",5D,open,-2,-3,3,2,3,,
3.397031e+05,"Ma(d1,d2,d3,d4,d5)",5D,open,-2,3,-3,-2,-3,,
3.397031e+05,"Ma(d1,d2,d3,d4,d5)",5D,open,-2,3,-3,-2,-2,,
3.397031e+05,"Ma(d1,d2,d3,d4,d5)",5D,open,-2,3,-3,-2,-1,,
3.397031e+05,"Ma(d1,d2,d3,d4)",4D,open,-2,3,-3,-2,0,,
3.397031e+05,"Ma(d1,d2,d3,d4,d5)",5D,open,-2,3,-3,-2,1,,
3.397031e+05,"Ma(d1,d2,d3,d4,d5)",5D,open,-2,3,-3,-2,2,,
3.397031e+05,"Ma(d1,d2,d3,d4,d5)",5D,open,-2,3,-3,-2,3,,
3.397031e+05,"Ma(d1,d2,d3,d4,d5)",5D,open,-2,3,-3,2,-3,,
3.397031e+05,"Ma(d1,d2,d3,d4,d5)",5D,open,-2,3,-3,2,-2,,
3.397031e+05,"Ma(d1,d2,d3,d4,d5)",5D,open,-2,3,-3,2,-1,,
3.397031e+05,"Ma(d1,d2,d3,d4)",4D,open,-2,3,-3,2,0,,
3.397031e+05,"Ma(d1,d2,d3,d4,d5)",5D,open,-2,3,-3,2,1,,
3.397031e+05,"Ma(d1,d2,d3,d4,d5)",5D,open,-2,3,-3,2,2,,
3.397031e+05,"Ma(d1,d2,d3,d4,d5)",5D,open,-2,3,-3,2,3,,
3.397031e+05,"Ma(d1,d2,d3,d4,d5)",5D,open,-2,3,3,-2,-3,,
3.397031e+05,"Ma(d1,d2,d3,d4,d5)",5D,open,-2,3,3,-2,-2,,
3.397031e+05,"Ma(d1,d2,d3,d4,d5)",5D,open,-2,3,3,-2,-1,,
3.397031e+05,"Ma(d1,d2,d3,d4)",4D,open,-2,3,3,-2,0,,
3.397031e+05,"Ma(d1,d2,d3,d4,d5)",5D,open,-2,3,3,-2,1,,
3.397031e+05,"Ma(d1,d2,d3,d4,d5)",5D,open,-2,3,3,-2,2,,
3.397031e+05,"Ma(d1,d2,d3,d4,d5)",5D,open,-2,3,3,-2,3,,
3.397031e+05,"Ma(d1,d2,d3,d4,d5)",5D,open,-2,3,3,2,-3,,
3.397031e+05,"Ma(d1,d2,d3,d4,d5)",5D,open,-2,3,3,2,-2,,
3.397031e+05,"Ma(d1,d2,d3,d4,d5)",5D,open,-2,3,3,2,-1,,
3.397031e+05,"Ma(d1,d2,d3,d4)",4D,open,-2,3,3,2,0,,
3.397031e+05,"Ma(d1,d2,d3,d4,d5)",5D,open,-2,3,3,2,1,,
3.397031e+05,"Ma(d1,d2,d3,d4,d5)",5D,open,-2,3,3,2,2,,
3.397031e+05,"Ma(d1,d2,d3,d4,d5)",5D,open,-2,3,3,2,3,,
3.397031e+05,"Ma(d1,d2,d3,d4,d5)",5D,open,2,-3,-3,-2,-3,,
3.397031e+05,"Ma(d1,d2,d3,d4,d5)",5D,open,2,-3,-3,-2,-2,,
3.397031e+05,"Ma(d1,d2,d3,d4,d5)",5D,open,2,-3,-3,-2,-1,,
3.397031e+05,"Ma(d1,d2,d3,d4)",4D,open,2,-3,-3,-2,0,,
3.397031e+05,"Ma(d1,d2,d3,d4,d5)",5D,open,2,-3,-3,-2,1,,
3.397031e+05,"Ma(d1,d2,d3,d4,d5)",5D,open,2,-3,-3,-2,2,,
3.397031e+05,"Ma(d1,d2,d3,d4,d5)",5D,open,2,-3,-3,-2,3,,
3.397031e+05,"Ma(d1,d2,d3,d4,d5)",5D,open,2,-3,-3,2,-3,,
3.397031e+05,"Ma(d1,d2,d3,d4,d5)",5D,open,2,-3,-3,2,-2,,
3.397031e+05,"Ma(d1,d2,d3,d4,d5)",5D,open,2,-3,-3,2,-1,,
3.397031e+05,"Ma(d1,d2,d3,d4)",4D,open,2,-3,-3,2,0,,
3.397031e+05,"Ma(d1,d2,d3,d4,d5)",5D,open,2,-3,-3,2,1,,
3.397031e+05,"Ma(d1,d2,d3,d4,d5)",5D,open,2,-3,-3,2,2,,
3.397031e+05,"Ma(d1,d2,d3,d4,d5)",5D,open,2,-3,-3,2,3,,
3.397031e+05,"Ma(d1,d2,d3,d4,d5)",5D,open,2,-3,3,-2,-3,,
3.397031e+05,"Ma(d1,d2,d3,d4,d5)",5D,open,2,-3,3,-2,-2,,
3.397031e+05,"Ma(d1,d2,d3,d4,d5)",5D,open,2,-3,3,-2,-1,,
3.397031e+05,"Ma(d1,d2,d3,d4)",4D,open,2,-3,3,-2,0,,
3.397031e+05,"Ma(d1,d2,d3,d4,d5)",5D,open,2,-3,3,-2,1,,
3.397031e+05,"Ma(d1,d2,d3,d4,d5)",5D,open,2,-3,3,-2,2,,
3.397031e+05,"Ma(d1,d2,d3,d4,d5)",5D,open,2,-3,3,-2,3,,
3.397031e+05,"Ma(d1,d2,d3,d4,d5)",5D,open,2,-3,3,2,-3,,
3.397031e+05,"Ma(d1,d2,d3,d4,d5)",5D,open,2,-3,3,2,-2,,
3.397031e+05,"Ma(d1,d2,d3,d4,d5)",5D,open,2,-3,3,2,-1,,
3.397031e+05,"Ma(d1,d2,d3,d4)",4D,open,2,-3,3,2,0,,
3.397031e+05,"Ma(d1,d2,d3,d4,d5)",5D,open,2,-3,3,2,1,,
3.397031e+05,"Ma(d1,d2,d3,d4,d5)",5D,open,2,-3,3,2,2,,
3.397031e+05,"Ma(d1,d2,d3,d4,d5)",5D,open,2,-3,3,2,3,,
3.397031e+05,"Ma(d1,d2,d3,d4,d5)",5D,open,2,3,-3,-2,-3,,
3.397031e+05,"Ma(d1,d2,d3,d4,d5)",5D,open,2,3,-3,-2,-2,,
3.397031e+05,"Ma(d1,d2,d3,d4,d5)",5D,open,2,3,-3,-2,-1,,
3.397031e+05,"Ma(d1,d2,d3,d4)",4D,open,2,3,-3,-2,0,,
3.397031e+05,"Ma(d1,d2,d3,d4,d5)",5D,open,2,3,-3,-2,1,,
3.397031e+05,"Ma(d1,d2,d3,d4,d5)",5D,open,2,3,-3,-2,2,,
3.397031e+05,"Ma(d1,d2,d3,d4,d5)",5D,open,2,3,-3,-2,3,,
3.397031e+05,"Ma(d1,d2,d3,d4,d5)",5D,open,2,3,-3,2,-3,,
3.397031e+05,"Ma(d1,d2,d3,d4,d5)",5D,open,2,3,-3,2,-2,,
3.397031e+05,"Ma(d1,d2,d3,d4,d5)",5D,open,2,3,-3,2,-1,,
3.397031e+05,"Ma(d1,d2,d3,d4)",4D,open,2,3,-3,2,0,,
3.397031e+05,"Ma(d1,d2,d3,d4,d5)",5D,open,2,3,-3,2,1,,
3.397031e+05,"Ma(d1,d2,d3,d4,d5)",5D,open,2,3,-3,2,2,,
3.397031e+05,"Ma(d1,d2,d3,d4,d5)",5D,open,2,3,-3,2,3,,
3.397031e+05,"Ma(d1,d2,d3,d4,d5)",5D,open,2,3,3,-2,-3,,
3.397031e+05,"Ma(d1,d2,d3,d4,d5)",5D,open,2,3,3,-2,-2,,
3.397031e+05,"Ma(d1,d2,d3,d4,d5)",5D,open,2,3,3,-2,-1,,
3.397031e+05,"Ma(d1,d2,d3,d4)",4D,open,2,3,3,-2,0,,
3.397031e+05,"Ma(d1,d2,d3,d4,d5)",5D,open,2,3,3,-2,1,,
3.397031e+05,"Ma(d1,d2,d3,d4,d5)",5D,open,2,3,3,-2,2,,
3.397031e+05,"Ma(d1,d2,d3,d4,d5)",5D,open,2,3,3,-2,3,,
3.397031e+05,"Ma(d1,d2,d3,d4,d5)",5D,open,2,3,3,2,-3,,
3.397031e+05,"Ma(d1,d2,d3,d4,d5)",5D,open,2,3,3,2,-2,,
3.397031e+05,"Ma(d1,d2,d3,d4,d5)",5D,open,2,3,3,2,-1,,
3.397031e+05,"Ma(d1,d2,d3,d4)",4D,open,2,3,3,2,0,,
3.397031e+05,"Ma(d1,d2,d3,d4,d5)",5D,open,2,3,3,2,1,,
3.397031e+05,"Ma(d1,d2,d3,d4,d5)",5D,open,2,3,3,2,2,,
3.397031e+05,"Ma(d1,d2,d3,d4,d5)",5D,open,2,3,3,2,3,,
3.397031e+05,"Ma(d1,d2,d3,d4,d5)",5D,open,-2,-3,-3,-3,-3,,
3.397031e+05,"Ma(d1,d2,d3,d4,d5)",5D,open,-2,-3,-3,-3,-2,,
3.397031e+05,"Ma(d1,d2,d3,d4,d5)",5D,open,-2,-3,-3,-3,-1,,
3.397031e+05,"Ma(d1,d2,d3,d4)",4D,open,-2,-3,-3,-3,0,,
3.397031e+05,"Ma(d1,d2,d3,d4,d5)",5D,open,-2,-3,-3,-3,1,,
3.397031e+05,"Ma(d1,d2,d3,d4,d5)",5D,open,-2,-3,-3,-3,2,,
3.397031e+05,"Ma(d1,d2,d3,d4,d5)",5D,open,-2,-3,-3,-3,3,,
3.397031e+05,"Ma(d1,d2,d3,d4,d5)",5D,open,-2,-3,-3,3,-3,,
3.397031e+05,"Ma(d1,d2,d3,d4,d5)",5D,open,-2,-3,-3,3,-2,,
3.397031e+05,"Ma(d1,d2,d3,d4,d5)",5D,open,-2,-3,-3,3,-1,,
3.397031e+05,"Ma(d1,d2,d3,d4)",4D,open,-2,-3,-3,3,0,,
3.397031e+05,"Ma(d1,d2,d3,d4,d5)",5D,open,-2,-3,-3,3,1,,
3.397031e+05,"Ma(d1,d2,d3,d4,d5)",5D,open,-2,-3,-3,3,2,,
3.397031e+05,"Ma(d1,d2,d3,d4,d5)",5D,open,-2,-3,-3,3,3,,
3.397031e+05,"Ma(d1,d2,d3,d4,d5)",5D,open,-2,-3,3,-3,-3,,
3.397031e+05,"Ma(d1,d2,d3,d4,d5)",5D,open,-2,-3,3,-3,-2,,
3.397031e+05,"Ma(d1,d2,d3,d4,d5)",5D,open,-2,-3,3,-3,-1,,
3.397031e+05,"Ma(d1,d2,d3,d4)",4D,open,-2,-3,3,-3,0,,
3.397031e+05,"Ma(d1,d2,d3,d4,d5)",5D,open,-2,-3,3,-3,1,,
3.397031e+05,"Ma(d1,d2,d3,d4,d5)",5D,open,-2,-3,3,-3,2,,
3.397031e+05,"Ma(d1,d2,d3,d4,d5)",5D,open,-2,-3,3,-3,3,,
3.397031e+05,"Ma(d1,d2,d3,d4,d5)",5D,open,-2,-3,3,3,-3,,
3.397031e+05,"Ma(d1,d2,d3,d4,d5)",5D,open,-2,-3,3,3,-2,,
3.397031e+05,"Ma(d1,d2,d3,d4,d5)",5D,open,-2,-3,3,3,-1,,
3.397031e+05,"Ma(d1,d2,d3,d4)",4D,open,-2,-3,3,3,0,,
3.397031e+05,"Ma(d1,d2,d3,d4,d5)",5D,open,-2,-3,3,3,1,,
3.397031e+05,"Ma(d1,d2,d3,d4,d5)",5D,open,-2,-3,3,3,2,,
3.397031e+05,"Ma(d1,d2,d3,d4,d5)",5D,open,-2,-3,3,3,3,,
3.397031e+05,"Ma(d1,d2,d3,d4,d5)",5D,open,-2,3,-3,-3,-3,,
3.397031e+05,"Ma(d1,d2,d3,d4,d5)",5D,open,-2,3,-3,-3,-2,,
3.397031e+05,"Ma(d1,d2,d3,d4,d5)",5D,open,-2,3,-3,-3,-1,,
3.397031e+05,"Ma(d1,d2,d3,d4)",4D,open,-2,3,-3,-3,0,,
3.397031e+05,"Ma(d1,d2,d3,d4,d5)",5D,open,-2,3,-3,-3,1,,
3.397031e+05,"Ma(d1,d2,d3,d4,d5)",5D,open,-2,3,-3,-3,2,,
3.397031e+05,"Ma(d1,d2,d3,d4,d5)",5D,open,-2,3,-3,-3,3,,
3.397031e+05,"Ma(d1,d2,d3,d4,d5)",5D,open,-2,3,-3,3,-3,,
3.397031e+05,"Ma(d1,d2,d3,d4,d5)",5D,open,-2,3,-3,3,-2,,
3.397031e+05,"Ma(d1,d2,d3,d4,d5)",5D,open,-2,3,-3,3,-1,,
3.397031e+05,"Ma(d1,d2,d3,d4)",4D,open,-2,3,-3,3,0,,
3.397031e+05,"Ma(d1,d2,d3,d4,d5)",5D,open,-2,3,-3,3,1,,
3.397031e+05,"Ma(d1,d2,d3,d4,d5)",5D,open,-2,3,-3,3,2,,
3.397031e+05,"Ma(d1,d2,d3,d4,d5)",5D,open,-2,3,-3,3,3,,
3.397031e+05,"Ma(d1,d2,d3,d4,d5)",5D,open,-2,3,3,-3,-3,,
3.397031e+05,"Ma(d1,d2,d3,d4,d5)",5D,open,-2,3,3,-3,-2,,
3.397031e+05,"Ma(d1,d2,d3,d4,d5)",5D,open,-2,3,3,-3,-1,,
3.397031e+05,"Ma(d1,d2,d3,d4)",4D,open,-2,3,3,-3,0,,
3.397031e+05,"Ma(d1,d2,d3,d4,d5)",5D,open,-2,3,3,-3,1,,
3.397031e+05,"Ma(d1,d2,d3,d4,d5)",5D,open,-2,3,3,-3,2,,
3.397031e+05,"Ma(d1,d2,d3,d4,d5)",5D,open,-2,3,3,-3,3,,
3.397031e+05,"Ma(d1,d2,d3,d4,d5)",5D,open,-2,3,3,3,-3,,
3.397031e+05,"Ma(d1,d2,d3,d4,d5)",5D,open,-2,3,3,3,-2,,
3.397031e+05,"Ma(d1,d2,d3,d4,d5)",5D,open,-2,3,3,3,-1,,
3.397031e+05,"Ma(d1,d2,d3,d4)",4D,open,-2,3,3,3,0,,
3.397031e+05,"Ma(d1,d2,d3,d4,d5)",5D,open,-2,3,3,3,1,,
3.397031e+05,"Ma(d1,d2,d3,d4,d5)",5D,open,-2,3,3,3,2,,
3.397031e+05,"Ma(d1,d2,d3,d4,d5)",5D,open,-2,3,3,3,3,,
3.397031e+05,"Ma(d1,d2,d3,d4,d5)",5D,open,2,-3,-3,-3,-3,,
3.397031e+05,"Ma(d1,d2,d3,d4,d5)",5D,open,2,-3,-3,-3,-2,,
3.397031e+05,"Ma(d1,d2,d3,d4,d5)",5D,open,2,-3,-3,-3,-1,,
3.397031e+05,"Ma(d1,d2,d3,d4)",4D,open,2,-3,-3,-3,0,,
3.397031e+05,"Ma(d1,d2,d3,d4,d5)",5D,open,2,-3,-3,-3,1,,
3.397031e+05,"Ma(d1,d2,d3,d4,d5)",5D,open,2,-3,-3,-3,2,,
3.397031e+05,"Ma(d1,d2,d3,d4,d5)",5D,open,2,-3,-3,-3,3,,
3.397031e+05,"Ma(d1,d2,d3,d4,d5)",5D,open,2,-3,-3,3,-3,,
3.397031e+05,"Ma(d1,d2,d3,d4,d5)",5D,open,2,-3,-3,3,-2,,
3.397031e+05,"Ma(d1,d2,d3,d4,d5)",5D,open,2,-3,-3,3,-1,,
3.397031e+05,"Ma(d1,d2,d3,d4)",4D,open,2,-3,-3,3,0,,
3.397031e+05,"Ma(d1,d2,d3,d4,d5)",5D,open,2,-3,-3,3,1,,
3.397031e+05,"Ma(d1,d2,d3,d4,d5)",5D,open,2,-3,-3,3,2,,
3.397031e+05,"Ma(d1,d2,d3,d4,d5)",5D,open,2,-3,-3,3,3,,
3.397031e+05,"Ma(d1,d2,d3,d4,d5)",5D,open,2,-3,3,-3,-3,,
3.397031e+05,"Ma(d1,d2,d3,d4,d5)",5D,open,2,-3,3,-3,-2,,
3.397031e+05,"Ma(d1,d2,d3,d4,d5)",5D,open,2,-3,3,-3,-1,,
3.397031e+05,"Ma(d1,d2,d3,d4)",4D,open,2,-3,3,-3,0,,
3.397031e+05,"Ma(d1,d2,d3,d4,d5)",5D,open,2,-3,3,-3,1,,
3.397031e+05,"Ma(d1,d2,d3,d4,d5)",5D,open,2,-3,3,-3,2,,
3.397031e+05,"Ma(d1,d2,d3,d4,d5)",5D,open,2,-3,3,-3,3,,
3.397031e+05,"Ma(d1,d2,d3,d4,d5)",5D,open,2,-3,3,3,-3,,
3.397031e+05,"Ma(d1,d2,d3,d4,d5)",5D,open,2,-3,3,3,-2,,
3.397031e+05,"Ma(d1,d2,d3,d4,d5)",5D,open,2,-3,3,3,-1,,
3.397031e+05,"Ma(d1,d2,d3,d4)",4D,open,2,-3,3,3,0,,
3.397031e+05,"Ma(d1,d2,d3,d4,d5)",5D,open,2,-3,3,3,1,,
3.397031e+05,"Ma(d1,d2,d3,d4,d5)",5D,open,2,-3,3,3,2,,
3.397031e+05,"Ma(d1,d2,d3,d4,d5)",5D,open,2,-3,3,3,3,,
3.397031e+05,"Ma(d1,d2,d3,d4,d5)",5D,open,2,3,-3,-3,-3,,
3.397031e+05,"Ma(d1,d2,d3,d4,d5)",5D,open,2,3,-3,-3,-2,,
3.397031e+05,"Ma(d1,d2,d3,d4,d5)",5D,open,2,3,-3,-3,-1,,
3.397031e+05,"Ma(d1,d2,d3,d4)",4D,open,2,3,-3,-3,0,,
3.397031e+05,"Ma(d1,d2,d3,d4,d5)",5D,open,2,3,-3,-3,1,,
3.397031e+05,"Ma(d1,d2,d3,d4,d5)",5D,open,2,3,-3,-3,2,,
3.397031e+05,"Ma(d1,d2,d3,d4,d5)",5D,open,2,3,-3,-3,3,,
3.397031e+05,"Ma(d1,d2,d3,d4,d5)",5D,open,2,3,-3,3,-3,,
3.397031e+05,"Ma(d1,d2,d3,d4,d5)",5D,open,2,3,-3,3,-2,,
3.397031e+05,"Ma(d1,d2,d3,d4,d5)",5D,open,2,3,-3,3,-1,,
3.397031e+05,"Ma(d1,d2,d3,d4)",4D,open,2,3,-3,3,0,,
3.397031e+05,"Ma(d1,d2,d3,d4,d5)",5D,open,2,3,-3,3,1,,
3.397031e+05,"Ma(d1,d2,d3,d4,d5)",5D,open,2,3,-3,3,2,,
3.397031e+05,"Ma(d1,d2,d3,d4,d5)",5D,open,2,3,-3,3,3,,
3.397031e+05,"Ma(d1,d2,d3,d4,d5)",5D,open,2,3,3,-3,-3,,
3.397031e+05,"Ma(d1,d2,d3,d4,d5)",5D,open,2,3,3,-3,-2,,
3.397031e+05,"Ma(d1,d2,d3,d4,d5)",5D,open,2,3,3,-3,-1,,
3.397031e+05,"Ma(d1,d2,d3,d4)",4D,open,2,3,3,-3,0,,
3.397031e+05,"Ma(d1,d2,d3,d4,d5)",5D,open,2,3,3,-3,1,,
3.397031e+05,"Ma(d1,d2,d3,d4,d5)",5D,open,2,3,3,-3,2,,
3.397031e+05,"Ma(d1,d2,d3,d4,d5)",5D,open,2,3,3,-3,3,,
3.397031e+05,"Ma(d1,d2,d3,d4,d5)",5D,open,2,3,3,3,-3,,
3.397031e+05,"Ma(d1,d2,d3,d4,d5)",5D,open,2,3,3,3,-2,,
3.397031e+05,"Ma(d1,d2,d3,d4,d5)",5D,open,2,3,3,3,-1,,
3.397031e+05,"Ma(d1,d2,d3,d4)",4D,open,2,3,3,3,0,,
3.397031e+05,"Ma(d1,d2,d3,d4,d5)",5D,open,2,3,3,3,1,,
3.397031e+05,"Ma(d1,d2,d3,d4,d5)",5D,open,2,3,3,3,2,,
3.397031e+05,"Ma(d1,d2,d3,d4,d5)",5D,open,2,3,3,3,3,,
3.397646e+05,"Ma(d1,d2)",2D,closed,-2,2,0,0,0,d1,2.0075
3.397646e+05,"Ma(d1,d2)",2D,closed,2,-2,0,0,0,d1,2.0075
3.422393e+05,"Ma(d1,d2)",2D,closed,-2,-2,0,0,0,d2,2.0075
3.422393e+05,"Ma(d1,d2)",2D,closed,2,2,0,0,0,d2,2.0075
4.974993e+05,"Ma(d1,d3)",2D,closed,-3,0,-3,0,0,d3,1.9764
4.974993e+05,"Ma(d1,d3)",2D,closed,3,0,3,0,0,d3,1.9764
5.055158e+05,"Ma(d1,d3)",2D,closed,-1,0,1,0,0,d3,1.9764
5.055158e+05,"Ma(d1,d3)",2D,closed,1,0,-1,0,0,d3,1.9764
5.092062e+05,"Ma(d1,d4)",2D,closed,-3,0,0,-3,0,d4,1.9994
5.092062e+05,"Ma(d1,d4)",2D,closed,3,0,0,3,0,d4,1.9994
5.094181e+05,"Ma(d1,d4)",2D,closed,-1,0,0,1,0,d4,1.9994
5.094181e+05,"Ma(d1,d4)",2D,closed,1,0,0,-1,0,d4,1.9994
5.095241e+05,"Ma(d1,d5)",2D,closed,-3,0,0,0,-3,d1,2.0000
5.095241e+05,"Ma(d1,d5)",2D,closed,-3,0,0,0,-3,d5,2.0000
5.095241e+05,Ma(d1),1D,closed,-3,0,0,0,0,,
5.095241e+05,"Ma(d1,d5)",2D,closed,-3,0,0,0,3,d1,2.0000
5.095241e+05,"Ma(d1,d5)",2D,closed,-1,0,0,0,1,d5,2.0000
5.095241e+05,"Ma(d1,d5)",2D,closed,1,0,0,0,-1,d5,2.0000
5.095241e+05,"Ma(d1,d5)",2D,closed,3,0,0,0,-3,d1,2.0000
5.095241e+05,Ma(d1),1D,closed,3,0,0,0,0,,
5.095241e+05,"Ma(d1,d5)",2D,closed,3,0,0,0,3,d1,2.0000
5.095241e+05,"Ma(d1,d5)",2D,closed,3,0,0,0,3,d5,2.0000
5.095241e+05,"Ma(d1,d4,d5)",3D,open,-3,0,0,-1,-3,,
5.095241e+05,"Ma(d1,d4,d5)",3D,open,-3,0,0,-1,-2,,
5.095241e+05,"Ma(d1,d4,d5)",3D,open,-3,0,0,-1,-1,,
5.095241e+05,"Ma(d1,d4,d5)",3D,open,-3,0,0,-1,1,,
5.095241e+05,"Ma(d1,d4,d5)",3D,open,-3,0,0,-1,2,,
5.095241e+05,"Ma(d1,d4,d5)",3D,open,-3,0,0,-1,3,,
5.095241e+05,"Ma(d1,d4,d5)",3D,open,-3,0,0,1,-3,,
5.095241e+05,"Ma(d1,d4,d5)",3D,open,-3,0,0,1,-2,,
5.095241e+05,"Ma(d1,d4,d5)",3D,open,-3,0,0,1,-1,,
5.095241e+05,"Ma(d1,d4,d5)",3D,open,-3,0,0,1,1,,
5.095241e+05,"Ma(d1,d4,d5)",3D,open,-3,0,0,1,2,,
5.095241e+05,"Ma(d1,d4,d5)",3D,open,-3,0,0,1,3,,
5.095241e+05,"Ma(d1,d4,d5)",3D,open,3,0,0,-1,-3,,
5.095241e+05,"Ma(d1,d4,d5)",3D,open,3,0,0,-1,-2,,
5.095241e+05,"Ma(d1,d4,d5)",3D,open,3,0,0,-1,-1,,
5.095241e+05,"Ma(d1,d4,d5)",3D,open,3,0,0,-1,1,,
5.095241e+05,"Ma(d1,d4,d5)",3D,open,3,0,0,-1,2,,
5.095241e+05,"Ma(d1,d4,d5)",3D,open,3,0,0,-1,3,,
5.095241e+05,"Ma(d1,d4,d5)",3D,open,3,0,0,1,-3,,
5.095241e+05,"Ma(d1,d4,d5)",3D,open,3,0,0,1,-2,,
5.095241e+05,"Ma(d1,d4,d5)",3D,open,3,0,0,1,-1,,
5.095241e+05,"Ma(d1,d4,d5)",3D,open,3,0,0,1,1,,
5.095241e+05,"Ma(d1,d4,d5)",3D,open,3,0,0,1,2,,
5.095241e+05,"Ma(d1,d4,d5)",3D,open,3,0,0,1,3,,
5.095241e+05,"Ma(d1,d4,d5)",3D,open,-3,0,0,-2,-3,,
5.095241e+05,"Ma(d1,d4,d5)",3D,open,-3,0,0,-2,-2,,
5.095241e+05,"Ma(d1,d4,d5)",3D,open,-3,0,0,-2,-1,,
5.095241e+05,"Ma(d1,d4,d5)",3D,open,-3,0,0,-2,1,,
5.095241e+05,"Ma(d1,d4,d5)",3D,open,-3,0,0,-2,2,,
5.095241e+05,"Ma(d1,d4,d5)",3D,open,-3,0,0,-2,3,,
5.095241e+05,"Ma(d1,d4,d5)",3D,open,-3,0,0,2,-3,,
5.095241e+05,"Ma(d1,d4,d5)",3D,open,-3,0,0,2,-2,,
5.095241e+05,"Ma(d1,d4,d5)",3D,open,-3,0,0,2,-1,,
5.095241e+05,"Ma(d1,d4,d5)",3D,open,-3,0,0,2,1,,
5.095241e+05,"Ma(d1,d4,d5)",3D,open,-3,0,0,2,2,,
5.095241e+05,"Ma(d1,d4,d5)",3D,open,-3,0,0,2,3,,
5.095241e+05,"Ma(d1,d4,d5)",3D,open,3,0,0,-2,-3,,
5.095241e+05,"Ma(d1,d4,d5)",3D,open,3,0,0,-2,-2,,
5.095241e+05,"Ma(d1,d4,d5)",3D,open,3,0,0,-2,-1,,
5.095241e+05,"Ma(d1,d4,d5)",3D,open,3,0,0,-2,1,,
5.095241e+05,"Ma(d1,d4,d5)",3D,open,3,0,0,-2,2,,
5.095241e+05,"Ma(d1,d4,d5)",3D,open,3,0,0,-2,3,,
5.095241e+05,"Ma(d1,d4,d5)",3D,open,3,0,0,2,-3,,
5.095241e+05,"Ma(d1,d4,d5)",3D,open,3,0,0,2,-2,,
5.095241e+05,"Ma(d1,d4,d5)",3D,open,3,0,0,2,-1,,
5.095241e+05,"Ma(d1,d4,d5)",3D,open,3,0,0,2,1,,
5.095241e+05,"Ma(d1,d4,d5)",3D,open,3,0,0,2,2,,
5.095241e+05,"Ma(d1,d4,d5)",3D,open,3,0,0,2,3,,
5.095241e+05,"Ma(d1,d4)",2D,closed,-3,0,0,-3,0,d1,1.9994
5.095241e+05,"Ma(d1,d4)",2D,closed,3,0,0,3,0,d1,1.9994
5.095241e+05,"Ma(d1,d4,d5)",3D,open,-3,0,0,-3,-3,,
5.095241e+05,"Ma(d1,d4,d5)",3D,open,-3,0,0,-3,-2,,
5.095241e+05,"Ma(d1,d4,d5)",3D,open,-3,0,0,-3,-1,,
5.095241e+05,"Ma(d1,d4,d5)",3D,open,-3,0,0,-3,1,,
5.095241e+05,"Ma(d1,d4,d5)",3D,open,-3,0,0,-3,2,,
5.095241e+05,"Ma(d1,d4,d5)",3D,open,-3,0,0,-3,3,,
5.095241e+05,"Ma(d1,d4,d5)",3D,open,-3,0,0,3,-3,,
5.095241e+05,"Ma(d1,d4,d5)",3D,open,-3,0,0,3,-2,,
5.095241e+05,"Ma(d1,d4,d5)",3D,open,-3,0,0,3,-1,,
5.095241e+05,"Ma(d1,d4,d5)",3D,open,-3,0,0,3,1,,
5.095241e+05,"Ma(d1,d4,d5)",3D,open,-3,0,0,3,2,,
5.095241e+05,"Ma(d1,d4,d5)",3D,open,-3,0,0,3,3,,
5.095241e+05,"Ma(d1,d4,d5)",3D,open,3,0,0,-3,-3,,
5.095241e+05,"Ma(d1,d4,d5)",3D,open,3,0,0,-3,-2,,
5.095241e+05,"Ma(d1,d4,d5)",3D,open,3,0,0,-3,-1,,
5.095241e+05,"Ma(d1,d4,d5)",3D,open,3,0,0,-3,1,,
5.095241e+05,"Ma(d1,d4,d5)",3D,open,3,0,0,-3,2,,
5.095241e+05,"Ma(d1,d4,d5)",3D,open,3,0,0,-3,3,,
5.095241e+05,"Ma(d1,d4,d5)",3D,open,3,0,0,3,-3,,
5.095241e+05,"Ma(d1,d4,d5)",3D,open,3,0,0,3,-2,,
5.095241e+05,"Ma(d1,d4,d5)",3D,open,3,0,0,3,-1,,
5.095241e+05,"Ma(d1,d4,d5)",3D,open,3,0,0,3,1,,
5.095241e+05,"Ma(d1,d4,d5)",3D,open,3,0,0,3,2,,
5.095241e+05,"Ma(d1,d4,d5)",3D,open,3,0,0,3,3,,
5.095241e+05,"Ma(d1,d4)",2D,closed,-3,0,0,3,0,d1,1.9994
5.095241e+05,"Ma(d1,d4)",2D,closed,3,0,0,-3,0,d1,1.9994
5.095241e+05,"Ma(d1,d3,d5)",3D,open,-3,0,-1,0,-3,,
5.095241e+05,"Ma(d1,d3,d5)",3D,open,-3,0,-1,0,-2,,
5.095241e+05,"Ma(d1,d3,d5)",3D,open,-3,0,-1,0,-1,,
5.095241e+05,"Ma(d1,d3,d5)",3D,open,-3,0,-1,0,1,,
5.095241e+05,"Ma(d1,d3,d5)",3D,open,-3,0,-1,0,2,,
5.095241e+05,"Ma(d1,d3,d5)",3D,open,-3,0,-1,0,3,,
5.095241e+05,"Ma(d1,d3,d5)",3D,open,-3,0,1,0,-3,,
5.095241e+05,"Ma(d1,d3,d5)",3D,open,-3,0,1,0,-2,,
5.095241e+05,"Ma(d1,d3,d5)",3D,open,-3,0,1,0,-1,,
5.095241e+05,"Ma(d1,d3,d5)",3D,open,-3,0,1,0,1,,
5.095241e+05,"Ma(d1,d3,d5)",3D,open,-3,0,1,0,2,,
5.095241e+05,"Ma(d1,d3,d5)",3D,open,-3,0,1,0,3,,
5.095241e+05,"Ma(d1,d3,d5)",3D,open,3,0,-1,0,-3,,
5.095241e+05,"Ma(d1,d3,d5)",3D,open,3,0,-1,0,-2,,
5.095241e+05,"Ma(d1,d3,d5)",3D,open,3,0,-1,0,-1,,
5.095241e+05,"Ma(d1,d3,d5)",3D,open,3,0,-1,0,1,,
5.095241e+05,"Ma(d1,d3,d5)",3D,open,3,0,-1,0,2,,
5.095241e+05,"Ma(d1,d3,d5)",3D,open,3,0,-1,0,3,,
5.095241e+05,"Ma(d1,d3,d5)",3D,open,3,0,1,0,-3,,
5.095241e+05,"Ma(d1,d3,d5)",3D,open,3,0,1,0,-2,,
5.095241e+05,"Ma(d1,d3,d5)",3D,open,3,0,1,0,-1,,
5.095241e+05,"Ma(d1,d3,d5)",3D,open,3,0,1,0,1,,
5.095241e+05,"Ma(d1,d3,d5)",3D,open,3,0,1,0,2,,
5.095241e+05,"Ma(d1,d3,d5)",3D,open,3,0,1,0,3,,
5.095241e+05,"Ma(d1,d3,d4,d5)",4D,open,-3,0,-1,-1,-3,,
5.095241e+05,"Ma(d1,d3,d4,d5)",4D,open,-3,0,-1,-1,-2,,
5.095241e+05,"Ma(d1,d3,d4,d5)",4D,open,-3,0,-1,-1,-1,,
5.095241e+05,"Ma(d1,d3,d4)",3D,open,-3,0,-1,-1,0,,
5.095241e+05,"Ma(d1,d3,d4,d5)",4D,open,-3,0,-1,-1,1,,
5.095241e+05,"Ma(d1,d3,d4,d5)",4D,open,-3,0,-1,-1,2,,
5.095241e+05,"Ma(d1,d3,d4,d5)",4D,open,-3,0,-1,-1,3,,
5.095241e+05,"Ma(d1,d3,d4,d5)",4D,open,-3,0,-1,1,-3,,
5.095241e+05,"Ma(d1,d3,d4,d5)",4D,open,-3,0,-1,1,-2,,
5.095241e+05,"Ma(d1,d3,d4,d5)",4D,open,-3,0,-1,1,-1,,
5.095241e+05,"Ma(d1,d3,d4)",3D,open,-3,0,-1,1,0,,
5.095241e+05,"Ma(d1,d3,d4,d5)",4D,open,-3,0,-1,1,1,,
5.095241e+05,"Ma(d1,d3,d4,d5)",4D,open,-3,0,-1,1,2,,
5.095241e+05,"Ma(d1,d3,d4,d5)",4D,open,-3,0,-1,1,3,,
5.095241e+05,"Ma(d1,d3,d4,d5)",4D,open,-3,0,1,-1,-3,,
5.095241e+05,"Ma(d1,d3,d4,d5)",4D,open,-3,0,1,-1,-2,,
5.095241e+05,"Ma(d1,d3,d4,d5)",4D,open,-3,0,1,-1,-1,,
5.095241e+05,"Ma(d1,d3,d4)",3D,open,-3,0,1,-1,0,,
5.095241e+05,"Ma(d1,d3,d4,d5)",4D,open,-3,0,1,-1,1,,
5.095241e+05,"Ma(d1,d3,d4,d5)",4D,open,-3,0,1,-1,2,,
5.095241e+05,"Ma(d1,d3,d4,d5)",4D,open,-3,0,1,-1,3,,
5.095241e+05,"Ma(d1,d3,d4,d5)",4D,open,-3,0,1,1,-3,,
5.095241e+05,"Ma(d1,d3,d4,d5)",4D,open,-3,0,1,1,-2,,
5.095241e+05,"Ma(d1,d3,d4,d5)",4D,open,-3,0,1,1,-1,,
5.095241e+05,"Ma(d1,d3,d4)",3D,open,-3,0,1,1,0,,
5.095241e+05,"Ma(d1,d3,d4,d5)",4D,open,-3,0,1,1,1,,
5.095241e+05,"Ma(d1,d3,d4,d5)",4D,open,-3,0,1,1,2,,
5.095241e+05,"Ma(d1,d3,d4,d5)",4D,open,-3,0,1,1,3,,
5.095241e+05,"Ma(d1,d3,d4,d5)",4D,open,3,0,-1,-1,-3,,
5.095241e+05,"Ma(d1,d3,d4,d5)",4D,open,3,0,-1,-1,-2,,
5.095241e+05,"Ma(d1,d3,d4,d5)",4D,open,3,0,-1,-1,-1,,
5.095241e+05,"Ma(d1,d3,d4)",3D,open,3,0,-1,-1,0,,
5.095241e+05,"Ma(d1,d3,d4,d5)",4D,open,3,0,-1,-1,1,,
5.095241e+05,"Ma(d1,d3,d4,d5)",4D,open,3,0,-1,-1,2,,
5.095241e+05,"Ma(d1,d3,d4,d5)",4D,open,3,0,-1,-1,3,,
5.095241e+05,"Ma(d1,d3,d4,d5)",4D,open,3,0,-1,1,-3,,
5.095241e+05,"Ma(d1,d3,d4,d5)",4D,open,3,0,-1,1,-2,,
5.095241e+05,"Ma(d1,d3,d4,d5)",4D,open,3,0,-1,1,-1,,
5.095241e+05,"Ma(d1,d3,d4)",3D,open,3,0,-1,1,0,,
5.095241e+05,"Ma(d1,d3,d4,d5)",4D,open,3,0,-1,1,1,,
5.095241e+05,"Ma(d1,d3,d4,d5)",4D,open,3,0,-1,1,2,,
5.095241e+05,"Ma(d1,d3,d4,d5)",4D,open,3,0,-1,1,3,,
5.095241e+05,"Ma(d1,d3,d4,d5)",4D,open,3,0,1,-1,-3,,
5.095241e+05,"Ma(d1,d3,d4,d5)",4D,open,3,0,1,-1,-2,,
5.095241e+05,"Ma(d1,d3,d4,d5)",4D,open,3,0,1,-1,-1,,
5.095241e+05,"Ma(d1,d3,d4)",3D,open,3,0,1,-1,0,,
5.095241e+05,"Ma(d1,d3,d4,d5)",4D,open,3,0,1,-1,1,,
5.095241e+05,"Ma(d1,d3,d4,d5)",4D,open,3,0,1,-1,2,,
5.095241e+05,"Ma(d1,d3,d4,d5)",4D,open,3,0,1,-1,3,,
5.095241e+05,"Ma(d1,d3,d4,d5)",4D,open,3,0,1,1,-3,,
5.095241e+05,"Ma(d1,d3,d4,d5)",4D,open,3,0,1,1,-2,,
5.095241e+05,"Ma(d1,d3,d4,d5)",4D,open,3,0,1,1,-1,,
5.095241e+05,"Ma(d1,d3,d4)",3D,open,3,0,1,1,0,,
5.095241e+05,"Ma(d1,d3,d4,d5)",4D,open,3,0,1,1,1,,
5.095241e+05,"Ma(d1,d3,d4,d5)",4D,open,3,0,1,1,2,,
5.095241e+05,"Ma(d1,d3,d4,d5)",4D,open,3,0,1,1,3,,
5.095241e+05,"Ma(d1,d3,d4,d5)",4D,open,-3,0,-1,-2,-3,,
5.095241e+05,"Ma(d1,d3,d4,d5)",4D,open,-3,0,-1,-2,-2,,
5.095241e+05,"Ma(d1,d3,d4,d5)",4D,open,-3,0,-1,-2,-1,,
5.095241e+05,"Ma(d1,d3,d4)",3D,open,-3,0,-1,-2,0,,
5.095241e+05,"Ma(d1,d3,d4,d5)",4D,open,-3,0,-1,-2,1,,
5.095241e+05,"Ma(d1,d3,d4,d5)",4D,open,-3,0,-1,-2,2,,
5.095241e+05,"Ma(d1,d3,d4,d5)",4D,open,-3,0,-1,-2,3,,
5.095241e+05,"Ma(d1,d3,d4,d5)",4D,open,-3,0,-1,2,-3,,
5.095241e+05,"Ma(d1,d3,d4,d5)",4D,open,-3,0,-1,2,-2,,
5.095241e+05,"Ma(d1,d3,d4,d5)",4D,open,-3,0,-1,2,-1,,
5.095241e+05,"Ma(d1,d3,d4)",3D,open,-3,0,-1,2,0,,
5.095241e+05,"Ma(d1,d3,d4,d5)",4D,open,-3,0,-1,2,1,,
5.095241e+05,"Ma(d1,d3,d4,d5)",4D,open,-3,0,-1,2,2,,
5.095241e+05,"Ma(d1,d3,d4,d5)",4D,open,-3,0,-1,2,3,,
5.095241e+05,"Ma(d1,d3,d4,d5)",4D,open,-3,0,1,-2,-3,,
5.095241e+05,"Ma(d1,d3,d4,d5)",4D,open,-3,0,1,-2,-2,,
5.095241e+05,"Ma(d1,d3,d4,d5)",4D,open,-3,0,1,-2,-1,,
5.095241e+05,"Ma(d1,d3,d4)",3D,open,-3,0,1,-2,0,,
5.095241e+05,"Ma(d1,d3,d4,d5)",4D,open,-3,0,1,-2,1,,
5.095241e+05,"Ma(d1,d3,d4,d5)",4D,open,-3,0,1,-2,2,,
5.095241e+05,"Ma(d1,d3,d4,d5)",4D,open,-3,0,1,-2,3,,
5.095241e+05,"Ma(d1,d3,d4,d5)",4D,open,-3,0,1,2,-3,,
5.095241e+05,"Ma(d1,d3,d4,d5)",4D,open,-3,0,1,2,-2,,
5.095241e+05,"Ma(d1,d3,d4,d5)",4D,open,-3,0,1,2,-1,,
5.095241e+05,"Ma(d1,d3,d4)",3D,open,-3,0,1,2,0,,
5.095241e+05,"Ma(d1,d3,d4,d5)",4D,open,-3,0,1,2,1,,
5.095241e+05,"Ma(d1,d3,d4,d5)",4D,open,-3,0,1,2,2,,
5.095241e+05,"Ma(d1,d3,d4,d5)",4D,open,-3,0,1,2,3,,
5.095241e+05,"Ma(d1,d3,d4,d5)",4D,open,3,0,-1,-2,-3,,
5.095241e+05,"Ma(d1,d3,d4,d5)",4D,open,3,0,-1,-2,-2,,
5.095241e+05,"Ma(d1,d3,d4,d5)",4D,open,3,0,-1,-2,-1,,
5.095241e+05,"Ma(d1,d3,d4)",3D,open,3,0,-1,-2,0,,
5.095241e+05,"Ma(d1,d3,d4,d5)",4D,open,3,0,-1,-2,1,,
5.095241e+05,"Ma(d1,d3,d4,d5)",4D,open,3,0,-1,-2,2,,
5.095241e+05,"Ma(d1,d3,d4,d5)",4D,open,3,0,-1,-2,3,,
5.095241e+05,"Ma(d1,d3,d4,d5)",4D,open,3,0,-1,2,-3,,
5.095241e+05,"Ma(d1,d3,d4,d5)",4D,open,3,0,-1,2,-2,,
5.095241e+05,"Ma(d1,d3,d4,d5)",4D,open,3,0,-1,2,-1,,
5.095241e+05,"Ma(d1,d3,d4)",3D,open,3,0,-1,2,0,,
5.095241e+05,"Ma(d1,d3,d4,d5)",4D,open,3,0,-1,2,1,,
5.095241e+05,"Ma(d1,d3,d4,d5)",4D,open,3,0,-1,2,2,,
5.095241e+05,"Ma(d1,d3,d4,d5)",4D,open,3,0,-1,2,3,,
5.095241e+05,"Ma(d1,d3,d4,d5)",4D,open,3,0,1,-2,-3,,
5.095241e+05,"Ma(d1,d3,d4,d5)",4D,open,3,0,1,-2,-2,,
5.095241e+05,"Ma(d1,d3,d4,d5)",4D,open,3,0,1,-2,-1,,
5.095241e+05,"Ma(d1,d3,d4)",3D,open,3,0,1,-2,0,,
5.095241e+05,"Ma(d1,d3,d4,d5)",4D,open,3,0,1,-2,1,,
5.095241e+05,"Ma(d1,d3,d4,d5)",4D,open,3,0,1,-2,2,,
5.095241e+05,"Ma(d1,d3,d4,d5)",4D,open,3,0,1,-2,3,,
5.095241e+05,"Ma(d1,d3,d4,d5)",4D,open,3,0,1,2,-3,,
5.095241e+05,"Ma(d1,d3,d4,d5)",4D,open,3,0,1,2,-2,,
5.095241e+05,"Ma(d1,d3,d4,d5)",4D,open,3,0,1,2,-1,,
5.095241e+05,"Ma(d1,d3,d4)",3D,open,3,0,1,2,0,,
5.095241e+05,"Ma(d1,d3,d4,d5)",4D,open,3,0,1,2,1,,
5.095241e+05,"Ma(d1,d3,d4,d5)",4D,open,3,0,1,2,2,,
5.095241e+05,"Ma(d1,d3,d4,d5)",4D,open,3,0,1,2,3,,
5.095241e+05,"Ma(d1,d3,d4,d5)",4D,open,-3,0,-1,-3,-3,,
5.095241e+05,"Ma(d1,d3,d4,d5)",4D,open,-3,0,-1,-3,-2,,
5.095241e+05,"Ma(d1,d3,d4,d5)",4D,open,-3,0,-1,-3,-1,,
5.095241e+05,"Ma(d1,d3,d4)",3D,open,-3,0,-1,-3,0,,
5.095241e+05,"Ma(d1,d3,d4,d5)",4D,open,-3,0,-1,-3,1,,
5.095241e+05,"Ma(d1,d3,d4,d5)",4D,open,-3,0,-1,-3,2,,
5.095241e+05,"Ma(d1,d3,d4,d5)",4D,open,-3,0,-1,-3,3,,
5.095241e+05,"Ma(d1,d3,d4,d5)",4D,open,-3,0,-1,3,-3,,
5.095241e+05,"Ma(d1,d3,d4,d5)",4D,open,-3,0,-1,3,-2,,
5.095241e+05,"Ma(d1,d3,d4,d5)",4D,open,-3,0,-1,3,-1,,
5.095241e+05,"Ma(d1,d3,d4)",3D,open,-3,0,-1,3,0,,
5.095241e+05,"Ma(d1,d3,d4,d5)",4D,open,-3,0,-1,3,1,,
5.095241e+05,"Ma(d1,d3,d4,d5)",4D,open,-3,0,-1,3,2,,
5.095241e+05,"Ma(d1,d3,d4,d5)",4D,open,-3,0,-1,3,3,,
5.095241e+05,"Ma(d1,d3,d4,d5)",4D,open,-3,0,1,-3,-3,,
5.095241e+05,"Ma(d1,d3,d4,d5)",4D,open,-3,0,1,-3,-2,,
5.095241e+05,"Ma(d1,d3,d4,d5)",4D,open,-3,0,1,-3,-1,,
5.095241e+05,"Ma(d1,d3,d4)",3D,open,-3,0,1,-3,0,,
5.095241e+05,"Ma(d1,d3,d4,d5)",4D,open,-3,0,1,-3,1,,
5.095241e+05,"Ma(d1,d3,d4,d5)",4D,open,-3,0,1,-3,2,,
5.095241e+05,"Ma(d1,d3,d4,d5)",4D,open,-3,0,1,-3,3,,
5.095241e+05,"Ma(d1,d3,d4,d5)",4D,open,-3,0,1,3,-3,,
5.095241e+05,"Ma(d1,d3,d4,d5)",4D,open,-3,0,1,3,-2,,
5.095241e+05,"Ma(d1,d3,d4,d5)",4D,open,-3,0,1,3,-1,,
5.095241e+05,"Ma(d1,d3,d4)",3D,open,-3,0,1,3,0,,
5.095241e+05,"Ma(d1,d3,d4,d5)",4D,open,-3,0,1,3,1,,
5.095241e+05,"Ma(d1,d3,d4,d5)",4D,open,-3,0,1,3,2,,
5.095241e+05,"Ma(d1,d3,d4,d5)",4D,open,-3,0,1,3,3,,
5.095241e+05,"Ma(d1,d3,d4,d5)",4D,open,3,0,-1,-3,-3,,
5.095241e+05,"Ma(d1,d3,d4,d5)",4D,open,3,0,-1,-3,-2,,
5.095241e+05,"Ma(d1,d3,d4,d5)",4D,open,3,0,-1,-3,-1,,
5.095241e+05,"Ma(d1,d3,d4)",3D,open,3,0,-1,-3,0,,
5.095241e+05,"Ma(d1,d3,d4,d5)",4D,open,3,0,-1,-3,1,,
5.095241e+05,"Ma(d1,d3,d4,d5)",4D,open,3,0,-1,-3,2,,
5.095241e+05,"Ma(d1,d3,d4,d5)",4D,open,3,0,-1,-3,3,,
5.095241e+05,"Ma(d1,d3,d4,d5)",4D,open,3,0,-1,3,-3,,
5.095241e+05,"Ma(d1,d3,d4,d5)",4D,open,3,0,-1,3,-2,,
5.095241e+05,"Ma(d1,d3,d4,d5)",4D,open,3,0,-1,3,-1,,
5.095241e+05,"Ma(d1,d3,d4)",3D,open,3,0,-1,3,0,,
5.095241e+05,"Ma(d1,d3,d4,d5)",4D,open,3,0,-1,3,1,,
5.095241e+05,"Ma(d1,d3,d4,d5)",4D,open,3,0,-1,3,2,,
5.095241e+05,"Ma(d1,d3,d4,d5)",4D,open,3,0,-1,3,3,,
5.095241e+05,"Ma(d1,d3,d4,d5)",4D,open,3,0,1,-3,-3,,
5.095241e+05,"Ma(d1,d3,d4,d5)",4D,open,3,0,1,-3,-2,,
5.095241e+05,"Ma(d1,d3,d4,d5)",4D,open,3,0,1,-3,-1,,
5.095241e+05,"Ma(d1,d3,d4)",3D,open,3,0,1,-3,0,,
5.095241e+05,"Ma(d1,d3,d4,d5)",4D,open,3,0,1,-3,1,,
5.095241e+05,"Ma(d1,d3,d4,d5)",4D,open,3,0,1,-3,2,,
5.095241e+05,"Ma(d1,d3,d4,d5)",4D,open,3,0,1,-3,3,,
5.095241e+05,"Ma(d1,d3,d4,d5)",4D,open,3,0,1,3,-3,,
5.095241e+05,"Ma(d1,d3,d4,d5)",4D,open,3,0,1,3,-2,,
5.095241e+05,"Ma(d1,d3,d4,d5)",4D,open,3,0,1,3,-1,,
5.095241e+05,"Ma(d1,d3,d4)",3D,open,3,0,1,3,0,,
5.095241e+05,"Ma(d1,d3,d4,d5)",4D,open,3,0,1,3,1,,
5.095241e+05,"Ma(d1,d3,d4,d5)",4D,open,3,0,1,3,2,,
5.095241e+05,"Ma(d1,d3,d4,d5)",4D,open,3,0,1,3,3,,
5.095241e+05,"Ma(d1,d3,d5)",3D,open,-3,0,-2,0,-3,,
5.095241e+05,"Ma(d1,d3,d5)",3D,open,-3,0,-2,0,-2,,
5.095241e+05,"Ma(d1,d3,d5)",3D,open,-3,0,-2,0,-1,,
5.095241e+05,"Ma(d1,d3,d5)",3D,open,-3,0,-2,0,1,,
5.095241e+05,"Ma(d1,d3,d5)",3D,open,-3,0,-2,0,2,,
5.095241e+05,"Ma(d1,d3,d5)",3D,open,-3,0,-2,0,3,,
5.095241e+05,"Ma(d1,d3,d5)",3D,open,-3,0,2,0,-3,,
5.095241e+05,"Ma(d1,d3,d5)",3D,open,-3,0,2,0,-2,,
5.095241e+05,"Ma(d1,d3,d5)",3D,open,-3,0,2,0,-1,,
5.095241e+05,"Ma(d1,d3,d5)",3D,open,-3,0,2,0,1,,
5.095241e+05,"Ma(d1,d3,d5)",3D,open,-3,0,2,0,2,,
5.095241e+05,"Ma(d1,d3,d5)",3D,open,-3,0,2,0,3,,
5.095241e+05,"Ma(d1,d3,d5)",3D,open,3,0,-2,0,-3,,
5.095241e+05,"Ma(d1,d3,d5)",3D,open,3,0,-2,0,-2,,
5.095241e+05,"Ma(d1,d3,d5)",3D,open,3,0,-2,0,-1,,
5.095241e+05,"Ma(d1,d3,d5)",3D,open,3,0,-2,0,1,,
5.095241e+05,"Ma(d1,d3,d5)",3D,open,3,0,-2,0,2,,
5.095241e+05,"Ma(d1,d3,d5)",3D,open,3,0,-2,0,3,,
5.095241e+05,"Ma(d1,d3,d5)",3D,open,3,0,2,0,-3,,
5.095241e+05,"Ma(d1,d3,d5)",3D,open,3,0,2,0,-2,,
5.095241e+05,"Ma(d1,d3,d5)",3D,open,3,0,2,0,-1,,
5.095241e+05,"Ma(d1,d3,d5)",3D,open,3,0,2,0,1,,
5.095241e+05,"Ma(d1,d3,d5)",3D,open,3,0,2,0,2,,
5.095241e+05,"Ma(d1,d3,d5)",3D,open,3,0,2,0,3,,
5.095241e+05,"Ma(d1,d3,d4,d5)",4D,open,-3,0,-2,-1,-3,,
5.095241e+05,"Ma(d1,d3,d4,d5)",4D,open,-3,0,-2,-1,-2,,
5.095241e+05,"Ma(d1,d3,d4,d5)",4D,open,-3,0,-2,-1,-1,,
5.095241e+05,"Ma(d1,d3,d4)",3D,open,-3,0,-2,-1,0,,
5.095241e+05,"Ma(d1,d3,d4,d5)",4D,open,-3,0,-2,-1,1,,
5.095241e+05,"Ma(d1,d3,d4,d5)",4D,open,-3,0,-2,-1,2,,
5.095241e+05,"Ma(d1,d3,d4,d5)",4D,open,-3,0,-2,-1,3,,
5.095241e+05,"Ma(d1,d3,d4,d5)",4D,open,-3,0,-2,1,-3,,
5.095241e+05,"Ma(d1,d3,d4,d5)",4D,open,-3,0,-2,1,-2,,
5.095241e+05,"Ma(d1,d3,d4,d5)",4D,open,-3,0,-2,1,-1,,
5.095241e+05,"Ma(d1,d3,d4)",3D,open,-3,0,-2,1,0,,
5.095241e+05,"Ma(d1,d3,d4,d5)",4D,open,-3,0,-2,1,1,,
5.095241e+05,"Ma(d1,d3,d4,d5)",4D,open,-3,0,-2,1,2,,
5.095241e+05,"Ma(d1,d3,d4,d5)",4D,open,-3,0,-2,1,3,,
5.095241e+05,"Ma(d1,d3,d4,d5)",4D,open,-3,0,2,-1,-3,,
5.095241e+05,"Ma(d1,d3,d4,d5)",4D,open,-3,0,2,-1,-2,,
5.095241e+05,"Ma(d1,d3,d4,d5)",4D,open,-3,0,2,-1,-1,,
5.095241e+05,"Ma(d1,d3,d4)",3D,open,-3,0,2,-1,0,,
5.095241e+05,"Ma(d1,d3,d4,d5)",4D,open,-3,0,2,-1,1,,
5.095241e+05,"Ma(d1,d3,d4,d5)",4D,open,-3,0,2,-1,2,,
5.095241e+05,"Ma(d1,d3,d4,d5)",4D,open,-3,0,2,-1,3,,
5.095241e+05,"Ma(d1,d3,d4,d5)",4D,open,-3,0,2,1,-3,,
5.095241e+05,"Ma(d1,d3,d4,d5)",4D,open,-3,0,2,1,-2,,
5.095241e+05,"Ma(d1,d3,d4,d5)",4D,open,-3,0,2,1,-1,,
5.095241e+05,"Ma(d1,d3,d4)",3D,open,-3,0,2,1,0,,
5.095241e+05,"Ma(d1,d3,d4,d5)",4D,open,-3,0,2,1,1,,
5.095241e+05,"Ma(d1,d3,d4,d5)",4D,open,-3,0,2,1,2,,
5.095241e+05,"Ma(d1,d3,d4,d5)",4D,open,-3,0,2,1,3,,
5.095241e+05,"Ma(d1,d3,d4,d5)",4D,open,3,0,-2,-1,-3,,
5.095241e+05,"Ma(d1,d3,d4,d5)",4D,open,3,0,-2,-1,-2,,
5.095241e+05,"Ma(d1,d3,d4,d5)",4D,open,3,0,-2,-1,-1,,
5.095241e+05,"Ma(d1,d3,d4)",3D,open,3,0,-2,-1,0,,
5.095241e+05,"Ma(d1,d3,d4,d5)",4D,open,3,0,-2,-1,1,,
5.095241e+05,"Ma(d1,d3,d4,d5)",4D,open,3,0,-2,-1,2,,
5.095241e+05,"Ma(d1,d3,d4,d5)",4D,open,3,0,-2,-1,3,,
5.095241e+05,"Ma(d1,d3,d4,d5)",4D,open,3,0,-2,1,-3,,
5.095241e+05,"Ma(d1,d3,d4,d5)",4D,open,3,0,-2,1,-2,,
5.095241e+05,"Ma(d1,d3,d4,d5)",4D,open,3,0,-2,1,-1,,
5.095241e+05,"Ma(d1,d3,d4)",3D,open,3,0,-2,1,0,,
5.095241e+05,"Ma(d1,d3,d4,d5)",4D,open,3,0,-2,1,1,,
5.095241e+05,"Ma(d1,d3,d4,d5)",4D,open,3,0,-2,1,2,,
5.095241e+05,"Ma(d1,d3,d4,d5)",4D,open,3,0,-2,1,3,,
5.095241e+05,"Ma(d1,d3,d4,d5)",4D,open,3,0,2,-1,-3,,
5.095241e+05,"Ma(d1,d3,d4,d5)",4D,open,3,0,2,-1,-2,,
5.095241e+05,"Ma(d1,d3,d4,d5)",4D,open,3,0,2,-1,-1,,
5.095241e+05,"Ma(d1,d3,d4)",3D,open,3,0,2,-1,0,,
5.095241e+05,"Ma(d1,d3,d4,d5)",4D,open,3,0,2,-1,1,,
5.095241e+05,"Ma(d1,d3,d4,d5)",4D,open,3,0,2,-1,2,,
5.095241e+05,"Ma(d1,d3,d4,d5)",4D,open,3,0,2,-1,3,,
5.095241e+05,"Ma(d1,d3,d4,d5)",4D,open,3,0,2,1,-3,,
5.095241e+05,"Ma(d1,d3,d4,d5)",4D,open,3,0,2,1,-2,,
5.095241e+05,"Ma(d1,d3,d4,d5)",4D,open,3,0,2,1,-1,,
5.095241e+05,"Ma(d1,d3,d4)",3D,open,3,0,2,1,0,,
5.095241e+05,"Ma(d1,d3,d4,d5)",4D,open,3,0,2,1,1,,
5.095241e+05,"Ma(d1,d3,d4,d5)",4D,open,3,0,2,1,2,,
5.095241e+05,"Ma(d1,d3,d4,d5)",4D,open,3,0,2,1,3,,
5.095241e+05,"Ma(d1,d3,d4,d5)",4D,open,-3,0,-2,-2,-3,,
5.095241e+05,"Ma(d1,d3,d4,d5)",4D,open,-3,0,-2,-2,-2,,
5.095241e+05,"Ma(d1,d3,d4,d5)",4D,open,-3,0,-2,-2,-1,,
5.095241e+05,"Ma(d1,d3,d4)",3D,open,-3,0,-2,-2,0,,
5.095241e+05,"Ma(d1,d3,d4,d5)",4D,open,-3,0,-2,-2,1,,
5.095241e+05,"Ma(d1,d3,d4,d5)",4D,open,-3,0,-2,-2,2,,
5.095241e+05,"Ma(d1,d3,d4,d5)",4D,open,-3,0,-2,-2,3,,
5.095241e+05,"Ma(d1,d3,d4,d5)",4D,open,-3,0,-2,2,-3,,
5.095241e+05,"Ma(d1,d3,d4,d5)",4D,open,-3,0,-2,2,-2,,
5.095241e+05,"Ma(d1,d3,d4,d5)",4D,open,-3,0,-2,2,-1,,
5.095241e+05,"Ma(d1,d3,d4)",3D,open,-3,0,-2,2,0,,
5.095241e+05,"Ma(d1,d3,d4,d5)",4D,open,-3,0,-2,2,1,,
5.095241e+05,"Ma(d1,d3,d4,d5)",4D,open,-3,0,-2,2,2,,
5.095241e+05,"Ma(d1,d3,d4,d5)",4D,open,-3,0,-2,2,3,,
5.095241e+05,"Ma(d1,d3,d4,d5)",4D,open,-3,0,2,-2,-3,,
5.095241e+05,"Ma(d1,d3,d4,d5)",4D,open,-3,0,2,-2,-2,,
5.095241e+05,"Ma(d1,d3,d4,d5)",4D,open,-3,0,2,-2,-1,,
5.095241e+05,"Ma(d1,d3,d4)",3D,open,-3,0,2,-2,0,,
5.095241e+05,"Ma(d1,d3,d4,d5)",4D,open,-3,0,2,-2,1,,
5.095241e+05,"Ma(d1,d3,d4,d5)",4D,open,-3,0,2,-2,2,,
5.095241e+05,"Ma(d1,d3,d4,d5)",4D,open,-3,0,2,-2,3,,
5.095241e+05,"Ma(d1,d3,d4,d5)",4D,open,-3,0,2,2,-3,,
5.095241e+05,"Ma(d1,d3,d4,d5)",4D,open,-3,0,2,2,-2,,
5.095241e+05,"Ma(d1,d3,d4,d5)",4D,open,-3,0,2,2,-1,,
5.095241e+05,"Ma(d1,d3,d4)",3D,open,-3,0,2,2,0,,
5.095241e+05,"Ma(d1,d3,d4,d5)",4D,open,-3,0,2,2,1,,
5.095241e+05,"Ma(d1,d3,d4,d5)",4D,open,-3,0,2,2,2,,
5.095241e+05,"Ma(d1,d3,d4,d5)",4D,open,-3,0,2,2,3,,
5.095241e+05,"Ma(d1,d3,d4,d5)",4D,open,3,0,-2,-2,-3,,
5.095241e+05,"Ma(d1,d3,d4,d5)",4D,open,3,0,-2,-2,-2,,
5.095241e+05,"Ma(d1,d3,d4,d5)",4D,open,3,0,-2,-2,-1,,
5.095241e+05,"Ma(d1,d3,d4)",3D,open,3,0,-2,-2,0,,
5.095241e+05,"Ma(d1,d3,d4,d5)",4D,open,3,0,-2,-2,1,,
5.095241e+05,"Ma(d1,d3,d4,d5)",4D,open,3,0,-2,-2,2,,
5.095241e+05,"Ma(d1,d3,d4,d5)",4D,open,3,0,-2,-2,3,,
5.095241e+05,"Ma(d1,d3,d4,d5)",4D,open,3,0,-2,2,-3,,
5.095241e+05,"Ma(d1,d3,d4,d5)",4D,open,3,0,-2,2,-2,,
5.095241e+05,"Ma(d1,d3,d4,d5)",4D,open,3,0,-2,2,-1,,
5.095241e+05,"Ma(d1,d3,d4)",3D,open,3,0,-2,2,0,,
5.095241e+05,"Ma(d1,d3,d4,d5)",4D,open,3,0,-2,2,1,,
5.095241e+05,"Ma(d1,d3,d4,d5)",4D,open,3,0,-2,2,2,,
5.095241e+05,"Ma(d1,d3,d4,d5)",4D,open,3,0,-2,2,3,,
5.095241e+05,"Ma(d1,d3,d4,d5)",4D,open,3,0,2,-2,-3,,
5.095241e+05,"Ma(d1,d3,d4,d5)",4D,open,3,0,2,-2,-2,,
5.095241e+05,"Ma(d1,d3,d4,d5)",4D,open,3,0,2,-2,-1,,
5.095241e+05,"Ma(d1,d3,d4)",3D,open,3,0,2,-2,0,,
5.095241e+05,"Ma(d1,d3,d4,d5)",4D,open,3,0,2,-2,1,,
5.095241e+05,"Ma(d1,d3,d4,d5)",4D,open,3,0,2,-2,2,,
5.095241e+05,"Ma(d1,d3,d4,d5)",4D,open,3,0,2,-2,3,,
5.095241e+05,"Ma(d1,d3,d4,d5)",4D,open,3,0,2,2,-3,,
5.095241e+05,"Ma(d1,d3,d4,d5)",4D,open,3,0,2,2,-2,,
5.095241e+05,"Ma(d1,d3,d4,d5)",4D,open,3,0,2,2,-1,,
5.095241e+05,"Ma(d1,d3,d4)",3D,open,3,0,2,2,0,,
5.095241e+05,"Ma(d1,d3,d4,d5)",4D,open,3,0,2,2,1,,
5.095241e+05,"Ma(d1,d3,d4,d5)",4D,open,3,0,2,2,2,,
5.095241e+05,"Ma(d1,d3,d4,d5)",4D,open,3,0,2,2,3,,
5.095241e+05,"Ma(d1,d3,d4,d5)",4D,open,-3,0,-2,-3,-3,,
5.095241e+05,"Ma(d1,d3,d4,d5)",4D,open,-3,0,-2,-3,-2,,
5.095241e+05,"Ma(d1,d3,d4,d5)",4D,open,-3,0,-2,-3,-1,,
5.095241e+05,"Ma(d1,d3,d4)",3D,open,-3,0,-2,-3,0,,
5.095241e+05,"Ma(d1,d3,d4,d5)",4D,open,-3,0,-2,-3,1,,
5.095241e+05,"Ma(d1,d3,d4,d5)",4D,open,-3,0,-2,-3,2,,
5.095241e+05,"Ma(d1,d3,d4,d5)",4D,open,-3,0,-2,-3,3,,
5.095241e+05,"Ma(d1,d3,d4,d5)",4D,open,-3,0,-2,3,-3,,
5.095241e+05,"Ma(d1,d3,d4,d5)",4D,open,-3,0,-2,3,-2,,
5.095241e+05,"Ma(d1,d3,d4,d5)",4D,open,-3,0,-2,3,-1,,
5.095241e+05,"Ma(d1,d3,d4)",3D,open,-3,0,-2,3,0,,
5.095241e+05,"Ma(d1,d3,d4,d5)",4D,open,-3,0,-2,3,1,,
5.095241e+05,"Ma(d1,d3,d4,d5)",4D,open,-3,0,-2,3,2,,
5.095241e+05,"Ma(d1,d3,d4,d5)",4D,open,-3,0,-2,3,3,,
5.095241e+05,"Ma(d1,d3,d4,d5)",4D,open,-3,0,2,-3,-3,,
5.095241e+05,"Ma(d1,d3,d4,d5)",4D,open,-3,0,2,-3,-2,,
5.095241e+05,"Ma(d1,d3,d4,d5)",4D,open,-3,0,2,-3,-1,,
5.095241e+05,"Ma(d1,d3,d4)",3D,open,-3,0,2,-3,0,,
5.095241e+05,"Ma(d1,d3,d4,d5)",4D,open,-3,0,2,-3,1,,
5.095241e+05,"Ma(d1,d3,d4,d5)",4D,open,-3,0,2,-3,2,,
5.095241e+05,"Ma(d1,d3,d4,d5)",4D,open,-3,0,2,-3,3,,
5.095241e+05,"Ma(d1,d3,d4,d5)",4D,open,-3,0,2,3,-3,,
5.095241e+05,"Ma(d1,d3,d4,d5)",4D,open,-3,0,2,3,-2,,
5.095241e+05,"Ma(d1,d3,d4,d5)",4D,open,-3,0,2,3,-1,,
5.095241e+05,"Ma(d1,d3,d4)",3D,open,-3,0,2,3,0,,
5.095241e+05,"Ma(d1,d3,d4,d5)",4D,open,-3,0,2,3,1,,
5.095241e+05,"Ma(d1,d3,d4,d5)",4D,open,-3,0,2,3,2,,
5.095241e+05,"Ma(d1,d3,d4,d5)",4D,open,-3,0,2,3,3,,
5.095241e+05,"Ma(d1,d3,d4,d5)",4D,open,3,0,-2,-3,-3,,
5.095241e+05,"Ma(d1,d3,d4,d5)",4D,open,3,0,-2,-3,-2,,
5.095241e+05,"Ma(d1,d3,d4,d5)",4D,open,3,0,-2,-3,-1,,
5.095241e+05,"Ma(d1,d3,d4)",3D,open,3,0,-2,-3,0,,
5.095241e+05,"Ma(d1,d3,d4,d5)",4D,open,3,0,-2,-3,1,,
5.095241e+05,"Ma(d1,d3,d4,d5)",4D,open,3,0,-2,-3,2,,
5.095241e+05,"Ma(d1,d3,d4,d5)",4D,open,3,0,-2,-3,3,,
5.095241e+05,"Ma(d1,d3,d4,d5)",4D,open,3,0,-2,3,-3,,
5.095241e+05,"Ma(d1,d3,d4,d5)",4D,open,3,0,-2,3,-2,,
5.095241e+05,"Ma(d1,d3,d4,d5)",4D,open,3,0,-2,3,-1,,
5.095241e+05,"Ma(d1,d3,d4)",3D,open,3,0,-2,3,0,,
5.095241e+05,"Ma(d1,d3,d4,d5)",4D,open,3,0,-2,3,1,,
5.095241e+05,"Ma(d1,d3,d4,d5)",4D,open,3,0,-2,3,2,,
5.095241e+05,"Ma(d1,d3,d4,d5)",4D,open,3,0,-2,3,3,,
5.095241e+05,"Ma(d1,d3,d4,d5)",4D,open,3,0,2,-3,-3,,
5.095241e+05,"Ma(d1,d3,d4,d5)",4D,open,3,0,2,-3,-2,,
5.095241e+05,"Ma(d1,d3,d4,d5)",4D,open,3,0,2,-3,-1,,
5.095241e+05,"Ma(d1,d3,d4)",3D,open,3,0,2,-3,0,,
5.095241e+05,"Ma(d1,d3,d4,d5)",4D,open,3,0,2,-3,1,,
5.095241e+05,"Ma(d1,d3,d4,d5)",4D,open,3,0,2,-3,2,,
5.095241e+05,"Ma(d1,d3,d4,d5)",4D,open,3,0,2,-3,3,,
5.095241e+05,"Ma(d1,d3,d4,d5)",4D,open,3,0,2,3,-3,,
5.095241e+05,"Ma(d1,d3,d4,d5)",4D,open,3,0,2,3,-2,,
5.095241e+05,"Ma(d1,d3,d4,d5)",4D,open,3,0,2,3,-1,,
5.095241e+05,"Ma(d1,d3,d4)",3D,open,3,0,2,3,0,,
5.095241e+05,"Ma(d1,d3,d4,d5)",4D,open,3,0,2,3,1,,
5.095241e+05,"Ma(d1,d3,d4,d5)",4D,open,3,0,2,3,2,,
5.095241e+05,"Ma(d1,d3,d4,d5)",4D,open,3,0,2,3,3,,
5.095241e+05,"Ma(d1,d3)",2D,closed,-3,0,-3,0,0,d1,1.9764
5.095241e+05,"Ma(d1,d3)",2D,closed,3,0,3,0,0,d1,1.9764
5.095241e+05,"Ma(d1,d3,d5)",3D,open,-3,0,-3,0,-3,,
5.095241e+05,"Ma(d1,d3,d5)",3D,open,-3,0,-3,0,-2,,
5.095241e+05,"Ma(d1,d3,d5)",3D,open,-3,0,-3,0,-1,,
5.095241e+05,"Ma(d1,d3,d5)",3D,open,-3,0,-3,0,1,,
5.095241e+05,"Ma(d1,d3,d5)",3D,open,-3,0,-3,0,2,,
5.095241e+05,"Ma(d1,d3,d5)",3D,open,-3,0,-3,0,3,,
5.095241e+05,"Ma(d1,d3,d5)",3D,open,-3,0,3,0,-3,,
5.095241e+05,"Ma(d1,d3,d5)",3D,open,-3,0,3,0,-2,,
5.095241e+05,"Ma(d1,d3,d5)",3D,open,-3,0,3,0,-1,,
5.095241e+05,"Ma(d1,d3,d5)",3D,open,-3,0,3,0,1,,
5.095241e+05,"Ma(d1,d3,d5)",3D,open,-3,0,3,0,2,,
5.095241e+05,"Ma(d1,d3,d5)",3D,open,-3,0,3,0,3,,
5.095241e+05,"Ma(d1,d3,d5)",3D,open,3,0,-3,0,-3,,
5.095241e+05,"Ma(d1,d3,d5)",3D,open,3,0,-3,0,-2,,
5.095241e+05,"Ma(d1,d3,d5)",3D,open,3,0,-3,0,-1,,
5.095241e+05,"Ma(d1,d3,d5)",3D,open,3,0,-3,0,1,,
5.095241e+05,"Ma(d1,d3,d5)",3D,open,3,0,-3,0,2,,
5.095241e+05,"Ma(d1,d3,d5)",3D,open,3,0,-3,0,3,,
5.095241e+05,"Ma(d1,d3,d5)",3D,open,3,0,3,0,-3,,
5.095241e+05,"Ma(d1,d3,d5)",3D,open,3,0,3,0,-2,,
5.095241e+05,"Ma(d1,d3,d5)",3D,open,3,0,3,0,-1,,
5.095241e+05,"Ma(d1,d3,d5)",3D,open,3,0,3,0,1,,
5.095241e+05,"Ma(d1,d3,d5)",3D,open,3,0,3,0,2,,
5.095241e+05,"Ma(d1,d3,d5)",3D,open,3,0,3,0,3,,
5.095241e+05,"Ma(d1,d3,d4,d5)",4D,open,-3,0,-3,-1,-3,,
5.095241e+05,"Ma(d1,d3,d4,d5)",4D,open,-3,0,-3,-1,-2,,
5.095241e+05,"Ma(d1,d3,d4,d5)",4D,open,-3,0,-3,-1,-1,,
5.095241e+05,"Ma(d1,d3,d4)",3D,open,-3,0,-3,-1,0,,
5.095241e+05,"Ma(d1,d3,d4,d5)",4D,open,-3,0,-3,-1,1,,
5.095241e+05,"Ma(d1,d3,d4,d5)",4D,open,-3,0,-3,-1,2,,
5.095241e+05,"Ma(d1,d3,d4,d5)",4D,open,-3,0,-3,-1,3,,
5.095241e+05,"Ma(d1,d3,d4,d5)",4D,open,-3,0,-3,1,-3,,
5.095241e+05,"Ma(d1,d3,d4,d5)",4D,open,-3,0,-3,1,-2,,
5.095241e+05,"Ma(d1,d3,d4,d5)",4D,open,-3,0,-3,1,-1,,
5.095241e+05,"Ma(d1,d3,d4)",3D,open,-3,0,-3,1,0,,
5.095241e+05,"Ma(d1,d3,d4,d5)",4D,open,-3,0,-3,1,1,,
5.095241e+05,"Ma(d1,d3,d4,d5)",4D,open,-3,0,-3,1,2,,
5.095241e+05,"Ma(d1,d3,d4,d5)",4D,open,-3,0,-3,1,3,,
5.095241e+05,"Ma(d1,d3,d4,d5)",4D,open,-3,0,3,-1,-3,,
5.095241e+05,"Ma(d1,d3,d4,d5)",4D,open,-3,0,3,-1,-2,,
5.095241e+05,"Ma(d1,d3,d4,d5)",4D,open,-3,0,3,-1,-1,,
5.095241e+05,"Ma(d1,d3,d4)",3D,open,-3,0,3,-1,0,,
5.095241e+05,"Ma(d1,d3,d4,d5)",4D,open,-3,0,3,-1,1,,
5.095241e+05,"Ma(d1,d3,d4,d5)",4D,open,-3,0,3,-1,2,,
5.095241e+05,"Ma(d1,d3,d4,d5)",4D,open,-3,0,3,-1,3,,
5.095241e+05,"Ma(d1,d3,d4,d5)",4D,open,-3,0,3,1,-3,,
5.095241e+05,"Ma(d1,d3,d4,d5)",4D,open,-3,0,3,1,-2,,
5.095241e+05,"Ma(d1,d3,d4,d5)",4D,open,-3,0,3,1,-1,,
5.095241e+05,"Ma(d1,d3,d4)",3D,open,-3,0,3,1,0,,
5.095241e+05,"Ma(d1,d3,d4,d5)",4D,open,-3,0,3,1,1,,
5.095241e+05,"Ma(d1,d3,d4,d5)",4D,open,-3,0,3,1,2,,
5.095241e+05,"Ma(d1,d3,d4,d5)",4D,open,-3,0,3,1,3,,
5.095241e+05,"Ma(d1,d3,d4,d5)",4D,open,3,0,-3,-1,-3,,
5.095241e+05,"Ma(d1,d3,d4,d5)",4D,open,3,0,-3,-1,-2,,
5.095241e+05,"Ma(d1,d3,d4,d5)",4D,open,3,0,-3,-1,-1,,
5.095241e+05,"Ma(d1,d3,d4)",3D,open,3,0,-3,-1,0,,
5.095241e+05,"Ma(d1,d3,d4,d5)",4D,open,3,0,-3,-1,1,,
5.095241e+05,"Ma(d1,d3,d4,d5)",4D,open,3,0,-3,-1,2,,
5.095241e+05,"Ma(d1,d3,d4,d5)",4D,open,3,0,-3,-1,3,,
5.095241e+05,"Ma(d1,d3,d4,d5)",4D,open,3,0,-3,1,-3,,
5.095241e+05,"Ma(d1,d3,d4,d5)",4D,open,3,0,-3,1,-2,,
5.095241e+05,"Ma(d1,d3,d4,d5)",4D,open,3,0,-3,1,-1,,
5.095241e+05,"Ma(d1,d3,d4)",3D,open,3,0,-3,1,0,,
5.095241e+05,"Ma(d1,d3,d4,d5)",4D,open,3,0,-3,1,1,,
5.095241e+05,"Ma(d1,d3,d4,d5)",4D,open,3,0,-3,1,2,,
5.095241e+05,"Ma(d1,d3,d4,d5)",4D,open,3,0,-3,1,3,,
5.095241e+05,"Ma(d1,d3,d4,d5)",4D,open,3,0,3,-1,-3,,
5.095241e+05,"Ma(d1,d3,d4,d5)",4D,open,3,0,3,-1,-2,,
5.095241e+05,"Ma(d1,d3,d4,d5)",4D,open,3,0,3,-1,-1,,
5.095241e+05,"Ma(d1,d3,d4)",3D,open,3,0,3,-1,0,,
5.095241e+05,"Ma(d1,d3,d4,d5)",4D,open,3,0,3,-1,1,,
5.095241e+05,"Ma(d1,d3,d4,d5)",4D,open,3,0,3,-1,2,,
5.095241e+05,"Ma(d1,d3,d4,d5)",4D,open,3,0,3,-1,3,,
5.095241e+05,"Ma(d1,d3,d4,d5)",4D,open,3,0,3,1,-3,,
5.095241e+05,"Ma(d1,d3,d4,d5)",4D,open,3,0,3,1,-2,,
5.095241e+05,"Ma(d1,d3,d4,d5)",4D,open,3,0,3,1,-1,,
5.095241e+05,"Ma(d1,d3,d4)",3D,open,3,0,3,1,0,,
5.095241e+05,"Ma(d1,d3,d4,d5)",4D,open,3,0,3,1,1,,
5.095241e+05,"Ma(d1,d3,d4,d5)",4D,open,3,0,3,1,2,,
5.095241e+05,"Ma(d1,d3,d4,d5)",4D,open,3,0,3,1,3,,
5.095241e+05,"Ma(d1,d3,d4,d5)",4D,open,-3,0,-3,-2,-3,,
5.095241e+05,"Ma(d1,d3,d4,d5)",4D,open,-3,0,-3,-2,-2,,
5.095241e+05,"Ma(d1,d3,d4,d5)",4D,open,-3,0,-3,-2,-1,,
5.095241e+05,"Ma(d1,d3,d4)",3D,open,-3,0,-3,-2,0,,
5.095241e+05,"Ma(d1,d3,d4,d5)",4D,open,-3,0,-3,-2,1,,
5.095241e+05,"Ma(d1,d3,d4,d5)",4D,open,-3,0,-3,-2,2,,
5.095241e+05,"Ma(d1,d3,d4,d5)",4D,open,-3,0,-3,-2,3,,
5.095241e+05,"Ma(d1,d3,d4,d5)",4D,open,-3,0,-3,2,-3,,
5.095241e+05,"Ma(d1,d3,d4,d5)",4D,open,-3,0,-3,2,-2,,
5.095241e+05,"Ma(d1,d3,d4,d5)",4D,open,-3,0,-3,2,-1,,
5.095241e+05,"Ma(d1,d3,d4)",3D,open,-3,0,-3,2,0,,
5.095241e+05,"Ma(d1,d3,d4,d5)",4D,open,-3,0,-3,2,1,,
5.095241e+05,"Ma(d1,d3,d4,d5)",4D,open,-3,0,-3,2,2,,
5.095241e+05,"Ma(d1,d3,d4,d5)",4D,open,-3,0,-3,2,3,,
5.095241e+05,"Ma(d1,d3,d4,d5)",4D,open,-3,0,3,-2,-3,,
5.095241e+05,"Ma(d1,d3,d4,d5)",4D,open,-3,0,3,-2,-2,,
5.095241e+05,"Ma(d1,d3,d4,d5)",4D,open,-3,0,3,-2,-1,,
5.095241e+05,"Ma(d1,d3,d4)",3D,open,-3,0,3,-2,0,,
5.095241e+05,"Ma(d1,d3,d4,d5)",4D,open,-3,0,3,-2,1,,
5.095241e+05,"Ma(d1,d3,d4,d5)",4D,open,-3,0,3,-2,2,,
5.095241e+05,"Ma(d1,d3,d4,d5)",4D,open,-3,0,3,-2,3,,
5.095241e+05,"Ma(d1,d3,d4,d5)",4D,open,-3,0,3,2,-3,,
5.095241e+05,"Ma(d1,d3,d4,d5)",4D,open,-3,0,3,2,-2,,
5.095241e+05,"Ma(d1,d3,d4,d5)",4D,open,-3,0,3,2,-1,,
5.095241e+05,"Ma(d1,d3,d4)",3D,open,-3,0,3,2,0,,
5.095241e+05,"Ma(d1,d3,d4,d5)",4D,open,-3,0,3,2,1,,
5.095241e+05,"Ma(d1,d3,d4,d5)",4D,open,-3,0,3,2,2,,
5.095241e+05,"Ma(d1,d3,d4,d5)",4D,open,-3,0,3,2,3,,
5.095241e+05,"Ma(d1,d3,d4,d5)",4D,open,3,0,-3,-2,-3,,
5.095241e+05,"Ma(d1,d3,d4,d5)",4D,open,3,0,-3,-2,-2,,
5.095241e+05,"Ma(d1,d3,d4,d5)",4D,open,3,0,-3,-2,-1,,
5.095241e+05,"Ma(d1,d3,d4)",3D,open,3,0,-3,-2,0,,
5.095241e+05,"Ma(d1,d3,d4,d5)",4D,open,3,0,-3,-2,1,,
5.095241e+05,"Ma(d1,d3,d4,d5)",4D,open,3,0,-3,-2,2,,
5.095241e+05,"Ma(d1,d3,d4,d5)",4D,open,3,0,-3,-2,3,,
5.095241e+05,"Ma(d1,d3,d4,d5)",4D,open,3,0,-3,2,-3,,
5.095241e+05,"Ma(d1,d3,d4,d5)",4D,open,3,0,-3,2,-2,,
5.095241e+05,"Ma(d1,d3,d4,d5)",4D,open,3,0,-3,2,-1,,
5.095241e+05,"Ma(d1,d3,d4)",3D,open,3,0,-3,2,0,,
5.095241e+05,"Ma(d1,d3,d4,d5)",4D,open,3,0,-3,2,1,,
5.095241e+05,"Ma(d1,d3,d4,d5)",4D,open,3,0,-3,2,2,,
5.095241e+05,"Ma(d1,d3,d4,d5)",4D,open,3,0,-3,2,3,,
5.095241e+05,"Ma(d1,d3,d4,d5)",4D,open,3,0,3,-2,-3,,
5.095241e+05,"Ma(d1,d3,d4,d5)",4D,open,3,0,3,-2,-2,,
5.095241e+05,"Ma(d1,d3,d4,d5)",4D,open,3,0,3,-2,-1,,
5.095241e+05,"Ma(d1,d3,d4)",3D,open,3,0,3,-2,0,,
5.095241e+05,"Ma(d1,d3,d4,d5)",4D,open,3,0,3,-2,1,,
5.095241e+05,"Ma(d1,d3,d4,d5)",4D,open,3,0,3,-2,2,,
5.095241e+05,"Ma(d1,d3,d4,d5)",4D,open,3,0,3,-2,3,,
5.095241e+05,"Ma(d1,d3,d4,d5)",4D,open,3,0,3,2,-3,,
5.095241e+05,"Ma(d1,d3,d4,d5)",4D,open,3,0,3,2,-2,,
5.095241e+05,"Ma(d1,d3,d4,d5)",4D,open,3,0,3,2,-1,,
5.095241e+05,"Ma(d1,d3,d4)",3D,open,3,0,3,2,0,,
5.095241e+05,"Ma(d1,d3,d4,d5)",4D,open,3,0,3,2,1,,
5.095241e+05,"Ma(d1,d3,d4,d5)",4D,open,3,0,3,2,2,,
5.095241e+05,"Ma(d1,d3,d4,d5)",4D,open,3,0,3,2,3,,
5.095241e+05,"Ma(d1,d3,d4,d5)",4D,open,-3,0,-3,-3,-3,,
5.095241e+05,"Ma(d1,d3,d4,d5)",4D,open,-3,0,-3,-3,-2,,
5.095241e+05,"Ma(d1,d3,d4,d5)",4D,open,-3,0,-3,-3,-1,,
5.095241e+05,"Ma(d1,d3,d4)",3D,open,-3,0,-3,-3,0,,
5.095241e+05,"Ma(d1,d3,d4,d5)",4D,open,-3,0,-3,-3,1,,
5.095241e+05,"Ma(d1,d3,d4,d5)",4D,open,-3,0,-3,-3,2,,
5.095241e+05,"Ma(d1,d3,d4,d5)",4D,open,-3,0,-3,-3,3,,
5.095241e+05,"Ma(d1,d3,d4,d5)",4D,open,-3,0,-3,3,-3,,
5.095241e+05,"Ma(d1,d3,d4,d5)",4D,open,-3,0,-3,3,-2,,
5.095241e+05,"Ma(d1,d3,d4,d5)",4D,open,-3,0,-3,3,-1,,
5.095241e+05,"Ma(d1,d3,d4)",3D,open,-3,0,-3,3,0,,
5.095241e+05,"Ma(d1,d3,d4,d5)",4D,open,-3,0,-3,3,1,,
5.095241e+05,"Ma(d1,d3,d4,d5)",4D,open,-3,0,-3,3,2,,
5.095241e+05,"Ma(d1,d3,d4,d5)",4D,open,-3,0,-3,3,3,,
5.095241e+05,"Ma(d1,d3,d4,d5)",4D,open,-3,0,3,-3,-3,,
5.095241e+05,"Ma(d1,d3,d4,d5)",4D,open,-3,0,3,-3,-2,,
5.095241e+05,"Ma(d1,d3,d4,d5)",4D,open,-3,0,3,-3,-1,,
5.095241e+05,"Ma(d1,d3,d4)",3D,open,-3,0,3,-3,0,,
5.095241e+05,"Ma(d1,d3,d4,d5)",4D,open,-3,0,3,-3,1,,
5.095241e+05,"Ma(d1,d3,d4,d5)",4D,open,-3,0,3,-3,2,,
5.095241e+05,"Ma(d1,d3,d4,d5)",4D,open,-3,0,3,-3,3,,
5.095241e+05,"Ma(d1,d3,d4,d5)",4D,open,-3,0,3,3,-3,,
5.095241e+05,"Ma(d1,d3,d4,d5)",4D,open,-3,0,3,3,-2,,
5.095241e+05,"Ma(d1,d3,d4,d5)",4D,open,-3,0,3,3,-1,,
5.095241e+05,"Ma(d1,d3,d4)",3D,open,-3,0,3,3,0,,
5.095241e+05,"Ma(d1,d3,d4,d5)",4D,open,-3,0,3,3,1,,
5.095241e+05,"Ma(d1,d3,d4,d5)",4D,open,-3,0,3,3,2,,
5.095241e+05,"Ma(d1,d3,d4,d5)",4D,open,-3,0,3,3,3,,
5.095241e+05,"Ma(d1,d3,d4,d5)",4D,open,3,0,-3,-3,-3,,
5.095241e+05,"Ma(d1,d3,d4,d5)",4D,open,3,0,-3,-3,-2,,
5.095241e+05,"Ma(d1,d3,d4,d5)",4D,open,3,0,-3,-3,-1,,
5.095241e+05,"Ma(d1,d3,d4)",3D,open,3,0,-3,-3,0,,
5.095241e+05,"Ma(d1,d3,d4,d5)",4D,open,3,0,-3,-3,1,,
5.095241e+05,"Ma(d1,d3,d4,d5)",4D,open,3,0,-3,-3,2,,
5.095241e+05,"Ma(d1,d3,d4,d5)",4D,open,3,0,-3,-3,3,,
5.095241e+05,"Ma(d1,d3,d4,d5)",4D,open,3,0,-3,3,-3,,
5.095241e+05,"Ma(d1,d3,d4,d5)",4D,open,3,0,-3,3,-2,,
5.095241e+05,"Ma(d1,d3,d4,d5)",4D,open,3,0,-3,3,-1,,
5.095241e+05,"Ma(d1,d3,d4)",3D,open,3,0,-3,3,0,,
5.095241e+05,"Ma(d1,d3,d4,d5)",4D,open,3,0,-3,3,1,,
5.095241e+05,"Ma(d1,d3,d4,d5)",4D,open,3,0,-3,3,2,,
5.095241e+05,"Ma(d1,d3,d4,d5)",4D,open,3,0,-3,3,3,,
5.095241e+05,"Ma(d1,d3,d4,d5)",4D,open,3,0,3,-3,-3,,
5.095241e+05,"Ma(d1,d3,d4,d5)",4D,open,3,0,3,-3,-2,,
5.095241e+05,"Ma(d1,d3,d4,d5)",4D,open,3,0,3,-3,-1,,
5.095241e+05,"Ma(d1,d3,d4)",3D,open,3,0,3,-3,0,,
5.095241e+05,"Ma(d1,d3,d4,d5)",4D,open,3,0,3,-3,1,,
5.095241e+05,"Ma(d1,d3,d4,d5)",4D,open,3,0,3,-3,2,,
5.095241e+05,"Ma(d1,d3,d4,d5)",4D,open,3,0,3,-3,3,,
5.095241e+05,"Ma(d1,d3,d4,d5)",4D,open,3,0,3,3,-3,,
5.095241e+05,"Ma(d1,d3,d4,d5)",4D,open,3,0,3,3,-2,,
5.095241e+05,"Ma(d1,d3,d4,d5)",4D,open,3,0,3,3,-1,,
5.095241e+05,"Ma(d1,d3,d4)",3D,open,3,0,3,3,0,,
5.095241e+05,"Ma(d1,d3,d4,d5)",4D,open,3,0,3,3,1,,
5.095241e+05,"Ma(d1,d3,d4,d5)",4D,open,3,0,3,3,2,,
5.095241e+05,"Ma(d1,d3,d4,d5)",4D,open,3,0,3,3,3,,
5.095241e+05,"Ma(d1,d3)",2D,closed,-3,0,3,0,0,d1,1.9764
5.095241e+05,"Ma(d1,d3)",2D,closed,3,0,-3,0,0,d1,1.9764
5.095256e+05,"Ma(d1,d2,d5)",3D,open,-3,-1,0,0,-3,,
5.095256e+05,"Ma(d1,d2,d5)",3D,open,-3,-1,0,0,-2,,
5.095256e+05,"Ma(d1,d2,d5)",3D,open,-3,-1,0,0,-1,,
5.095256e+05,"Ma(d1,d2,d5)",3D,open,-3,-1,0,0,1,,
5.095256e+05,"Ma(d1,d2,d5)",3D,open,-3,-1,0,0,2,,
5.095256e+05,"Ma(d1,d2,d5)",3D,open,-3,-1,0,0,3,,
5.095256e+05,"Ma(d1,d2,d5)",3D,open,-3,1,0,0,-3,,
5.095256e+05,"Ma(d1,d2,d5)",3D,open,-3,1,0,0,-2,,
5.095256e+05,"Ma(d1,d2,d5)",3D,open,-3,1,0,0,-1,,
5.095256e+05,"Ma(d1,d2,d5)",3D,open,-3,1,0,0,1,,
5.095256e+05,"Ma(d1,d2,d5)",3D,open,-3,1,0,0,2,,
5.095256e+05,"Ma(d1,d2,d5)",3D,open,-3,1,0,0,3,,
5.095256e+05,"Ma(d1,d2,d5)",3D,open,3,-1,0,0,-3,,
5.095256e+05,"Ma(d1,d2,d5)",3D,open,3,-1,0,0,-2,,
5.095256e+05,"Ma(d1,d2,d5)",3D,open,3,-1,0,0,-1,,
5.095256e+05,"Ma(d1,d2,d5)",3D,open,3,-1,0,0,1,,
5.095256e+05,"Ma(d1,d2,d5)",3D,open,3,-1,0,0,2,,
5.095256e+05,"Ma(d1,d2,d5)",3D,open,3,-1,0,0,3,,
5.095256e+05,"Ma(d1,d2,d5)",3D,open,3,1,0,0,-3,,
5.095256e+05,"Ma(d1,d2,d5)",3D,open,3,1,0,0,-2,,
5.095256e+05,"Ma(d1,d2,d5)",3D,open,3,1,0,0,-1,,
5.095256e+05,"Ma(d1,d2,d5)",3D,open,3,1,0,0,1,,
5.095256e+05,"Ma(d1,d2,d5)",3D,open,3,1,0,0,2,,
5.095256e+05,"Ma(d1,d2,d5)",3D,open,3,1,0,0,3,,
5.095256e+05,"Ma(d1,d2,d4,d5)",4D,open,-3,-1,0,-1,-3,,
5.095256e+05,"Ma(d1,d2,d4,d5)",4D,open,-3,-1,0,-1,-2,,
5.095256e+05,"Ma(d1,d2,d4,d5)",4D,open,-3,-1,0,-1,-1,,
5.095256e+05,"Ma(d1,d2,d4)",3D,open,-3,-1,0,-1,0,,
5.095256e+05,"Ma(d1,d2,d4,d5)",4D,open,-3,-1,0,-1,1,,
5.095256e+05,"Ma(d1,d2,d4,d5)",4D,open,-3,-1,0,-1,2,,
5.095256e+05,"Ma(d1,d2,d4,d5)",4D,open,-3,-1,0,-1,3,,
5.095256e+05,"Ma(d1,d2,d4,d5)",4D,open,-3,-1,0,1,-3,,
5.095256e+05,"Ma(d1,d2,d4,d5)",4D,open,-3,-1,0,1,-2,,
5.095256e+05,"Ma(d1,d2,d4,d5)",4D,open,-3,-1,0,1,-1,,
5.095256e+05,"Ma(d1,d2,d4)",3D,open,-3,-1,0,1,0,,
5.095256e+05,"Ma(d1,d2,d4,d5)",4D,open,-3,-1,0,1,1,,
5.095256e+05,"Ma(d1,d2,d4,d5)",4D,open,-3,-1,0,1,2,,
5.095256e+05,"Ma(d1,d2,d4,d5)",4D,open,-3,-1,0,1,3,,
5.095256e+05,"Ma(d1,d2,d4,d5)",4D,open,-3,1,0,-1,-3,,
5.095256e+05,"Ma(d1,d2,d4,d5)",4D,open,-3,1,0,-1,-2,,
5.095256e+05,"Ma(d1,d2,d4,d5)",4D,open,-3,1,0,-1,-1,,
5.095256e+05,"Ma(d1,d2,d4)",3D,open,-3,1,0,-1,0,,
5.095256e+05,"Ma(d1,d2,d4,d5)",4D,open,-3,1,0,-1,1,,
5.095256e+05,"Ma(d1,d2,d4,d5)",4D,open,-3,1,0,-1,2,,
5.095256e+05,"Ma(d1,d2,d4,d5)",4D,open,-3,1,0,-1,3,,
5.095256e+05,"Ma(d1,d2,d4,d5)",4D,open,-3,1,0,1,-3,,
5.095256e+05,"Ma(d1,d2,d4,d5)",4D,open,-3,1,0,1,-2,,
5.095256e+05,"Ma(d1,d2,d4,d5)",4D,open,-3,1,0,1,-1,,
5.095256e+05,"Ma(d1,d2,d4)",3D,open,-3,1,0,1,0,,
5.095256e+05,"Ma(d1,d2,d4,d5)",4D,open,-3,1,0,1,1,,
5.095256e+05,"Ma(d1,d2,d4,d5)",4D,open,-3,1,0,1,2,,
5.095256e+05,"Ma(d1,d2,d4,d5)",4D,open,-3,1,0,1,3,,
5.095256e+05,"Ma(d1,d2,d4,d5)",4D,open,3,-1,0,-1,-3,,
5.095256e+05,"Ma(d1,d2,d4,d5)",4D,open,3,-1,0,-1,-2,,
5.095256e+05,"Ma(d1,d2,d4,d5)",4D,open,3,-1,0,-1,-1,,
5.095256e+05,"Ma(d1,d2,d4)",3D,open,3,-1,0,-1,0,,
5.095256e+05,"Ma(d1,d2,d4,d5)",4D,open,3,-1,0,-1,1,,
5.095256e+05,"Ma(d1,d2,d4,d5)",4D,open,3,-1,0,-1,2,,
5.095256e+05,"Ma(d1,d2,d4,d5)",4D,open,3,-1,0,-1,3,,
5.095256e+05,"Ma(d1,d2,d4,d5)",4D,open,3,-1,0,1,-3,,
5.095256e+05,"Ma(d1,d2,d4,d5)",4D,open,3,-1,0,1,-2,,
5.095256e+05,"Ma(d1,d2,d4,d5)",4D,open,3,-1,0,1,-1,,
5.095256e+05,"Ma(d1,d2,d4)",3D,open,3,-1,0,1,0,,
5.095256e+05,"Ma(d1,d2,d4,d5)",4D,open,3,-1,0,1,1,,
5.095256e+05,"Ma(d1,d2,d4,d5)",4D,open,3,-1,0,1,2,,
5.095256e+05,"Ma(d1,d2,d4,d5)",4D,open,3,-1,0,1,3,,
5.095256e+05,"Ma(d1,d2,d4,d5)",4D,open,3,1,0,-1,-3,,
5.095256e+05,"Ma(d1,d2,d4,d5)",4D,open,3,1,0,-1,-2,,
5.095256e+05,"Ma(d1,d2,d4,d5)",4D,open,3,1,0,-1,-1,,
5.095256e+05,"Ma(d1,d2,d4)",3D,open,3,1,0,-1,0,,
5.095256e+05,"Ma(d1,d2,d4,d5)",4D,open,3,1,0,-1,1,,
5.095256e+05,"Ma(d1,d2,d4,d5)",4D,open,3,1,0,-1,2,,
5.095256e+05,"Ma(d1,d2,d4,d5)",4D,open,3,1,0,-1,3,,
5.095256e+05,"Ma(d1,d2,d4,d5)",4D,open,3,1,0,1,-3,,
5.095256e+05,"Ma(d1,d2,d4,d5)",4D,open,3,1,0,1,-2,,
5.095256e+05,"Ma(d1,d2,d4,d5)",4D,open,3,1,0,1,-1,,
5.095256e+05,"Ma(d1,d2,d4)",3D,open,3,1,0,1,0,,
5.095256e+05,"Ma(d1,d2,d4,d5)",4D,open,3,1,0,1,1,,
5.095256e+05,"Ma(d1,d2,d4,d5)",4D,open,3,1,0,1,2,,
5.095256e+05,"Ma(d1,d2,d4,d5)",4D,open,3,1,0,1,3,,
5.095256e+05,"Ma(d1,d2,d4,d5)",4D,open,-3,-1,0,-2,-3,,
5.095256e+05,"Ma(d1,d2,d4,d5)",4D,open,-3,-1,0,-2,-2,,
5.095256e+05,"Ma(d1,d2,d4,d5)",4D,open,-3,-1,0,-2,-1,,
5.095256e+05,"Ma(d1,d2,d4)",3D,open,-3,-1,0,-2,0,,
5.095256e+05,"Ma(d1,d2,d4,d5)",4D,open,-3,-1,0,-2,1,,
5.095256e+05,"Ma(d1,d2,d4,d5)",4D,open,-3,-1,0,-2,2,,
5.095256e+05,"Ma(d1,d2,d4,d5)",4D,open,-3,-1,0,-2,3,,
5.095256e+05,"Ma(d1,d2,d4,d5)",4D,open,-3,-1,0,2,-3,,
5.095256e+05,"Ma(d1,d2,d4,d5)",4D,open,-3,-1,0,2,-2,,
5.095256e+05,"Ma(d1,d2,d4,d5)",4D,open,-3,-1,0,2,-1,,
5.095256e+05,"Ma(d1,d2,d4)",3D,open,-3,-1,0,2,0,,
5.095256e+05,"Ma(d1,d2,d4,d5)",4D,open,-3,-1,0,2,1,,
5.095256e+05,"Ma(d1,d2,d4,d5)",4D,open,-3,-1,0,2,2,,
5.095256e+05,"Ma(d1,d2,d4,d5)",4D,open,-3,-1,0,2,3,,
5.095256e+05,"Ma(d1,d2,d4,d5)",4D,open,-3,1,0,-2,-3,,
5.095256e+05,"Ma(d1,d2,d4,d5)",4D,open,-3,1,0,-2,-2,,
5.095256e+05,"Ma(d1,d2,d4,d5)",4D,open,-3,1,0,-2,-1,,
5.095256e+05,"Ma(d1,d2,d4)",3D,open,-3,1,0,-2,0,,
5.095256e+05,"Ma(d1,d2,d4,d5)",4D,open,-3,1,0,-2,1,,
5.095256e+05,"Ma(d1,d2,d4,d5)",4D,open,-3,1,0,-2,2,,
5.095256e+05,"Ma(d1,d2,d4,d5)",4D,open,-3,1,0,-2,3,,
5.095256e+05,"Ma(d1,d2,d4,d5)",4D,open,-3,1,0,2,-3,,
5.095256e+05,"Ma(d1,d2,d4,d5)",4D,open,-3,1,0,2,-2,,
5.095256e+05,"Ma(d1,d2,d4,d5)",4D,open,-3,1,0,2,-1,,
5.095256e+05,"Ma(d1,d2,d4)",3D,open,-3,1,0,2,0,,
5.095256e+05,"Ma(d1,d2,d4,d5)",4D,open,-3,1,0,2,1,,
5.095256e+05,"Ma(d1,d2,d4,d5)",4D,open,-3,1,0,2,2,,
5.095256e+05,"Ma(d1,d2,d4,d5)",4D,open,-3,1,0,2,3,,
5.095256e+05,"Ma(d1,d2,d4,d5)",4D,open,3,-1,0,-2,-3,,
5.095256e+05,"Ma(d1,d2,d4,d5)",4D,open,3,-1,0,-2,-2,,
5.095256e+05,"Ma(d1,d2,d4,d5)",4D,open,3,-1,0,-2,-1,,
5.095256e+05,"Ma(d1,d2,d4)",3D,open,3,-1,0,-2,0,,
5.095256e+05,"Ma(d1,d2,d4,d5)",4D,open,3,-1,0,-2,1,,
5.095256e+05,"Ma(d1,d2,d4,d5)",4D,open,3,-1,0,-2,2,,
5.095256e+05,"Ma(d1,d2,d4,d5)",4D,open,3,-1,0,-2,3,,
5.095256e+05,"Ma(d1,d2,d4,d5)",4D,open,3,-1,0,2,-3,,
5.095256e+05,"Ma(d1,d2,d4,d5)",4D,open,3,-1,0,2,-2,,
5.095256e+05,"Ma(d1,d2,d4,d5)",4D,open,3,-1,0,2,-1,,
5.095256e+05,"Ma(d1,d2,d4)",3D,open,3,-1,0,2,0,,
5.095256e+05,"Ma(d1,d2,d4,d5)",4D,open,3,-1,0,2,1,,
5.095256e+05,"Ma(d1,d2,d4,d5)",4D,open,3,-1,0,2,2,,
5.095256e+05,"Ma(d1,d2,d4,d5)",4D,open,3,-1,0,2,3,,
5.095256e+05,"Ma(d1,d2,d4,d5)",4D,open,3,1,0,-2,-3,,
5.095256e+05,"Ma(d1,d2,d4,d5)",4D,open,3,1,0,-2,-2,,
5.095256e+05,"Ma(d1,d2,d4,d5)",4D,open,3,1,0,-2,-1,,
5.095256e+05,"Ma(d1,d2,d4)",3D,open,3,1,0,-2,0,,
5.095256e+05,"Ma(d1,d2,d4,d5)",4D,open,3,1,0,-2,1,,
5.095256e+05,"Ma(d1,d2,d4,d5)",4D,open,3,1,0,-2,2,,
5.095256e+05,"Ma(d1,d2,d4,d5)",4D,open,3,1,0,-2,3,,
5.095256e+05,"Ma(d1,d2,d4,d5)",4D,open,3,1,0,2,-3,,
5.095256e+05,"Ma(d1,d2,d4,d5)",4D,open,3,1,0,2,-2,,
5.095256e+05,"Ma(d1,d2,d4,d5)",4D,open,3,1,0,2,-1,,
5.095256e+05,"Ma(d1,d2,d4)",3D,open,3,1,0,2,0,,
5.095256e+05,"Ma(d1,d2,d4,d5)",4D,open,3,1,0,2,1,,
5.095256e+05,"Ma(d1,d2,d4,d5)",4D,open,3,1,0,2,2,,
5.095256e+05,"Ma(d1,d2,d4,d5)",4D,open,3,1,0,2,3,,
5.095256e+05,"Ma(d1,d2,d4,d5)",4D,open,-3,-1,0,-3,-3,,
5.095256e+05,"Ma(d1,d2,d4,d5)",4D,open,-3,-1,0,-3,-2,,
5.095256e+05,"Ma(d1,d2,d4,d5)",4D,open,-3,-1,0,-3,-1,,
5.095256e+05,"Ma(d1,d2,d4)",3D,open,-3,-1,0,-3,0,,
5.095256e+05,"Ma(d1,d2,d4,d5)",4D,open,-3,-1,0,-3,1,,
5.095256e+05,"Ma(d1,d2,d4,d5)",4D,open,-3,-1,0,-3,2,,
5.095256e+05,"Ma(d1,d2,d4,d5)",4D,open,-3,-1,0,-3,3,,
5.095256e+05,"Ma(d1,d2,d4,d5)",4D,open,-3,-1,0,3,-3,,
5.095256e+05,"Ma(d1,d2,d4,d5)",4D,open,-3,-1,0,3,-2,,
5.095256e+05,"Ma(d1,d2,d4,d5)",4D,open,-3,-1,0,3,-1,,
5.095256e+05,"Ma(d1,d2,d4)",3D,open,-3,-1,0,3,0,,
5.095256e+05,"Ma(d1,d2,d4,d5)",4D,open,-3,-1,0,3,1,,
5.095256e+05,"Ma(d1,d2,d4,d5)",4D,open,-3,-1,0,3,2,,
5.095256e+05,"Ma(d1,d2,d4,d5)",4D,open,-3,-1,0,3,3,,
5.095256e+05,"Ma(d1,d2,d4,d5)",4D,open,-3,1,0,-3,-3,,
5.095256e+05,"Ma(d1,d2,d4,d5)",4D,open,-3,1,0,-3,-2,,
5.095256e+05,"Ma(d1,d2,d4,d5)",4D,open,-3,1,0,-3,-1,,
5.095256e+05,"Ma(d1,d2,d4)",3D,open,-3,1,0,-3,0,,
5.095256e+05,"Ma(d1,d2,d4,d5)",4D,open,-3,1,0,-3,1,,
5.095256e+05,"Ma(d1,d2,d4,d5)",4D,open,-3,1,0,-3,2,,
5.095256e+05,"Ma(d1,d2,d4,d5)",4D,open,-3,1,0,-3,3,,
5.095256e+05,"Ma(d1,d2,d4,d5)",4D,open,-3,1,0,3,-3,,
5.095256e+05,"Ma(d1,d2,d4,d5)",4D,open,-3,1,0,3,-2,,
5.095256e+05,"Ma(d1,d2,d4,d5)",4D,open,-3,1,0,3,-1,,
5.095256e+05,"Ma(d1,d2,d4)",3D,open,-3,1,0,3,0,,
5.095256e+05,"Ma(d1,d2,d4,d5)",4D,open,-3,1,0,3,1,,
5.095256e+05,"Ma(d1,d2,d4,d5)",4D,open,-3,1,0,3,2,,
5.095256e+05,"Ma(d1,d2,d4,d5)",4D,open,-3,1,0,3,3,,
5.095256e+05,"Ma(d1,d2,d4,d5)",4D,open,3,-1,0,-3,-3,,
5.095256e+05,"Ma(d1,d2,d4,d5)",4D,open,3,-1,0,-3,-2,,
5.095256e+05,"Ma(d1,d2,d4,d5)",4D,open,3,-1,0,-3,-1,,
5.095256e+05,"Ma(d1,d2,d4)",3D,open,3,-1,0,-3,0,,
5.095256e+05,"Ma(d1,d2,d4,d5)",4D,open,3,-1,0,-3,1,,
5.095256e+05,"Ma(d1,d2,d4,d5)",4D,open,3,-1,0,-3,2,,
5.095256e+05,"Ma(d1,d2,d4,d5)",4D,open,3,-1,0,-3,3,,
5.095256e+05,"Ma(d1,d2,d4,d5)",4D,open,3,-1,0,3,-3,,
5.095256e+05,"Ma(d1,d2,d4,d5)",4D,open,3,-1,0,3,-2,,
5.095256e+05,"Ma(d1,d2,d4,d5)",4D,open,3,-1,0,3,-1,,
5.095256e+05,"Ma(d1,d2,d4)",3D,open,3,-1,0,3,0,,
5.095256e+05,"Ma(d1,d2,d4,d5)",4D,open,3,-1,0,3,1,,
5.095256e+05,"Ma(d1,d2,d4,d5)",4D,open,3,-1,0,3,2,,
5.095256e+05,"Ma(d1,d2,d4,d5)",4D,open,3,-1,0,3,3,,
5.095256e+05,"Ma(d1,d2,d4,d5)",4D,open,3,1,0,-3,-3,,
5.095256e+05,"Ma(d1,d2,d4,d5)",4D,open,3,1,0,-3,-2,,
5.095256e+05,"Ma(d1,d2,d4,d5)",4D,open,3,1,0,-3,-1,,
5.095256e+05,"Ma(d1,d2,d4)",3D,open,3,1,0,-3,0,,
5.095256e+05,"Ma(d1,d2,d4,d5)",4D,open,3,1,0,-3,1,,
5.095256e+05,"Ma(d1,d2,d4,d5)",4D,open,3,1,0,-3,2,,
5.095256e+05,"Ma(d1,d2,d4,d5)",4D,open,3,1,0,-3,3,,
5.095256e+05,"Ma(d1,d2,d4,d5)",4D,open,3,1,0,3,-3,,
5.095256e+05,"Ma(d1,d2,d4,d5)",4D,open,3,1,0,3,-2,,
5.095256e+05,"Ma(d1,d2,d4,d5)",4D,open,3,1,0,3,-1,,
5.095256e+05,"Ma(d1,d2,d4)",3D,open,3,1,0,3,0,,
5.095256e+05,"Ma(d1,d2,d4,d5)",4D,open,3,1,0,3,1,,
5.095256e+05,"Ma(d1,d2,d4,d5)",4D,open,3,1,0,3,2,,
5.095256e+05,"Ma(d1,d2,d4,d5)",4D,open,3,1,0,3,3,,
5.095256e+05,"Ma(d1,d2,d3,d5)",4D,open,-3,-1,-1,0,-3,,
5.095256e+05,"Ma(d1,d2,d3,d5)",4D,open,-3,-1,-1,0,-2,,
5.095256e+05,"Ma(d1,d2,d3,d5)",4D,open,-3,-1,-1,0,-1,,
5.095256e+05,"Ma(d1,d2,d3)",3D,open,-3,-1,-1,0,0,,
5.095256e+05,"Ma(d1,d2,d3,d5)",4D,open,-3,-1,-1,0,1,,
5.095256e+05,"Ma(d1,d2,d3,d5)",4D,open,-3,-1,-1,0,2,,
5.095256e+05,"Ma(d1,d2,d3,d5)",4D,open,-3,-1,-1,0,3,,
5.095256e+05,"Ma(d1,d2,d3,d5)",4D,open,-3,-1,1,0,-3,,
5.095256e+05,"Ma(d1,d2,d3,d5)",4D,open,-3,-1,1,0,-2,,
5.095256e+05,"Ma(d1,d2,d3,d5)",4D,open,-3,-1,1,0,-1,,
5.095256e+05,"Ma(d1,d2,d3)",3D,open,-3,-1,1,0,0,,
5.095256e+05,"Ma(d1,d2,d3,d5)",4D,open,-3,-1,1,0,1,,
5.095256e+05,"Ma(d1,d2,d3,d5)",4D,open,-3,-1,1,0,2,,
5.095256e+05,"Ma(d1,d2,d3,d5)",4D,open,-3,-1,1,0,3,,
5.095256e+05,"Ma(d1,d2,d3,d5)",4D,open,-3,1,-1,0,-3,,
5.095256e+05,"Ma(d1,d2,d3,d5)",4D,open,-3,1,-1,0,-2,,
5.095256e+05,"Ma(d1,d2,d3,d5)",4D,open,-3,1,-1,0,-1,,
5.095256e+05,"Ma(d1,d2,d3)",3D,open,-3,1,-1,0,0,,
5.095256e+05,"Ma(d1,d2,d3,d5)",4D,open,-3,1,-1,0,1,,
5.095256e+05,"Ma(d1,d2,d3,d5)",4D,open,-3,1,-1,0,2,,
5.095256e+05,"Ma(d1,d2,d3,d5)",4D,open,-3,1,-1,0,3,,
5.095256e+05,"Ma(d1,d2,d3,d5)",4D,open,-3,1,1,0,-3,,
5.095256e+05,"Ma(d1,d2,d3,d5)",4D,open,-3,1,1,0,-2,,
5.095256e+05,"Ma(d1,d2,d3,d5)",4D,open,-3,1,1,0,-1,,
5.095256e+05,"Ma(d1,d2,d3)",3D,open,-3,1,1,0,0,,
5.095256e+05,"Ma(d1,d2,d3,d5)",4D,open,-3,1,1,0,1,,
5.095256e+05,"Ma(d1,d2,d3,d5)",4D,open,-3,1,1,0,2,,
5.095256e+05,"Ma(d1,d2,d3,d5)",4D,open,-3,1,1,0,3,,
5.095256e+05,"Ma(d1,d2,d3,d5)",4D,open,3,-1,-1,0,-3,,
5.095256e+05,"Ma(d1,d2,d3,d5)",4D,open,3,-1,-1,0,-2,,
5.095256e+05,"Ma(d1,d2,d3,d5)",4D,open,3,-1,-1,0,-1,,
5.095256e+05,"Ma(d1,d2,d3)",3D,open,3,-1,-1,0,0,,
5.095256e+05,"Ma(d1,d2,d3,d5)",4D,open,3,-1,-1,0,1,,
5.095256e+05,"Ma(d1,d2,d3,d5)",4D,open,3,-1,-1,0,2,,
5.095256e+05,"Ma(d1,d2,d3,d5)",4D,open,3,-1,-1,0,3,,
5.095256e+05,"Ma(d1,d2,d3,d5)",4D,open,3,-1,1,0,-3,,
5.095256e+05,"Ma(d1,d2,d3,d5)",4D,open,3,-1,1,0,-2,,
5.095256e+05,"Ma(d1,d2,d3,d5)",4D,open,3,-1,1,0,-1,,
5.095256e+05,"Ma(d1,d2,d3)",3D,open,3,-1,1,0,0,,
5.095256e+05,"Ma(d1,d2,d3,d5)",4D,open,3,-1,1,0,1,,
5.095256e+05,"Ma(d1,d2,d3,d5)",4D,open,3,-1,1,0,2,,
5.095256e+05,"Ma(d1,d2,d3,d5)",4D,open,3,-1,1,0,3,,
5.095256e+05,"Ma(d1,d2,d3,d5)",4D,open,3,1,-1,0,-3,,
5.095256e+05,"Ma(d1,d2,d3,d5)",4D,open,3,1,-1,0,-2,,
5.095256e+05,"Ma(d1,d2,d3,d5)",4D,open,3,1,-1,0,-1,,
5.095256e+05,"Ma(d1,d2,d3)",3D,open,3,1,-1,0,0,,
5.095256e+05,"Ma(d1,d2,d3,d5)",4D,open,3,1,-1,0,1,,
5.095256e+05,"Ma(d1,d2,d3,d5)",4D,open,3,1,-1,0,2,,
5.095256e+05,"Ma(d1,d2,d3,d5)",4D,open,3,1,-1,0,3,,
5.095256e+05,"Ma(d1,d2,d3,d5)",4D,open,3,1,1,0,-3,,
5.095256e+05,"Ma(d1,d2,d3,d5)",4D,open,3,1,1,0,-2,,
5.095256e+05,"Ma(d1,d2,d3,d5)",4D,open,3,1,1,0,-1,,
5.095256e+05,"Ma(d1,d2,d3)",3D,open,3,1,1,0,0,,
5.095256e+05,"Ma(d1,d2,d3,d5)",4D,open,3,1,1,0,1,,
5.095256e+05,"Ma(d1,d2,d3,d5)",4D,open,3,1,1,0,2,,
5.095256e+05,"Ma(d1,d2,d3,d5)",4D,open,3,1,1,0,3,,
5.095256e+05,"Ma(d1,d2,d3,d4,d5)",5D,open,-3,-1,-1,-1,-3,,
5.095256e+05,"Ma(d1,d2,d3,d4,d5)",5D,open,-3,-1,-1,-1,-2,,
5.095256e+05,"Ma(d1,d2,d3,d4,d5)",5D,open,-3,-1,-1,-1,-1,,
5.095256e+05,"Ma(d1,d2,d3,d4)",4D,open,-3,-1,-1,-1,0,,
5.095256e+05,"Ma(d1,d2,d3,d4,d5)",5D,open,-3,-1,-1,-1,1,,
5.095256e+05,"Ma(d1,d2,d3,d4,d5)",5D,open,-3,-1,-1,-1,2,,
5.095256e+05,"Ma(d1,d2,d3,d4,d5)",5D,open,-3,-1,-1,-1,3,,
5.095256e+05,"Ma(d1,d2,d3,d4,d5)",5D,open,-3,-1,-1,1,-3,,
5.095256e+05,"Ma(d1,d2,d3,d4,d5)",5D,open,-3,-1,-1,1,-2,,
5.095256e+05,"Ma(d1,d2,d3,d4,d5)",5D,open,-3,-1,-1,1,-1,,
5.095256e+05,"Ma(d1,d2,d3,d4)",4D,open,-3,-1,-1,1,0,,
5.095256e+05,"Ma(d1,d2,d3,d4,d5)",5D,open,-3,-1,-1,1,1,,
5.095256e+05,"Ma(d1,d2,d3,d4,d5)",5D,open,-3,-1,-1,1,2,,
5.095256e+05,"Ma(d1,d2,d3,d4,d5)",5D,open,-3,-1,-1,1,3,,
5.095256e+05,"Ma(d1,d2,d3,d4,d5)",5D,open,-3,-1,1,-1,-3,,
5.095256e+05,"Ma(d1,d2,d3,d4,d5)",5D,open,-3,-1,1,-1,-2,,
5.095256e+05,"Ma(d1,d2,d3,d4,d5)",5D,open,-3,-1,1,-1,-1,,
5.095256e+05,"Ma(d1,d2,d3,d4)",4D,open,-3,-1,1,-1,0,,
5.095256e+05,"Ma(d1,d2,d3,d4,d5)",5D,open,-3,-1,1,-1,1,,
5.095256e+05,"Ma(d1,d2,d3,d4,d5)",5D,open,-3,-1,1,-1,2,,
5.095256e+05,"Ma(d1,d2,d3,d4,d5)",5D,open,-3,-1,1,-1,3,,
5.095256e+05,"Ma(d1,d2,d3,d4,d5)",5D,open,-3,-1,1,1,-3,,
5.095256e+05,"Ma(d1,d2,d3,d4,d5)",5D,open,-3,-1,1,1,-2,,
5.095256e+05,"Ma(d1,d2,d3,d4,d5)",5D,open,-3,-1,1,1,-1,,
5.095256e+05,"Ma(d1,d2,d3,d4)",4D,open,-3,-1,1,1,0,,
5.095256e+05,"Ma(d1,d2,d3,d4,d5)",5D,open,-3,-1,1,1,1,,
5.095256e+05,"Ma(d1,d2,d3,d4,d5)",5D,open,-3,-1,1,1,2,,
5.095256e+05,"Ma(d1,d2,d3,d4,d5)",5D,open,-3,-1,1,1,3,,
5.095256e+05,"Ma(d1,d2,d3,d4,d5)",5D,open,-3,1,-1,-1,-3,,
5.095256e+05,"Ma(d1,d2,d3,d4,d5)",5D,open,-3,1,-1,-1,-2,,
5.095256e+05,"Ma(d1,d2,d3,d4,d5)",5D,open,-3,1,-1,-1,-1,,
5.095256e+05,"Ma(d1,d2,d3,d4)",4D,open,-3,1,-1,-1,0,,
5.095256e+05,"Ma(d1,d2,d3,d4,d5)",5D,open,-3,1,-1,-1,1,,
5.095256e+05,"Ma(d1,d2,d3,d4,d5)",5D,open,-3,1,-1,-1,2,,
5.095256e+05,"Ma(d1,d2,d3,d4,d5)",5D,open,-3,1,-1,-1,3,,
5.095256e+05,"Ma(d1,d2,d3,d4,d5)",5D,open,-3,1,-1,1,-3,,
5.095256e+05,"Ma(d1,d2,d3,d4,d5)",5D,open,-3,1,-1,1,-2,,
5.095256e+05,"Ma(d1,d2,d3,d4,d5)",5D,open,-3,1,-1,1,-1,,
5.095256e+05,"Ma(d1,d2,d3,d4)",4D,open,-3,1,-1,1,0,,
5.095256e+05,"Ma(d1,d2,d3,d4,d5)",5D,open,-3,1,-1,1,1,,
5.095256e+05,"Ma(d1,d2,d3,d4,d5)",5D,open,-3,1,-1,1,2,,
5.095256e+05,"Ma(d1,d2,d3,d4,d5)",5D,open,-3,1,-1,1,3,,
5.095256e+05,"Ma(d1,d2,d3,d4,d5)",5D,open,-3,1,1,-1,-3,,
5.095256e+05,"Ma(d1,d2,d3,d4,d5)",5D,open,-3,1,1,-1,-2,,
5.095256e+05,"Ma(d1,d2,d3,d4,d5)",5D,open,-3,1,1,-1,-1,,
5.095256e+05,"Ma(d1,d2,d3,d4)",4D,open,-3,1,1,-1,0,,
5.095256e+05,"Ma(d1,d2,d3,d4,d5)",5D,open,-3,1,1,-1,1,,
5.095256e+05,"Ma(d1,d2,d3,d4,d5)",5D,open,-3,1,1,-1,2,,
5.095256e+05,"Ma(d1,d2,d3,d4,d5)",5D,open,-3,1,1,-1,3,,
5.095256e+05,"Ma(d1,d2,d3,d4,d5)",5D,open,-3,1,1,1,-3,,
5.095256e+05,"Ma(d1,d2,d3,d4,d5)",5D,open,-3,1,1,1,-2,,
5.095256e+05,"Ma(d1,d2,d3,d4,d5)",5D,open,-3,1,1,1,-1,,
5.095256e+05,"Ma(d1,d2,d3,d4)",4D,open,-3,1,1,1,0,,
5.095256e+05,"Ma(d1,d2,d3,d4,d5)",5D,open,-3,1,1,1,1,,
5.095256e+05,"Ma(d1,d2,d3,d4,d5)",5D,open,-3,1,1,1,2,,
5.095256e+05,"Ma(d1,d2,d3,d4,d5)",5D,open,-3,1,1,1,3,,
5.095256e+05,"Ma(d1,d2,d3,d4,d5)",5D,open,3,-1,-1,-1,-3,,
5.095256e+05,"Ma(d1,d2,d3,d4,d5)",5D,open,3,-1,-1,-1,-2,,
5.095256e+05,"Ma(d1,d2,d3,d4,d5)",5D,open,3,-1,-1,-1,-1,,
5.095256e+05,"Ma(d1,d2,d3,d4)",4D,open,3,-1,-1,-1,0,,
5.095256e+05,"Ma(d1,d2,d3,d4,d5)",5D,open,3,-1,-1,-1,1,,
5.095256e+05,"Ma(d1,d2,d3,d4,d5)",5D,open,3,-1,-1,-1,2,,
5.095256e+05,"Ma(d1,d2,d3,d4,d5)",5D,open,3,-1,-1,-1,3,,
5.095256e+05,"Ma(d1,d2,d3,d4,d5)",5D,open,3,-1,-1,1,-3,,
5.095256e+05,"Ma(d1,d2,d3,d4,d5)",5D,open,3,-1,-1,1,-2,,
5.095256e+05,"Ma(d1,d2,d3,d4,d5)",5D,open,3,-1,-1,1,-1,,
5.095256e+05,"Ma(d1,d2,d3,d4)",4D,open,3,-1,-1,1,0,,
5.095256e+05,"Ma(d1,d2,d3,d4,d5)",5D,open,3,-1,-1,1,1,,
5.095256e+05,"Ma(d1,d2,d3,d4,d5)",5D,open,3,-1,-1,1,2,,
5.095256e+05,"Ma(d1,d2,d3,d4,d5)",5D,open,3,-1,-1,1,3,,
5.095256e+05,"Ma(d1,d2,d3,d4,d5)",5D,open,3,-1,1,-1,-3,,
5.095256e+05,"Ma(d1,d2,d3,d4,d5)",5D,open,3,-1,1,-1,-2,,
5.095256e+05,"Ma(d1,d2,d3,d4,d5)",5D,open,3,-1,1,-1,-1,,
5.095256e+05,"Ma(d1,d2,d3,d4)",4D,open,3,-1,1,-1,0,,
5.095256e+05,"Ma(d1,d2,d3,d4,d5)",5D,open,3,-1,1,-1,1,,
5.095256e+05,"Ma(d1,d2,d3,d4,d5)",5D,open,3,-1,1,-1,2,,
5.095256e+05,"Ma(d1,d2,d3,d4,d5)",5D,open,3,-1,1,-1,3,,
5.095256e+05,"Ma(d1,d2,d3,d4,d5)",5D,open,3,-1,1,1,-3,,
5.095256e+05,"Ma(d1,d2,d3,d4,d5)",5D,open,3,-1,1,1,-2,,
5.095256e+05,"Ma(d1,d2,d3,d4,d5)",5D,open,3,-1,1,1,-1,,
5.095256e+05,"Ma(d1,d2,d3,d4)",4D,open,3,-1,1,1,0,,
5.095256e+05,"Ma(d1,d2,d3,d4,d5)",5D,open,3,-1,1,1,1,,
5.095256e+05,"Ma(d1,d2,d3,d4,d5)",5D,open,3,-1,1,1,2,,
5.095256e+05,"Ma(d1,d2,d3,d4,d5)",5D,open,3,-1,1,1,3,,
5.095256e+05,"Ma(d1,d2,d3,d4,d5)",5D,open,3,1,-1,-1,-3,,
5.095256e+05,"Ma(d1,d2,d3,d4,d5)",5D,open,3,1,-1,-1,-2,,
5.095256e+05,"Ma(d1,d2,d3,d4,d5)",5D,open,3,1,-1,-1,-1,,
5.095256e+05,"Ma(d1,d2,d3,d4)",4D,open,3,1,-1,-1,0,,
5.095256e+05,"Ma(d1,d2,d3,d4,d5)",5D,open,3,1,-1,-1,1,,
5.095256e+05,"Ma(d1,d2,d3,d4,d5)",5D,open,3,1,-1,-1,2,,
5.095256e+05,"Ma(d1,d2,d3,d4,d5)",5D,open,3,1,-1,-1,3,,
5.095256e+05,"Ma(d1,d2,d3,d4,d5)",5D,open,3,1,-1,1,-3,,
5.095256e+05,"Ma(d1,d2,d3,d4,d5)",5D,open,3,1,-1,1,-2,,
5.095256e+05,"Ma(d1,d2,d3,d4,d5)",5D,open,3,1,-1,1,-1,,
5.095256e+05,"Ma(d1,d2,d3,d4)",4D,open,3,1,-1,1,0,,
5.095256e+05,"Ma(d1,d2,d3,d4,d5)",5D,open,3,1,-1,1,1,,
5.095256e+05,"Ma(d1,d2,d3,d4,d5)",5D,open,3,1,-1,1,2,,
5.095256e+05,"Ma(d1,d2,d3,d4,d5)",5D,open,3,1,-1,1,3,,
5.095256e+05,"Ma(d1,d2,d3,d4,d5)",5D,open,3,1,1,-1,-3,,
5.095256e+05,"Ma(d1,d2,d3,d4,d5)",5D,open,3,1,1,-1,-2,,
5.095256e+05,"Ma(d1,d2,d3,d4,d5)",5D,open,3,1,1,-1,-1,,
5.095256e+05,"Ma(d1,d2,d3,d4)",4D,open,3,1,1,-1,0,,
5.095256e+05,"Ma(d1,d2,d3,d4,d5)",5D,open,3,1,1,-1,1,,
5.095256e+05,"Ma(d1,d2,d3,d4,d5)",5D,open,3,1,1,-1,2,,
5.095256e+05,"Ma(d1,d2,d3,d4,d5)",5D,open,3,1,1,-1,3,,
5.095256e+05,"Ma(d1,d2,d3,d4,d5)",5D,open,3,1,1,1,-3,,
5.095256e+05,"Ma(d1,d2,d3,d4,d5)",5D,open,3,1,1,1,-2,,
5.095256e+05,"Ma(d1,d2,d3,d4,d5)",5D,open,3,1,1,1,-1,,
5.095256e+05,"Ma(d1,d2,d3,d4)",4D,open,3,1,1,1,0,,
5.095256e+05,"Ma(d1,d2,d3,d4,d5)",5D,open,3,1,1,1,1,,
5.095256e+05,"Ma(d1,d2,d3,d4,d5)",5D,open,3,1,1,1,2,,
5.095256e+05,"Ma(d1,d2,d3,d4,d5)",5D,open,3,1,1,1,3,,
5.095256e+05,"Ma(d1,d2,d3,d4,d5)",5D,open,-3,-1,-1,-2,-3,,
5.095256e+05,"Ma(d1,d2,d3,d4,d5)",5D,open,-3,-1,-1,-2,-2,,
5.095256e+05,"Ma(d1,d2,d3,d4,d5)",5D,open,-3,-1,-1,-2,-1,,
5.095256e+05,"Ma(d1,d2,d3,d4)",4D,open,-3,-1,-1,-2,0,,
5.095256e+05,"Ma(d1,d2,d3,d4,d5)",5D,open,-3,-1,-1,-2,1,,
5.095256e+05,"Ma(d1,d2,d3,d4,d5)",5D,open,-3,-1,-1,-2,2,,
5.095256e+05,"Ma(d1,d2,d3,d4,d5)",5D,open,-3,-1,-1,-2,3,,
5.095256e+05,"Ma(d1,d2,d3,d4,d5)",5D,open,-3,-1,-1,2,-3,,
5.095256e+05,"Ma(d1,d2,d3,d4,d5)",5D,open,-3,-1,-1,2,-2,,
5.095256e+05,"Ma(d1,d2,d3,d4,d5)",5D,open,-3,-1,-1,2,-1,,
5.095256e+05,"Ma(d1,d2,d3,d4)",4D,open,-3,-1,-1,2,0,,
5.095256e+05,"Ma(d1,d2,d3,d4,d5)",5D,open,-3,-1,-1,2,1,,
5.095256e+05,"Ma(d1,d2,d3,d4,d5)",5D,open,-3,-1,-1,2,2,,
5.095256e+05,"Ma(d1,d2,d3,d4,d5)",5D,open,-3,-1,-1,2,3,,
5.095256e+05,"Ma(d1,d2,d3,d4,d5)",5D,open,-3,-1,1,-2,-3,,
5.095256e+05,"Ma(d1,d2,d3,d4,d5)",5D,open,-3,-1,1,-2,-2,,
5.095256e+05,"Ma(d1,d2,d3,d4,d5)",5D,open,-3,-1,1,-2,-1,,
5.095256e+05,"Ma(d1,d2,d3,d4)",4D,open,-3,-1,1,-2,0,,
5.095256e+05,"Ma(d1,d2,d3,d4,d5)",5D,open,-3,-1,1,-2,1,,
5.095256e+05,"Ma(d1,d2,d3,d4,d5)",5D,open,-3,-1,1,-2,2,,
5.095256e+05,"Ma(d1,d2,d3,d4,d5)",5D,open,-3,-1,1,-2,3,,
5.095256e+05,"Ma(d1,d2,d3,d4,d5)",5D,open,-3,-1,1,2,-3,,
5.095256e+05,"Ma(d1,d2,d3,d4,d5)",5D,open,-3,-1,1,2,-2,,
5.095256e+05,"Ma(d1,d2,d3,d4,d5)",5D,open,-3,-1,1,2,-1,,
5.095256e+05,"Ma(d1,d2,d3,d4)",4D,open,-3,-1,1,2,0,,
5.095256e+05,"Ma(d1,d2,d3,d4,d5)",5D,open,-3,-1,1,2,1,,
5.095256e+05,"Ma(d1,d2,d3,d4,d5)",5D,open,-3,-1,1,2,2,,
5.095256e+05,"Ma(d1,d2,d3,d4,d5)",5D,open,-3,-1,1,2,3,,
5.095256e+05,"Ma(d1,d2,d3,d4,d5)",5D,open,-3,1,-1,-2,-3,,
5.095256e+05,"Ma(d1,d2,d3,d4,d5)",5D,open,-3,1,-1,-2,-2,,
5.095256e+05,"Ma(d1,d2,d3,d4,d5)",5D,open,-3,1,-1,-2,-1,,
5.095256e+05,"Ma(d1,d2,d3,d4)",4D,open,-3,1,-1,-2,0,,
5.095256e+05,"Ma(d1,d2,d3,d4,d5)",5D,open,-3,1,-1,-2,1,,
5.095256e+05,"Ma(d1,d2,d3,d4,d5)",5D,open,-3,1,-1,-2,2,,
5.095256e+05,"Ma(d1,d2,d3,d4,d5)",5D,open,-3,1,-1,-2,3,,
5.095256e+05,"Ma(d1,d2,d3,d4,d5)",5D,open,-3,1,-1,2,-3,,
5.095256e+05,"Ma(d1,d2,d3,d4,d5)",5D,open,-3,1,-1,2,-2,,
5.095256e+05,"Ma(d1,d2,d3,d4,d5)",5D,open,-3,1,-1,2,-1,,
5.095256e+05,"Ma(d1,d2,d3,d4)",4D,open,-3,1,-1,2,0,,
5.095256e+05,"Ma(d1,d2,d3,d4,d5)",5D,open,-3,1,-1,2,1,,
5.095256e+05,"Ma(d1,d2,d3,d4,d5)",5D,open,-3,1,-1,2,2,,
5.095256e+05,"Ma(d1,d2,d3,d4,d5)",5D,open,-3,1,-1,2,3,,
5.095256e+05,"Ma(d1,d2,d3,d4,d5)",5D,open,-3,1,1,-2,-3,,
5.095256e+05,"Ma(d1,d2,d3,d4,d5)",5D,open,-3,1,1,-2,-2,,
5.095256e+05,"Ma(d1,d2,d3,d4,d5)",5D,open,-3,1,1,-2,-1,,
5.095256e+05,"Ma(d1,d2,d3,d4)",4D,open,-3,1,1,-2,0,,
5.095256e+05,"Ma(d1,d2,d3,d4,d5)",5D,open,-3,1,1,-2,1,,
5.095256e+05,"Ma(d1,d2,d3,d4,d5)",5D,open,-3,1,1,-2,2,,
5.095256e+05,"Ma(d1,d2,d3,d4,d5)",5D,open,-3,1,1,-2,3,,
5.095256e+05,"Ma(d1,d2,d3,d4,d5)",5D,open,-3,1,1,2,-3,,
5.095256e+05,"Ma(d1,d2,d3,d4,d5)",5D,open,-3,1,1,2,-2,,
5.095256e+05,"Ma(d1,d2,d3,d4,d5)",5D,open,-3,1,1,2,-1,,
5.095256e+05,"Ma(d1,d2,d3,d4)",4D,open,-3,1,1,2,0,,
5.095256e+05,"Ma(d1,d2,d3,d4,d5)",5D,open,-3,1,1,2,1,,
5.095256e+05,"Ma(d1,d2,d3,d4,d5)",5D,open,-3,1,1,2,2,,
5.095256e+05,"Ma(d1,d2,d3,d4,d5)",5D,open,-3,1,1,2,3,,
5.095256e+05,"Ma(d1,d2,d3,d4,d5)",5D,open,3,-1,-1,-2,-3,,
5.095256e+05,"Ma(d1,d2,d3,d4,d5)",5D,open,3,-1,-1,-2,-2,,
5.095256e+05,"Ma(d1,d2,d3,d4,d5)",5D,open,3,-1,-1,-2,-1,,
5.095256e+05,"Ma(d1,d2,d3,d4)",4D,open,3,-1,-1,-2,0,,
5.095256e+05,"Ma(d1,d2,d3,d4,d5)",5D,open,3,-1,-1,-2,1,,
5.095256e+05,"Ma(d1,d2,d3,d4,d5)",5D,open,3,-1,-1,-2,2,,
5.095256e+05,"Ma(d1,d2,d3,d4,d5)",5D,open,3,-1,-1,-2,3,,
5.095256e+05,"Ma(d1,d2,d3,d4,d5)",5D,open,3,-1,-1,2,-3,,
5.095256e+05,"Ma(d1,d2,d3,d4,d5)",5D,open,3,-1,-1,2,-2,,
5.095256e+05,"Ma(d1,d2,d3,d4,d5)",5D,open,3,-1,-1,2,-1,,
5.095256e+05,"Ma(d1,d2,d3,d4)",4D,open,3,-1,-1,2,0,,
5.095256e+05,"Ma(d1,d2,d3,d4,d5)",5D,open,3,-1,-1,2,1,,
5.095256e+05,"Ma(d1,d2,d3,d4,d5)",5D,open,3,-1,-1,2,2,,
5.095256e+05,"Ma(d1,d2,d3,d4,d5)",5D,open,3,-1,-1,2,3,,
5.095256e+05,"Ma(d1,d2,d3,d4,d5)",5D,open,3,-1,1,-2,-3,,
5.095256e+05,"Ma(d1,d2,d3,d4,d5)",5D,open,3,-1,1,-2,-2,,
5.095256e+05,"Ma(d1,d2,d3,d4,d5)",5D,open,3,-1,1,-2,-1,,
5.095256e+05,"Ma(d1,d2,d3,d4)",4D,open,3,-1,1,-2,0,,
5.095256e+05,"Ma(d1,d2,d3,d4,d5)",5D,open,3,-1,1,-2,1,,
5.095256e+05,"Ma(d1,d2,d3,d4,d5)",5D,open,3,-1,1,-2,2,,
5.095256e+05,"Ma(d1,d2,d3,d4,d5)",5D,open,3,-1,1,-2,3,,
5.095256e+05,"Ma(d1,d2,d3,d4,d5)",5D,open,3,-1,1,2,-3,,
5.095256e+05,"Ma(d1,d2,d3,d4,d5)",5D,open,3,-1,1,2,-2,,
5.095256e+05,"Ma(d1,d2,d3,d4,d5)",5D,open,3,-1,1,2,-1,,
5.095256e+05,"Ma(d1,d2,d3,d4)",4D,open,3,-1,1,2,0,,
5.095256e+05,"Ma(d1,d2,d3,d4,d5)",5D,open,3,-1,1,2,1,,
5.095256e+05,"Ma(d1,d2,d3,d4,d5)",5D,open,3,-1,1,2,2,,
5.095256e+05,"Ma(d1,d2,d3,d4,d5)",5D,open,3,-1,1,2,3,,
5.095256e+05,"Ma(d1,d2,d3,d4,d5)",5D,open,3,1,-1,-2,-3,,
5.095256e+05,"Ma(d1,d2,d3,d4,d5)",5D,open,3,1,-1,-2,-2,,
5.095256e+05,"Ma(d1,d2,d3,d4,d5)",5D,open,3,1,-1,-2,-1,,
5.095256e+05,"Ma(d1,d2,d3,d4)",4D,open,3,1,-1,-2,0,,
5.095256e+05,"Ma(d1,d2,d3,d4,d5)",5D,open,3,1,-1,-2,1,,
5.095256e+05,"Ma(d1,d2,d3,d4,d5)",5D,open,3,1,-1,-2,2,,
5.095256e+05,"Ma(d1,d2,d3,d4,d5)",5D,open,3,1,-1,-2,3,,
5.095256e+05,"Ma(d1,d2,d3,d4,d5)",5D,open,3,1,-1,2,-3,,
5.095256e+05,"Ma(d1,d2,d3,d4,d5)",5D,open,3,1,-1,2,-2,,
5.095256e+05,"Ma(d1,d2,d3,d4,d5)",5D,open,3,1,-1,2,-1,,
5.095256e+05,"Ma(d1,d2,d3,d4)",4D,open,3,1,-1,2,0,,
5.095256e+05,"Ma(d1,d2,d3,d4,d5)",5D,open,3,1,-1,2,1,,
5.095256e+05,"Ma(d1,d2,d3,d4,d5)",5D,open,3,1,-1,2,2,,
5.095256e+05,"Ma(d1,d2,d3,d4,d5)",5D,open,3,1,-1,2,3,,
5.095256e+05,"Ma(d1,d2,d3,d4,d5)",5D,open,3,1,1,-2,-3,,
5.095256e+05,"Ma(d1,d2,d3,d4,d5)",5D,open,3,1,1,-2,-2,,
5.095256e+05,"Ma(d1,d2,d3,d4,d5)",5D,open,3,1,1,-2,-1,,
5.095256e+05,"Ma(d1,d2,d3,d4)",4D,open,3,1,1,-2,0,,
5.095256e+05,"Ma(d1,d2,d3,d4,d5)",5D,open,3,1,1,-2,1,,
5.095256e+05,"Ma(d1,d2,d3,d4,d5)",5D,open,3,1,1,-2,2,,
5.095256e+05,"Ma(d1,d2,d3,d4,d5)",5D,open,3,1,1,-2,3,,
5.095256e+05,"Ma(d1,d2,d3,d4,d5)",5D,open,3,1,1,2,-3,,
5.095256e+05,"Ma(d1,d2,d3,d4,d5)",5D,open,3,1,1,2,-2,,
5.095256e+05,"Ma(d1,d2,d3,d4,d5)",5D,open,3,1,1,2,-1,,
5.095256e+05,"Ma(d1,d2,d3,d4)",4D,open,3,1,1,2,0,,
5.095256e+05,"Ma(d1,d2,d3,d4,d5)",5D,open,3,1,1,2,1,,
5.095256e+05,"Ma(d1,d2,d3,d4,d5)",5D,open,3,1,1,2,2,,
5.095256e+05,"Ma(d1,d2,d3,d4,d5)",5D,open,3,1,1,2,3,,
5.095256e+05,"Ma(d1,d2,d3,d4,d5)",5D,open,-3,-1,-1,-3,-3,,
5.095256e+05,"Ma(d1,d2,d3,d4,d5)",5D,open,-3,-1,-1,-3,-2,,
5.095256e+05,"Ma(d1,d2,d3,d4,d5)",5D,open,-3,-1,-1,-3,-1,,
5.095256e+05,"Ma(d1,d2,d3,d4)",4D,open,-3,-1,-1,-3,0,,
5.095256e+05,"Ma(d1,d2,d3,d4,d5)",5D,open,-3,-1,-1,-3,1,,
5.095256e+05,"Ma(d1,d2,d3,d4,d5)",5D,open,-3,-1,-1,-3,2,,
5.095256e+05,"Ma(d1,d2,d3,d4,d5)",5D,open,-3,-1,-1,-3,3,,
5.095256e+05,"Ma(d1,d2,d3,d4,d5)",5D,open,-3,-1,-1,3,-3,,
5.095256e+05,"Ma(d1,d2,d3,d4,d5)",5D,open,-3,-1,-1,3,-2,,
5.095256e+05,"Ma(d1,d2,d3,d4,d5)",5D,open,-3,-1,-1,3,-1,,
5.095256e+05,"Ma(d1,d2,d3,d4)",4D,open,-3,-1,-1,3,0,,
5.095256e+05,"Ma(d1,d2,d3,d4,d5)",5D,open,-3,-1,-1,3,1,,
5.095256e+05,"Ma(d1,d2,d3,d4,d5)",5D,open,-3,-1,-1,3,2,,
5.095256e+05,"Ma(d1,d2,d3,d4,d5)",5D,open,-3,-1,-1,3,3,,
5.095256e+05,"Ma(d1,d2,d3,d4,d5)",5D,open,-3,-1,1,-3,-3,,
5.095256e+05,"Ma(d1,d2,d3,d4,d5)",5D,open,-3,-1,1,-3,-2,,
5.095256e+05,"Ma(d1,d2,d3,d4,d5)",5D,open,-3,-1,1,-3,-1,,
5.095256e+05,"Ma(d1,d2,d3,d4)",4D,open,-3,-1,1,-3,0,,
5.095256e+05,"Ma(d1,d2,d3,d4,d5)",5D,open,-3,-1,1,-3,1,,
5.095256e+05,"Ma(d1,d2,d3,d4,d5)",5D,open,-3,-1,1,-3,2,,
5.095256e+05,"Ma(d1,d2,d3,d4,d5)",5D,open,-3,-1,1,-3,3,,
5.095256e+05,"Ma(d1,d2,d3,d4,d5)",5D,open,-3,-1,1,3,-3,,
5.095256e+05,"Ma(d1,d2,d3,d4,d5)",5D,open,-3,-1,1,3,-2,,
5.095256e+05,"Ma(d1,d2,d3,d4,d5)",5D,open,-3,-1,1,3,-1,,
5.095256e+05,"Ma(d1,d2,d3,d4)",4D,open,-3,-1,1,3,0,,
5.095256e+05,"Ma(d1,d2,d3,d4,d5)",5D,open,-3,-1,1,3,1,,
5.095256e+05,"Ma(d1,d2,d3,d4,d5)",5D,open,-3,-1,1,3,2,,
5.095256e+05,"Ma(d1,d2,d3,d4,d5)",5D,open,-3,-1,1,3,3,,
5.095256e+05,"Ma(d1,d2,d3,d4,d5)",5D,open,-3,1,-1,-3,-3,,
5.095256e+05,"Ma(d1,d2,d3,d4,d5)",5D,open,-3,1,-1,-3,-2,,
5.095256e+05,"Ma(d1,d2,d3,d4,d5)",5D,open,-3,1,-1,-3,-1,,
5.095256e+05,"Ma(d1,d2,d3,d4)",4D,open,-3,1,-1,-3,0,,
5.095256e+05,"Ma(d1,d2,d3,d4,d5)",5D,open,-3,1,-1,-3,1,,
5.095256e+05,"Ma(d1,d2,d3,d4,d5)",5D,open,-3,1,-1,-3,2,,
5.095256e+05,"Ma(d1,d2,d3,d4,d5)",5D,open,-3,1,-1,-3,3,,
5.095256e+05,"Ma(d1,d2,d3,d4,d5)",5D,open,-3,1,-1,3,-3,,
5.095256e+05,"Ma(d1,d2,d3,d4,d5)",5D,open,-3,1,-1,3,-2,,
5.095256e+05,"Ma(d1,d2,d3,d4,d5)",5D,open,-3,1,-1,3,-1,,
5.095256e+05,"Ma(d1,d2,d3,d4)",4D,open,-3,1,-1,3,0,,
5.095256e+05,"Ma(d1,d2,d3,d4,d5)",5D,open,-3,1,-1,3,1,,
5.095256e+05,"Ma(d1,d2,d3,d4,d5)",5D,open,-3,1,-1,3,2,,
5.095256e+05,"Ma(d1,d2,d3,d4,d5)",5D,open,-3,1,-1,3,3,,
5.095256e+05,"Ma(d1,d2,d3,d4,d5)",5D,open,-3,1,1,-3,-3,,
5.095256e+05,"Ma(d1,d2,d3,d4,d5)",5D,open,-3,1,1,-3,-2,,
5.095256e+05,"Ma(d1,d2,d3,d4,d5)",5D,open,-3,1,1,-3,-1,,
5.095256e+05,"Ma(d1,d2,d3,d4)",4D,open,-3,1,1,-3,0,,
5.095256e+05,"Ma(d1,d2,d3,d4,d5)",5D,open,-3,1,1,-3,1,,
5.095256e+05,"Ma(d1,d2,d3,d4,d5)",5D,open,-3,1,1,-3,2,,
5.095256e+05,"Ma(d1,d2,d3,d4,d5)",5D,open,-3,1,1,-3,3,,
5.095256e+05,"Ma(d1,d2,d3,d4,d5)",5D,open,-3,1,1,3,-3,,
5.095256e+05,"Ma(d1,d2,d3,d4,d5)",5D,open,-3,1,1,3,-2,,
5.095256e+05,"Ma(d1,d2,d3,d4,d5)",5D,open,-3,1,1,3,-1,,
5.095256e+05,"Ma(d1,d2,d3,d4)",4D,open,-3,1,1,3,0,,
5.095256e+05,"Ma(d1,d2,d3,d4,d5)",5D,open,-3,1,1,3,1,,
5.095256e+05,"Ma(d1,d2,d3,d4,d5)",5D,open,-3,1,1,3,2,,
5.095256e+05,"Ma(d1,d2,d3,d4,d5)",5D,open,-3,1,1,3,3,,
5.095256e+05,"Ma(d1,d2,d3,d4,d5)",5D,open,3,-1,-1,-3,-3,,
5.095256e+05,"Ma(d1,d2,d3,d4,d5)",5D,open,3,-1,-1,-3,-2,,
5.095256e+05,"Ma(d1,d2,d3,d4,d5)",5D,open,3,-1,-1,-3,-1,,
5.095256e+05,"Ma(d1,d2,d3,d4)",4D,open,3,-1,-1,-3,0,,
5.095256e+05,"Ma(d1,d2,d3,d4,d5)",5D,open,3,-1,-1,-3,1,,
5.095256e+05,"Ma(d1,d2,d3,d4,d5)",5D,open,3,-1,-1,-3,2,,
5.095256e+05,"Ma(d1,d2,d3,d4,d5)",5D,open,3,-1,-1,-3,3,,
5.095256e+05,"Ma(d1,d2,d3,d4,d5)",5D,open,3,-1,-1,3,-3,,
5.095256e+05,"Ma(d1,d2,d3,d4,d5)",5D,open,3,-1,-1,3,-2,,
5.095256e+05,"Ma(d1,d2,d3,d4,d5)",5D,open,3,-1,-1,3,-1,,
5.095256e+05,"Ma(d1,d2,d3,d4)",4D,open,3,-1,-1,3,0,,
5.095256e+05,"Ma(d1,d2,d3,d4,d5)",5D,open,3,-1,-1,3,1,,
5.095256e+05,"Ma(d1,d2,d3,d4,d5)",5D,open,3,-1,-1,3,2,,
5.095256e+05,"Ma(d1,d2,d3,d4,d5)",5D,open,3,-1,-1,3,3,,
5.095256e+05,"Ma(d1,d2,d3,d4,d5)",5D,open,3,-1,1,-3,-3,,
5.095256e+05,"Ma(d1,d2,d3,d4,d5)",5D,open,3,-1,1,-3,-2,,
5.095256e+05,"Ma(d1,d2,d3,d4,d5)",5D,open,3,-1,1,-3,-1,,
5.095256e+05,"Ma(d1,d2,d3,d4)",4D,open,3,-1,1,-3,0,,
5.095256e+05,"Ma(d1,d2,d3,d4,d5)",5D,open,3,-1,1,-3,1,,
5.095256e+05,"Ma(d1,d2,d3,d4,d5)",5D,open,3,-1,1,-3,2,,
5.095256e+05,"Ma(d1,d2,d3,d4,d5)",5D,open,3,-1,1,-3,3,,
5.095256e+05,"Ma(d1,d2,d3,d4,d5)",5D,open,3,-1,1,3,-3,,
5.095256e+05,"Ma(d1,d2,d3,d4,d5)",5D,open,3,-1,1,3,-2,,
5.095256e+05,"Ma(d1,d2,d3,d4,d5)",5D,open,3,-1,1,3,-1,,
5.095256e+05,"Ma(d1,d2,d3,d4)",4D,open,3,-1,1,3,0,,
5.095256e+05,"Ma(d1,d2,d3,d4,d5)",5D,open,3,-1,1,3,1,,
5.095256e+05,"Ma(d1,d2,d3,d4,d5)",5D,open,3,-1,1,3,2,,
5.095256e+05,"Ma(d1,d2,d3,d4,d5)",5D,open,3,-1,1,3,3,,
5.095256e+05,"Ma(d1,d2,d3,d4,d5)",5D,open,3,1,-1,-3,-3,,
5.095256e+05,"Ma(d1,d2,d3,d4,d5)",5D,open,3,1,-1,-3,-2,,
5.095256e+05,"Ma(d1,d2,d3,d4,d5)",5D,open,3,1,-1,-3,-1,,
5.095256e+05,"Ma(d1,d2,d3,d4)",4D,open,3,1,-1,-3,0,,
5.095256e+05,"Ma(d1,d2,d3,d4,d5)",5D,open,3,1,-1,-3,1,,
5.095256e+05,"Ma(d1,d2,d3,d4,d5)",5D,open,3,1,-1,-3,2,,
5.095256e+05,"Ma(d1,d2,d3,d4,d5)",5D,open,3,1,-1,-3,3,,
5.095256e+05,"Ma(d1,d2,d3,d4,d5)",5D,open,3,1,-1,3,-3,,
5.095256e+05,"Ma(d1,d2,d3,d4,d5)",5D,open,3,1,-1,3,-2,,
5.095256e+05,"Ma(d1,d2,d3,d4,d5)",5D,open,3,1,-1,3,-1,,
5.095256e+05,"Ma(d1,d2,d3,d4)",4D,open,3,1,-1,3,0,,
5.095256e+05,"Ma(d1,d2,d3,d4,d5)",5D,open,3,1,-1,3,1,,
5.095256e+05,"Ma(d1,d2,d3,d4,d5)",5D,open,3,1,-1,3,2,,
5.095256e+05,"Ma(d1,d2,d3,d4,d5)",5D,open,3,1,-1,3,3,,
5.095256e+05,"Ma(d1,d2,d3,d4,d5)",5D,open,3,1,1,-3,-3,,
5.095256e+05,"Ma(d1,d2,d3,d4,d5)",5D,open,3,1,1,-3,-2,,
5.095256e+05,"Ma(d1,d2,d3,d4,d5)",5D,open,3,1,1,-3,-1,,
5.095256e+05,"Ma(d1,d2,d3,d4)",4D,open,3,1,1,-3,0,,
5.095256e+05,"Ma(d1,d2,d3,d4,d5)",5D,open,3,1,1,-3,1,,
5.095256e+05,"Ma(d1,d2,d3,d4,d5)",5D,open,3,1,1,-3,2,,
5.095256e+05,"Ma(d1,d2,d3,d4,d5)",5D,open,3,1,1,-3,3,,
5.095256e+05,"Ma(d1,d2,d3,d4,d5)",5D,open,3,1,1,3,-3,,
5.095256e+05,"Ma(d1,d2,d3,d4,d5)",5D,open,3,1,1,3,-2,,
5.095256e+05,"Ma(d1,d2,d3,d4,d5)",5D,open,3,1,1,3,-1,,
5.095256e+05,"Ma(d1,d2,d3,d4)",4D,open,3,1,1,3,0,,
5.095256e+05,"Ma(d1,d2,d3,d4,d5)",5D,open,3,1,1,3,1,,
5.095256e+05,"Ma(d1,d2,d3,d4,d5)",5D,open,3,1,1,3,2,,
5.095256e+05,"Ma(d1,d2,d3,d4,d5)",5D,open,3,1,1,3,3,,
5.095256e+05,"Ma(d1,d2,d3,d5)",4D,open,-3,-1,-2,0,-3,,
5.095256e+05,"Ma(d1,d2,d3,d5)",4D,open,-3,-1,-2,0,-2,,
5.095256e+05,"Ma(d1,d2,d3,d5)",4D,open,-3,-1,-2,0,-1,,
5.095256e+05,"Ma(d1,d2,d3)",3D,open,-3,-1,-2,0,0,,
5.095256e+05,"Ma(d1,d2,d3,d5)",4D,open,-3,-1,-2,0,1,,
5.095256e+05,"Ma(d1,d2,d3,d5)",4D,open,-3,-1,-2,0,2,,
5.095256e+05,"Ma(d1,d2,d3,d5)",4D,open,-3,-1,-2,0,3,,
5.095256e+05,"Ma(d1,d2,d3,d5)",4D,open,-3,-1,2,0,-3,,
5.095256e+05,"Ma(d1,d2,d3,d5)",4D,open,-3,-1,2,0,-2,,
5.095256e+05,"Ma(d1,d2,d3,d5)",4D,open,-3,-1,2,0,-1,,
5.095256e+05,"Ma(d1,d2,d3)",3D,open,-3,-1,2,0,0,,
5.095256e+05,"Ma(d1,d2,d3,d5)",4D,open,-3,-1,2,0,1,,
5.095256e+05,"Ma(d1,d2,d3,d5)",4D,open,-3,-1,2,0,2,,
5.095256e+05,"Ma(d1,d2,d3,d5)",4D,open,-3,-1,2,0,3,,
5.095256e+05,"Ma(d1,d2,d3,d5)",4D,open,-3,1,-2,0,-3,,
5.095256e+05,"Ma(d1,d2,d3,d5)",4D,open,-3,1,-2,0,-2,,
5.095256e+05,"Ma(d1,d2,d3,d5)",4D,open,-3,1,-2,0,-1,,
5.095256e+05,"Ma(d1,d2,d3)",3D,open,-3,1,-2,0,0,,
5.095256e+05,"Ma(d1,d2,d3,d5)",4D,open,-3,1,-2,0,1,,
5.095256e+05,"Ma(d1,d2,d3,d5)",4D,open,-3,1,-2,0,2,,
5.095256e+05,"Ma(d1,d2,d3,d5)",4D,open,-3,1,-2,0,3,,
5.095256e+05,"Ma(d1,d2,d3,d5)",4D,open,-3,1,2,0,-3,,
5.095256e+05,"Ma(d1,d2,d3,d5)",4D,open,-3,1,2,0,-2,,
5.095256e+05,"Ma(d1,d2,d3,d5)",4D,open,-3,1,2,0,-1,,
5.095256e+05,"Ma(d1,d2,d3)",3D,open,-3,1,2,0,0,,
5.095256e+05,"Ma(d1,d2,d3,d5)",4D,open,-3,1,2,0,1,,
5.095256e+05,"Ma(d1,d2,d3,d5)",4D,open,-3,1,2,0,2,,
5.095256e+05,"Ma(d1,d2,d3,d5)",4D,open,-3,1,2,0,3,,
5.095256e+05,"Ma(d1,d2,d3,d5)",4D,open,3,-1,-2,0,-3,,
5.095256e+05,"Ma(d1,d2,d3,d5)",4D,open,3,-1,-2,0,-2,,
5.095256e+05,"Ma(d1,d2,d3,d5)",4D,open,3,-1,-2,0,-1,,
5.095256e+05,"Ma(d1,d2,d3)",3D,open,3,-1,-2,0,0,,
5.095256e+05,"Ma(d1,d2,d3,d5)",4D,open,3,-1,-2,0,1,,
5.095256e+05,"Ma(d1,d2,d3,d5)",4D,open,3,-1,-2,0,2,,
5.095256e+05,"Ma(d1,d2,d3,d5)",4D,open,3,-1,-2,0,3,,
5.095256e+05,"Ma(d1,d2,d3,d5)",4D,open,3,-1,2,0,-3,,
5.095256e+05,"Ma(d1,d2,d3,d5)",4D,open,3,-1,2,0,-2,,
5.095256e+05,"Ma(d1,d2,d3,d5)",4D,open,3,-1,2,0,-1,,
5.095256e+05,"Ma(d1,d2,d3)",3D,open,3,-1,2,0,0,,
5.095256e+05,"Ma(d1,d2,d3,d5)",4D,open,3,-1,2,0,1,,
5.095256e+05,"Ma(d1,d2,d3,d5)",4D,open,3,-1,2,0,2,,
5.095256e+05,"Ma(d1,d2,d3,d5)",4D,open,3,-1,2,0,3,,
5.095256e+05,"Ma(d1,d2,d3,d5)",4D,open,3,1,-2,0,-3,,
5.095256e+05,"Ma(d1,d2,d3,d5)",4D,open,3,1,-2,0,-2,,
5.095256e+05,"Ma(d1,d2,d3,d5)",4D,open,3,1,-2,0,-1,,
5.095256e+05,"Ma(d1,d2,d3)",3D,open,3,1,-2,0,0,,
5.095256e+05,"Ma(d1,d2,d3,d5)",4D,open,3,1,-2,0,1,,
5.095256e+05,"Ma(d1,d2,d3,d5)",4D,open,3,1,-2,0,2,,
5.095256e+05,"Ma(d1,d2,d3,d5)",4D,open,3,1,-2,0,3,,
5.095256e+05,"Ma(d1,d2,d3,d5)",4D,open,3,1,2,0,-3,,
5.095256e+05,"Ma(d1,d2,d3,d5)",4D,open,3,1,2,0,-2,,
5.095256e+05,"Ma(d1,d2,d3,d5)",4D,open,3,1,2,0,-1,,
5.095256e+05,"Ma(d1,d2,d3)",3D,open,3,1,2,0,0,,
5.095256e+05,"Ma(d1,d2,d3,d5)",4D,open,3,1,2,0,1,,
5.095256e+05,"Ma(d1,d2,d3,d5)",4D,open,3,1,2,0,2,,
5.095256e+05,"Ma(d1,d2,d3,d5)",4D,open,3,1,2,0,3,,
5.095256e+05,"Ma(d1,d2,d3,d4,d5)",5D,open,-3,-1,-2,-1,-3,,
5.095256e+05,"Ma(d1,d2,d3,d4,d5)",5D,open,-3,-1,-2,-1,-2,,
5.095256e+05,"Ma(d1,d2,d3,d4,d5)",5D,open,-3,-1,-2,-1,-1,,
5.095256e+05,"Ma(d1,d2,d3,d4)",4D,open,-3,-1,-2,-1,0,,
5.095256e+05,"Ma(d1,d2,d3,d4,d5)",5D,open,-3,-1,-2,-1,1,,
5.095256e+05,"Ma(d1,d2,d3,d4,d5)",5D,open,-3,-1,-2,-1,2,,
5.095256e+05,"Ma(d1,d2,d3,d4,d5)",5D,open,-3,-1,-2,-1,3,,
5.095256e+05,"Ma(d1,d2,d3,d4,d5)",5D,open,-3,-1,-2,1,-3,,
5.095256e+05,"Ma(d1,d2,d3,d4,d5)",5D,open,-3,-1,-2,1,-2,,
5.095256e+05,"Ma(d1,d2,d3,d4,d5)",5D,open,-3,-1,-2,1,-1,,
5.095256e+05,"Ma(d1,d2,d3,d4)",4D,open,-3,-1,-2,1,0,,
5.095256e+05,"Ma(d1,d2,d3,d4,d5)",5D,open,-3,-1,-2,1,1,,
5.095256e+05,"Ma(d1,d2,d3,d4,d5)",5D,open,-3,-1,-2,1,2,,
5.095256e+05,"Ma(d1,d2,d3,d4,d5)",5D,open,-3,-1,-2,1,3,,
5.095256e+05,"Ma(d1,d2,d3,d4,d5)",5D,open,-3,-1,2,-1,-3,,
5.095256e+05,"Ma(d1,d2,d3,d4,d5)",5D,open,-3,-1,2,-1,-2,,
5.095256e+05,"Ma(d1,d2,d3,d4,d5)",5D,open,-3,-1,2,-1,-1,,
5.095256e+05,"Ma(d1,d2,d3,d4)",4D,open,-3,-1,2,-1,0,,
5.095256e+05,"Ma(d1,d2,d3,d4,d5)",5D,open,-3,-1,2,-1,1,,
5.095256e+05,"Ma(d1,d2,d3,d4,d5)",5D,open,-3,-1,2,-1,2,,
5.095256e+05,"Ma(d1,d2,d3,d4,d5)",5D,open,-3,-1,2,-1,3,,
5.095256e+05,"Ma(d1,d2,d3,d4,d5)",5D,open,-3,-1,2,1,-3,,
5.095256e+05,"Ma(d1,d2,d3,d4,d5)",5D,open,-3,-1,2,1,-2,,
5.095256e+05,"Ma(d1,d2,d3,d4,d5)",5D,open,-3,-1,2,1,-1,,
5.095256e+05,"Ma(d1,d2,d3,d4)",4D,open,-3,-1,2,1,0,,
5.095256e+05,"Ma(d1,d2,d3,d4,d5)",5D,open,-3,-1,2,1,1,,
5.095256e+05,"Ma(d1,d2,d3,d4,d5)",5D,open,-3,-1,2,1,2,,
5.095256e+05,"Ma(d1,d2,d3,d4,d5)",5D,open,-3,-1,2,1,3,,
5.095256e+05,"Ma(d1,d2,d3,d4,d5)",5D,open,-3,1,-2,-1,-3,,
5.095256e+05,"Ma(d1,d2,d3,d4,d5)",5D,open,-3,1,-2,-1,-2,,
5.095256e+05,"Ma(d1,d2,d3,d4,d5)",5D,open,-3,1,-2,-1,-1,,
5.095256e+05,"Ma(d1,d2,d3,d4)",4D,open,-3,1,-2,-1,0,,
5.095256e+05,"Ma(d1,d2,d3,d4,d5)",5D,open,-3,1,-2,-1,1,,
5.095256e+05,"Ma(d1,d2,d3,d4,d5)",5D,open,-3,1,-2,-1,2,,
5.095256e+05,"Ma(d1,d2,d3,d4,d5)",5D,open,-3,1,-2,-1,3,,
5.095256e+05,"Ma(d1,d2,d3,d4,d5)",5D,open,-3,1,-2,1,-3,,
5.095256e+05,"Ma(d1,d2,d3,d4,d5)",5D,open,-3,1,-2,1,-2,,
5.095256e+05,"Ma(d1,d2,d3,d4,d5)",5D,open,-3,1,-2,1,-1,,
5.095256e+05,"Ma(d1,d2,d3,d4)",4D,open,-3,1,-2,1,0,,
5.095256e+05,"Ma(d1,d2,d3,d4,d5)",5D,open,-3,1,-2,1,1,,
5.095256e+05,"Ma(d1,d2,d3,d4,d5)",5D,open,-3,1,-2,1,2,,
5.095256e+05,"Ma(d1,d2,d3,d4,d5)",5D,open,-3,1,-2,1,3,,
5.095256e+05,"Ma(d1,d2,d3,d4,d5)",5D,open,-3,1,2,-1,-3,,
5.095256e+05,"Ma(d1,d2,d3,d4,d5)",5D,open,-3,1,2,-1,-2,,
5.095256e+05,"Ma(d1,d2,d3,d4,d5)",5D,open,-3,1,2,-1,-1,,
5.095256e+05,"Ma(d1,d2,d3,d4)",4D,open,-3,1,2,-1,0,,
5.095256e+05,"Ma(d1,d2,d3,d4,d5)",5D,open,-3,1,2,-1,1,,
5.095256e+05,"Ma(d1,d2,d3,d4,d5)",5D,open,-3,1,2,-1,2,,
5.095256e+05,"Ma(d1,d2,d3,d4,d5)",5D,open,-3,1,2,-1,3,,
5.095256e+05,"Ma(d1,d2,d3,d4,d5)",5D,open,-3,1,2,1,-3,,
5.095256e+05,"Ma(d1,d2,d3,d4,d5)",5D,open,-3,1,2,1,-2,,
5.095256e+05,"Ma(d1,d2,d3,d4,d5)",5D,open,-3,1,2,1,-1,,
5.095256e+05,"Ma(d1,d2,d3,d4)",4D,open,-3,1,2,1,0,,
5.095256e+05,"Ma(d1,d2,d3,d4,d5)",5D,open,-3,1,2,1,1,,
5.095256e+05,"Ma(d1,d2,d3,d4,d5)",5D,open,-3,1,2,1,2,,
5.095256e+05,"Ma(d1,d2,d3,d4,d5)",5D,open,-3,1,2,1,3,,
5.095256e+05,"Ma(d1,d2,d3,d4,d5)",5D,open,3,-1,-2,-1,-3,,
5.095256e+05,"Ma(d1,d2,d3,d4,d5)",5D,open,3,-1,-2,-1,-2,,
5.095256e+05,"Ma(d1,d2,d3,d4,d5)",5D,open,3,-1,-2,-1,-1,,
5.095256e+05,"Ma(d1,d2,d3,d4)",4D,open,3,-1,-2,-1,0,,
5.095256e+05,"Ma(d1,d2,d3,d4,d5)",5D,open,3,-1,-2,-1,1,,
5.095256e+05,"Ma(d1,d2,d3,d4,d5)",5D,open,3,-1,-2,-1,2,,
5.095256e+05,"Ma(d1,d2,d3,d4,d5)",5D,open,3,-1,-2,-1,3,,
5.095256e+05,"Ma(d1,d2,d3,d4,d5)",5D,open,3,-1,-2,1,-3,,
5.095256e+05,"Ma(d1,d2,d3,d4,d5)",5D,open,3,-1,-2,1,-2,,
5.095256e+05,"Ma(d1,d2,d3,d4,d5)",5D,open,3,-1,-2,1,-1,,
5.095256e+05,"Ma(d1,d2,d3,d4)",4D,open,3,-1,-2,1,0,,
5.095256e+05,"Ma(d1,d2,d3,d4,d5)",5D,open,3,-1,-2,1,1,,
5.095256e+05,"Ma(d1,d2,d3,d4,d5)",5D,open,3,-1,-2,1,2,,
5.095256e+05,"Ma(d1,d2,d3,d4,d5)",5D,open,3,-1,-2,1,3,,
5.095256e+05,"Ma(d1,d2,d3,d4,d5)",5D,open,3,-1,2,-1,-3,,
5.095256e+05,"Ma(d1,d2,d3,d4,d5)",5D,open,3,-1,2,-1,-2,,
5.095256e+05,"Ma(d1,d2,d3,d4,d5)",5D,open,3,-1,2,-1,-1,,
5.095256e+05,"Ma(d1,d2,d3,d4)",4D,open,3,-1,2,-1,0,,
5.095256e+05,"Ma(d1,d2,d3,d4,d5)",5D,open,3,-1,2,-1,1,,
5.095256e+05,"Ma(d1,d2,d3,d4,d5)",5D,open,3,-1,2,-1,2,,
5.095256e+05,"Ma(d1,d2,d3,d4,d5)",5D,open,3,-1,2,-1,3,,
5.095256e+05,"Ma(d1,d2,d3,d4,d5)",5D,open,3,-1,2,1,-3,,
5.095256e+05,"Ma(d1,d2,d3,d4,d5)",5D,open,3,-1,2,1,-2,,
5.095256e+05,"Ma(d1,d2,d3,d4,d5)",5D,open,3,-1,2,1,-1,,
5.095256e+05,"Ma(d1,d2,d3,d4)",4D,open,3,-1,2,1,0,,
5.095256e+05,"Ma(d1,d2,d3,d4,d5)",5D,open,3,-1,2,1,1,,
5.095256e+05,"Ma(d1,d2,d3,d4,d5)",5D,open,3,-1,2,1,2,,
5.095256e+05,"Ma(d1,d2,d3,d4,d5)",5D,open,3,-1,2,1,3,,
5.095256e+05,"Ma(d1,d2,d3,d4,d5)",5D,open,3,1,-2,-1,-3,,
5.095256e+05,"Ma(d1,d2,d3,d4,d5)",5D,open,3,1,-2,-1,-2,,
5.095256e+05,"Ma(d1,d2,d3,d4,d5)",5D,open,3,1,-2,-1,-1,,
5.095256e+05,"Ma(d1,d2,d3,d4)",4D,open,3,1,-2,-1,0,,
5.095256e+05,"Ma(d1,d2,d3,d4,d5)",5D,open,3,1,-2,-1,1,,
5.095256e+05,"Ma(d1,d2,d3,d4,d5)",5D,open,3,1,-2,-1,2,,
5.095256e+05,"Ma(d1,d2,d3,d4,d5)",5D,open,3,1,-2,-1,3,,
5.095256e+05,"Ma(d1,d2,d3,d4,d5)",5D,open,3,1,-2,1,-3,,
5.095256e+05,"Ma(d1,d2,d3,d4,d5)",5D,open,3,1,-2,1,-2,,
5.095256e+05,"Ma(d1,d2,d3,d4,d5)",5D,open,3,1,-2,1,-1,,
5.095256e+05,"Ma(d1,d2,d3,d4)",4D,open,3,1,-2,1,0,,
5.095256e+05,"Ma(d1,d2,d3,d4,d5)",5D,open,3,1,-2,1,1,,
5.095256e+05,"Ma(d1,d2,d3,d4,d5)",5D,open,3,1,-2,1,2,,
5.095256e+05,"Ma(d1,d2,d3,d4,d5)",5D,open,3,1,-2,1,3,,
5.095256e+05,"Ma(d1,d2,d3,d4,d5)",5D,open,3,1,2,-1,-3,,
5.095256e+05,"Ma(d1,d2,d3,d4,d5)",5D,open,3,1,2,-1,-2,,
5.095256e+05,"Ma(d1,d2,d3,d4,d5)",5D,open,3,1,2,-1,-1,,
5.095256e+05,"Ma(d1,d2,d3,d4)",4D,open,3,1,2,-1,0,,
5.095256e+05,"Ma(d1,d2,d3,d4,d5)",5D,open,3,1,2,-1,1,,
5.095256e+05,"Ma(d1,d2,d3,d4,d5)",5D,open,3,1,2,-1,2,,
5.095256e+05,"Ma(d1,d2,d3,d4,d5)",5D,open,3,1,2,-1,3,,
5.095256e+05,"Ma(d1,d2,d3,d4,d5)",5D,open,3,1,2,1,-3,,
5.095256e+05,"Ma(d1,d2,d3,d4,d5)",5D,open,3,1,2,1,-2,,
5.095256e+05,"Ma(d1,d2,d3,d4,d5)",5D,open,3,1,2,1,-1,,
5.095256e+05,"Ma(d1,d2,d3,d4)",4D,open,3,1,2,1,0,,
5.095256e+05,"Ma(d1,d2,d3,d4,d5)",5D,open,3,1,2,1,1,,
5.095256e+05,"Ma(d1,d2,d3,d4,d5)",5D,open,3,1,2,1,2,,
5.095256e+05,"Ma(d1,d2,d3,d4,d5)",5D,open,3,1,2,1,3,,
5.095256e+05,"Ma(d1,d2,d3,d4,d5)",5D,open,-3,-1,-2,-2,-3,,
5.095256e+05,"Ma(d1,d2,d3,d4,d5)",5D,open,-3,-1,-2,-2,-2,,
5.095256e+05,"Ma(d1,d2,d3,d4,d5)",5D,open,-3,-1,-2,-2,-1,,
5.095256e+05,"Ma(d1,d2,d3,d4)",4D,open,-3,-1,-2,-2,0,,
5.095256e+05,"Ma(d1,d2,d3,d4,d5)",5D,open,-3,-1,-2,-2,1,,
5.095256e+05,"Ma(d1,d2,d3,d4,d5)",5D,open,-3,-1,-2,-2,2,,
5.095256e+05,"Ma(d1,d2,d3,d4,d5)",5D,open,-3,-1,-2,-2,3,,
5.095256e+05,"Ma(d1,d2,d3,d4,d5)",5D,open,-3,-1,-2,2,-3,,
5.095256e+05,"Ma(d1,d2,d3,d4,d5)",5D,open,-3,-1,-2,2,-2,,
5.095256e+05,"Ma(d1,d2,d3,d4,d5)",5D,open,-3,-1,-2,2,-1,,
5.095256e+05,"Ma(d1,d2,d3,d4)",4D,open,-3,-1,-2,2,0,,
5.095256e+05,"Ma(d1,d2,d3,d4,d5)",5D,open,-3,-1,-2,2,1,,
5.095256e+05,"Ma(d1,d2,d3,d4,d5)",5D,open,-3,-1,-2,2,2,,
5.095256e+05,"Ma(d1,d2,d3,d4,d5)",5D,open,-3,-1,-2,2,3,,
5.095256e+05,"Ma(d1,d2,d3,d4,d5)",5D,open,-3,-1,2,-2,-3,,
5.095256e+05,"Ma(d1,d2,d3,d4,d5)",5D,open,-3,-1,2,-2,-2,,
5.095256e+05,"Ma(d1,d2,d3,d4,d5)",5D,open,-3,-1,2,-2,-1,,
5.095256e+05,"Ma(d1,d2,d3,d4)",4D,open,-3,-1,2,-2,0,,
5.095256e+05,"Ma(d1,d2,d3,d4,d5)",5D,open,-3,-1,2,-2,1,,
5.095256e+05,"Ma(d1,d2,d3,d4,d5)",5D,open,-3,-1,2,-2,2,,
5.095256e+05,"Ma(d1,d2,d3,d4,d5)",5D,open,-3,-1,2,-2,3,,
5.095256e+05,"Ma(d1,d2,d3,d4,d5)",5D,open,-3,-1,2,2,-3,,
5.095256e+05,"Ma(d1,d2,d3,d4,d5)",5D,open,-3,-1,2,2,-2,,
5.095256e+05,"Ma(d1,d2,d3,d4,d5)",5D,open,-3,-1,2,2,-1,,
5.095256e+05,"Ma(d1,d2,d3,d4)",4D,open,-3,-1,2,2,0,,
5.095256e+05,"Ma(d1,d2,d3,d4,d5)",5D,open,-3,-1,2,2,1,,
5.095256e+05,"Ma(d1,d2,d3,d4,d5)",5D,open,-3,-1,2,2,2,,
5.095256e+05,"Ma(d1,d2,d3,d4,d5)",5D,open,-3,-1,2,2,3,,
5.095256e+05,"Ma(d1,d2,d3,d4,d5)",5D,open,-3,1,-2,-2,-3,,
5.095256e+05,"Ma(d1,d2,d3,d4,d5)",5D,open,-3,1,-2,-2,-2,,
5.095256e+05,"Ma(d1,d2,d3,d4,d5)",5D,open,-3,1,-2,-2,-1,,
5.095256e+05,"Ma(d1,d2,d3,d4)",4D,open,-3,1,-2,-2,0,,
5.095256e+05,"Ma(d1,d2,d3,d4,d5)",5D,open,-3,1,-2,-2,1,,
5.095256e+05,"Ma(d1,d2,d3,d4,d5)",5D,open,-3,1,-2,-2,2,,
5.095256e+05,"Ma(d1,d2,d3,d4,d5)",5D,open,-3,1,-2,-2,3,,
5.095256e+05,"Ma(d1,d2,d3,d4,d5)",5D,open,-3,1,-2,2,-3,,
5.095256e+05,"Ma(d1,d2,d3,d4,d5)",5D,open,-3,1,-2,2,-2,,
5.095256e+05,"Ma(d1,d2,d3,d4,d5)",5D,open,-3,1,-2,2,-1,,
5.095256e+05,"Ma(d1,d2,d3,d4)",4D,open,-3,1,-2,2,0,,
5.095256e+05,"Ma(d1,d2,d3,d4,d5)",5D,open,-3,1,-2,2,1,,
5.095256e+05,"Ma(d1,d2,d3,d4,d5)",5D,open,-3,1,-2,2,2,,
5.095256e+05,"Ma(d1,d2,d3,d4,d5)",5D,open,-3,1,-2,2,3,,
5.095256e+05,"Ma(d1,d2,d3,d4,d5)",5D,open,-3,1,2,-2,-3,,
5.095256e+05,"Ma(d1,d2,d3,d4,d5)",5D,open,-3,1,2,-2,-2,,
5.095256e+05,"Ma(d1,d2,d3,d4,d5)",5D,open,-3,1,2,-2,-1,,
5.095256e+05,"Ma(d1,d2,d3,d4)",4D,open,-3,1,2,-2,0,,
5.095256e+05,"Ma(d1,d2,d3,d4,d5)",5D,open,-3,1,2,-2,1,,
5.095256e+05,"Ma(d1,d2,d3,d4,d5)",5D,open,-3,1,2,-2,2,,
5.095256e+05,"Ma(d1,d2,d3,d4,d5)",5D,open,-3,1,2,-2,3,,
5.095256e+05,"Ma(d1,d2,d3,d4,d5)",5D,open,-3,1,2,2,-3,,
5.095256e+05,"Ma(d1,d2,d3,d4,d5)",5D,open,-3,1,2,2,-2,,
5.095256e+05,"Ma(d1,d2,d3,d4,d5)",5D,open,-3,1,2,2,-1,,
5.095256e+05,"Ma(d1,d2,d3,d4)",4D,open,-3,1,2,2,0,,
5.095256e+05,"Ma(d1,d2,d3,d4,d5)",5D,open,-3,1,2,2,1,,
5.095256e+05,"Ma(d1,d2,d3,d4,d5)",5D,open,-3,1,2,2,2,,
5.095256e+05,"Ma(d1,d2,d3,d4,d5)",5D,open,-3,1,2,2,3,,
5.095256e+05,"Ma(d1,d2,d3,d4,d5)",5D,open,3,-1,-2,-2,-3,,
5.095256e+05,"Ma(d1,d2,d3,d4,d5)",5D,open,3,-1,-2,-2,-2,,
5.095256e+05,"Ma(d1,d2,d3,d4,d5)",5D,open,3,-1,-2,-2,-1,,
5.095256e+05,"Ma(d1,d2,d3,d4)",4D,open,3,-1,-2,-2,0,,
5.095256e+05,"Ma(d1,d2,d3,d4,d5)",5D,open,3,-1,-2,-2,1,,
5.095256e+05,"Ma(d1,d2,d3,d4,d5)",5D,open,3,-1,-2,-2,2,,
5.095256e+05,"Ma(d1,d2,d3,d4,d5)",5D,open,3,-1,-2,-2,3,,
5.095256e+05,"Ma(d1,d2,d3,d4,d5)",5D,open,3,-1,-2,2,-3,,
5.095256e+05,"Ma(d1,d2,d3,d4,d5)",5D,open,3,-1,-2,2,-2,,
5.095256e+05,"Ma(d1,d2,d3,d4,d5)",5D,open,3,-1,-2,2,-1,,
5.095256e+05,"Ma(d1,d2,d3,d4)",4D,open,3,-1,-2,2,0,,
5.095256e+05,"Ma(d1,d2,d3,d4,d5)",5D,open,3,-1,-2,2,1,,
5.095256e+05,"Ma(d1,d2,d3,d4,d5)",5D,open,3,-1,-2,2,2,,
5.095256e+05,"Ma(d1,d2,d3,d4,d5)",5D,open,3,-1,-2,2,3,,
5.095256e+05,"Ma(d1,d2,d3,d4,d5)",5D,open,3,-1,2,-2,-3,,
5.095256e+05,"Ma(d1,d2,d3,d4,d5)",5D,open,3,-1,2,-2,-2,,
5.095256e+05,"Ma(d1,d2,d3,d4,d5)",5D,open,3,-1,2,-2,-1,,
5.095256e+05,"Ma(d1,d2,d3,d4)",4D,open,3,-1,2,-2,0,,
5.095256e+05,"Ma(d1,d2,d3,d4,d5)",5D,open,3,-1,2,-2,1,,
5.095256e+05,"Ma(d1,d2,d3,d4,d5)",5D,open,3,-1,2,-2,2,,
5.095256e+05,"Ma(d1,d2,d3,d4,d5)",5D,open,3,-1,2,-2,3,,
5.095256e+05,"Ma(d1,d2,d3,d4,d5)",5D,open,3,-1,2,2,-3,,
5.095256e+05,"Ma(d1,d2,d3,d4,d5)",5D,open,3,-1,2,2,-2,,
5.095256e+05,"Ma(d1,d2,d3,d4,d5)",5D,open,3,-1,2,2,-1,,
5.095256e+05,"Ma(d1,d2,d3,d4)",4D,open,3,-1,2,2,0,,
5.095256e+05,"Ma(d1,d2,d3,d4,d5)",5D,open,3,-1,2,2,1,,
5.095256e+05,"Ma(d1,d2,d3,d4,d5)",5D,open,3,-1,2,2,2,,
5.095256e+05,"Ma(d1,d2,d3,d4,d5)",5D,open,3,-1,2,2,3,,
5.095256e+05,"Ma(d1,d2,d3,d4,d5)",5D,open,3,1,-2,-2,-3,,
5.095256e+05,"Ma(d1,d2,d3,d4,d5)",5D,open,3,1,-2,-2,-2,,
5.095256e+05,"Ma(d1,d2,d3,d4,d5)",5D,open,3,1,-2,-2,-1,,
5.095256e+05,"Ma(d1,d2,d3,d4)",4D,open,3,1,-2,-2,0,,
5.095256e+05,"Ma(d1,d2,d3,d4,d5)",5D,open,3,1,-2,-2,1,,
5.095256e+05,"Ma(d1,d2,d3,d4,d5)",5D,open,3,1,-2,-2,2,,
5.095256e+05,"Ma(d1,d2,d3,d4,d5)",5D,open,3,1,-2,-2,3,,
5.095256e+05,"Ma(d1,d2,d3,d4,d5)",5D,open,3,1,-2,2,-3,,
5.095256e+05,"Ma(d1,d2,d3,d4,d5)",5D,open,3,1,-2,2,-2,,
5.095256e+05,"Ma(d1,d2,d3,d4,d5)",5D,open,3,1,-2,2,-1,,
5.095256e+05,"Ma(d1,d2,d3,d4)",4D,open,3,1,-2,2,0,,
5.095256e+05,"Ma(d1,d2,d3,d4,d5)",5D,open,3,1,-2,2,1,,
5.095256e+05,"Ma(d1,d2,d3,d4,d5)",5D,open,3,1,-2,2,2,,
5.095256e+05,"Ma(d1,d2,d3,d4,d5)",5D,open,3,1,-2,2,3,,
5.095256e+05,"Ma(d1,d2,d3,d4,d5)",5D,open,3,1,2,-2,-3,,
5.095256e+05,"Ma(d1,d2,d3,d4,d5)",5D,open,3,1,2,-2,-2,,
5.095256e+05,"Ma(d1,d2,d3,d4,d5)",5D,open,3,1,2,-2,-1,,
5.095256e+05,"Ma(d1,d2,d3,d4)",4D,open,3,1,2,-2,0,,
5.095256e+05,"Ma(d1,d2,d3,d4,d5)",5D,open,3,1,2,-2,1,,
5.095256e+05,"Ma(d1,d2,d3,d4,d5)",5D,open,3,1,2,-2,2,,
5.095256e+05,"Ma(d1,d2,d3,d4,d5)",5D,open,3,1,2,-2,3,,
5.095256e+05,"Ma(d1,d2,d3,d4,d5)",5D,open,3,1,2,2,-3,,
5.095256e+05,"Ma(d1,d2,d3,d4,d5)",5D,open,3,1,2,2,-2,,
5.095256e+05,"Ma(d1,d2,d3,d4,d5)",5D,open,3,1,2,2,-1,,
5.095256e+05,"Ma(d1,d2,d3,d4)",4D,open,3,1,2,2,0,,
5.095256e+05,"Ma(d1,d2,d3,d4,d5)",5D,open,3,1,2,2,1,,
5.095256e+05,"Ma(d1,d2,d3,d4,d5)",5D,open,3,1,2,2,2,,
5.095256e+05,"Ma(d1,d2,d3,d4,d5)",5D,open,3,1,2,2,3,,
5.095256e+05,"Ma(d1,d2,d3,d4,d5)",5D,open,-3,-1,-2,-3,-3,,
5.095256e+05,"Ma(d1,d2,d3,d4,d5)",5D,open,-3,-1,-2,-3,-2,,
5.095256e+05,"Ma(d1,d2,d3,d4,d5)",5D,open,-3,-1,-2,-3,-1,,
5.095256e+05,"Ma(d1,d2,d3,d4)",4D,open,-3,-1,-2,-3,0,,
5.095256e+05,"Ma(d1,d2,d3,d4,d5)",5D,open,-3,-1,-2,-3,1,,
5.095256e+05,"Ma(d1,d2,d3,d4,d5)",5D,open,-3,-1,-2,-3,2,,
5.095256e+05,"Ma(d1,d2,d3,d4,d5)",5D,open,-3,-1,-2,-3,3,,
5.095256e+05,"Ma(d1,d2,d3,d4,d5)",5D,open,-3,-1,-2,3,-3,,
5.095256e+05,"Ma(d1,d2,d3,d4,d5)",5D,open,-3,-1,-2,3,-2,,
5.095256e+05,"Ma(d1,d2,d3,d4,d5)",5D,open,-3,-1,-2,3,-1,,
5.095256e+05,"Ma(d1,d2,d3,d4)",4D,open,-3,-1,-2,3,0,,
5.095256e+05,"Ma(d1,d2,d3,d4,d5)",5D,open,-3,-1,-2,3,1,,
5.095256e+05,"Ma(d1,d2,d3,d4,d5)",5D,open,-3,-1,-2,3,2,,
5.095256e+05,"Ma(d1,d2,d3,d4,d5)",5D,open,-3,-1,-2,3,3,,
5.095256e+05,"Ma(d1,d2,d3,d4,d5)",5D,open,-3,-1,2,-3,-3,,
5.095256e+05,"Ma(d1,d2,d3,d4,d5)",5D,open,-3,-1,2,-3,-2,,
5.095256e+05,"Ma(d1,d2,d3,d4,d5)",5D,open,-3,-1,2,-3,-1,,
5.095256e+05,"Ma(d1,d2,d3,d4)",4D,open,-3,-1,2,-3,0,,
5.095256e+05,"Ma(d1,d2,d3,d4,d5)",5D,open,-3,-1,2,-3,1,,
5.095256e+05,"Ma(d1,d2,d3,d4,d5)",5D,open,-3,-1,2,-3,2,,
5.095256e+05,"Ma(d1,d2,d3,d4,d5)",5D,open,-3,-1,2,-3,3,,
5.095256e+05,"Ma(d1,d2,d3,d4,d5)",5D,open,-3,-1,2,3,-3,,
5.095256e+05,"Ma(d1,d2,d3,d4,d5)",5D,open,-3,-1,2,3,-2,,
5.095256e+05,"Ma(d1,d2,d3,d4,d5)",5D,open,-3,-1,2,3,-1,,
5.095256e+05,"Ma(d1,d2,d3,d4)",4D,open,-3,-1,2,3,0,,
5.095256e+05,"Ma(d1,d2,d3,d4,d5)",5D,open,-3,-1,2,3,1,,
5.095256e+05,"Ma(d1,d2,d3,d4,d5)",5D,open,-3,-1,2,3,2,,
5.095256e+05,"Ma(d1,d2,d3,d4,d5)",5D,open,-3,-1,2,3,3,,
5.095256e+05,"Ma(d1,d2,d3,d4,d5)",5D,open,-3,1,-2,-3,-3,,
5.095256e+05,"Ma(d1,d2,d3,d4,d5)",5D,open,-3,1,-2,-3,-2,,
5.095256e+05,"Ma(d1,d2,d3,d4,d5)",5D,open,-3,1,-2,-3,-1,,
5.095256e+05,"Ma(d1,d2,d3,d4)",4D,open,-3,1,-2,-3,0,,
5.095256e+05,"Ma(d1,d2,d3,d4,d5)",5D,open,-3,1,-2,-3,1,,
5.095256e+05,"Ma(d1,d2,d3,d4,d5)",5D,open,-3,1,-2,-3,2,,
5.095256e+05,"Ma(d1,d2,d3,d4,d5)",5D,open,-3,1,-2,-3,3,,
5.095256e+05,"Ma(d1,d2,d3,d4,d5)",5D,open,-3,1,-2,3,-3,,
5.095256e+05,"Ma(d1,d2,d3,d4,d5)",5D,open,-3,1,-2,3,-2,,
5.095256e+05,"Ma(d1,d2,d3,d4,d5)",5D,open,-3,1,-2,3,-1,,
5.095256e+05,"Ma(d1,d2,d3,d4)",4D,open,-3,1,-2,3,0,,
5.095256e+05,"Ma(d1,d2,d3,d4,d5)",5D,open,-3,1,-2,3,1,,
5.095256e+05,"Ma(d1,d2,d3,d4,d5)",5D,open,-3,1,-2,3,2,,
5.095256e+05,"Ma(d1,d2,d3,d4,d5)",5D,open,-3,1,-2,3,3,,
5.095256e+05,"Ma(d1,d2,d3,d4,d5)",5D,open,-3,1,2,-3,-3,,
5.095256e+05,"Ma(d1,d2,d3,d4,d5)",5D,open,-3,1,2,-3,-2,,
5.095256e+05,"Ma(d1,d2,d3,d4,d5)",5D,open,-3,1,2,-3,-1,,
5.095256e+05,"Ma(d1,d2,d3,d4)",4D,open,-3,1,2,-3,0,,
5.095256e+05,"Ma(d1,d2,d3,d4,d5)",5D,open,-3,1,2,-3,1,,
5.095256e+05,"Ma(d1,d2,d3,d4,d5)",5D,open,-3,1,2,-3,2,,
5.095256e+05,"Ma(d1,d2,d3,d4,d5)",5D,open,-3,1,2,-3,3,,
5.095256e+05,"Ma(d1,d2,d3,d4,d5)",5D,open,-3,1,2,3,-3,,
5.095256e+05,"Ma(d1,d2,d3,d4,d5)",5D,open,-3,1,2,3,-2,,
5.095256e+05,"Ma(d1,d2,d3,d4,d5)",5D,open,-3,1,2,3,-1,,
5.095256e+05,"Ma(d1,d2,d3,d4)",4D,open,-3,1,2,3,0,,
5.095256e+05,"Ma(d1,d2,d3,d4,d5)",5D,open,-3,1,2,3,1,,
5.095256e+05,"Ma(d1,d2,d3,d4,d5)",5D,open,-3,1,2,3,2,,
5.095256e+05,"Ma(d1,d2,d3,d4,d5)",5D,open,-3,1,2,3,3,,
5.095256e+05,"Ma(d1,d2,d3,d4,d5)",5D,open,3,-1,-2,-3,-3,,
5.095256e+05,"Ma(d1,d2,d3,d4,d5)",5D,open,3,-1,-2,-3,-2,,
5.095256e+05,"Ma(d1,d2,d3,d4,d5)",5D,open,3,-1,-2,-3,-1,,
5.095256e+05,"Ma(d1,d2,d3,d4)",4D,open,3,-1,-2,-3,0,,
5.095256e+05,"Ma(d1,d2,d3,d4,d5)",5D,open,3,-1,-2,-3,1,,
5.095256e+05,"Ma(d1,d2,d3,d4,d5)",5D,open,3,-1,-2,-3,2,,
5.095256e+05,"Ma(d1,d2,d3,d4,d5)",5D,open,3,-1,-2,-3,3,,
5.095256e+05,"Ma(d1,d2,d3,d4,d5)",5D,open,3,-1,-2,3,-3,,
5.095256e+05,"Ma(d1,d2,d3,d4,d5)",5D,open,3,-1,-2,3,-2,,
5.095256e+05,"Ma(d1,d2,d3,d4,d5)",5D,open,3,-1,-2,3,-1,,
5.095256e+05,"Ma(d1,d2,d3,d4)",4D,open,3,-1,-2,3,0,,
5.095256e+05,"Ma(d1,d2,d3,d4,d5)",5D,open,3,-1,-2,3,1,,
5.095256e+05,"Ma(d1,d2,d3,d4,d5)",5D,open,3,-1,-2,3,2,,
5.095256e+05,"Ma(d1,d2,d3,d4,d5)",5D,open,3,-1,-2,3,3,,
5.095256e+05,"Ma(d1,d2,d3,d4,d5)",5D,open,3,-1,2,-3,-3,,
5.095256e+05,"Ma(d1,d2,d3,d4,d5)",5D,open,3,-1,2,-3,-2,,
5.095256e+05,"Ma(d1,d2,d3,d4,d5)",5D,open,3,-1,2,-3,-1,,
5.095256e+05,"Ma(d1,d2,d3,d4)",4D,open,3,-1,2,-3,0,,
5.095256e+05,"Ma(d1,d2,d3,d4,d5)",5D,open,3,-1,2,-3,1,,
5.095256e+05,"Ma(d1,d2,d3,d4,d5)",5D,open,3,-1,2,-3,2,,
5.095256e+05,"Ma(d1,d2,d3,d4,d5)",5D,open,3,-1,2,-3,3,,
5.095256e+05,"Ma(d1,d2,d3,d4,d5)",5D,open,3,-1,2,3,-3,,
5.095256e+05,"Ma(d1,d2,d3,d4,d5)",5D,open,3,-1,2,3,-2,,
5.095256e+05,"Ma(d1,d2,d3,d4,d5)",5D,open,3,-1,2,3,-1,,
5.095256e+05,"Ma(d1,d2,d3,d4)",4D,open,3,-1,2,3,0,,
5.095256e+05,"Ma(d1,d2,d3,d4,d5)",5D,open,3,-1,2,3,1,,
5.095256e+05,"Ma(d1,d2,d3,d4,d5)",5D,open,3,-1,2,3,2,,
5.095256e+05,"Ma(d1,d2,d3,d4,d5)",5D,open,3,-1,2,3,3,,
5.095256e+05,"Ma(d1,d2,d3,d4,d5)",5D,open,3,1,-2,-3,-3,,
5.095256e+05,"Ma(d1,d2,d3,d4,d5)",5D,open,3,1,-2,-3,-2,,
5.095256e+05,"Ma(d1,d2,d3,d4,d5)",5D,open,3,1,-2,-3,-1,,
5.095256e+05,"Ma(d1,d2,d3,d4)",4D,open,3,1,-2,-3,0,,
5.095256e+05,"Ma(d1,d2,d3,d4,d5)",5D,open,3,1,-2,-3,1,,
5.095256e+05,"Ma(d1,d2,d3,d4,d5)",5D,open,3,1,-2,-3,2,,
5.095256e+05,"Ma(d1,d2,d3,d4,d5)",5D,open,3,1,-2,-3,3,,
5.095256e+05,"Ma(d1,d2,d3,d4,d5)",5D,open,3,1,-2,3,-3,,
5.095256e+05,"Ma(d1,d2,d3,d4,d5)",5D,open,3,1,-2,3,-2,,
5.095256e+05,"Ma(d1,d2,d3,d4,d5)",5D,open,3,1,-2,3,-1,,
5.095256e+05,"Ma(d1,d2,d3,d4)",4D,open,3,1,-2,3,0,,
5.095256e+05,"Ma(d1,d2,d3,d4,d5)",5D,open,3,1,-2,3,1,,
5.095256e+05,"Ma(d1,d2,d3,d4,d5)",5D,open,3,1,-2,3,2,,
5.095256e+05,"Ma(d1,d2,d3,d4,d5)",5D,open,3,1,-2,3,3,,
5.095256e+05,"Ma(d1,d2,d3,d4,d5)",5D,open,3,1,2,-3,-3,,
5.095256e+05,"Ma(d1,d2,d3,d4,d5)",5D,open,3,1,2,-3,-2,,
5.095256e+05,"Ma(d1,d2,d3,d4,d5)",5D,open,3,1,2,-3,-1,,
5.095256e+05,"Ma(d1,d2,d3,d4)",4D,open,3,1,2,-3,0,,
5.095256e+05,"Ma(d1,d2,d3,d4,d5)",5D,open,3,1,2,-3,1,,
5.095256e+05,"Ma(d1,d2,d3,d4,d5)",5D,open,3,1,2,-3,2,,
5.095256e+05,"Ma(d1,d2,d3,d4,d5)",5D,open,3,1,2,-3,3,,
5.095256e+05,"Ma(d1,d2,d3,d4,d5)",5D,open,3,1,2,3,-3,,
5.095256e+05,"Ma(d1,d2,d3,d4,d5)",5D,open,3,1,2,3,-2,,
5.095256e+05,"Ma(d1,d2,d3,d4,d5)",5D,open,3,1,2,3,-1,,
5.095256e+05,"Ma(d1,d2,d3,d4)",4D,open,3,1,2,3,0,,
5.095256e+05,"Ma(d1,d2,d3,d4,d5)",5D,open,3,1,2,3,1,,
5.095256e+05,"Ma(d1,d2,d3,d4,d5)",5D,open,3,1,2,3,2,,
5.095256e+05,"Ma(d1,d2,d3,d4,d5)",5D,open,3,1,2,3,3,,
5.095256e+05,"Ma(d1,d2,d3,d5)",4D,open,-3,-1,-3,0,-3,,
5.095256e+05,"Ma(d1,d2,d3,d5)",4D,open,-3,-1,-3,0,-2,,
5.095256e+05,"Ma(d1,d2,d3,d5)",4D,open,-3,-1,-3,0,-1,,
5.095256e+05,"Ma(d1,d2,d3)",3D,open,-3,-1,-3,0,0,,
5.095256e+05,"Ma(d1,d2,d3,d5)",4D,open,-3,-1,-3,0,1,,
5.095256e+05,"Ma(d1,d2,d3,d5)",4D,open,-3,-1,-3,0,2,,
5.095256e+05,"Ma(d1,d2,d3,d5)",4D,open,-3,-1,-3,0,3,,
5.095256e+05,"Ma(d1,d2,d3,d5)",4D,open,-3,-1,3,0,-3,,
5.095256e+05,"Ma(d1,d2,d3,d5)",4D,open,-3,-1,3,0,-2,,
5.095256e+05,"Ma(d1,d2,d3,d5)",4D,open,-3,-1,3,0,-1,,
5.095256e+05,"Ma(d1,d2,d3)",3D,open,-3,-1,3,0,0,,
5.095256e+05,"Ma(d1,d2,d3,d5)",4D,open,-3,-1,3,0,1,,
5.095256e+05,"Ma(d1,d2,d3,d5)",4D,open,-3,-1,3,0,2,,
5.095256e+05,"Ma(d1,d2,d3,d5)",4D,open,-3,-1,3,0,3,,
5.095256e+05,"Ma(d1,d2,d3,d5)",4D,open,-3,1,-3,0,-3,,
5.095256e+05,"Ma(d1,d2,d3,d5)",4D,open,-3,1,-3,0,-2,,
5.095256e+05,"Ma(d1,d2,d3,d5)",4D,open,-3,1,-3,0,-1,,
5.095256e+05,"Ma(d1,d2,d3)",3D,open,-3,1,-3,0,0,,
5.095256e+05,"Ma(d1,d2,d3,d5)",4D,open,-3,1,-3,0,1,,
5.095256e+05,"Ma(d1,d2,d3,d5)",4D,open,-3,1,-3,0,2,,
5.095256e+05,"Ma(d1,d2,d3,d5)",4D,open,-3,1,-3,0,3,,
5.095256e+05,"Ma(d1,d2,d3,d5)",4D,open,-3,1,3,0,-3,,
5.095256e+05,"Ma(d1,d2,d3,d5)",4D,open,-3,1,3,0,-2,,
5.095256e+05,"Ma(d1,d2,d3,d5)",4D,open,-3,1,3,0,-1,,
5.095256e+05,"Ma(d1,d2,d3)",3D,open,-3,1,3,0,0,,
5.095256e+05,"Ma(d1,d2,d3,d5)",4D,open,-3,1,3,0,1,,
5.095256e+05,"Ma(d1,d2,d3,d5)",4D,open,-3,1,3,0,2,,
5.095256e+05,"Ma(d1,d2,d3,d5)",4D,open,-3,1,3,0,3,,
5.095256e+05,"Ma(d1,d2,d3,d5)",4D,open,3,-1,-3,0,-3,,
5.095256e+05,"Ma(d1,d2,d3,d5)",4D,open,3,-1,-3,0,-2,,
5.095256e+05,"Ma(d1,d2,d3,d5)",4D,open,3,-1,-3,0,-1,,
5.095256e+05,"Ma(d1,d2,d3)",3D,open,3,-1,-3,0,0,,
5.095256e+05,"Ma(d1,d2,d3,d5)",4D,open,3,-1,-3,0,1,,
5.095256e+05,"Ma(d1,d2,d3,d5)",4D,open,3,-1,-3,0,2,,
5.095256e+05,"Ma(d1,d2,d3,d5)",4D,open,3,-1,-3,0,3,,
5.095256e+05,"Ma(d1,d2,d3,d5)",4D,open,3,-1,3,0,-3,,
5.095256e+05,"Ma(d1,d2,d3,d5)",4D,open,3,-1,3,0,-2,,
5.095256e+05,"Ma(d1,d2,d3,d5)",4D,open,3,-1,3,0,-1,,
5.095256e+05,"Ma(d1,d2,d3)",3D,open,3,-1,3,0,0,,
5.095256e+05,"Ma(d1,d2,d3,d5)",4D,open,3,-1,3,0,1,,
5.095256e+05,"Ma(d1,d2,d3,d5)",4D,open,3,-1,3,0,2,,
5.095256e+05,"Ma(d1,d2,d3,d5)",4D,open,3,-1,3,0,3,,
5.095256e+05,"Ma(d1,d2,d3,d5)",4D,open,3,1,-3,0,-3,,
5.095256e+05,"Ma(d1,d2,d3,d5)",4D,open,3,1,-3,0,-2,,
5.095256e+05,"Ma(d1,d2,d3,d5)",4D,open,3,1,-3,0,-1,,
5.095256e+05,"Ma(d1,d2,d3)",3D,open,3,1,-3,0,0,,
5.095256e+05,"Ma(d1,d2,d3,d5)",4D,open,3,1,-3,0,1,,
5.095256e+05,"Ma(d1,d2,d3,d5)",4D,open,3,1,-3,0,2,,
5.095256e+05,"Ma(d1,d2,d3,d5)",4D,open,3,1,-3,0,3,,
5.095256e+05,"Ma(d1,d2,d3,d5)",4D,open,3,1,3,0,-3,,
5.095256e+05,"Ma(d1,d2,d3,d5)",4D,open,3,1,3,0,-2,,
5.095256e+05,"Ma(d1,d2,d3,d5)",4D,open,3,1,3,0,-1,,
5.095256e+05,"Ma(d1,d2,d3)",3D,open,3,1,3,0,0,,
5.095256e+05,"Ma(d1,d2,d3,d5)",4D,open,3,1,3,0,1,,
5.095256e+05,"Ma(d1,d2,d3,d5)",4D,open,3,1,3,0,2,,
5.095256e+05,"Ma(d1,d2,d3,d5)",4D,open,3,1,3,0,3,,
5.095256e+05,"Ma(d1,d2,d3,d4,d5)",5D,open,-3,-1,-3,-1,-3,,
5.095256e+05,"Ma(d1,d2,d3,d4,d5)",5D,open,-3,-1,-3,-1,-2,,
5.095256e+05,"Ma(d1,d2,d3,d4,d5)",5D,open,-3,-1,-3,-1,-1,,
5.095256e+05,"Ma(d1,d2,d3,d4)",4D,open,-3,-1,-3,-1,0,,
5.095256e+05,"Ma(d1,d2,d3,d4,d5)",5D,open,-3,-1,-3,-1,1,,
5.095256e+05,"Ma(d1,d2,d3,d4,d5)",5D,open,-3,-1,-3,-1,2,,
5.095256e+05,"Ma(d1,d2,d3,d4,d5)",5D,open,-3,-1,-3,-1,3,,
5.095256e+05,"Ma(d1,d2,d3,d4,d5)",5D,open,-3,-1,-3,1,-3,,
5.095256e+05,"Ma(d1,d2,d3,d4,d5)",5D,open,-3,-1,-3,1,-2,,
5.095256e+05,"Ma(d1,d2,d3,d4,d5)",5D,open,-3,-1,-3,1,-1,,
5.095256e+05,"Ma(d1,d2,d3,d4)",4D,open,-3,-1,-3,1,0,,
5.095256e+05,"Ma(d1,d2,d3,d4,d5)",5D,open,-3,-1,-3,1,1,,
5.095256e+05,"Ma(d1,d2,d3,d4,d5)",5D,open,-3,-1,-3,1,2,,
5.095256e+05,"Ma(d1,d2,d3,d4,d5)",5D,open,-3,-1,-3,1,3,,
5.095256e+05,"Ma(d1,d2,d3,d4,d5)",5D,open,-3,-1,3,-1,-3,,
5.095256e+05,"Ma(d1,d2,d3,d4,d5)",5D,open,-3,-1,3,-1,-2,,
5.095256e+05,"Ma(d1,d2,d3,d4,d5)",5D,open,-3,-1,3,-1,-1,,
5.095256e+05,"Ma(d1,d2,d3,d4)",4D,open,-3,-1,3,-1,0,,
5.095256e+05,"Ma(d1,d2,d3,d4,d5)",5D,open,-3,-1,3,-1,1,,
5.095256e+05,"Ma(d1,d2,d3,d4,d5)",5D,open,-3,-1,3,-1,2,,
5.095256e+05,"Ma(d1,d2,d3,d4,d5)",5D,open,-3,-1,3,-1,3,,
5.095256e+05,"Ma(d1,d2,d3,d4,d5)",5D,open,-3,-1,3,1,-3,,
5.095256e+05,"Ma(d1,d2,d3,d4,d5)",5D,open,-3,-1,3,1,-2,,
5.095256e+05,"Ma(d1,d2,d3,d4,d5)",5D,open,-3,-1,3,1,-1,,
5.095256e+05,"Ma(d1,d2,d3,d4)",4D,open,-3,-1,3,1,0,,
5.095256e+05,"Ma(d1,d2,d3,d4,d5)",5D,open,-3,-1,3,1,1,,
5.095256e+05,"Ma(d1,d2,d3,d4,d5)",5D,open,-3,-1,3,1,2,,
5.095256e+05,"Ma(d1,d2,d3,d4,d5)",5D,open,-3,-1,3,1,3,,
5.095256e+05,"Ma(d1,d2,d3,d4,d5)",5D,open,-3,1,-3,-1,-3,,
5.095256e+05,"Ma(d1,d2,d3,d4,d5)",5D,open,-3,1,-3,-1,-2,,
5.095256e+05,"Ma(d1,d2,d3,d4,d5)",5D,open,-3,1,-3,-1,-1,,
5.095256e+05,"Ma(d1,d2,d3,d4)",4D,open,-3,1,-3,-1,0,,
5.095256e+05,"Ma(d1,d2,d3,d4,d5)",5D,open,-3,1,-3,-1,1,,
5.095256e+05,"Ma(d1,d2,d3,d4,d5)",5D,open,-3,1,-3,-1,2,,
5.095256e+05,"Ma(d1,d2,d3,d4,d5)",5D,open,-3,1,-3,-1,3,,
5.095256e+05,"Ma(d1,d2,d3,d4,d5)",5D,open,-3,1,-3,1,-3,,
5.095256e+05,"Ma(d1,d2,d3,d4,d5)",5D,open,-3,1,-3,1,-2,,
5.095256e+05,"Ma(d1,d2,d3,d4,d5)",5D,open,-3,1,-3,1,-1,,
5.095256e+05,"Ma(d1,d2,d3,d4)",4D,open,-3,1,-3,1,0,,
5.095256e+05,"Ma(d1,d2,d3,d4,d5)",5D,open,-3,1,-3,1,1,,
5.095256e+05,"Ma(d1,d2,d3,d4,d5)",5D,open,-3,1,-3,1,2,,
5.095256e+05,"Ma(d1,d2,d3,d4,d5)",5D,open,-3,1,-3,1,3,,
5.095256e+05,"Ma(d1,d2,d3,d4,d5)",5D,open,-3,1,3,-1,-3,,
5.095256e+05,"Ma(d1,d2,d3,d4,d5)",5D,open,-3,1,3,-1,-2,,
5.095256e+05,"Ma(d1,d2,d3,d4,d5)",5D,open,-3,1,3,-1,-1,,
5.095256e+05,"Ma(d1,d2,d3,d4)",4D,open,-3,1,3,-1,0,,
5.095256e+05,"Ma(d1,d2,d3,d4,d5)",5D,open,-3,1,3,-1,1,,
5.095256e+05,"Ma(d1,d2,d3,d4,d5)",5D,open,-3,1,3,-1,2,,
5.095256e+05,"Ma(d1,d2,d3,d4,d5)",5D,open,-3,1,3,-1,3,,
5.095256e+05,"Ma(d1,d2,d3,d4,d5)",5D,open,-3,1,3,1,-3,,
5.095256e+05,"Ma(d1,d2,d3,d4,d5)",5D,open,-3,1,3,1,-2,,
5.095256e+05,"Ma(d1,d2,d3,d4,d5)",5D,open,-3,1,3,1,-1,,
5.095256e+05,"Ma(d1,d2,d3,d4)",4D,open,-3,1,3,1,0,,
5.095256e+05,"Ma(d1,d2,d3,d4,d5)",5D,open,-3,1,3,1,1,,
5.095256e+05,"Ma(d1,d2,d3,d4,d5)",5D,open,-3,1,3,1,2,,
5.095256e+05,"Ma(d1,d2,d3,d4,d5)",5D,open,-3,1,3,1,3,,
5.095256e+05,"Ma(d1,d2,d3,d4,d5)",5D,open,3,-1,-3,-1,-3,,
5.095256e+05,"Ma(d1,d2,d3,d4,d5)",5D,open,3,-1,-3,-1,-2,,
5.095256e+05,"Ma(d1,d2,d3,d4,d5)",5D,open,3,-1,-3,-1,-1,,
5.095256e+05,"Ma(d1,d2,d3,d4)",4D,open,3,-1,-3,-1,0,,
5.095256e+05,"Ma(d1,d2,d3,d4,d5)",5D,open,3,-1,-3,-1,1,,
5.095256e+05,"Ma(d1,d2,d3,d4,d5)",5D,open,3,-1,-3,-1,2,,
5.095256e+05,"Ma(d1,d2,d3,d4,d5)",5D,open,3,-1,-3,-1,3,,
5.095256e+05,"Ma(d1,d2,d3,d4,d5)",5D,open,3,-1,-3,1,-3,,
5.095256e+05,"Ma(d1,d2,d3,d4,d5)",5D,open,3,-1,-3,1,-2,,
5.095256e+05,"Ma(d1,d2,d3,d4,d5)",5D,open,3,-1,-3,1,-1,,
5.095256e+05,"Ma(d1,d2,d3,d4)",4D,open,3,-1,-3,1,0,,
5.095256e+05,"Ma(d1,d2,d3,d4,d5)",5D,open,3,-1,-3,1,1,,
5.095256e+05,"Ma(d1,d2,d3,d4,d5)",5D,open,3,-1,-3,1,2,,
5.095256e+05,"Ma(d1,d2,d3,d4,d5)",5D,open,3,-1,-3,1,3,,
5.095256e+05,"Ma(d1,d2,d3,d4,d5)",5D,open,3,-1,3,-1,-3,,
5.095256e+05,"Ma(d1,d2,d3,d4,d5)",5D,open,3,-1,3,-1,-2,,
5.095256e+05,"Ma(d1,d2,d3,d4,d5)",5D,open,3,-1,3,-1,-1,,
5.095256e+05,"Ma(d1,d2,d3,d4)",4D,open,3,-1,3,-1,0,,
5.095256e+05,"Ma(d1,d2,d3,d4,d5)",5D,open,3,-1,3,-1,1,,
5.095256e+05,"Ma(d1,d2,d3,d4,d5)",5D,open,3,-1,3,-1,2,,
5.095256e+05,"Ma(d1,d2,d3,d4,d5)",5D,open,3,-1,3,-1,3,,
5.095256e+05,"Ma(d1,d2,d3,d4,d5)",5D,open,3,-1,3,1,-3,,
5.095256e+05,"Ma(d1,d2,d3,d4,d5)",5D,open,3,-1,3,1,-2,,
5.095256e+05,"Ma(d1,d2,d3,d4,d5)",5D,open,3,-1,3,1,-1,,
5.095256e+05,"Ma(d1,d2,d3,d4)",4D,open,3,-1,3,1,0,,
5.095256e+05,"Ma(d1,d2,d3,d4,d5)",5D,open,3,-1,3,1,1,,
5.095256e+05,"Ma(d1,d2,d3,d4,d5)",5D,open,3,-1,3,1,2,,
5.095256e+05,"Ma(d1,d2,d3,d4,d5)",5D,open,3,-1,3,1,3,,
5.095256e+05,"Ma(d1,d2,d3,d4,d5)",5D,open,3,1,-3,-1,-3,,
5.095256e+05,"Ma(d1,d2,d3,d4,d5)",5D,open,3,1,-3,-1,-2,,
5.095256e+05,"Ma(d1,d2,d3,d4,d5)",5D,open,3,1,-3,-1,-1,,
5.095256e+05,"Ma(d1,d2,d3,d4)",4D,open,3,1,-3,-1,0,,
5.095256e+05,"Ma(d1,d2,d3,d4,d5)",5D,open,3,1,-3,-1,1,,
5.095256e+05,"Ma(d1,d2,d3,d4,d5)",5D,open,3,1,-3,-1,2,,
5.095256e+05,"Ma(d1,d2,d3,d4,d5)",5D,open,3,1,-3,-1,3,,
5.095256e+05,"Ma(d1,d2,d3,d4,d5)",5D,open,3,1,-3,1,-3,,
5.095256e+05,"Ma(d1,d2,d3,d4,d5)",5D,open,3,1,-3,1,-2,,
5.095256e+05,"Ma(d1,d2,d3,d4,d5)",5D,open,3,1,-3,1,-1,,
5.095256e+05,"Ma(d1,d2,d3,d4)",4D,open,3,1,-3,1,0,,
5.095256e+05,"Ma(d1,d2,d3,d4,d5)",5D,open,3,1,-3,1,1,,
5.095256e+05,"Ma(d1,d2,d3,d4,d5)",5D,open,3,1,-3,1,2,,
5.095256e+05,"Ma(d1,d2,d3,d4,d5)",5D,open,3,1,-3,1,3,,
5.095256e+05,"Ma(d1,d2,d3,d4,d5)",5D,open,3,1,3,-1,-3,,
5.095256e+05,"Ma(d1,d2,d3,d4,d5)",5D,open,3,1,3,-1,-2,,
5.095256e+05,"Ma(d1,d2,d3,d4,d5)",5D,open,3,1,3,-1,-1,,
5.095256e+05,"Ma(d1,d2,d3,d4)",4D,open,3,1,3,-1,0,,
5.095256e+05,"Ma(d1,d2,d3,d4,d5)",5D,open,3,1,3,-1,1,,
5.095256e+05,"Ma(d1,d2,d3,d4,d5)",5D,open,3,1,3,-1,2,,
5.095256e+05,"Ma(d1,d2,d3,d4,d5)",5D,open,3,1,3,-1,3,,
5.095256e+05,"Ma(d1,d2,d3,d4,d5)",5D,open,3,1,3,1,-3,,
5.095256e+05,"Ma(d1,d2,d3,d4,d5)",5D,open,3,1,3,1,-2,,
5.095256e+05,"Ma(d1,d2,d3,d4,d5)",5D,open,3,1,3,1,-1,,
5.095256e+05,"Ma(d1,d2,d3,d4)",4D,open,3,1,3,1,0,,
5.095256e+05,"Ma(d1,d2,d3,d4,d5)",5D,open,3,1,3,1,1,,
5.095256e+05,"Ma(d1,d2,d3,d4,d5)",5D,open,3,1,3,1,2,,
5.095256e+05,"Ma(d1,d2,d3,d4,d5)",5D,open,3,1,3,1,3,,
5.095256e+05,"Ma(d1,d2,d3,d4,d5)",5D,open,-3,-1,-3,-2,-3,,
5.095256e+05,"Ma(d1,d2,d3,d4,d5)",5D,open,-3,-1,-3,-2,-2,,
5.095256e+05,"Ma(d1,d2,d3,d4,d5)",5D,open,-3,-1,-3,-2,-1,,
5.095256e+05,"Ma(d1,d2,d3,d4)",4D,open,-3,-1,-3,-2,0,,
5.095256e+05,"Ma(d1,d2,d3,d4,d5)",5D,open,-3,-1,-3,-2,1,,
5.095256e+05,"Ma(d1,d2,d3,d4,d5)",5D,open,-3,-1,-3,-2,2,,
5.095256e+05,"Ma(d1,d2,d3,d4,d5)",5D,open,-3,-1,-3,-2,3,,
5.095256e+05,"Ma(d1,d2,d3,d4,d5)",5D,open,-3,-1,-3,2,-3,,
5.095256e+05,"Ma(d1,d2,d3,d4,d5)",5D,open,-3,-1,-3,2,-2,,
5.095256e+05,"Ma(d1,d2,d3,d4,d5)",5D,open,-3,-1,-3,2,-1,,
5.095256e+05,"Ma(d1,d2,d3,d4)",4D,open,-3,-1,-3,2,0,,
5.095256e+05,"Ma(d1,d2,d3,d4,d5)",5D,open,-3,-1,-3,2,1,,
5.095256e+05,"Ma(d1,d2,d3,d4,d5)",5D,open,-3,-1,-3,2,2,,
5.095256e+05,"Ma(d1,d2,d3,d4,d5)",5D,open,-3,-1,-3,2,3,,
5.095256e+05,"Ma(d1,d2,d3,d4,d5)",5D,open,-3,-1,3,-2,-3,,
5.095256e+05,"Ma(d1,d2,d3,d4,d5)",5D,open,-3,-1,3,-2,-2,,
5.095256e+05,"Ma(d1,d2,d3,d4,d5)",5D,open,-3,-1,3,-2,-1,,
5.095256e+05,"Ma(d1,d2,d3,d4)",4D,open,-3,-1,3,-2,0,,
5.095256e+05,"Ma(d1,d2,d3,d4,d5)",5D,open,-3,-1,3,-2,1,,
5.095256e+05,"Ma(d1,d2,d3,d4,d5)",5D,open,-3,-1,3,-2,2,,
5.095256e+05,"Ma(d1,d2,d3,d4,d5)",5D,open,-3,-1,3,-2,3,,
5.095256e+05,"Ma(d1,d2,d3,d4,d5)",5D,open,-3,-1,3,2,-3,,
5.095256e+05,"Ma(d1,d2,d3,d4,d5)",5D,open,-3,-1,3,2,-2,,
5.095256e+05,"Ma(d1,d2,d3,d4,d5)",5D,open,-3,-1,3,2,-1,,
5.095256e+05,"Ma(d1,d2,d3,d4)",4D,open,-3,-1,3,2,0,,
5.095256e+05,"Ma(d1,d2,d3,d4,d5)",5D,open,-3,-1,3,2,1,,
5.095256e+05,"Ma(d1,d2,d3,d4,d5)",5D,open,-3,-1,3,2,2,,
5.095256e+05,"Ma(d1,d2,d3,d4,d5)",5D,open,-3,-1,3,2,3,,
5.095256e+05,"Ma(d1,d2,d3,d4,d5)",5D,open,-3,1,-3,-2,-3,,
5.095256e+05,"Ma(d1,d2,d3,d4,d5)",5D,open,-3,1,-3,-2,-2,,
5.095256e+05,"Ma(d1,d2,d3,d4,d5)",5D,open,-3,1,-3,-2,-1,,
5.095256e+05,"Ma(d1,d2,d3,d4)",4D,open,-3,1,-3,-2,0,,
5.095256e+05,"Ma(d1,d2,d3,d4,d5)",5D,open,-3,1,-3,-2,1,,
5.095256e+05,"Ma(d1,d2,d3,d4,d5)",5D,open,-3,1,-3,-2,2,,
5.095256e+05,"Ma(d1,d2,d3,d4,d5)",5D,open,-3,1,-3,-2,3,,
5.095256e+05,"Ma(d1,d2,d3,d4,d5)",5D,open,-3,1,-3,2,-3,,
5.095256e+05,"Ma(d1,d2,d3,d4,d5)",5D,open,-3,1,-3,2,-2,,
5.095256e+05,"Ma(d1,d2,d3,d4,d5)",5D,open,-3,1,-3,2,-1,,
5.095256e+05,"Ma(d1,d2,d3,d4)",4D,open,-3,1,-3,2,0,,
5.095256e+05,"Ma(d1,d2,d3,d4,d5)",5D,open,-3,1,-3,2,1,,
5.095256e+05,"Ma(d1,d2,d3,d4,d5)",5D,open,-3,1,-3,2,2,,
5.095256e+05,"Ma(d1,d2,d3,d4,d5)",5D,open,-3,1,-3,2,3,,
5.095256e+05,"Ma(d1,d2,d3,d4,d5)",5D,open,-3,1,3,-2,-3,,
5.095256e+05,"Ma(d1,d2,d3,d4,d5)",5D,open,-3,1,3,-2,-2,,
5.095256e+05,"Ma(d1,d2,d3,d4,d5)",5D,open,-3,1,3,-2,-1,,
5.095256e+05,"Ma(d1,d2,d3,d4)",4D,open,-3,1,3,-2,0,,
5.095256e+05,"Ma(d1,d2,d3,d4,d5)",5D,open,-3,1,3,-2,1,,
5.095256e+05,"Ma(d1,d2,d3,d4,d5)",5D,open,-3,1,3,-2,2,,
5.095256e+05,"Ma(d1,d2,d3,d4,d5)",5D,open,-3,1,3,-2,3,,
5.095256e+05,"Ma(d1,d2,d3,d4,d5)",5D,open,-3,1,3,2,-3,,
5.095256e+05,"Ma(d1,d2,d3,d4,d5)",5D,open,-3,1,3,2,-2,,
5.095256e+05,"Ma(d1,d2,d3,d4,d5)",5D,open,-3,1,3,2,-1,,
5.095256e+05,"Ma(d1,d2,d3,d4)",4D,open,-3,1,3,2,0,,
5.095256e+05,"Ma(d1,d2,d3,d4,d5)",5D,open,-3,1,3,2,1,,
5.095256e+05,"Ma(d1,d2,d3,d4,d5)",5D,open,-3,1,3,2,2,,
5.095256e+05,"Ma(d1,d2,d3,d4,d5)",5D,open,-3,1,3,2,3,,
5.095256e+05,"Ma(d1,d2,d3,d4,d5)",5D,open,3,-1,-3,-2,-3,,
5.095256e+05,"Ma(d1,d2,d3,d4,d5)",5D,open,3,-1,-3,-2,-2,,
5.095256e+05,"Ma(d1,d2,d3,d4,d5)",5D,open,3,-1,-3,-2,-1,,
5.095256e+05,"Ma(d1,d2,d3,d4)",4D,open,3,-1,-3,-2,0,,
5.095256e+05,"Ma(d1,d2,d3,d4,d5)",5D,open,3,-1,-3,-2,1,,
5.095256e+05,"Ma(d1,d2,d3,d4,d5)",5D,open,3,-1,-3,-2,2,,
5.095256e+05,"Ma(d1,d2,d3,d4,d5)",5D,open,3,-1,-3,-2,3,,
5.095256e+05,"Ma(d1,d2,d3,d4,d5)",5D,open,3,-1,-3,2,-3,,
5.095256e+05,"Ma(d1,d2,d3,d4,d5)",5D,open,3,-1,-3,2,-2,,
5.095256e+05,"Ma(d1,d2,d3,d4,d5)",5D,open,3,-1,-3,2,-1,,
5.095256e+05,"Ma(d1,d2,d3,d4)",4D,open,3,-1,-3,2,0,,
5.095256e+05,"Ma(d1,d2,d3,d4,d5)",5D,open,3,-1,-3,2,1,,
5.095256e+05,"Ma(d1,d2,d3,d4,d5)",5D,open,3,-1,-3,2,2,,
5.095256e+05,"Ma(d1,d2,d3,d4,d5)",5D,open,3,-1,-3,2,3,,
5.095256e+05,"Ma(d1,d2,d3,d4,d5)",5D,open,3,-1,3,-2,-3,,
5.095256e+05,"Ma(d1,d2,d3,d4,d5)",5D,open,3,-1,3,-2,-2,,
5.095256e+05,"Ma(d1,d2,d3,d4,d5)",5D,open,3,-1,3,-2,-1,,
5.095256e+05,"Ma(d1,d2,d3,d4)",4D,open,3,-1,3,-2,0,,
5.095256e+05,"Ma(d1,d2,d3,d4,d5)",5D,open,3,-1,3,-2,1,,
5.095256e+05,"Ma(d1,d2,d3,d4,d5)",5D,open,3,-1,3,-2,2,,
5.095256e+05,"Ma(d1,d2,d3,d4,d5)",5D,open,3,-1,3,-2,3,,
5.095256e+05,"Ma(d1,d2,d3,d4,d5)",5D,open,3,-1,3,2,-3,,
5.095256e+05,"Ma(d1,d2,d3,d4,d5)",5D,open,3,-1,3,2,-2,,
5.095256e+05,"Ma(d1,d2,d3,d4,d5)",5D,open,3,-1,3,2,-1,,
5.095256e+05,"Ma(d1,d2,d3,d4)",4D,open,3,-1,3,2,0,,
5.095256e+05,"Ma(d1,d2,d3,d4,d5)",5D,open,3,-1,3,2,1,,
5.095256e+05,"Ma(d1,d2,d3,d4,d5)",5D,open,3,-1,3,2,2,,
5.095256e+05,"Ma(d1,d2,d3,d4,d5)",5D,open,3,-1,3,2,3,,
5.095256e+05,"Ma(d1,d2,d3,d4,d5)",5D,open,3,1,-3,-2,-3,,
5.095256e+05,"Ma(d1,d2,d3,d4,d5)",5D,open,3,1,-3,-2,-2,,
5.095256e+05,"Ma(d1,d2,d3,d4,d5)",5D,open,3,1,-3,-2,-1,,
5.095256e+05,"Ma(d1,d2,d3,d4)",4D,open,3,1,-3,-2,0,,
5.095256e+05,"Ma(d1,d2,d3,d4,d5)",5D,open,3,1,-3,-2,1,,
5.095256e+05,"Ma(d1,d2,d3,d4,d5)",5D,open,3,1,-3,-2,2,,
5.095256e+05,"Ma(d1,d2,d3,d4,d5)",5D,open,3,1,-3,-2,3,,
5.095256e+05,"Ma(d1,d2,d3,d4,d5)",5D,open,3,1,-3,2,-3,,
5.095256e+05,"Ma(d1,d2,d3,d4,d5)",5D,open,3,1,-3,2,-2,,
5.095256e+05,"Ma(d1,d2,d3,d4,d5)",5D,open,3,1,-3,2,-1,,
5.095256e+05,"Ma(d1,d2,d3,d4)",4D,open,3,1,-3,2,0,,
5.095256e+05,"Ma(d1,d2,d3,d4,d5)",5D,open,3,1,-3,2,1,,
5.095256e+05,"Ma(d1,d2,d3,d4,d5)",5D,open,3,1,-3,2,2,,
5.095256e+05,"Ma(d1,d2,d3,d4,d5)",5D,open,3,1,-3,2,3,,
5.095256e+05,"Ma(d1,d2,d3,d4,d5)",5D,open,3,1,3,-2,-3,,
5.095256e+05,"Ma(d1,d2,d3,d4,d5)",5D,open,3,1,3,-2,-2,,
5.095256e+05,"Ma(d1,d2,d3,d4,d5)",5D,open,3,1,3,-2,-1,,
5.095256e+05,"Ma(d1,d2,d3,d4)",4D,open,3,1,3,-2,0,,
5.095256e+05,"Ma(d1,d2,d3,d4,d5)",5D,open,3,1,3,-2,1,,
5.095256e+05,"Ma(d1,d2,d3,d4,d5)",5D,open,3,1,3,-2,2,,
5.095256e+05,"Ma(d1,d2,d3,d4,d5)",5D,open,3,1,3,-2,3,,
5.095256e+05,"Ma(d1,d2,d3,d4,d5)",5D,open,3,1,3,2,-3,,
5.095256e+05,"Ma(d1,d2,d3,d4,d5)",5D,open,3,1,3,2,-2,,
5.095256e+05,"Ma(d1,d2,d3,d4,d5)",5D,open,3,1,3,2,-1,,
5.095256e+05,"Ma(d1,d2,d3,d4)",4D,open,3,1,3,2,0,,
5.095256e+05,"Ma(d1,d2,d3,d4,d5)",5D,open,3,1,3,2,1,,
5.095256e+05,"Ma(d1,d2,d3,d4,d5)",5D,open,3,1,3,2,2,,
5.095256e+05,"Ma(d1,d2,d3,d4,d5)",5D,open,3,1,3,2,3,,
5.095256e+05,"Ma(d1,d2,d3,d4,d5)",5D,open,-3,-1,-3,-3,-3,,
5.095256e+05,"Ma(d1,d2,d3,d4,d5)",5D,open,-3,-1,-3,-3,-2,,
5.095256e+05,"Ma(d1,d2,d3,d4,d5)",5D,open,-3,-1,-3,-3,-1,,
5.095256e+05,"Ma(d1,d2,d3,d4)",4D,open,-3,-1,-3,-3,0,,
5.095256e+05,"Ma(d1,d2,d3,d4,d5)",5D,open,-3,-1,-3,-3,1,,
5.095256e+05,"Ma(d1,d2,d3,d4,d5)",5D,open,-3,-1,-3,-3,2,,
5.095256e+05,"Ma(d1,d2,d3,d4,d5)",5D,open,-3,-1,-3,-3,3,,
5.095256e+05,"Ma(d1,d2,d3,d4,d5)",5D,open,-3,-1,-3,3,-3,,
5.095256e+05,"Ma(d1,d2,d3,d4,d5)",5D,open,-3,-1,-3,3,-2,,
5.095256e+05,"Ma(d1,d2,d3,d4,d5)",5D,open,-3,-1,-3,3,-1,,
5.095256e+05,"Ma(d1,d2,d3,d4)",4D,open,-3,-1,-3,3,0,,
5.095256e+05,"Ma(d1,d2,d3,d4,d5)",5D,open,-3,-1,-3,3,1,,
5.095256e+05,"Ma(d1,d2,d3,d4,d5)",5D,open,-3,-1,-3,3,2,,
5.095256e+05,"Ma(d1,d2,d3,d4,d5)",5D,open,-3,-1,-3,3,3,,
5.095256e+05,"Ma(d1,d2,d3,d4,d5)",5D,open,-3,-1,3,-3,-3,,
5.095256e+05,"Ma(d1,d2,d3,d4,d5)",5D,open,-3,-1,3,-3,-2,,
5.095256e+05,"Ma(d1,d2,d3,d4,d5)",5D,open,-3,-1,3,-3,-1,,
5.095256e+05,"Ma(d1,d2,d3,d4)",4D,open,-3,-1,3,-3,0,,
5.095256e+05,"Ma(d1,d2,d3,d4,d5)",5D,open,-3,-1,3,-3,1,,
5.095256e+05,"Ma(d1,d2,d3,d4,d5)",5D,open,-3,-1,3,-3,2,,
5.095256e+05,"Ma(d1,d2,d3,d4,d5)",5D,open,-3,-1,3,-3,3,,
5.095256e+05,"Ma(d1,d2,d3,d4,d5)",5D,open,-3,-1,3,3,-3,,
5.095256e+05,"Ma(d1,d2,d3,d4,d5)",5D,open,-3,-1,3,3,-2,,
5.095256e+05,"Ma(d1,d2,d3,d4,d5)",5D,open,-3,-1,3,3,-1,,
5.095256e+05,"Ma(d1,d2,d3,d4)",4D,open,-3,-1,3,3,0,,
5.095256e+05,"Ma(d1,d2,d3,d4,d5)",5D,open,-3,-1,3,3,1,,
5.095256e+05,"Ma(d1,d2,d3,d4,d5)",5D,open,-3,-1,3,3,2,,
5.095256e+05,"Ma(d1,d2,d3,d4,d5)",5D,open,-3,-1,3,3,3,,
5.095256e+05,"Ma(d1,d2,d3,d4,d5)",5D,open,-3,1,-3,-3,-3,,
5.095256e+05,"Ma(d1,d2,d3,d4,d5)",5D,open,-3,1,-3,-3,-2,,
5.095256e+05,"Ma(d1,d2,d3,d4,d5)",5D,open,-3,1,-3,-3,-1,,
5.095256e+05,"Ma(d1,d2,d3,d4)",4D,open,-3,1,-3,-3,0,,
5.095256e+05,"Ma(d1,d2,d3,d4,d5)",5D,open,-3,1,-3,-3,1,,
5.095256e+05,"Ma(d1,d2,d3,d4,d5)",5D,open,-3,1,-3,-3,2,,
5.095256e+05,"Ma(d1,d2,d3,d4,d5)",5D,open,-3,1,-3,-3,3,,
5.095256e+05,"Ma(d1,d2,d3,d4,d5)",5D,open,-3,1,-3,3,-3,,
5.095256e+05,"Ma(d1,d2,d3,d4,d5)",5D,open,-3,1,-3,3,-2,,
5.095256e+05,"Ma(d1,d2,d3,d4,d5)",5D,open,-3,1,-3,3,-1,,
5.095256e+05,"Ma(d1,d2,d3,d4)",4D,open,-3,1,-3,3,0,,
5.095256e+05,"Ma(d1,d2,d3,d4,d5)",5D,open,-3,1,-3,3,1,,
5.095256e+05,"Ma(d1,d2,d3,d4,d5)",5D,open,-3,1,-3,3,2,,
5.095256e+05,"Ma(d1,d2,d3,d4,d5)",5D,open,-3,1,-3,3,3,,
5.095256e+05,"Ma(d1,d2,d3,d4,d5)",5D,open,-3,1,3,-3,-3,,
5.095256e+05,"Ma(d1,d2,d3,d4,d5)",5D,open,-3,1,3,-3,-2,,
5.095256e+05,"Ma(d1,d2,d3,d4,d5)",5D,open,-3,1,3,-3,-1,,
5.095256e+05,"Ma(d1,d2,d3,d4)",4D,open,-3,1,3,-3,0,,
5.095256e+05,"Ma(d1,d2,d3,d4,d5)",5D,open,-3,1,3,-3,1,,
5.095256e+05,"Ma(d1,d2,d3,d4,d5)",5D,open,-3,1,3,-3,2,,
5.095256e+05,"Ma(d1,d2,d3,d4,d5)",5D,open,-3,1,3,-3,3,,
5.095256e+05,"Ma(d1,d2,d3,d4,d5)",5D,open,-3,1,3,3,-3,,
5.095256e+05,"Ma(d1,d2,d3,d4,d5)",5D,open,-3,1,3,3,-2,,
5.095256e+05,"Ma(d1,d2,d3,d4,d5)",5D,open,-3,1,3,3,-1,,
5.095256e+05,"Ma(d1,d2,d3,d4)",4D,open,-3,1,3,3,0,,
5.095256e+05,"Ma(d1,d2,d3,d4,d5)",5D,open,-3,1,3,3,1,,
5.095256e+05,"Ma(d1,d2,d3,d4,d5)",5D,open,-3,1,3,3,2,,
5.095256e+05,"Ma(d1,d2,d3,d4,d5)",5D,open,-3,1,3,3,3,,
5.095256e+05,"Ma(d1,d2,d3,d4,d5)",5D,open,3,-1,-3,-3,-3,,
5.095256e+05,"Ma(d1,d2,d3,d4,d5)",5D,open,3,-1,-3,-3,-2,,
5.095256e+05,"Ma(d1,d2,d3,d4,d5)",5D,open,3,-1,-3,-3,-1,,
5.095256e+05,"Ma(d1,d2,d3,d4)",4D,open,3,-1,-3,-3,0,,
5.095256e+05,"Ma(d1,d2,d3,d4,d5)",5D,open,3,-1,-3,-3,1,,
5.095256e+05,"Ma(d1,d2,d3,d4,d5)",5D,open,3,-1,-3,-3,2,,
5.095256e+05,"Ma(d1,d2,d3,d4,d5)",5D,open,3,-1,-3,-3,3,,
5.095256e+05,"Ma(d1,d2,d3,d4,d5)",5D,open,3,-1,-3,3,-3,,
5.095256e+05,"Ma(d1,d2,d3,d4,d5)",5D,open,3,-1,-3,3,-2,,
5.095256e+05,"Ma(d1,d2,d3,d4,d5)",5D,open,3,-1,-3,3,-1,,
5.095256e+05,"Ma(d1,d2,d3,d4)",4D,open,3,-1,-3,3,0,,
5.095256e+05,"Ma(d1,d2,d3,d4,d5)",5D,open,3,-1,-3,3,1,,
5.095256e+05,"Ma(d1,d2,d3,d4,d5)",5D,open,3,-1,-3,3,2,,
5.095256e+05,"Ma(d1,d2,d3,d4,d5)",5D,open,3,-1,-3,3,3,,
5.095256e+05,"Ma(d1,d2,d3,d4,d5)",5D,open,3,-1,3,-3,-3,,
5.095256e+05,"Ma(d1,d2,d3,d4,d5)",5D,open,3,-1,3,-3,-2,,
5.095256e+05,"Ma(d1,d2,d3,d4,d5)",5D,open,3,-1,3,-3,-1,,
5.095256e+05,"Ma(d1,d2,d3,d4)",4D,open,3,-1,3,-3,0,,
5.095256e+05,"Ma(d1,d2,d3,d4,d5)",5D,open,3,-1,3,-3,1,,
5.095256e+05,"Ma(d1,d2,d3,d4,d5)",5D,open,3,-1,3,-3,2,,
5.095256e+05,"Ma(d1,d2,d3,d4,d5)",5D,open,3,-1,3,-3,3,,
5.095256e+05,"Ma(d1,d2,d3,d4,d5)",5D,open,3,-1,3,3,-3,,
5.095256e+05,"Ma(d1,d2,d3,d4,d5)",5D,open,3,-1,3,3,-2,,
5.095256e+05,"Ma(d1,d2,d3,d4,d5)",5D,open,3,-1,3,3,-1,,
5.095256e+05,"Ma(d1,d2,d3,d4)",4D,open,3,-1,3,3,0,,
5.095256e+05,"Ma(d1,d2,d3,d4,d5)",5D,open,3,-1,3,3,1,,
5.095256e+05,"Ma(d1,d2,d3,d4,d5)",5D,open,3,-1,3,3,2,,
5.095256e+05,"Ma(d1,d2,d3,d4,d5)",5D,open,3,-1,3,3,3,,
5.095256e+05,"Ma(d1,d2,d3,d4,d5)",5D,open,3,1,-3,-3,-3,,
5.095256e+05,"Ma(d1,d2,d3,d4,d5)",5D,open,3,1,-3,-3,-2,,
5.095256e+05,"Ma(d1,d2,d3,d4,d5)",5D,open,3,1,-3,-3,-1,,
5.095256e+05,"Ma(d1,d2,d3,d4)",4D,open,3,1,-3,-3,0,,
5.095256e+05,"Ma(d1,d2,d3,d4,d5)",5D,open,3,1,-3,-3,1,,
5.095256e+05,"Ma(d1,d2,d3,d4,d5)",5D,open,3,1,-3,-3,2,,
5.095256e+05,"Ma(d1,d2,d3,d4,d5)",5D,open,3,1,-3,-3,3,,
5.095256e+05,"Ma(d1,d2,d3,d4,d5)",5D,open,3,1,-3,3,-3,,
5.095256e+05,"Ma(d1,d2,d3,d4,d5)",5D,open,3,1,-3,3,-2,,
5.095256e+05,"Ma(d1,d2,d3,d4,d5)",5D,open,3,1,-3,3,-1,,
5.095256e+05,"Ma(d1,d2,d3,d4)",4D,open,3,1,-3,3,0,,
5.095256e+05,"Ma(d1,d2,d3,d4,d5)",5D,open,3,1,-3,3,1,,
5.095256e+05,"Ma(d1,d2,d3,d4,d5)",5D,open,3,1,-3,3,2,,
5.095256e+05,"Ma(d1,d2,d3,d4,d5)",5D,open,3,1,-3,3,3,,
5.095256e+05,"Ma(d1,d2,d3,d4,d5)",5D,open,3,1,3,-3,-3,,
5.095256e+05,"Ma(d1,d2,d3,d4,d5)",5D,open,3,1,3,-3,-2,,
5.095256e+05,"Ma(d1,d2,d3,d4,d5)",5D,open,3,1,3,-3,-1,,
5.095256e+05,"Ma(d1,d2,d3,d4)",4D,open,3,1,3,-3,0,,
5.095256e+05,"Ma(d1,d2,d3,d4,d5)",5D,open,3,1,3,-3,1,,
5.095256e+05,"Ma(d1,d2,d3,d4,d5)",5D,open,3,1,3,-3,2,,
5.095256e+05,"Ma(d1,d2,d3,d4,d5)",5D,open,3,1,3,-3,3,,
5.095256e+05,"Ma(d1,d2,d3,d4,d5)",5D,open,3,1,3,3,-3,,
5.095256e+05,"Ma(d1,d2,d3,d4,d5)",5D,open,3,1,3,3,-2,,
5.095256e+05,"Ma(d1,d2,d3,d4,d5)",5D,open,3,1,3,3,-1,,
5.095256e+05,"Ma(d1,d2,d3,d4)",4D,open,3,1,3,3,0,,
5.095256e+05,"Ma(d1,d2,d3,d4,d5)",5D,open,3,1,3,3,1,,
5.095256e+05,"Ma(d1,d2,d3,d4,d5)",5D,open,3,1,3,3,2,,
5.095256e+05,"Ma(d1,d2,d3,d4,d5)",5D,open,3,1,3,3,3,,
5.095301e+05,"Ma(d1,d2,d5)",3D,open,-3,-2,0,0,-3,,
5.095301e+05,"Ma(d1,d2,d5)",3D,open,-3,-2,0,0,-2,,
5.095301e+05,"Ma(d1,d2,d5)",3D,open,-3,-2,0,0,-1,,
5.095301e+05,"Ma(d1,d2,d5)",3D,open,-3,-2,0,0,1,,
5.095301e+05,"Ma(d1,d2,d5)",3D,open,-3,-2,0,0,2,,
5.095301e+05,"Ma(d1,d2,d5)",3D,open,-3,-2,0,0,3,,
5.095301e+05,"Ma(d1,d2,d5)",3D,open,-3,2,0,0,-3,,
5.095301e+05,"Ma(d1,d2,d5)",3D,open,-3,2,0,0,-2,,
5.095301e+05,"Ma(d1,d2,d5)",3D,open,-3,2,0,0,-1,,
5.095301e+05,"Ma(d1,d2,d5)",3D,open,-3,2,0,0,1,,
5.095301e+05,"Ma(d1,d2,d5)",3D,open,-3,2,0,0,2,,
5.095301e+05,"Ma(d1,d2,d5)",3D,open,-3,2,0,0,3,,
5.095301e+05,"Ma(d1,d2,d5)",3D,open,3,-2,0,0,-3,,
5.095301e+05,"Ma(d1,d2,d5)",3D,open,3,-2,0,0,-2,,
5.095301e+05,"Ma(d1,d2,d5)",3D,open,3,-2,0,0,-1,,
5.095301e+05,"Ma(d1,d2,d5)",3D,open,3,-2,0,0,1,,
5.095301e+05,"Ma(d1,d2,d5)",3D,open,3,-2,0,0,2,,
5.095301e+05,"Ma(d1,d2,d5)",3D,open,3,-2,0,0,3,,
5.095301e+05,"Ma(d1,d2,d5)",3D,open,3,2,0,0,-3,,
5.095301e+05,"Ma(d1,d2,d5)",3D,open,3,2,0,0,-2,,
5.095301e+05,"Ma(d1,d2,d5)",3D,open,3,2,0,0,-1,,
5.095301e+05,"Ma(d1,d2,d5)",3D,open,3,2,0,0,1,,
5.095301e+05,"Ma(d1,d2,d5)",3D,open,3,2,0,0,2,,
5.095301e+05,"Ma(d1,d2,d5)",3D,open,3,2,0,0,3,,
5.095301e+05,"Ma(d1,d2,d4,d5)",4D,open,-3,-2,0,-1,-3,,
5.095301e+05,"Ma(d1,d2,d4,d5)",4D,open,-3,-2,0,-1,-2,,
5.095301e+05,"Ma(d1,d2,d4,d5)",4D,open,-3,-2,0,-1,-1,,
5.095301e+05,"Ma(d1,d2,d4)",3D,open,-3,-2,0,-1,0,,
5.095301e+05,"Ma(d1,d2,d4,d5)",4D,open,-3,-2,0,-1,1,,
5.095301e+05,"Ma(d1,d2,d4,d5)",4D,open,-3,-2,0,-1,2,,
5.095301e+05,"Ma(d1,d2,d4,d5)",4D,open,-3,-2,0,-1,3,,
5.095301e+05,"Ma(d1,d2,d4,d5)",4D,open,-3,-2,0,1,-3,,
5.095301e+05,"Ma(d1,d2,d4,d5)",4D,open,-3,-2,0,1,-2,,
5.095301e+05,"Ma(d1,d2,d4,d5)",4D,open,-3,-2,0,1,-1,,
5.095301e+05,"Ma(d1,d2,d4)",3D,open,-3,-2,0,1,0,,
5.095301e+05,"Ma(d1,d2,d4,d5)",4D,open,-3,-2,0,1,1,,
5.095301e+05,"Ma(d1,d2,d4,d5)",4D,open,-3,-2,0,1,2,,
5.095301e+05,"Ma(d1,d2,d4,d5)",4D,open,-3,-2,0,1,3,,
5.095301e+05,"Ma(d1,d2,d4,d5)",4D,open,-3,2,0,-1,-3,,
5.095301e+05,"Ma(d1,d2,d4,d5)",4D,open,-3,2,0,-1,-2,,
5.095301e+05,"Ma(d1,d2,d4,d5)",4D,open,-3,2,0,-1,-1,,
5.095301e+05,"Ma(d1,d2,d4)",3D,open,-3,2,0,-1,0,,
5.095301e+05,"Ma(d1,d2,d4,d5)",4D,open,-3,2,0,-1,1,,
5.095301e+05,"Ma(d1,d2,d4,d5)",4D,open,-3,2,0,-1,2,,
5.095301e+05,"Ma(d1,d2,d4,d5)",4D,open,-3,2,0,-1,3,,
5.095301e+05,"Ma(d1,d2,d4,d5)",4D,open,-3,2,0,1,-3,,
5.095301e+05,"Ma(d1,d2,d4,d5)",4D,open,-3,2,0,1,-2,,
5.095301e+05,"Ma(d1,d2,d4,d5)",4D,open,-3,2,0,1,-1,,
5.095301e+05,"Ma(d1,d2,d4)",3D,open,-3,2,0,1,0,,
5.095301e+05,"Ma(d1,d2,d4,d5)",4D,open,-3,2,0,1,1,,
5.095301e+05,"Ma(d1,d2,d4,d5)",4D,open,-3,2,0,1,2,,
5.095301e+05,"Ma(d1,d2,d4,d5)",4D,open,-3,2,0,1,3,,
5.095301e+05,"Ma(d1,d2,d4,d5)",4D,open,3,-2,0,-1,-3,,
5.095301e+05,"Ma(d1,d2,d4,d5)",4D,open,3,-2,0,-1,-2,,
5.095301e+05,"Ma(d1,d2,d4,d5)",4D,open,3,-2,0,-1,-1,,
5.095301e+05,"Ma(d1,d2,d4)",3D,open,3,-2,0,-1,0,,
5.095301e+05,"Ma(d1,d2,d4,d5)",4D,open,3,-2,0,-1,1,,
5.095301e+05,"Ma(d1,d2,d4,d5)",4D,open,3,-2,0,-1,2,,
5.095301e+05,"Ma(d1,d2,d4,d5)",4D,open,3,-2,0,-1,3,,
5.095301e+05,"Ma(d1,d2,d4,d5)",4D,open,3,-2,0,1,-3,,
5.095301e+05,"Ma(d1,d2,d4,d5)",4D,open,3,-2,0,1,-2,,
5.095301e+05,"Ma(d1,d2,d4,d5)",4D,open,3,-2,0,1,-1,,
5.095301e+05,"Ma(d1,d2,d4)",3D,open,3,-2,0,1,0,,
5.095301e+05,"Ma(d1,d2,d4,d5)",4D,open,3,-2,0,1,1,,
5.095301e+05,"Ma(d1,d2,d4,d5)",4D,open,3,-2,0,1,2,,
5.095301e+05,"Ma(d1,d2,d4,d5)",4D,open,3,-2,0,1,3,,
5.095301e+05,"Ma(d1,d2,d4,d5)",4D,open,3,2,0,-1,-3,,
5.095301e+05,"Ma(d1,d2,d4,d5)",4D,open,3,2,0,-1,-2,,
5.095301e+05,"Ma(d1,d2,d4,d5)",4D,open,3,2,0,-1,-1,,
5.095301e+05,"Ma(d1,d2,d4)",3D,open,3,2,0,-1,0,,
5.095301e+05,"Ma(d1,d2,d4,d5)",4D,open,3,2,0,-1,1,,
5.095301e+05,"Ma(d1,d2,d4,d5)",4D,open,3,2,0,-1,2,,
5.095301e+05,"Ma(d1,d2,d4,d5)",4D,open,3,2,0,-1,3,,
5.095301e+05,"Ma(d1,d2,d4,d5)",4D,open,3,2,0,1,-3,,
5.095301e+05,"Ma(d1,d2,d4,d5)",4D,open,3,2,0,1,-2,,
5.095301e+05,"Ma(d1,d2,d4,d5)",4D,open,3,2,0,1,-1,,
5.095301e+05,"Ma(d1,d2,d4)",3D,open,3,2,0,1,0,,
5.095301e+05,"Ma(d1,d2,d4,d5)",4D,open,3,2,0,1,1,,
5.095301e+05,"Ma(d1,d2,d4,d5)",4D,open,3,2,0,1,2,,
5.095301e+05,"Ma(d1,d2,d4,d5)",4D,open,3,2,0,1,3,,
5.095301e+05,"Ma(d1,d2,d4,d5)",4D,open,-3,-2,0,-2,-3,,
5.095301e+05,"Ma(d1,d2,d4,d5)",4D,open,-3,-2,0,-2,-2,,
5.095301e+05,"Ma(d1,d2,d4,d5)",4D,open,-3,-2,0,-2,-1,,
5.095301e+05,"Ma(d1,d2,d4)",3D,open,-3,-2,0,-2,0,,
5.095301e+05,"Ma(d1,d2,d4,d5)",4D,open,-3,-2,0,-2,1,,
5.095301e+05,"Ma(d1,d2,d4,d5)",4D,open,-3,-2,0,-2,2,,
5.095301e+05,"Ma(d1,d2,d4,d5)",4D,open,-3,-2,0,-2,3,,
5.095301e+05,"Ma(d1,d2,d4,d5)",4D,open,-3,-2,0,2,-3,,
5.095301e+05,"Ma(d1,d2,d4,d5)",4D,open,-3,-2,0,2,-2,,
5.095301e+05,"Ma(d1,d2,d4,d5)",4D,open,-3,-2,0,2,-1,,
5.095301e+05,"Ma(d1,d2,d4)",3D,open,-3,-2,0,2,0,,
5.095301e+05,"Ma(d1,d2,d4,d5)",4D,open,-3,-2,0,2,1,,
5.095301e+05,"Ma(d1,d2,d4,d5)",4D,open,-3,-2,0,2,2,,
5.095301e+05,"Ma(d1,d2,d4,d5)",4D,open,-3,-2,0,2,3,,
5.095301e+05,"Ma(d1,d2,d4,d5)",4D,open,-3,2,0,-2,-3,,
5.095301e+05,"Ma(d1,d2,d4,d5)",4D,open,-3,2,0,-2,-2,,
5.095301e+05,"Ma(d1,d2,d4,d5)",4D,open,-3,2,0,-2,-1,,
5.095301e+05,"Ma(d1,d2,d4)",3D,open,-3,2,0,-2,0,,
5.095301e+05,"Ma(d1,d2,d4,d5)",4D,open,-3,2,0,-2,1,,
5.095301e+05,"Ma(d1,d2,d4,d5)",4D,open,-3,2,0,-2,2,,
5.095301e+05,"Ma(d1,d2,d4,d5)",4D,open,-3,2,0,-2,3,,
5.095301e+05,"Ma(d1,d2,d4,d5)",4D,open,-3,2,0,2,-3,,
5.095301e+05,"Ma(d1,d2,d4,d5)",4D,open,-3,2,0,2,-2,,
5.095301e+05,"Ma(d1,d2,d4,d5)",4D,open,-3,2,0,2,-1,,
5.095301e+05,"Ma(d1,d2,d4)",3D,open,-3,2,0,2,0,,
5.095301e+05,"Ma(d1,d2,d4,d5)",4D,open,-3,2,0,2,1,,
5.095301e+05,"Ma(d1,d2,d4,d5)",4D,open,-3,2,0,2,2,,
5.095301e+05,"Ma(d1,d2,d4,d5)",4D,open,-3,2,0,2,3,,
5.095301e+05,"Ma(d1,d2,d4,d5)",4D,open,3,-2,0,-2,-3,,
5.095301e+05,"Ma(d1,d2,d4,d5)",4D,open,3,-2,0,-2,-2,,
5.095301e+05,"Ma(d1,d2,d4,d5)",4D,open,3,-2,0,-2,-1,,
5.095301e+05,"Ma(d1,d2,d4)",3D,open,3,-2,0,-2,0,,
5.095301e+05,"Ma(d1,d2,d4,d5)",4D,open,3,-2,0,-2,1,,
5.095301e+05,"Ma(d1,d2,d4,d5)",4D,open,3,-2,0,-2,2,,
5.095301e+05,"Ma(d1,d2,d4,d5)",4D,open,3,-2,0,-2,3,,
5.095301e+05,"Ma(d1,d2,d4,d5)",4D,open,3,-2,0,2,-3,,
5.095301e+05,"Ma(d1,d2,d4,d5)",4D,open,3,-2,0,2,-2,,
5.095301e+05,"Ma(d1,d2,d4,d5)",4D,open,3,-2,0,2,-1,,
5.095301e+05,"Ma(d1,d2,d4)",3D,open,3,-2,0,2,0,,
5.095301e+05,"Ma(d1,d2,d4,d5)",4D,open,3,-2,0,2,1,,
5.095301e+05,"Ma(d1,d2,d4,d5)",4D,open,3,-2,0,2,2,,
5.095301e+05,"Ma(d1,d2,d4,d5)",4D,open,3,-2,0,2,3,,
5.095301e+05,"Ma(d1,d2,d4,d5)",4D,open,3,2,0,-2,-3,,
5.095301e+05,"Ma(d1,d2,d4,d5)",4D,open,3,2,0,-2,-2,,
5.095301e+05,"Ma(d1,d2,d4,d5)",4D,open,3,2,0,-2,-1,,
5.095301e+05,"Ma(d1,d2,d4)",3D,open,3,2,0,-2,0,,
5.095301e+05,"Ma(d1,d2,d4,d5)",4D,open,3,2,0,-2,1,,
5.095301e+05,"Ma(d1,d2,d4,d5)",4D,open,3,2,0,-2,2,,
5.095301e+05,"Ma(d1,d2,d4,d5)",4D,open,3,2,0,-2,3,,
5.095301e+05,"Ma(d1,d2,d4,d5)",4D,open,3,2,0,2,-3,,
5.095301e+05,"Ma(d1,d2,d4,d5)",4D,open,3,2,0,2,-2,,
5.095301e+05,"Ma(d1,d2,d4,d5)",4D,open,3,2,0,2,-1,,
5.095301e+05,"Ma(d1,d2,d4)",3D,open,3,2,0,2,0,,
5.095301e+05,"Ma(d1,d2,d4,d5)",4D,open,3,2,0,2,1,,
5.095301e+05,"Ma(d1,d2,d4,d5)",4D,open,3,2,0,2,2,,
5.095301e+05,"Ma(d1,d2,d4,d5)",4D,open,3,2,0,2,3,,
5.095301e+05,"Ma(d1,d2,d4,d5)",4D,open,-3,-2,0,-3,-3,,
5.095301e+05,"Ma(d1,d2,d4,d5)",4D,open,-3,-2,0,-3,-2,,
5.095301e+05,"Ma(d1,d2,d4,d5)",4D,open,-3,-2,0,-3,-1,,
5.095301e+05,"Ma(d1,d2,d4)",3D,open,-3,-2,0,-3,0,,
5.095301e+05,"Ma(d1,d2,d4,d5)",4D,open,-3,-2,0,-3,1,,
5.095301e+05,"Ma(d1,d2,d4,d5)",4D,open,-3,-2,0,-3,2,,
5.095301e+05,"Ma(d1,d2,d4,d5)",4D,open,-3,-2,0,-3,3,,
5.095301e+05,"Ma(d1,d2,d4,d5)",4D,open,-3,-2,0,3,-3,,
5.095301e+05,"Ma(d1,d2,d4,d5)",4D,open,-3,-2,0,3,-2,,
5.095301e+05,"Ma(d1,d2,d4,d5)",4D,open,-3,-2,0,3,-1,,
5.095301e+05,"Ma(d1,d2,d4)",3D,open,-3,-2,0,3,0,,
5.095301e+05,"Ma(d1,d2,d4,d5)",4D,open,-3,-2,0,3,1,,
5.095301e+05,"Ma(d1,d2,d4,d5)",4D,open,-3,-2,0,3,2,,
5.095301e+05,"Ma(d1,d2,d4,d5)",4D,open,-3,-2,0,3,3,,
5.095301e+05,"Ma(d1,d2,d4,d5)",4D,open,-3,2,0,-3,-3,,
5.095301e+05,"Ma(d1,d2,d4,d5)",4D,open,-3,2,0,-3,-2,,
5.095301e+05,"Ma(d1,d2,d4,d5)",4D,open,-3,2,0,-3,-1,,
5.095301e+05,"Ma(d1,d2,d4)",3D,open,-3,2,0,-3,0,,
5.095301e+05,"Ma(d1,d2,d4,d5)",4D,open,-3,2,0,-3,1,,
5.095301e+05,"Ma(d1,d2,d4,d5)",4D,open,-3,2,0,-3,2,,
5.095301e+05,"Ma(d1,d2,d4,d5)",4D,open,-3,2,0,-3,3,,
5.095301e+05,"Ma(d1,d2,d4,d5)",4D,open,-3,2,0,3,-3,,
5.095301e+05,"Ma(d1,d2,d4,d5)",4D,open,-3,2,0,3,-2,,
5.095301e+05,"Ma(d1,d2,d4,d5)",4D,open,-3,2,0,3,-1,,
5.095301e+05,"Ma(d1,d2,d4)",3D,open,-3,2,0,3,0,,
5.095301e+05,"Ma(d1,d2,d4,d5)",4D,open,-3,2,0,3,1,,
5.095301e+05,"Ma(d1,d2,d4,d5)",4D,open,-3,2,0,3,2,,
5.095301e+05,"Ma(d1,d2,d4,d5)",4D,open,-3,2,0,3,3,,
5.095301e+05,"Ma(d1,d2,d4,d5)",4D,open,3,-2,0,-3,-3,,
5.095301e+05,"Ma(d1,d2,d4,d5)",4D,open,3,-2,0,-3,-2,,
5.095301e+05,"Ma(d1,d2,d4,d5)",4D,open,3,-2,0,-3,-1,,
5.095301e+05,"Ma(d1,d2,d4)",3D,open,3,-2,0,-3,0,,
5.095301e+05,"Ma(d1,d2,d4,d5)",4D,open,3,-2,0,-3,1,,
5.095301e+05,"Ma(d1,d2,d4,d5)",4D,open,3,-2,0,-3,2,,
5.095301e+05,"Ma(d1,d2,d4,d5)",4D,open,3,-2,0,-3,3,,
5.095301e+05,"Ma(d1,d2,d4,d5)",4D,open,3,-2,0,3,-3,,
5.095301e+05,"Ma(d1,d2,d4,d5)",4D,open,3,-2,0,3,-2,,
5.095301e+05,"Ma(d1,d2,d4,d5)",4D,open,3,-2,0,3,-1,,
5.095301e+05,"Ma(d1,d2,d4)",3D,open,3,-2,0,3,0,,
5.095301e+05,"Ma(d1,d2,d4,d5)",4D,open,3,-2,0,3,1,,
5.095301e+05,"Ma(d1,d2,d4,d5)",4D,open,3,-2,0,3,2,,
5.095301e+05,"Ma(d1,d2,d4,d5)",4D,open,3,-2,0,3,3,,
5.095301e+05,"Ma(d1,d2,d4,d5)",4D,open,3,2,0,-3,-3,,
5.095301e+05,"Ma(d1,d2,d4,d5)",4D,open,3,2,0,-3,-2,,
5.095301e+05,"Ma(d1,d2,d4,d5)",4D,open,3,2,0,-3,-1,,
5.095301e+05,"Ma(d1,d2,d4)",3D,open,3,2,0,-3,0,,
5.095301e+05,"Ma(d1,d2,d4,d5)",4D,open,3,2,0,-3,1,,
5.095301e+05,"Ma(d1,d2,d4,d5)",4D,open,3,2,0,-3,2,,
5.095301e+05,"Ma(d1,d2,d4,d5)",4D,open,3,2,0,-3,3,,
5.095301e+05,"Ma(d1,d2,d4,d5)",4D,open,3,2,0,3,-3,,
5.095301e+05,"Ma(d1,d2,d4,d5)",4D,open,3,2,0,3,-2,,
5.095301e+05,"Ma(d1,d2,d4,d5)",4D,open,3,2,0,3,-1,,
5.095301e+05,"Ma(d1,d2,d4)",3D,open,3,2,0,3,0,,
5.095301e+05,"Ma(d1,d2,d4,d5)",4D,open,3,2,0,3,1,,
5.095301e+05,"Ma(d1,d2,d4,d5)",4D,open,3,2,0,3,2,,
5.095301e+05,"Ma(d1,d2,d4,d5)",4D,open,3,2,0,3,3,,
5.095301e+05,"Ma(d1,d2,d3,d5)",4D,open,-3,-2,-1,0,-3,,
5.095301e+05,"Ma(d1,d2,d3,d5)",4D,open,-3,-2,-1,0,-2,,
5.095301e+05,"Ma(d1,d2,d3,d5)",4D,open,-3,-2,-1,0,-1,,
5.095301e+05,"Ma(d1,d2,d3)",3D,open,-3,-2,-1,0,0,,
5.095301e+05,"Ma(d1,d2,d3,d5)",4D,open,-3,-2,-1,0,1,,
5.095301e+05,"Ma(d1,d2,d3,d5)",4D,open,-3,-2,-1,0,2,,
5.095301e+05,"Ma(d1,d2,d3,d5)",4D,open,-3,-2,-1,0,3,,
5.095301e+05,"Ma(d1,d2,d3,d5)",4D,open,-3,-2,1,0,-3,,
5.095301e+05,"Ma(d1,d2,d3,d5)",4D,open,-3,-2,1,0,-2,,
5.095301e+05,"Ma(d1,d2,d3,d5)",4D,open,-3,-2,1,0,-1,,
5.095301e+05,"Ma(d1,d2,d3)",3D,open,-3,-2,1,0,0,,
5.095301e+05,"Ma(d1,d2,d3,d5)",4D,open,-3,-2,1,0,1,,
5.095301e+05,"Ma(d1,d2,d3,d5)",4D,open,-3,-2,1,0,2,,
5.095301e+05,"Ma(d1,d2,d3,d5)",4D,open,-3,-2,1,0,3,,
5.095301e+05,"Ma(d1,d2,d3,d5)",4D,open,-3,2,-1,0,-3,,
5.095301e+05,"Ma(d1,d2,d3,d5)",4D,open,-3,2,-1,0,-2,,
5.095301e+05,"Ma(d1,d2,d3,d5)",4D,open,-3,2,-1,0,-1,,
5.095301e+05,"Ma(d1,d2,d3)",3D,open,-3,2,-1,0,0,,
5.095301e+05,"Ma(d1,d2,d3,d5)",4D,open,-3,2,-1,0,1,,
5.095301e+05,"Ma(d1,d2,d3,d5)",4D,open,-3,2,-1,0,2,,
5.095301e+05,"Ma(d1,d2,d3,d5)",4D,open,-3,2,-1,0,3,,
5.095301e+05,"Ma(d1,d2,d3,d5)",4D,open,-3,2,1,0,-3,,
5.095301e+05,"Ma(d1,d2,d3,d5)",4D,open,-3,2,1,0,-2,,
5.095301e+05,"Ma(d1,d2,d3,d5)",4D,open,-3,2,1,0,-1,,
5.095301e+05,"Ma(d1,d2,d3)",3D,open,-3,2,1,0,0,,
5.095301e+05,"Ma(d1,d2,d3,d5)",4D,open,-3,2,1,0,1,,
5.095301e+05,"Ma(d1,d2,d3,d5)",4D,open,-3,2,1,0,2,,
5.095301e+05,"Ma(d1,d2,d3,d5)",4D,open,-3,2,1,0,3,,
5.095301e+05,"Ma(d1,d2,d3,d5)",4D,open,3,-2,-1,0,-3,,
5.095301e+05,"Ma(d1,d2,d3,d5)",4D,open,3,-2,-1,0,-2,,
5.095301e+05,"Ma(d1,d2,d3,d5)",4D,open,3,-2,-1,0,-1,,
5.095301e+05,"Ma(d1,d2,d3)",3D,open,3,-2,-1,0,0,,
5.095301e+05,"Ma(d1,d2,d3,d5)",4D,open,3,-2,-1,0,1,,
5.095301e+05,"Ma(d1,d2,d3,d5)",4D,open,3,-2,-1,0,2,,
5.095301e+05,"Ma(d1,d2,d3,d5)",4D,open,3,-2,-1,0,3,,
5.095301e+05,"Ma(d1,d2,d3,d5)",4D,open,3,-2,1,0,-3,,
5.095301e+05,"Ma(d1,d2,d3,d5)",4D,open,3,-2,1,0,-2,,
5.095301e+05,"Ma(d1,d2,d3,d5)",4D,open,3,-2,1,0,-1,,
5.095301e+05,"Ma(d1,d2,d3)",3D,open,3,-2,1,0,0,,
5.095301e+05,"Ma(d1,d2,d3,d5)",4D,open,3,-2,1,0,1,,
5.095301e+05,"Ma(d1,d2,d3,d5)",4D,open,3,-2,1,0,2,,
5.095301e+05,"Ma(d1,d2,d3,d5)",4D,open,3,-2,1,0,3,,
5.095301e+05,"Ma(d1,d2,d3,d5)",4D,open,3,2,-1,0,-3,,
5.095301e+05,"Ma(d1,d2,d3,d5)",4D,open,3,2,-1,0,-2,,
5.095301e+05,"Ma(d1,d2,d3,d5)",4D,open,3,2,-1,0,-1,,
5.095301e+05,"Ma(d1,d2,d3)",3D,open,3,2,-1,0,0,,
5.095301e+05,"Ma(d1,d2,d3,d5)",4D,open,3,2,-1,0,1,,
5.095301e+05,"Ma(d1,d2,d3,d5)",4D,open,3,2,-1,0,2,,
5.095301e+05,"Ma(d1,d2,d3,d5)",4D,open,3,2,-1,0,3,,
5.095301e+05,"Ma(d1,d2,d3,d5)",4D,open,3,2,1,0,-3,,
5.095301e+05,"Ma(d1,d2,d3,d5)",4D,open,3,2,1,0,-2,,
5.095301e+05,"Ma(d1,d2,d3,d5)",4D,open,3,2,1,0,-1,,
5.095301e+05,"Ma(d1,d2,d3)",3D,open,3,2,1,0,0,,
5.095301e+05,"Ma(d1,d2,d3,d5)",4D,open,3,2,1,0,1,,
5.095301e+05,"Ma(d1,d2,d3,d5)",4D,open,3,2,1,0,2,,
5.095301e+05,"Ma(d1,d2,d3,d5)",4D,open,3,2,1,0,3,,
5.095301e+05,"Ma(d1,d2,d3,d4,d5)",5D,open,-3,-2,-1,-1,-3,,
5.095301e+05,"Ma(d1,d2,d3,d4,d5)",5D,open,-3,-2,-1,-1,-2,,
5.095301e+05,"Ma(d1,d2,d3,d4,d5)",5D,open,-3,-2,-1,-1,-1,,
5.095301e+05,"Ma(d1,d2,d3,d4)",4D,open,-3,-2,-1,-1,0,,
5.095301e+05,"Ma(d1,d2,d3,d4,d5)",5D,open,-3,-2,-1,-1,1,,
5.095301e+05,"Ma(d1,d2,d3,d4,d5)",5D,open,-3,-2,-1,-1,2,,
5.095301e+05,"Ma(d1,d2,d3,d4,d5)",5D,open,-3,-2,-1,-1,3,,
5.095301e+05,"Ma(d1,d2,d3,d4,d5)",5D,open,-3,-2,-1,1,-3,,
5.095301e+05,"Ma(d1,d2,d3,d4,d5)",5D,open,-3,-2,-1,1,-2,,
5.095301e+05,"Ma(d1,d2,d3,d4,d5)",5D,open,-3,-2,-1,1,-1,,
5.095301e+05,"Ma(d1,d2,d3,d4)",4D,open,-3,-2,-1,1,0,,
5.095301e+05,"Ma(d1,d2,d3,d4,d5)",5D,open,-3,-2,-1,1,1,,
5.095301e+05,"Ma(d1,d2,d3,d4,d5)",5D,open,-3,-2,-1,1,2,,
5.095301e+05,"Ma(d1,d2,d3,d4,d5)",5D,open,-3,-2,-1,1,3,,
5.095301e+05,"Ma(d1,d2,d3,d4,d5)",5D,open,-3,-2,1,-1,-3,,
5.095301e+05,"Ma(d1,d2,d3,d4,d5)",5D,open,-3,-2,1,-1,-2,,
5.095301e+05,"Ma(d1,d2,d3,d4,d5)",5D,open,-3,-2,1,-1,-1,,
5.095301e+05,"Ma(d1,d2,d3,d4)",4D,open,-3,-2,1,-1,0,,
5.095301e+05,"Ma(d1,d2,d3,d4,d5)",5D,open,-3,-2,1,-1,1,,
5.095301e+05,"Ma(d1,d2,d3,d4,d5)",5D,open,-3,-2,1,-1,2,,
5.095301e+05,"Ma(d1,d2,d3,d4,d5)",5D,open,-3,-2,1,-1,3,,
5.095301e+05,"Ma(d1,d2,d3,d4,d5)",5D,open,-3,-2,1,1,-3,,
5.095301e+05,"Ma(d1,d2,d3,d4,d5)",5D,open,-3,-2,1,1,-2,,
5.095301e+05,"Ma(d1,d2,d3,d4,d5)",5D,open,-3,-2,1,1,-1,,
5.095301e+05,"Ma(d1,d2,d3,d4)",4D,open,-3,-2,1,1,0,,
5.095301e+05,"Ma(d1,d2,d3,d4,d5)",5D,open,-3,-2,1,1,1,,
5.095301e+05,"Ma(d1,d2,d3,d4,d5)",5D,open,-3,-2,1,1,2,,
5.095301e+05,"Ma(d1,d2,d3,d4,d5)",5D,open,-3,-2,1,1,3,,
5.095301e+05,"Ma(d1,d2,d3,d4,d5)",5D,open,-3,2,-1,-1,-3,,
5.095301e+05,"Ma(d1,d2,d3,d4,d5)",5D,open,-3,2,-1,-1,-2,,
5.095301e+05,"Ma(d1,d2,d3,d4,d5)",5D,open,-3,2,-1,-1,-1,,
5.095301e+05,"Ma(d1,d2,d3,d4)",4D,open,-3,2,-1,-1,0,,
5.095301e+05,"Ma(d1,d2,d3,d4,d5)",5D,open,-3,2,-1,-1,1,,
5.095301e+05,"Ma(d1,d2,d3,d4,d5)",5D,open,-3,2,-1,-1,2,,
5.095301e+05,"Ma(d1,d2,d3,d4,d5)",5D,open,-3,2,-1,-1,3,,
5.095301e+05,"Ma(d1,d2,d3,d4,d5)",5D,open,-3,2,-1,1,-3,,
5.095301e+05,"Ma(d1,d2,d3,d4,d5)",5D,open,-3,2,-1,1,-2,,
5.095301e+05,"Ma(d1,d2,d3,d4,d5)",5D,open,-3,2,-1,1,-1,,
5.095301e+05,"Ma(d1,d2,d3,d4)",4D,open,-3,2,-1,1,0,,
5.095301e+05,"Ma(d1,d2,d3,d4,d5)",5D,open,-3,2,-1,1,1,,
5.095301e+05,"Ma(d1,d2,d3,d4,d5)",5D,open,-3,2,-1,1,2,,
5.095301e+05,"Ma(d1,d2,d3,d4,d5)",5D,open,-3,2,-1,1,3,,
5.095301e+05,"Ma(d1,d2,d3,d4,d5)",5D,open,-3,2,1,-1,-3,,
5.095301e+05,"Ma(d1,d2,d3,d4,d5)",5D,open,-3,2,1,-1,-2,,
5.095301e+05,"Ma(d1,d2,d3,d4,d5)",5D,open,-3,2,1,-1,-1,,
5.095301e+05,"Ma(d1,d2,d3,d4)",4D,open,-3,2,1,-1,0,,
5.095301e+05,"Ma(d1,d2,d3,d4,d5)",5D,open,-3,2,1,-1,1,,
5.095301e+05,"Ma(d1,d2,d3,d4,d5)",5D,open,-3,2,1,-1,2,,
5.095301e+05,"Ma(d1,d2,d3,d4,d5)",5D,open,-3,2,1,-1,3,,
5.095301e+05,"Ma(d1,d2,d3,d4,d5)",5D,open,-3,2,1,1,-3,,
5.095301e+05,"Ma(d1,d2,d3,d4,d5)",5D,open,-3,2,1,1,-2,,
5.095301e+05,"Ma(d1,d2,d3,d4,d5)",5D,open,-3,2,1,1,-1,,
5.095301e+05,"Ma(d1,d2,d3,d4)",4D,open,-3,2,1,1,0,,
5.095301e+05,"Ma(d1,d2,d3,d4,d5)",5D,open,-3,2,1,1,1,,
5.095301e+05,"Ma(d1,d2,d3,d4,d5)",5D,open,-3,2,1,1,2,,
5.095301e+05,"Ma(d1,d2,d3,d4,d5)",5D,open,-3,2,1,1,3,,
5.095301e+05,"Ma(d1,d2,d3,d4,d5)",5D,open,3,-2,-1,-1,-3,,
5.095301e+05,"Ma(d1,d2,d3,d4,d5)",5D,open,3,-2,-1,-1,-2,,
5.095301e+05,"Ma(d1,d2,d3,d4,d5)",5D,open,3,-2,-1,-1,-1,,
5.095301e+05,"Ma(d1,d2,d3,d4)",4D,open,3,-2,-1,-1,0,,
5.095301e+05,"Ma(d1,d2,d3,d4,d5)",5D,open,3,-2,-1,-1,1,,
5.095301e+05,"Ma(d1,d2,d3,d4,d5)",5D,open,3,-2,-1,-1,2,,
5.095301e+05,"Ma(d1,d2,d3,d4,d5)",5D,open,3,-2,-1,-1,3,,
5.095301e+05,"Ma(d1,d2,d3,d4,d5)",5D,open,3,-2,-1,1,-3,,
5.095301e+05,"Ma(d1,d2,d3,d4,d5)",5D,open,3,-2,-1,1,-2,,
5.095301e+05,"Ma(d1,d2,d3,d4,d5)",5D,open,3,-2,-1,1,-1,,
5.095301e+05,"Ma(d1,d2,d3,d4)",4D,open,3,-2,-1,1,0,,
5.095301e+05,"Ma(d1,d2,d3,d4,d5)",5D,open,3,-2,-1,1,1,,
5.095301e+05,"Ma(d1,d2,d3,d4,d5)",5D,open,3,-2,-1,1,2,,
5.095301e+05,"Ma(d1,d2,d3,d4,d5)",5D,open,3,-2,-1,1,3,,
5.095301e+05,"Ma(d1,d2,d3,d4,d5)",5D,open,3,-2,1,-1,-3,,
5.095301e+05,"Ma(d1,d2,d3,d4,d5)",5D,open,3,-2,1,-1,-2,,
5.095301e+05,"Ma(d1,d2,d3,d4,d5)",5D,open,3,-2,1,-1,-1,,
5.095301e+05,"Ma(d1,d2,d3,d4)",4D,open,3,-2,1,-1,0,,
5.095301e+05,"Ma(d1,d2,d3,d4,d5)",5D,open,3,-2,1,-1,1,,
5.095301e+05,"Ma(d1,d2,d3,d4,d5)",5D,open,3,-2,1,-1,2,,
5.095301e+05,"Ma(d1,d2,d3,d4,d5)",5D,open,3,-2,1,-1,3,,
5.095301e+05,"Ma(d1,d2,d3,d4,d5)",5D,open,3,-2,1,1,-3,,
5.095301e+05,"Ma(d1,d2,d3,d4,d5)",5D,open,3,-2,1,1,-2,,
5.095301e+05,"Ma(d1,d2,d3,d4,d5)",5D,open,3,-2,1,1,-1,,
5.095301e+05,"Ma(d1,d2,d3,d4)",4D,open,3,-2,1,1,0,,
5.095301e+05,"Ma(d1,d2,d3,d4,d5)",5D,open,3,-2,1,1,1,,
5.095301e+05,"Ma(d1,d2,d3,d4,d5)",5D,open,3,-2,1,1,2,,
5.095301e+05,"Ma(d1,d2,d3,d4,d5)",5D,open,3,-2,1,1,3,,
5.095301e+05,"Ma(d1,d2,d3,d4,d5)",5D,open,3,2,-1,-1,-3,,
5.095301e+05,"Ma(d1,d2,d3,d4,d5)",5D,open,3,2,-1,-1,-2,,
5.095301e+05,"Ma(d1,d2,d3,d4,d5)",5D,open,3,2,-1,-1,-1,,
5.095301e+05,"Ma(d1,d2,d3,d4)",4D,open,3,2,-1,-1,0,,
5.095301e+05,"Ma(d1,d2,d3,d4,d5)",5D,open,3,2,-1,-1,1,,
5.095301e+05,"Ma(d1,d2,d3,d4,d5)",5D,open,3,2,-1,-1,2,,
5.095301e+05,"Ma(d1,d2,d3,d4,d5)",5D,open,3,2,-1,-1,3,,
5.095301e+05,"Ma(d1,d2,d3,d4,d5)",5D,open,3,2,-1,1,-3,,
5.095301e+05,"Ma(d1,d2,d3,d4,d5)",5D,open,3,2,-1,1,-2,,
5.095301e+05,"Ma(d1,d2,d3,d4,d5)",5D,open,3,2,-1,1,-1,,
5.095301e+05,"Ma(d1,d2,d3,d4)",4D,open,3,2,-1,1,0,,
5.095301e+05,"Ma(d1,d2,d3,d4,d5)",5D,open,3,2,-1,1,1,,
5.095301e+05,"Ma(d1,d2,d3,d4,d5)",5D,open,3,2,-1,1,2,,
5.095301e+05,"Ma(d1,d2,d3,d4,d5)",5D,open,3,2,-1,1,3,,
5.095301e+05,"Ma(d1,d2,d3,d4,d5)",5D,open,3,2,1,-1,-3,,
5.095301e+05,"Ma(d1,d2,d3,d4,d5)",5D,open,3,2,1,-1,-2,,
5.095301e+05,"Ma(d1,d2,d3,d4,d5)",5D,open,3,2,1,-1,-1,,
5.095301e+05,"Ma(d1,d2,d3,d4)",4D,open,3,2,1,-1,0,,
5.095301e+05,"Ma(d1,d2,d3,d4,d5)",5D,open,3,2,1,-1,1,,
5.095301e+05,"Ma(d1,d2,d3,d4,d5)",5D,open,3,2,1,-1,2,,
5.095301e+05,"Ma(d1,d2,d3,d4,d5)",5D,open,3,2,1,-1,3,,
5.095301e+05,"Ma(d1,d2,d3,d4,d5)",5D,open,3,2,1,1,-3,,
5.095301e+05,"Ma(d1,d2,d3,d4,d5)",5D,open,3,2,1,1,-2,,
5.095301e+05,"Ma(d1,d2,d3,d4,d5)",5D,open,3,2,1,1,-1,,
5.095301e+05,"Ma(d1,d2,d3,d4)",4D,open,3,2,1,1,0,,
5.095301e+05,"Ma(d1,d2,d3,d4,d5)",5D,open,3,2,1,1,1,,
5.095301e+05,"Ma(d1,d2,d3,d4,d5)",5D,open,3,2,1,1,2,,
5.095301e+05,"Ma(d1,d2,d3,d4,d5)",5D,open,3,2,1,1,3,,
5.095301e+05,"Ma(d1,d2,d3,d4,d5)",5D,open,-3,-2,-1,-2,-3,,
5.095301e+05,"Ma(d1,d2,d3,d4,d5)",5D,open,-3,-2,-1,-2,-2,,
5.095301e+05,"Ma(d1,d2,d3,d4,d5)",5D,open,-3,-2,-1,-2,-1,,
5.095301e+05,"Ma(d1,d2,d3,d4)",4D,open,-3,-2,-1,-2,0,,
5.095301e+05,"Ma(d1,d2,d3,d4,d5)",5D,open,-3,-2,-1,-2,1,,
5.095301e+05,"Ma(d1,d2,d3,d4,d5)",5D,open,-3,-2,-1,-2,2,,
5.095301e+05,"Ma(d1,d2,d3,d4,d5)",5D,open,-3,-2,-1,-2,3,,
5.095301e+05,"Ma(d1,d2,d3,d4,d5)",5D,open,-3,-2,-1,2,-3,,
5.095301e+05,"Ma(d1,d2,d3,d4,d5)",5D,open,-3,-2,-1,2,-2,,
5.095301e+05,"Ma(d1,d2,d3,d4,d5)",5D,open,-3,-2,-1,2,-1,,
5.095301e+05,"Ma(d1,d2,d3,d4)",4D,open,-3,-2,-1,2,0,,
5.095301e+05,"Ma(d1,d2,d3,d4,d5)",5D,open,-3,-2,-1,2,1,,
5.095301e+05,"Ma(d1,d2,d3,d4,d5)",5D,open,-3,-2,-1,2,2,,
5.095301e+05,"Ma(d1,d2,d3,d4,d5)",5D,open,-3,-2,-1,2,3,,
5.095301e+05,"Ma(d1,d2,d3,d4,d5)",5D,open,-3,-2,1,-2,-3,,
5.095301e+05,"Ma(d1,d2,d3,d4,d5)",5D,open,-3,-2,1,-2,-2,,
5.095301e+05,"Ma(d1,d2,d3,d4,d5)",5D,open,-3,-2,1,-2,-1,,
5.095301e+05,"Ma(d1,d2,d3,d4)",4D,open,-3,-2,1,-2,0,,
5.095301e+05,"Ma(d1,d2,d3,d4,d5)",5D,open,-3,-2,1,-2,1,,
5.095301e+05,"Ma(d1,d2,d3,d4,d5)",5D,open,-3,-2,1,-2,2,,
5.095301e+05,"Ma(d1,d2,d3,d4,d5)",5D,open,-3,-2,1,-2,3,,
5.095301e+05,"Ma(d1,d2,d3,d4,d5)",5D,open,-3,-2,1,2,-3,,
5.095301e+05,"Ma(d1,d2,d3,d4,d5)",5D,open,-3,-2,1,2,-2,,
5.095301e+05,"Ma(d1,d2,d3,d4,d5)",5D,open,-3,-2,1,2,-1,,
5.095301e+05,"Ma(d1,d2,d3,d4)",4D,open,-3,-2,1,2,0,,
5.095301e+05,"Ma(d1,d2,d3,d4,d5)",5D,open,-3,-2,1,2,1,,
5.095301e+05,"Ma(d1,d2,d3,d4,d5)",5D,open,-3,-2,1,2,2,,
5.095301e+05,"Ma(d1,d2,d3,d4,d5)",5D,open,-3,-2,1,2,3,,
5.095301e+05,"Ma(d1,d2,d3,d4,d5)",5D,open,-3,2,-1,-2,-3,,
5.095301e+05,"Ma(d1,d2,d3,d4,d5)",5D,open,-3,2,-1,-2,-2,,
5.095301e+05,"Ma(d1,d2,d3,d4,d5)",5D,open,-3,2,-1,-2,-1,,
5.095301e+05,"Ma(d1,d2,d3,d4)",4D,open,-3,2,-1,-2,0,,
5.095301e+05,"Ma(d1,d2,d3,d4,d5)",5D,open,-3,2,-1,-2,1,,
5.095301e+05,"Ma(d1,d2,d3,d4,d5)",5D,open,-3,2,-1,-2,2,,
5.095301e+05,"Ma(d1,d2,d3,d4,d5)",5D,open,-3,2,-1,-2,3,,
5.095301e+05,"Ma(d1,d2,d3,d4,d5)",5D,open,-3,2,-1,2,-3,,
5.095301e+05,"Ma(d1,d2,d3,d4,d5)",5D,open,-3,2,-1,2,-2,,
5.095301e+05,"Ma(d1,d2,d3,d4,d5)",5D,open,-3,2,-1,2,-1,,
5.095301e+05,"Ma(d1,d2,d3,d4)",4D,open,-3,2,-1,2,0,,
5.095301e+05,"Ma(d1,d2,d3,d4,d5)",5D,open,-3,2,-1,2,1,,
5.095301e+05,"Ma(d1,d2,d3,d4,d5)",5D,open,-3,2,-1,2,2,,
5.095301e+05,"Ma(d1,d2,d3,d4,d5)",5D,open,-3,2,-1,2,3,,
5.095301e+05,"Ma(d1,d2,d3,d4,d5)",5D,open,-3,2,1,-2,-3,,
5.095301e+05,"Ma(d1,d2,d3,d4,d5)",5D,open,-3,2,1,-2,-2,,
5.095301e+05,"Ma(d1,d2,d3,d4,d5)",5D,open,-3,2,1,-2,-1,,
5.095301e+05,"Ma(d1,d2,d3,d4)",4D,open,-3,2,1,-2,0,,
5.095301e+05,"Ma(d1,d2,d3,d4,d5)",5D,open,-3,2,1,-2,1,,
5.095301e+05,"Ma(d1,d2,d3,d4,d5)",5D,open,-3,2,1,-2,2,,
5.095301e+05,"Ma(d1,d2,d3,d4,d5)",5D,open,-3,2,1,-2,3,,
5.095301e+05,"Ma(d1,d2,d3,d4,d5)",5D,open,-3,2,1,2,-3,,
5.095301e+05,"Ma(d1,d2,d3,d4,d5)",5D,open,-3,2,1,2,-2,,
5.095301e+05,"Ma(d1,d2,d3,d4,d5)",5D,open,-3,2,1,2,-1,,
5.095301e+05,"Ma(d1,d2,d3,d4)",4D,open,-3,2,1,2,0,,
5.095301e+05,"Ma(d1,d2,d3,d4,d5)",5D,open,-3,2,1,2,1,,
5.095301e+05,"Ma(d1,d2,d3,d4,d5)",5D,open,-3,2,1,2,2,,
5.095301e+05,"Ma(d1,d2,d3,d4,d5)",5D,open,-3,2,1,2,3,,
5.095301e+05,"Ma(d1,d2,d3,d4,d5)",5D,open,3,-2,-1,-2,-3,,
5.095301e+05,"Ma(d1,d2,d3,d4,d5)",5D,open,3,-2,-1,-2,-2,,
5.095301e+05,"Ma(d1,d2,d3,d4,d5)",5D,open,3,-2,-1,-2,-1,,
5.095301e+05,"Ma(d1,d2,d3,d4)",4D,open,3,-2,-1,-2,0,,
5.095301e+05,"Ma(d1,d2,d3,d4,d5)",5D,open,3,-2,-1,-2,1,,
5.095301e+05,"Ma(d1,d2,d3,d4,d5)",5D,open,3,-2,-1,-2,2,,
5.095301e+05,"Ma(d1,d2,d3,d4,d5)",5D,open,3,-2,-1,-2,3,,
5.095301e+05,"Ma(d1,d2,d3,d4,d5)",5D,open,3,-2,-1,2,-3,,
5.095301e+05,"Ma(d1,d2,d3,d4,d5)",5D,open,3,-2,-1,2,-2,,
5.095301e+05,"Ma(d1,d2,d3,d4,d5)",5D,open,3,-2,-1,2,-1,,
5.095301e+05,"Ma(d1,d2,d3,d4)",4D,open,3,-2,-1,2,0,,
5.095301e+05,"Ma(d1,d2,d3,d4,d5)",5D,open,3,-2,-1,2,1,,
5.095301e+05,"Ma(d1,d2,d3,d4,d5)",5D,open,3,-2,-1,2,2,,
5.095301e+05,"Ma(d1,d2,d3,d4,d5)",5D,open,3,-2,-1,2,3,,
5.095301e+05,"Ma(d1,d2,d3,d4,d5)",5D,open,3,-2,1,-2,-3,,
5.095301e+05,"Ma(d1,d2,d3,d4,d5)",5D,open,3,-2,1,-2,-2,,
5.095301e+05,"Ma(d1,d2,d3,d4,d5)",5D,open,3,-2,1,-2,-1,,
5.095301e+05,"Ma(d1,d2,d3,d4)",4D,open,3,-2,1,-2,0,,
5.095301e+05,"Ma(d1,d2,d3,d4,d5)",5D,open,3,-2,1,-2,1,,
5.095301e+05,"Ma(d1,d2,d3,d4,d5)",5D,open,3,-2,1,-2,2,,
5.095301e+05,"Ma(d1,d2,d3,d4,d5)",5D,open,3,-2,1,-2,3,,
5.095301e+05,"Ma(d1,d2,d3,d4,d5)",5D,open,3,-2,1,2,-3,,
5.095301e+05,"Ma(d1,d2,d3,d4,d5)",5D,open,3,-2,1,2,-2,,
5.095301e+05,"Ma(d1,d2,d3,d4,d5)",5D,open,3,-2,1,2,-1,,
5.095301e+05,"Ma(d1,d2,d3,d4)",4D,open,3,-2,1,2,0,,
5.095301e+05,"Ma(d1,d2,d3,d4,d5)",5D,open,3,-2,1,2,1,,
5.095301e+05,"Ma(d1,d2,d3,d4,d5)",5D,open,3,-2,1,2,2,,
5.095301e+05,"Ma(d1,d2,d3,d4,d5)",5D,open,3,-2,1,2,3,,
5.095301e+05,"Ma(d1,d2,d3,d4,d5)",5D,open,3,2,-1,-2,-3,,
5.095301e+05,"Ma(d1,d2,d3,d4,d5)",5D,open,3,2,-1,-2,-2,,
5.095301e+05,"Ma(d1,d2,d3,d4,d5)",5D,open,3,2,-1,-2,-1,,
5.095301e+05,"Ma(d1,d2,d3,d4)",4D,open,3,2,-1,-2,0,,
5.095301e+05,"Ma(d1,d2,d3,d4,d5)",5D,open,3,2,-1,-2,1,,
5.095301e+05,"Ma(d1,d2,d3,d4,d5)",5D,open,3,2,-1,-2,2,,
5.095301e+05,"Ma(d1,d2,d3,d4,d5)",5D,open,3,2,-1,-2,3,,
5.095301e+05,"Ma(d1,d2,d3,d4,d5)",5D,open,3,2,-1,2,-3,,
5.095301e+05,"Ma(d1,d2,d3,d4,d5)",5D,open,3,2,-1,2,-2,,
5.095301e+05,"Ma(d1,d2,d3,d4,d5)",5D,open,3,2,-1,2,-1,,
5.095301e+05,"Ma(d1,d2,d3,d4)",4D,open,3,2,-1,2,0,,
5.095301e+05,"Ma(d1,d2,d3,d4,d5)",5D,open,3,2,-1,2,1,,
5.095301e+05,"Ma(d1,d2,d3,d4,d5)",5D,open,3,2,-1,2,2,,
5.095301e+05,"Ma(d1,d2,d3,d4,d5)",5D,open,3,2,-1,2,3,,
5.095301e+05,"Ma(d1,d2,d3,d4,d5)",5D,open,3,2,1,-2,-3,,
5.095301e+05,"Ma(d1,d2,d3,d4,d5)",5D,open,3,2,1,-2,-2,,
5.095301e+05,"Ma(d1,d2,d3,d4,d5)",5D,open,3,2,1,-2,-1,,
5.095301e+05,"Ma(d1,d2,d3,d4)",4D,open,3,2,1,-2,0,,
5.095301e+05,"Ma(d1,d2,d3,d4,d5)",5D,open,3,2,1,-2,1,,
5.095301e+05,"Ma(d1,d2,d3,d4,d5)",5D,open,3,2,1,-2,2,,
5.095301e+05,"Ma(d1,d2,d3,d4,d5)",5D,open,3,2,1,-2,3,,
5.095301e+05,"Ma(d1,d2,d3,d4,d5)",5D,open,3,2,1,2,-3,,
5.095301e+05,"Ma(d1,d2,d3,d4,d5)",5D,open,3,2,1,2,-2,,
5.095301e+05,"Ma(d1,d2,d3,d4,d5)",5D,open,3,2,1,2,-1,,
5.095301e+05,"Ma(d1,d2,d3,d4)",4D,open,3,2,1,2,0,,
5.095301e+05,"Ma(d1,d2,d3,d4,d5)",5D,open,3,2,1,2,1,,
5.095301e+05,"Ma(d1,d2,d3,d4,d5)",5D,open,3,2,1,2,2,,
5.095301e+05,"Ma(d1,d2,d3,d4,d5)",5D,open,3,2,1,2,3,,
5.095301e+05,"Ma(d1,d2,d3,d4,d5)",5D,open,-3,-2,-1,-3,-3,,
5.095301e+05,"Ma(d1,d2,d3,d4,d5)",5D,open,-3,-2,-1,-3,-2,,
5.095301e+05,"Ma(d1,d2,d3,d4,d5)",5D,open,-3,-2,-1,-3,-1,,
5.095301e+05,"Ma(d1,d2,d3,d4)",4D,open,-3,-2,-1,-3,0,,
5.095301e+05,"Ma(d1,d2,d3,d4,d5)",5D,open,-3,-2,-1,-3,1,,
5.095301e+05,"Ma(d1,d2,d3,d4,d5)",5D,open,-3,-2,-1,-3,2,,
5.095301e+05,"Ma(d1,d2,d3,d4,d5)",5D,open,-3,-2,-1,-3,3,,
5.095301e+05,"Ma(d1,d2,d3,d4,d5)",5D,open,-3,-2,-1,3,-3,,
5.095301e+05,"Ma(d1,d2,d3,d4,d5)",5D,open,-3,-2,-1,3,-2,,
5.095301e+05,"Ma(d1,d2,d3,d4,d5)",5D,open,-3,-2,-1,3,-1,,
5.095301e+05,"Ma(d1,d2,d3,d4)",4D,open,-3,-2,-1,3,0,,
5.095301e+05,"Ma(d1,d2,d3,d4,d5)",5D,open,-3,-2,-1,3,1,,
5.095301e+05,"Ma(d1,d2,d3,d4,d5)",5D,open,-3,-2,-1,3,2,,
5.095301e+05,"Ma(d1,d2,d3,d4,d5)",5D,open,-3,-2,-1,3,3,,
5.095301e+05,"Ma(d1,d2,d3,d4,d5)",5D,open,-3,-2,1,-3,-3,,
5.095301e+05,"Ma(d1,d2,d3,d4,d5)",5D,open,-3,-2,1,-3,-2,,
5.095301e+05,"Ma(d1,d2,d3,d4,d5)",5D,open,-3,-2,1,-3,-1,,
5.095301e+05,"Ma(d1,d2,d3,d4)",4D,open,-3,-2,1,-3,0,,
5.095301e+05,"Ma(d1,d2,d3,d4,d5)",5D,open,-3,-2,1,-3,1,,
5.095301e+05,"Ma(d1,d2,d3,d4,d5)",5D,open,-3,-2,1,-3,2,,
5.095301e+05,"Ma(d1,d2,d3,d4,d5)",5D,open,-3,-2,1,-3,3,,
5.095301e+05,"Ma(d1,d2,d3,d4,d5)",5D,open,-3,-2,1,3,-3,,
5.095301e+05,"Ma(d1,d2,d3,d4,d5)",5D,open,-3,-2,1,3,-2,,
5.095301e+05,"Ma(d1,d2,d3,d4,d5)",5D,open,-3,-2,1,3,-1,,
5.095301e+05,"Ma(d1,d2,d3,d4)",4D,open,-3,-2,1,3,0,,
5.095301e+05,"Ma(d1,d2,d3,d4,d5)",5D,open,-3,-2,1,3,1,,
5.095301e+05,"Ma(d1,d2,d3,d4,d5)",5D,open,-3,-2,1,3,2,,
5.095301e+05,"Ma(d1,d2,d3,d4,d5)",5D,open,-3,-2,1,3,3,,
5.095301e+05,"Ma(d1,d2,d3,d4,d5)",5D,open,-3,2,-1,-3,-3,,
5.095301e+05,"Ma(d1,d2,d3,d4,d5)",5D,open,-3,2,-1,-3,-2,,
5.095301e+05,"Ma(d1,d2,d3,d4,d5)",5D,open,-3,2,-1,-3,-1,,
5.095301e+05,"Ma(d1,d2,d3,d4)",4D,open,-3,2,-1,-3,0,,
5.095301e+05,"Ma(d1,d2,d3,d4,d5)",5D,open,-3,2,-1,-3,1,,
5.095301e+05,"Ma(d1,d2,d3,d4,d5)",5D,open,-3,2,-1,-3,2,,
5.095301e+05,"Ma(d1,d2,d3,d4,d5)",5D,open,-3,2,-1,-3,3,,
5.095301e+05,"Ma(d1,d2,d3,d4,d5)",5D,open,-3,2,-1,3,-3,,
5.095301e+05,"Ma(d1,d2,d3,d4,d5)",5D,open,-3,2,-1,3,-2,,
5.095301e+05,"Ma(d1,d2,d3,d4,d5)",5D,open,-3,2,-1,3,-1,,
5.095301e+05,"Ma(d1,d2,d3,d4)",4D,open,-3,2,-1,3,0,,
5.095301e+05,"Ma(d1,d2,d3,d4,d5)",5D,open,-3,2,-1,3,1,,
5.095301e+05,"Ma(d1,d2,d3,d4,d5)",5D,open,-3,2,-1,3,2,,
5.095301e+05,"Ma(d1,d2,d3,d4,d5)",5D,open,-3,2,-1,3,3,,
5.095301e+05,"Ma(d1,d2,d3,d4,d5)",5D,open,-3,2,1,-3,-3,,
5.095301e+05,"Ma(d1,d2,d3,d4,d5)",5D,open,-3,2,1,-3,-2,,
5.095301e+05,"Ma(d1,d2,d3,d4,d5)",5D,open,-3,2,1,-3,-1,,
5.095301e+05,"Ma(d1,d2,d3,d4)",4D,open,-3,2,1,-3,0,,
5.095301e+05,"Ma(d1,d2,d3,d4,d5)",5D,open,-3,2,1,-3,1,,
5.095301e+05,"Ma(d1,d2,d3,d4,d5)",5D,open,-3,2,1,-3,2,,
5.095301e+05,"Ma(d1,d2,d3,d4,d5)",5D,open,-3,2,1,-3,3,,
5.095301e+05,"Ma(d1,d2,d3,d4,d5)",5D,open,-3,2,1,3,-3,,
5.095301e+05,"Ma(d1,d2,d3,d4,d5)",5D,open,-3,2,1,3,-2,,
5.095301e+05,"Ma(d1,d2,d3,d4,d5)",5D,open,-3,2,1,3,-1,,
5.095301e+05,"Ma(d1,d2,d3,d4)",4D,open,-3,2,1,3,0,,
5.095301e+05,"Ma(d1,d2,d3,d4,d5)",5D,open,-3,2,1,3,1,,
5.095301e+05,"Ma(d1,d2,d3,d4,d5)",5D,open,-3,2,1,3,2,,
5.095301e+05,"Ma(d1,d2,d3,d4,d5)",5D,open,-3,2,1,3,3,,
5.095301e+05,"Ma(d1,d2,d3,d4,d5)",5D,open,3,-2,-1,-3,-3,,
5.095301e+05,"Ma(d1,d2,d3,d4,d5)",5D,open,3,-2,-1,-3,-2,,
5.095301e+05,"Ma(d1,d2,d3,d4,d5)",5D,open,3,-2,-1,-3,-1,,
5.095301e+05,"Ma(d1,d2,d3,d4)",4D,open,3,-2,-1,-3,0,,
5.095301e+05,"Ma(d1,d2,d3,d4,d5)",5D,open,3,-2,-1,-3,1,,
5.095301e+05,"Ma(d1,d2,d3,d4,d5)",5D,open,3,-2,-1,-3,2,,
5.095301e+05,"Ma(d1,d2,d3,d4,d5)",5D,open,3,-2,-1,-3,3,,
5.095301e+05,"Ma(d1,d2,d3,d4,d5)",5D,open,3,-2,-1,3,-3,,
5.095301e+05,"Ma(d1,d2,d3,d4,d5)",5D,open,3,-2,-1,3,-2,,
5.095301e+05,"Ma(d1,d2,d3,d4,d5)",5D,open,3,-2,-1,3,-1,,
5.095301e+05,"Ma(d1,d2,d3,d4)",4D,open,3,-2,-1,3,0,,
5.095301e+05,"Ma(d1,d2,d3,d4,d5)",5D,open,3,-2,-1,3,1,,
5.095301e+05,"Ma(d1,d2,d3,d4,d5)",5D,open,3,-2,-1,3,2,,
5.095301e+05,"Ma(d1,d2,d3,d4,d5)",5D,open,3,-2,-1,3,3,,
5.095301e+05,"Ma(d1,d2,d3,d4,d5)",5D,open,3,-2,1,-3,-3,,
5.095301e+05,"Ma(d1,d2,d3,d4,d5)",5D,open,3,-2,1,-3,-2,,
5.095301e+05,"Ma(d1,d2,d3,d4,d5)",5D,open,3,-2,1,-3,-1,,
5.095301e+05,"Ma(d1,d2,d3,d4)",4D,open,3,-2,1,-3,0,,
5.095301e+05,"Ma(d1,d2,d3,d4,d5)",5D,open,3,-2,1,-3,1,,
5.095301e+05,"Ma(d1,d2,d3,d4,d5)",5D,open,3,-2,1,-3,2,,
5.095301e+05,"Ma(d1,d2,d3,d4,d5)",5D,open,3,-2,1,-3,3,,
5.095301e+05,"Ma(d1,d2,d3,d4,d5)",5D,open,3,-2,1,3,-3,,
5.095301e+05,"Ma(d1,d2,d3,d4,d5)",5D,open,3,-2,1,3,-2,,
5.095301e+05,"Ma(d1,d2,d3,d4,d5)",5D,open,3,-2,1,3,-1,,
5.095301e+05,"Ma(d1,d2,d3,d4)",4D,open,3,-2,1,3,0,,
5.095301e+05,"Ma(d1,d2,d3,d4,d5)",5D,open,3,-2,1,3,1,,
5.095301e+05,"Ma(d1,d2,d3,d4,d5)",5D,open,3,-2,1,3,2,,
5.095301e+05,"Ma(d1,d2,d3,d4,d5)",5D,open,3,-2,1,3,3,,
5.095301e+05,"Ma(d1,d2,d3,d4,d5)",5D,open,3,2,-1,-3,-3,,
5.095301e+05,"Ma(d1,d2,d3,d4,d5)",5D,open,3,2,-1,-3,-2,,
5.095301e+05,"Ma(d1,d2,d3,d4,d5)",5D,open,3,2,-1,-3,-1,,
5.095301e+05,"Ma(d1,d2,d3,d4)",4D,open,3,2,-1,-3,0,,
5.095301e+05,"Ma(d1,d2,d3,d4,d5)",5D,open,3,2,-1,-3,1,,
5.095301e+05,"Ma(d1,d2,d3,d4,d5)",5D,open,3,2,-1,-3,2,,
5.095301e+05,"Ma(d1,d2,d3,d4,d5)",5D,open,3,2,-1,-3,3,,
5.095301e+05,"Ma(d1,d2,d3,d4,d5)",5D,open,3,2,-1,3,-3,,
5.095301e+05,"Ma(d1,d2,d3,d4,d5)",5D,open,3,2,-1,3,-2,,
5.095301e+05,"Ma(d1,d2,d3,d4,d5)",5D,open,3,2,-1,3,-1,,
5.095301e+05,"Ma(d1,d2,d3,d4)",4D,open,3,2,-1,3,0,,
5.095301e+05,"Ma(d1,d2,d3,d4,d5)",5D,open,3,2,-1,3,1,,
5.095301e+05,"Ma(d1,d2,d3,d4,d5)",5D,open,3,2,-1,3,2,,
5.095301e+05,"Ma(d1,d2,d3,d4,d5)",5D,open,3,2,-1,3,3,,
5.095301e+05,"Ma(d1,d2,d3,d4,d5)",5D,open,3,2,1,-3,-3,,
5.095301e+05,"Ma(d1,d2,d3,d4,d5)",5D,open,3,2,1,-3,-2,,
5.095301e+05,"Ma(d1,d2,d3,d4,d5)",5D,open,3,2,1,-3,-1,,
5.095301e+05,"Ma(d1,d2,d3,d4)",4D,open,3,2,1,-3,0,,
5.095301e+05,"Ma(d1,d2,d3,d4,d5)",5D,open,3,2,1,-3,1,,
5.095301e+05,"Ma(d1,d2,d3,d4,d5)",5D,open,3,2,1,-3,2,,
5.095301e+05,"Ma(d1,d2,d3,d4,d5)",5D,open,3,2,1,-3,3,,
5.095301e+05,"Ma(d1,d2,d3,d4,d5)",5D,open,3,2,1,3,-3,,
5.095301e+05,"Ma(d1,d2,d3,d4,d5)",5D,open,3,2,1,3,-2,,
5.095301e+05,"Ma(d1,d2,d3,d4,d5)",5D,open,3,2,1,3,-1,,
5.095301e+05,"Ma(d1,d2,d3,d4)",4D,open,3,2,1,3,0,,
5.095301e+05,"Ma(d1,d2,d3,d4,d5)",5D,open,3,2,1,3,1,,
5.095301e+05,"Ma(d1,d2,d3,d4,d5)",5D,open,3,2,1,3,2,,
5.095301e+05,"Ma(d1,d2,d3,d4,d5)",5D,open,3,2,1,3,3,,
5.095301e+05,"Ma(d1,d2,d3,d5)",4D,open,-3,-2,-2,0,-3,,
5.095301e+05,"Ma(d1,d2,d3,d5)",4D,open,-3,-2,-2,0,-2,,
5.095301e+05,"Ma(d1,d2,d3,d5)",4D,open,-3,-2,-2,0,-1,,
5.095301e+05,"Ma(d1,d2,d3)",3D,open,-3,-2,-2,0,0,,
5.095301e+05,"Ma(d1,d2,d3,d5)",4D,open,-3,-2,-2,0,1,,
5.095301e+05,"Ma(d1,d2,d3,d5)",4D,open,-3,-2,-2,0,2,,
5.095301e+05,"Ma(d1,d2,d3,d5)",4D,open,-3,-2,-2,0,3,,
5.095301e+05,"Ma(d1,d2,d3,d5)",4D,open,-3,-2,2,0,-3,,
5.095301e+05,"Ma(d1,d2,d3,d5)",4D,open,-3,-2,2,0,-2,,
5.095301e+05,"Ma(d1,d2,d3,d5)",4D,open,-3,-2,2,0,-1,,
5.095301e+05,"Ma(d1,d2,d3)",3D,open,-3,-2,2,0,0,,
5.095301e+05,"Ma(d1,d2,d3,d5)",4D,open,-3,-2,2,0,1,,
5.095301e+05,"Ma(d1,d2,d3,d5)",4D,open,-3,-2,2,0,2,,
5.095301e+05,"Ma(d1,d2,d3,d5)",4D,open,-3,-2,2,0,3,,
5.095301e+05,"Ma(d1,d2,d3,d5)",4D,open,-3,2,-2,0,-3,,
5.095301e+05,"Ma(d1,d2,d3,d5)",4D,open,-3,2,-2,0,-2,,
5.095301e+05,"Ma(d1,d2,d3,d5)",4D,open,-3,2,-2,0,-1,,
5.095301e+05,"Ma(d1,d2,d3)",3D,open,-3,2,-2,0,0,,
5.095301e+05,"Ma(d1,d2,d3,d5)",4D,open,-3,2,-2,0,1,,
5.095301e+05,"Ma(d1,d2,d3,d5)",4D,open,-3,2,-2,0,2,,
5.095301e+05,"Ma(d1,d2,d3,d5)",4D,open,-3,2,-2,0,3,,
5.095301e+05,"Ma(d1,d2,d3,d5)",4D,open,-3,2,2,0,-3,,
5.095301e+05,"Ma(d1,d2,d3,d5)",4D,open,-3,2,2,0,-2,,
5.095301e+05,"Ma(d1,d2,d3,d5)",4D,open,-3,2,2,0,-1,,
5.095301e+05,"Ma(d1,d2,d3)",3D,open,-3,2,2,0,0,,
5.095301e+05,"Ma(d1,d2,d3,d5)",4D,open,-3,2,2,0,1,,
5.095301e+05,"Ma(d1,d2,d3,d5)",4D,open,-3,2,2,0,2,,
5.095301e+05,"Ma(d1,d2,d3,d5)",4D,open,-3,2,2,0,3,,
5.095301e+05,"Ma(d1,d2,d3,d5)",4D,open,3,-2,-2,0,-3,,
5.095301e+05,"Ma(d1,d2,d3,d5)",4D,open,3,-2,-2,0,-2,,
5.095301e+05,"Ma(d1,d2,d3,d5)",4D,open,3,-2,-2,0,-1,,
5.095301e+05,"Ma(d1,d2,d3)",3D,open,3,-2,-2,0,0,,
5.095301e+05,"Ma(d1,d2,d3,d5)",4D,open,3,-2,-2,0,1,,
5.095301e+05,"Ma(d1,d2,d3,d5)",4D,open,3,-2,-2,0,2,,
5.095301e+05,"Ma(d1,d2,d3,d5)",4D,open,3,-2,-2,0,3,,
5.095301e+05,"Ma(d1,d2,d3,d5)",4D,open,3,-2,2,0,-3,,
5.095301e+05,"Ma(d1,d2,d3,d5)",4D,open,3,-2,2,0,-2,,
5.095301e+05,"Ma(d1,d2,d3,d5)",4D,open,3,-2,2,0,-1,,
5.095301e+05,"Ma(d1,d2,d3)",3D,open,3,-2,2,0,0,,
5.095301e+05,"Ma(d1,d2,d3,d5)",4D,open,3,-2,2,0,1,,
5.095301e+05,"Ma(d1,d2,d3,d5)",4D,open,3,-2,2,0,2,,
5.095301e+05,"Ma(d1,d2,d3,d5)",4D,open,3,-2,2,0,3,,
5.095301e+05,"Ma(d1,d2,d3,d5)",4D,open,3,2,-2,0,-3,,
5.095301e+05,"Ma(d1,d2,d3,d5)",4D,open,3,2,-2,0,-2,,
5.095301e+05,"Ma(d1,d2,d3,d5)",4D,open,3,2,-2,0,-1,,
5.095301e+05,"Ma(d1,d2,d3)",3D,open,3,2,-2,0,0,,
5.095301e+05,"Ma(d1,d2,d3,d5)",4D,open,3,2,-2,0,1,,
5.095301e+05,"Ma(d1,d2,d3,d5)",4D,open,3,2,-2,0,2,,
5.095301e+05,"Ma(d1,d2,d3,d5)",4D,open,3,2,-2,0,3,,
5.095301e+05,"Ma(d1,d2,d3,d5)",4D,open,3,2,2,0,-3,,
5.095301e+05,"Ma(d1,d2,d3,d5)",4D,open,3,2,2,0,-2,,
5.095301e+05,"Ma(d1,d2,d3,d5)",4D,open,3,2,2,0,-1,,
5.095301e+05,"Ma(d1,d2,d3)",3D,open,3,2,2,0,0,,
5.095301e+05,"Ma(d1,d2,d3,d5)",4D,open,3,2,2,0,1,,
5.095301e+05,"Ma(d1,d2,d3,d5)",4D,open,3,2,2,0,2,,
5.095301e+05,"Ma(d1,d2,d3,d5)",4D,open,3,2,2,0,3,,
5.095301e+05,"Ma(d1,d2,d3,d4,d5)",5D,open,-3,-2,-2,-1,-3,,
5.095301e+05,"Ma(d1,d2,d3,d4,d5)",5D,open,-3,-2,-2,-1,-2,,
5.095301e+05,"Ma(d1,d2,d3,d4,d5)",5D,open,-3,-2,-2,-1,-1,,
5.095301e+05,"Ma(d1,d2,d3,d4)",4D,open,-3,-2,-2,-1,0,,
5.095301e+05,"Ma(d1,d2,d3,d4,d5)",5D,open,-3,-2,-2,-1,1,,
5.095301e+05,"Ma(d1,d2,d3,d4,d5)",5D,open,-3,-2,-2,-1,2,,
5.095301e+05,"Ma(d1,d2,d3,d4,d5)",5D,open,-3,-2,-2,-1,3,,
5.095301e+05,"Ma(d1,d2,d3,d4,d5)",5D,open,-3,-2,-2,1,-3,,
5.095301e+05,"Ma(d1,d2,d3,d4,d5)",5D,open,-3,-2,-2,1,-2,,
5.095301e+05,"Ma(d1,d2,d3,d4,d5)",5D,open,-3,-2,-2,1,-1,,
5.095301e+05,"Ma(d1,d2,d3,d4)",4D,open,-3,-2,-2,1,0,,
5.095301e+05,"Ma(d1,d2,d3,d4,d5)",5D,open,-3,-2,-2,1,1,,
5.095301e+05,"Ma(d1,d2,d3,d4,d5)",5D,open,-3,-2,-2,1,2,,
5.095301e+05,"Ma(d1,d2,d3,d4,d5)",5D,open,-3,-2,-2,1,3,,
5.095301e+05,"Ma(d1,d2,d3,d4,d5)",5D,open,-3,-2,2,-1,-3,,
5.095301e+05,"Ma(d1,d2,d3,d4,d5)",5D,open,-3,-2,2,-1,-2,,
5.095301e+05,"Ma(d1,d2,d3,d4,d5)",5D,open,-3,-2,2,-1,-1,,
5.095301e+05,"Ma(d1,d2,d3,d4)",4D,open,-3,-2,2,-1,0,,
5.095301e+05,"Ma(d1,d2,d3,d4,d5)",5D,open,-3,-2,2,-1,1,,
5.095301e+05,"Ma(d1,d2,d3,d4,d5)",5D,open,-3,-2,2,-1,2,,
5.095301e+05,"Ma(d1,d2,d3,d4,d5)",5D,open,-3,-2,2,-1,3,,
5.095301e+05,"Ma(d1,d2,d3,d4,d5)",5D,open,-3,-2,2,1,-3,,
5.095301e+05,"Ma(d1,d2,d3,d4,d5)",5D,open,-3,-2,2,1,-2,,
5.095301e+05,"Ma(d1,d2,d3,d4,d5)",5D,open,-3,-2,2,1,-1,,
5.095301e+05,"Ma(d1,d2,d3,d4)",4D,open,-3,-2,2,1,0,,
5.095301e+05,"Ma(d1,d2,d3,d4,d5)",5D,open,-3,-2,2,1,1,,
5.095301e+05,"Ma(d1,d2,d3,d4,d5)",5D,open,-3,-2,2,1,2,,
5.095301e+05,"Ma(d1,d2,d3,d4,d5)",5D,open,-3,-2,2,1,3,,
5.095301e+05,"Ma(d1,d2,d3,d4,d5)",5D,open,-3,2,-2,-1,-3,,
5.095301e+05,"Ma(d1,d2,d3,d4,d5)",5D,open,-3,2,-2,-1,-2,,
5.095301e+05,"Ma(d1,d2,d3,d4,d5)",5D,open,-3,2,-2,-1,-1,,
5.095301e+05,"Ma(d1,d2,d3,d4)",4D,open,-3,2,-2,-1,0,,
5.095301e+05,"Ma(d1,d2,d3,d4,d5)",5D,open,-3,2,-2,-1,1,,
5.095301e+05,"Ma(d1,d2,d3,d4,d5)",5D,open,-3,2,-2,-1,2,,
5.095301e+05,"Ma(d1,d2,d3,d4,d5)",5D,open,-3,2,-2,-1,3,,
5.095301e+05,"Ma(d1,d2,d3,d4,d5)",5D,open,-3,2,-2,1,-3,,
5.095301e+05,"Ma(d1,d2,d3,d4,d5)",5D,open,-3,2,-2,1,-2,,
5.095301e+05,"Ma(d1,d2,d3,d4,d5)",5D,open,-3,2,-2,1,-1,,
5.095301e+05,"Ma(d1,d2,d3,d4)",4D,open,-3,2,-2,1,0,,
5.095301e+05,"Ma(d1,d2,d3,d4,d5)",5D,open,-3,2,-2,1,1,,
5.095301e+05,"Ma(d1,d2,d3,d4,d5)",5D,open,-3,2,-2,1,2,,
5.095301e+05,"Ma(d1,d2,d3,d4,d5)",5D,open,-3,2,-2,1,3,,
5.095301e+05,"Ma(d1,d2,d3,d4,d5)",5D,open,-3,2,2,-1,-3,,
5.095301e+05,"Ma(d1,d2,d3,d4,d5)",5D,open,-3,2,2,-1,-2,,
5.095301e+05,"Ma(d1,d2,d3,d4,d5)",5D,open,-3,2,2,-1,-1,,
5.095301e+05,"Ma(d1,d2,d3,d4)",4D,open,-3,2,2,-1,0,,
5.095301e+05,"Ma(d1,d2,d3,d4,d5)",5D,open,-3,2,2,-1,1,,
5.095301e+05,"Ma(d1,d2,d3,d4,d5)",5D,open,-3,2,2,-1,2,,
5.095301e+05,"Ma(d1,d2,d3,d4,d5)",5D,open,-3,2,2,-1,3,,
5.095301e+05,"Ma(d1,d2,d3,d4,d5)",5D,open,-3,2,2,1,-3,,
5.095301e+05,"Ma(d1,d2,d3,d4,d5)",5D,open,-3,2,2,1,-2,,
5.095301e+05,"Ma(d1,d2,d3,d4,d5)",5D,open,-3,2,2,1,-1,,
5.095301e+05,"Ma(d1,d2,d3,d4)",4D,open,-3,2,2,1,0,,
5.095301e+05,"Ma(d1,d2,d3,d4,d5)",5D,open,-3,2,2,1,1,,
5.095301e+05,"Ma(d1,d2,d3,d4,d5)",5D,open,-3,2,2,1,2,,
5.095301e+05,"Ma(d1,d2,d3,d4,d5)",5D,open,-3,2,2,1,3,,
5.095301e+05,"Ma(d1,d2,d3,d4,d5)",5D,open,3,-2,-2,-1,-3,,
5.095301e+05,"Ma(d1,d2,d3,d4,d5)",5D,open,3,-2,-2,-1,-2,,
5.095301e+05,"Ma(d1,d2,d3,d4,d5)",5D,open,3,-2,-2,-1,-1,,
5.095301e+05,"Ma(d1,d2,d3,d4)",4D,open,3,-2,-2,-1,0,,
5.095301e+05,"Ma(d1,d2,d3,d4,d5)",5D,open,3,-2,-2,-1,1,,
5.095301e+05,"Ma(d1,d2,d3,d4,d5)",5D,open,3,-2,-2,-1,2,,
5.095301e+05,"Ma(d1,d2,d3,d4,d5)",5D,open,3,-2,-2,-1,3,,
5.095301e+05,"Ma(d1,d2,d3,d4,d5)",5D,open,3,-2,-2,1,-3,,
5.095301e+05,"Ma(d1,d2,d3,d4,d5)",5D,open,3,-2,-2,1,-2,,
5.095301e+05,"Ma(d1,d2,d3,d4,d5)",5D,open,3,-2,-2,1,-1,,
5.095301e+05,"Ma(d1,d2,d3,d4)",4D,open,3,-2,-2,1,0,,
5.095301e+05,"Ma(d1,d2,d3,d4,d5)",5D,open,3,-2,-2,1,1,,
5.095301e+05,"Ma(d1,d2,d3,d4,d5)",5D,open,3,-2,-2,1,2,,
5.095301e+05,"Ma(d1,d2,d3,d4,d5)",5D,open,3,-2,-2,1,3,,
5.095301e+05,"Ma(d1,d2,d3,d4,d5)",5D,open,3,-2,2,-1,-3,,
5.095301e+05,"Ma(d1,d2,d3,d4,d5)",5D,open,3,-2,2,-1,-2,,
5.095301e+05,"Ma(d1,d2,d3,d4,d5)",5D,open,3,-2,2,-1,-1,,
5.095301e+05,"Ma(d1,d2,d3,d4)",4D,open,3,-2,2,-1,0,,
5.095301e+05,"Ma(d1,d2,d3,d4,d5)",5D,open,3,-2,2,-1,1,,
5.095301e+05,"Ma(d1,d2,d3,d4,d5)",5D,open,3,-2,2,-1,2,,
5.095301e+05,"Ma(d1,d2,d3,d4,d5)",5D,open,3,-2,2,-1,3,,
5.095301e+05,"Ma(d1,d2,d3,d4,d5)",5D,open,3,-2,2,1,-3,,
5.095301e+05,"Ma(d1,d2,d3,d4,d5)",5D,open,3,-2,2,1,-2,,
5.095301e+05,"Ma(d1,d2,d3,d4,d5)",5D,open,3,-2,2,1,-1,,
5.095301e+05,"Ma(d1,d2,d3,d4)",4D,open,3,-2,2,1,0,,
5.095301e+05,"Ma(d1,d2,d3,d4,d5)",5D,open,3,-2,2,1,1,,
5.095301e+05,"Ma(d1,d2,d3,d4,d5)",5D,open,3,-2,2,1,2,,
5.095301e+05,"Ma(d1,d2,d3,d4,d5)",5D,open,3,-2,2,1,3,,
5.095301e+05,"Ma(d1,d2,d3,d4,d5)",5D,open,3,2,-2,-1,-3,,
5.095301e+05,"Ma(d1,d2,d3,d4,d5)",5D,open,3,2,-2,-1,-2,,
5.095301e+05,"Ma(d1,d2,d3,d4,d5)",5D,open,3,2,-2,-1,-1,,
5.095301e+05,"Ma(d1,d2,d3,d4)",4D,open,3,2,-2,-1,0,,
5.095301e+05,"Ma(d1,d2,d3,d4,d5)",5D,open,3,2,-2,-1,1,,
5.095301e+05,"Ma(d1,d2,d3,d4,d5)",5D,open,3,2,-2,-1,2,,
5.095301e+05,"Ma(d1,d2,d3,d4,d5)",5D,open,3,2,-2,-1,3,,
5.095301e+05,"Ma(d1,d2,d3,d4,d5)",5D,open,3,2,-2,1,-3,,
5.095301e+05,"Ma(d1,d2,d3,d4,d5)",5D,open,3,2,-2,1,-2,,
5.095301e+05,"Ma(d1,d2,d3,d4,d5)",5D,open,3,2,-2,1,-1,,
5.095301e+05,"Ma(d1,d2,d3,d4)",4D,open,3,2,-2,1,0,,
5.095301e+05,"Ma(d1,d2,d3,d4,d5)",5D,open,3,2,-2,1,1,,
5.095301e+05,"Ma(d1,d2,d3,d4,d5)",5D,open,3,2,-2,1,2,,
5.095301e+05,"Ma(d1,d2,d3,d4,d5)",5D,open,3,2,-2,1,3,,
5.095301e+05,"Ma(d1,d2,d3,d4,d5)",5D,open,3,2,2,-1,-3,,
5.095301e+05,"Ma(d1,d2,d3,d4,d5)",5D,open,3,2,2,-1,-2,,
5.095301e+05,"Ma(d1,d2,d3,d4,d5)",5D,open,3,2,2,-1,-1,,
5.095301e+05,"Ma(d1,d2,d3,d4)",4D,open,3,2,2,-1,0,,
5.095301e+05,"Ma(d1,d2,d3,d4,d5)",5D,open,3,2,2,-1,1,,
5.095301e+05,"Ma(d1,d2,d3,d4,d5)",5D,open,3,2,2,-1,2,,
5.095301e+05,"Ma(d1,d2,d3,d4,d5)",5D,open,3,2,2,-1,3,,
5.095301e+05,"Ma(d1,d2,d3,d4,d5)",5D,open,3,2,2,1,-3,,
5.095301e+05,"Ma(d1,d2,d3,d4,d5)",5D,open,3,2,2,1,-2,,
5.095301e+05,"Ma(d1,d2,d3,d4,d5)",5D,open,3,2,2,1,-1,,
5.095301e+05,"Ma(d1,d2,d3,d4)",4D,open,3,2,2,1,0,,
5.095301e+05,"Ma(d1,d2,d3,d4,d5)",5D,open,3,2,2,1,1,,
5.095301e+05,"Ma(d1,d2,d3,d4,d5)",5D,open,3,2,2,1,2,,
5.095301e+05,"Ma(d1,d2,d3,d4,d5)",5D,open,3,2,2,1,3,,
5.095301e+05,"Ma(d1,d2,d3,d4,d5)",5D,open,-3,-2,-2,-2,-3,,
5.095301e+05,"Ma(d1,d2,d3,d4,d5)",5D,open,-3,-2,-2,-2,-2,,
5.095301e+05,"Ma(d1,d2,d3,d4,d5)",5D,open,-3,-2,-2,-2,-1,,
5.095301e+05,"Ma(d1,d2,d3,d4)",4D,open,-3,-2,-2,-2,0,,
5.095301e+05,"Ma(d1,d2,d3,d4,d5)",5D,open,-3,-2,-2,-2,1,,
5.095301e+05,"Ma(d1,d2,d3,d4,d5)",5D,open,-3,-2,-2,-2,2,,
5.095301e+05,"Ma(d1,d2,d3,d4,d5)",5D,open,-3,-2,-2,-2,3,,
5.095301e+05,"Ma(d1,d2,d3,d4,d5)",5D,open,-3,-2,-2,2,-3,,
5.095301e+05,"Ma(d1,d2,d3,d4,d5)",5D,open,-3,-2,-2,2,-2,,
5.095301e+05,"Ma(d1,d2,d3,d4,d5)",5D,open,-3,-2,-2,2,-1,,
5.095301e+05,"Ma(d1,d2,d3,d4)",4D,open,-3,-2,-2,2,0,,
5.095301e+05,"Ma(d1,d2,d3,d4,d5)",5D,open,-3,-2,-2,2,1,,
5.095301e+05,"Ma(d1,d2,d3,d4,d5)",5D,open,-3,-2,-2,2,2,,
5.095301e+05,"Ma(d1,d2,d3,d4,d5)",5D,open,-3,-2,-2,2,3,,
5.095301e+05,"Ma(d1,d2,d3,d4,d5)",5D,open,-3,-2,2,-2,-3,,
5.095301e+05,"Ma(d1,d2,d3,d4,d5)",5D,open,-3,-2,2,-2,-2,,
5.095301e+05,"Ma(d1,d2,d3,d4,d5)",5D,open,-3,-2,2,-2,-1,,
5.095301e+05,"Ma(d1,d2,d3,d4)",4D,open,-3,-2,2,-2,0,,
5.095301e+05,"Ma(d1,d2,d3,d4,d5)",5D,open,-3,-2,2,-2,1,,
5.095301e+05,"Ma(d1,d2,d3,d4,d5)",5D,open,-3,-2,2,-2,2,,
5.095301e+05,"Ma(d1,d2,d3,d4,d5)",5D,open,-3,-2,2,-2,3,,
5.095301e+05,"Ma(d1,d2,d3,d4,d5)",5D,open,-3,-2,2,2,-3,,
5.095301e+05,"Ma(d1,d2,d3,d4,d5)",5D,open,-3,-2,2,2,-2,,
5.095301e+05,"Ma(d1,d2,d3,d4,d5)",5D,open,-3,-2,2,2,-1,,
5.095301e+05,"Ma(d1,d2,d3,d4)",4D,open,-3,-2,2,2,0,,
5.095301e+05,"Ma(d1,d2,d3,d4,d5)",5D,open,-3,-2,2,2,1,,
5.095301e+05,"Ma(d1,d2,d3,d4,d5)",5D,open,-3,-2,2,2,2,,
5.095301e+05,"Ma(d1,d2,d3,d4,d5)",5D,open,-3,-2,2,2,3,,
5.095301e+05,"Ma(d1,d2,d3,d4,d5)",5D,open,-3,2,-2,-2,-3,,
5.095301e+05,"Ma(d1,d2,d3,d4,d5)",5D,open,-3,2,-2,-2,-2,,
5.095301e+05,"Ma(d1,d2,d3,d4,d5)",5D,open,-3,2,-2,-2,-1,,
5.095301e+05,"Ma(d1,d2,d3,d4)",4D,open,-3,2,-2,-2,0,,
5.095301e+05,"Ma(d1,d2,d3,d4,d5)",5D,open,-3,2,-2,-2,1,,
5.095301e+05,"Ma(d1,d2,d3,d4,d5)",5D,open,-3,2,-2,-2,2,,
5.095301e+05,"Ma(d1,d2,d3,d4,d5)",5D,open,-3,2,-2,-2,3,,
5.095301e+05,"Ma(d1,d2,d3,d4,d5)",5D,open,-3,2,-2,2,-3,,
5.095301e+05,"Ma(d1,d2,d3,d4,d5)",5D,open,-3,2,-2,2,-2,,
5.095301e+05,"Ma(d1,d2,d3,d4,d5)",5D,open,-3,2,-2,2,-1,,
5.095301e+05,"Ma(d1,d2,d3,d4)",4D,open,-3,2,-2,2,0,,
5.095301e+05,"Ma(d1,d2,d3,d4,d5)",5D,open,-3,2,-2,2,1,,
5.095301e+05,"Ma(d1,d2,d3,d4,d5)",5D,open,-3,2,-2,2,2,,
5.095301e+05,"Ma(d1,d2,d3,d4,d5)",5D,open,-3,2,-2,2,3,,
5.095301e+05,"Ma(d1,d2,d3,d4,d5)",5D,open,-3,2,2,-2,-3,,
5.095301e+05,"Ma(d1,d2,d3,d4,d5)",5D,open,-3,2,2,-2,-2,,
5.095301e+05,"Ma(d1,d2,d3,d4,d5)",5D,open,-3,2,2,-2,-1,,
5.095301e+05,"Ma(d1,d2,d3,d4)",4D,open,-3,2,2,-2,0,,
5.095301e+05,"Ma(d1,d2,d3,d4,d5)",5D,open,-3,2,2,-2,1,,
5.095301e+05,"Ma(d1,d2,d3,d4,d5)",5D,open,-3,2,2,-2,2,,
5.095301e+05,"Ma(d1,d2,d3,d4,d5)",5D,open,-3,2,2,-2,3,,
5.095301e+05,"Ma(d1,d2,d3,d4,d5)",5D,open,-3,2,2,2,-3,,
5.095301e+05,"Ma(d1,d2,d3,d4,d5)",5D,open,-3,2,2,2,-2,,
5.095301e+05,"Ma(d1,d2,d3,d4,d5)",5D,open,-3,2,2,2,-1,,
5.095301e+05,"Ma(d1,d2,d3,d4)",4D,open,-3,2,2,2,0,,
5.095301e+05,"Ma(d1,d2,d3,d4,d5)",5D,open,-3,2,2,2,1,,
5.095301e+05,"Ma(d1,d2,d3,d4,d5)",5D,open,-3,2,2,2,2,,
5.095301e+05,"Ma(d1,d2,d3,d4,d5)",5D,open,-3,2,2,2,3,,
5.095301e+05,"Ma(d1,d2,d3,d4,d5)",5D,open,3,-2,-2,-2,-3,,
5.095301e+05,"Ma(d1,d2,d3,d4,d5)",5D,open,3,-2,-2,-2,-2,,
5.095301e+05,"Ma(d1,d2,d3,d4,d5)",5D,open,3,-2,-2,-2,-1,,
5.095301e+05,"Ma(d1,d2,d3,d4)",4D,open,3,-2,-2,-2,0,,
5.095301e+05,"Ma(d1,d2,d3,d4,d5)",5D,open,3,-2,-2,-2,1,,
5.095301e+05,"Ma(d1,d2,d3,d4,d5)",5D,open,3,-2,-2,-2,2,,
5.095301e+05,"Ma(d1,d2,d3,d4,d5)",5D,open,3,-2,-2,-2,3,,
5.095301e+05,"Ma(d1,d2,d3,d4,d5)",5D,open,3,-2,-2,2,-3,,
5.095301e+05,"Ma(d1,d2,d3,d4,d5)",5D,open,3,-2,-2,2,-2,,
5.095301e+05,"Ma(d1,d2,d3,d4,d5)",5D,open,3,-2,-2,2,-1,,
5.095301e+05,"Ma(d1,d2,d3,d4)",4D,open,3,-2,-2,2,0,,
5.095301e+05,"Ma(d1,d2,d3,d4,d5)",5D,open,3,-2,-2,2,1,,
5.095301e+05,"Ma(d1,d2,d3,d4,d5)",5D,open,3,-2,-2,2,2,,
5.095301e+05,"Ma(d1,d2,d3,d4,d5)",5D,open,3,-2,-2,2,3,,
5.095301e+05,"Ma(d1,d2,d3,d4,d5)",5D,open,3,-2,2,-2,-3,,
5.095301e+05,"Ma(d1,d2,d3,d4,d5)",5D,open,3,-2,2,-2,-2,,
5.095301e+05,"Ma(d1,d2,d3,d4,d5)",5D,open,3,-2,2,-2,-1,,
5.095301e+05,"Ma(d1,d2,d3,d4)",4D,open,3,-2,2,-2,0,,
5.095301e+05,"Ma(d1,d2,d3,d4,d5)",5D,open,3,-2,2,-2,1,,
5.095301e+05,"Ma(d1,d2,d3,d4,d5)",5D,open,3,-2,2,-2,2,,
5.095301e+05,"Ma(d1,d2,d3,d4,d5)",5D,open,3,-2,2,-2,3,,
5.095301e+05,"Ma(d1,d2,d3,d4,d5)",5D,open,3,-2,2,2,-3,,
5.095301e+05,"Ma(d1,d2,d3,d4,d5)",5D,open,3,-2,2,2,-2,,
5.095301e+05,"Ma(d1,d2,d3,d4,d5)",5D,open,3,-2,2,2,-1,,
5.095301e+05,"Ma(d1,d2,d3,d4)",4D,open,3,-2,2,2,0,,
5.095301e+05,"Ma(d1,d2,d3,d4,d5)",5D,open,3,-2,2,2,1,,
5.095301e+05,"Ma(d1,d2,d3,d4,d5)",5D,open,3,-2,2,2,2,,
5.095301e+05,"Ma(d1,d2,d3,d4,d5)",5D,open,3,-2,2,2,3,,
5.095301e+05,"Ma(d1,d2,d3,d4,d5)",5D,open,3,2,-2,-2,-3,,
5.095301e+05,"Ma(d1,d2,d3,d4,d5)",5D,open,3,2,-2,-2,-2,,
5.095301e+05,"Ma(d1,d2,d3,d4,d5)",5D,open,3,2,-2,-2,-1,,
5.095301e+05,"Ma(d1,d2,d3,d4)",4D,open,3,2,-2,-2,0,,
5.095301e+05,"Ma(d1,d2,d3,d4,d5)",5D,open,3,2,-2,-2,1,,
5.095301e+05,"Ma(d1,d2,d3,d4,d5)",5D,open,3,2,-2,-2,2,,
5.095301e+05,"Ma(d1,d2,d3,d4,d5)",5D,open,3,2,-2,-2,3,,
5.095301e+05,"Ma(d1,d2,d3,d4,d5)",5D,open,3,2,-2,2,-3,,
5.095301e+05,"Ma(d1,d2,d3,d4,d5)",5D,open,3,2,-2,2,-2,,
5.095301e+05,"Ma(d1,d2,d3,d4,d5)",5D,open,3,2,-2,2,-1,,
5.095301e+05,"Ma(d1,d2,d3,d4)",4D,open,3,2,-2,2,0,,
5.095301e+05,"Ma(d1,d2,d3,d4,d5)",5D,open,3,2,-2,2,1,,
5.095301e+05,"Ma(d1,d2,d3,d4,d5)",5D,open,3,2,-2,2,2,,
5.095301e+05,"Ma(d1,d2,d3,d4,d5)",5D,open,3,2,-2,2,3,,
5.095301e+05,"Ma(d1,d2,d3,d4,d5)",5D,open,3,2,2,-2,-3,,
5.095301e+05,"Ma(d1,d2,d3,d4,d5)",5D,open,3,2,2,-2,-2,,
5.095301e+05,"Ma(d1,d2,d3,d4,d5)",5D,open,3,2,2,-2,-1,,
5.095301e+05,"Ma(d1,d2,d3,d4)",4D,open,3,2,2,-2,0,,
5.095301e+05,"Ma(d1,d2,d3,d4,d5)",5D,open,3,2,2,-2,1,,
5.095301e+05,"Ma(d1,d2,d3,d4,d5)",5D,open,3,2,2,-2,2,,
5.095301e+05,"Ma(d1,d2,d3,d4,d5)",5D,open,3,2,2,-2,3,,
5.095301e+05,"Ma(d1,d2,d3,d4,d5)",5D,open,3,2,2,2,-3,,
5.095301e+05,"Ma(d1,d2,d3,d4,d5)",5D,open,3,2,2,2,-2,,
5.095301e+05,"Ma(d1,d2,d3,d4,d5)",5D,open,3,2,2,2,-1,,
5.095301e+05,"Ma(d1,d2,d3,d4)",4D,open,3,2,2,2,0,,
5.095301e+05,"Ma(d1,d2,d3,d4,d5)",5D,open,3,2,2,2,1,,
5.095301e+05,"Ma(d1,d2,d3,d4,d5)",5D,open,3,2,2,2,2,,
5.095301e+05,"Ma(d1,d2,d3,d4,d5)",5D,open,3,2,2,2,3,,
5.095301e+05,"Ma(d1,d2,d3,d4,d5)",5D,open,-3,-2,-2,-3,-3,,
5.095301e+05,"Ma(d1,d2,d3,d4,d5)",5D,open,-3,-2,-2,-3,-2,,
5.095301e+05,"Ma(d1,d2,d3,d4,d5)",5D,open,-3,-2,-2,-3,-1,,
5.095301e+05,"Ma(d1,d2,d3,d4)",4D,open,-3,-2,-2,-3,0,,
5.095301e+05,"Ma(d1,d2,d3,d4,d5)",5D,open,-3,-2,-2,-3,1,,
5.095301e+05,"Ma(d1,d2,d3,d4,d5)",5D,open,-3,-2,-2,-3,2,,
5.095301e+05,"Ma(d1,d2,d3,d4,d5)",5D,open,-3,-2,-2,-3,3,,
5.095301e+05,"Ma(d1,d2,d3,d4,d5)",5D,open,-3,-2,-2,3,-3,,
5.095301e+05,"Ma(d1,d2,d3,d4,d5)",5D,open,-3,-2,-2,3,-2,,
5.095301e+05,"Ma(d1,d2,d3,d4,d5)",5D,open,-3,-2,-2,3,-1,,
5.095301e+05,"Ma(d1,d2,d3,d4)",4D,open,-3,-2,-2,3,0,,
5.095301e+05,"Ma(d1,d2,d3,d4,d5)",5D,open,-3,-2,-2,3,1,,
5.095301e+05,"Ma(d1,d2,d3,d4,d5)",5D,open,-3,-2,-2,3,2,,
5.095301e+05,"Ma(d1,d2,d3,d4,d5)",5D,open,-3,-2,-2,3,3,,
5.095301e+05,"Ma(d1,d2,d3,d4,d5)",5D,open,-3,-2,2,-3,-3,,
5.095301e+05,"Ma(d1,d2,d3,d4,d5)",5D,open,-3,-2,2,-3,-2,,
5.095301e+05,"Ma(d1,d2,d3,d4,d5)",5D,open,-3,-2,2,-3,-1,,
5.095301e+05,"Ma(d1,d2,d3,d4)",4D,open,-3,-2,2,-3,0,,
5.095301e+05,"Ma(d1,d2,d3,d4,d5)",5D,open,-3,-2,2,-3,1,,
5.095301e+05,"Ma(d1,d2,d3,d4,d5)",5D,open,-3,-2,2,-3,2,,
5.095301e+05,"Ma(d1,d2,d3,d4,d5)",5D,open,-3,-2,2,-3,3,,
5.095301e+05,"Ma(d1,d2,d3,d4,d5)",5D,open,-3,-2,2,3,-3,,
5.095301e+05,"Ma(d1,d2,d3,d4,d5)",5D,open,-3,-2,2,3,-2,,
5.095301e+05,"Ma(d1,d2,d3,d4,d5)",5D,open,-3,-2,2,3,-1,,
5.095301e+05,"Ma(d1,d2,d3,d4)",4D,open,-3,-2,2,3,0,,
5.095301e+05,"Ma(d1,d2,d3,d4,d5)",5D,open,-3,-2,2,3,1,,
5.095301e+05,"Ma(d1,d2,d3,d4,d5)",5D,open,-3,-2,2,3,2,,
5.095301e+05,"Ma(d1,d2,d3,d4,d5)",5D,open,-3,-2,2,3,3,,
5.095301e+05,"Ma(d1,d2,d3,d4,d5)",5D,open,-3,2,-2,-3,-3,,
5.095301e+05,"Ma(d1,d2,d3,d4,d5)",5D,open,-3,2,-2,-3,-2,,
5.095301e+05,"Ma(d1,d2,d3,d4,d5)",5D,open,-3,2,-2,-3,-1,,
5.095301e+05,"Ma(d1,d2,d3,d4)",4D,open,-3,2,-2,-3,0,,
5.095301e+05,"Ma(d1,d2,d3,d4,d5)",5D,open,-3,2,-2,-3,1,,
5.095301e+05,"Ma(d1,d2,d3,d4,d5)",5D,open,-3,2,-2,-3,2,,
5.095301e+05,"Ma(d1,d2,d3,d4,d5)",5D,open,-3,2,-2,-3,3,,
5.095301e+05,"Ma(d1,d2,d3,d4,d5)",5D,open,-3,2,-2,3,-3,,
5.095301e+05,"Ma(d1,d2,d3,d4,d5)",5D,open,-3,2,-2,3,-2,,
5.095301e+05,"Ma(d1,d2,d3,d4,d5)",5D,open,-3,2,-2,3,-1,,
5.095301e+05,"Ma(d1,d2,d3,d4)",4D,open,-3,2,-2,3,0,,
5.095301e+05,"Ma(d1,d2,d3,d4,d5)",5D,open,-3,2,-2,3,1,,
5.095301e+05,"Ma(d1,d2,d3,d4,d5)",5D,open,-3,2,-2,3,2,,
5.095301e+05,"Ma(d1,d2,d3,d4,d5)",5D,open,-3,2,-2,3,3,,
5.095301e+05,"Ma(d1,d2,d3,d4,d5)",5D,open,-3,2,2,-3,-3,,
5.095301e+05,"Ma(d1,d2,d3,d4,d5)",5D,open,-3,2,2,-3,-2,,
5.095301e+05,"Ma(d1,d2,d3,d4,d5)",5D,open,-3,2,2,-3,-1,,
5.095301e+05,"Ma(d1,d2,d3,d4)",4D,open,-3,2,2,-3,0,,
5.095301e+05,"Ma(d1,d2,d3,d4,d5)",5D,open,-3,2,2,-3,1,,
5.095301e+05,"Ma(d1,d2,d3,d4,d5)",5D,open,-3,2,2,-3,2,,
5.095301e+05,"Ma(d1,d2,d3,d4,d5)",5D,open,-3,2,2,-3,3,,
5.095301e+05,"Ma(d1,d2,d3,d4,d5)",5D,open,-3,2,2,3,-3,,
5.095301e+05,"Ma(d1,d2,d3,d4,d5)",5D,open,-3,2,2,3,-2,,
5.095301e+05,"Ma(d1,d2,d3,d4,d5)",5D,open,-3,2,2,3,-1,,
5.095301e+05,"Ma(d1,d2,d3,d4)",4D,open,-3,2,2,3,0,,
5.095301e+05,"Ma(d1,d2,d3,d4,d5)",5D,open,-3,2,2,3,1,,
5.095301e+05,"Ma(d1,d2,d3,d4,d5)",5D,open,-3,2,2,3,2,,
5.095301e+05,"Ma(d1,d2,d3,d4,d5)",5D,open,-3,2,2,3,3,,
5.095301e+05,"Ma(d1,d2,d3,d4,d5)",5D,open,3,-2,-2,-3,-3,,
5.095301e+05,"Ma(d1,d2,d3,d4,d5)",5D,open,3,-2,-2,-3,-2,,
5.095301e+05,"Ma(d1,d2,d3,d4,d5)",5D,open,3,-2,-2,-3,-1,,
5.095301e+05,"Ma(d1,d2,d3,d4)",4D,open,3,-2,-2,-3,0,,
5.095301e+05,"Ma(d1,d2,d3,d4,d5)",5D,open,3,-2,-2,-3,1,,
5.095301e+05,"Ma(d1,d2,d3,d4,d5)",5D,open,3,-2,-2,-3,2,,
5.095301e+05,"Ma(d1,d2,d3,d4,d5)",5D,open,3,-2,-2,-3,3,,
5.095301e+05,"Ma(d1,d2,d3,d4,d5)",5D,open,3,-2,-2,3,-3,,
5.095301e+05,"Ma(d1,d2,d3,d4,d5)",5D,open,3,-2,-2,3,-2,,
5.095301e+05,"Ma(d1,d2,d3,d4,d5)",5D,open,3,-2,-2,3,-1,,
5.095301e+05,"Ma(d1,d2,d3,d4)",4D,open,3,-2,-2,3,0,,
5.095301e+05,"Ma(d1,d2,d3,d4,d5)",5D,open,3,-2,-2,3,1,,
5.095301e+05,"Ma(d1,d2,d3,d4,d5)",5D,open,3,-2,-2,3,2,,
5.095301e+05,"Ma(d1,d2,d3,d4,d5)",5D,open,3,-2,-2,3,3,,
5.095301e+05,"Ma(d1,d2,d3,d4,d5)",5D,open,3,-2,2,-3,-3,,
5.095301e+05,"Ma(d1,d2,d3,d4,d5)",5D,open,3,-2,2,-3,-2,,
5.095301e+05,"Ma(d1,d2,d3,d4,d5)",5D,open,3,-2,2,-3,-1,,
5.095301e+05,"Ma(d1,d2,d3,d4)",4D,open,3,-2,2,-3,0,,
5.095301e+05,"Ma(d1,d2,d3,d4,d5)",5D,open,3,-2,2,-3,1,,
5.095301e+05,"Ma(d1,d2,d3,d4,d5)",5D,open,3,-2,2,-3,2,,
5.095301e+05,"Ma(d1,d2,d3,d4,d5)",5D,open,3,-2,2,-3,3,,
5.095301e+05,"Ma(d1,d2,d3,d4,d5)",5D,open,3,-2,2,3,-3,,
5.095301e+05,"Ma(d1,d2,d3,d4,d5)",5D,open,3,-2,2,3,-2,,
5.095301e+05,"Ma(d1,d2,d3,d4,d5)",5D,open,3,-2,2,3,-1,,
5.095301e+05,"Ma(d1,d2,d3,d4)",4D,open,3,-2,2,3,0,,
5.095301e+05,"Ma(d1,d2,d3,d4,d5)",5D,open,3,-2,2,3,1,,
5.095301e+05,"Ma(d1,d2,d3,d4,d5)",5D,open,3,-2,2,3,2,,
5.095301e+05,"Ma(d1,d2,d3,d4,d5)",5D,open,3,-2,2,3,3,,
5.095301e+05,"Ma(d1,d2,d3,d4,d5)",5D,open,3,2,-2,-3,-3,,
5.095301e+05,"Ma(d1,d2,d3,d4,d5)",5D,open,3,2,-2,-3,-2,,
5.095301e+05,"Ma(d1,d2,d3,d4,d5)",5D,open,3,2,-2,-3,-1,,
5.095301e+05,"Ma(d1,d2,d3,d4)",4D,open,3,2,-2,-3,0,,
5.095301e+05,"Ma(d1,d2,d3,d4,d5)",5D,open,3,2,-2,-3,1,,
5.095301e+05,"Ma(d1,d2,d3,d4,d5)",5D,open,3,2,-2,-3,2,,
5.095301e+05,"Ma(d1,d2,d3,d4,d5)",5D,open,3,2,-2,-3,3,,
5.095301e+05,"Ma(d1,d2,d3,d4,d5)",5D,open,3,2,-2,3,-3,,
5.095301e+05,"Ma(d1,d2,d3,d4,d5)",5D,open,3,2,-2,3,-2,,
5.095301e+05,"Ma(d1,d2,d3,d4,d5)",5D,open,3,2,-2,3,-1,,
5.095301e+05,"Ma(d1,d2,d3,d4)",4D,open,3,2,-2,3,0,,
5.095301e+05,"Ma(d1,d2,d3,d4,d5)",5D,open,3,2,-2,3,1,,
5.095301e+05,"Ma(d1,d2,d3,d4,d5)",5D,open,3,2,-2,3,2,,
5.095301e+05,"Ma(d1,d2,d3,d4,d5)",5D,open,3,2,-2,3,3,,
5.095301e+05,"Ma(d1,d2,d3,d4,d5)",5D,open,3,2,2,-3,-3,,
5.095301e+05,"Ma(d1,d2,d3,d4,d5)",5D,open,3,2,2,-3,-2,,
5.095301e+05,"Ma(d1,d2,d3,d4,d5)",5D,open,3,2,2,-3,-1,,
5.095301e+05,"Ma(d1,d2,d3,d4)",4D,open,3,2,2,-3,0,,
5.095301e+05,"Ma(d1,d2,d3,d4,d5)",5D,open,3,2,2,-3,1,,
5.095301e+05,"Ma(d1,d2,d3,d4,d5)",5D,open,3,2,2,-3,2,,
5.095301e+05,"Ma(d1,d2,d3,d4,d5)",5D,open,3,2,2,-3,3,,
5.095301e+05,"Ma(d1,d2,d3,d4,d5)",5D,open,3,2,2,3,-3,,
5.095301e+05,"Ma(d1,d2,d3,d4,d5)",5D,open,3,2,2,3,-2,,
5.095301e+05,"Ma(d1,d2,d3,d4,d5)",5D,open,3,2,2,3,-1,,
5.095301e+05,"Ma(d1,d2,d3,d4)",4D,open,3,2,2,3,0,,
5.095301e+05,"Ma(d1,d2,d3,d4,d5)",5D,open,3,2,2,3,1,,
5.095301e+05,"Ma(d1,d2,d3,d4,d5)",5D,open,3,2,2,3,2,,
5.095301e+05,"Ma(d1,d2,d3,d4,d5)",5D,open,3,2,2,3,3,,
5.095301e+05,"Ma(d1,d2,d3,d5)",4D,open,-3,-2,-3,0,-3,,
5.095301e+05,"Ma(d1,d2,d3,d5)",4D,open,-3,-2,-3,0,-2,,
5.095301e+05,"Ma(d1,d2,d3,d5)",4D,open,-3,-2,-3,0,-1,,
5.095301e+05,"Ma(d1,d2,d3)",3D,open,-3,-2,-3,0,0,,
5.095301e+05,"Ma(d1,d2,d3,d5)",4D,open,-3,-2,-3,0,1,,
5.095301e+05,"Ma(d1,d2,d3,d5)",4D,open,-3,-2,-3,0,2,,
5.095301e+05,"Ma(d1,d2,d3,d5)",4D,open,-3,-2,-3,0,3,,
5.095301e+05,"Ma(d1,d2,d3,d5)",4D,open,-3,-2,3,0,-3,,
5.095301e+05,"Ma(d1,d2,d3,d5)",4D,open,-3,-2,3,0,-2,,
5.095301e+05,"Ma(d1,d2,d3,d5)",4D,open,-3,-2,3,0,-1,,
5.095301e+05,"Ma(d1,d2,d3)",3D,open,-3,-2,3,0,0,,
5.095301e+05,"Ma(d1,d2,d3,d5)",4D,open,-3,-2,3,0,1,,
5.095301e+05,"Ma(d1,d2,d3,d5)",4D,open,-3,-2,3,0,2,,
5.095301e+05,"Ma(d1,d2,d3,d5)",4D,open,-3,-2,3,0,3,,
5.095301e+05,"Ma(d1,d2,d3,d5)",4D,open,-3,2,-3,0,-3,,
5.095301e+05,"Ma(d1,d2,d3,d5)",4D,open,-3,2,-3,0,-2,,
5.095301e+05,"Ma(d1,d2,d3,d5)",4D,open,-3,2,-3,0,-1,,
5.095301e+05,"Ma(d1,d2,d3)",3D,open,-3,2,-3,0,0,,
5.095301e+05,"Ma(d1,d2,d3,d5)",4D,open,-3,2,-3,0,1,,
5.095301e+05,"Ma(d1,d2,d3,d5)",4D,open,-3,2,-3,0,2,,
5.095301e+05,"Ma(d1,d2,d3,d5)",4D,open,-3,2,-3,0,3,,
5.095301e+05,"Ma(d1,d2,d3,d5)",4D,open,-3,2,3,0,-3,,
5.095301e+05,"Ma(d1,d2,d3,d5)",4D,open,-3,2,3,0,-2,,
5.095301e+05,"Ma(d1,d2,d3,d5)",4D,open,-3,2,3,0,-1,,
5.095301e+05,"Ma(d1,d2,d3)",3D,open,-3,2,3,0,0,,
5.095301e+05,"Ma(d1,d2,d3,d5)",4D,open,-3,2,3,0,1,,
5.095301e+05,"Ma(d1,d2,d3,d5)",4D,open,-3,2,3,0,2,,
5.095301e+05,"Ma(d1,d2,d3,d5)",4D,open,-3,2,3,0,3,,
5.095301e+05,"Ma(d1,d2,d3,d5)",4D,open,3,-2,-3,0,-3,,
5.095301e+05,"Ma(d1,d2,d3,d5)",4D,open,3,-2,-3,0,-2,,
5.095301e+05,"Ma(d1,d2,d3,d5)",4D,open,3,-2,-3,0,-1,,
5.095301e+05,"Ma(d1,d2,d3)",3D,open,3,-2,-3,0,0,,
5.095301e+05,"Ma(d1,d2,d3,d5)",4D,open,3,-2,-3,0,1,,
5.095301e+05,"Ma(d1,d2,d3,d5)",4D,open,3,-2,-3,0,2,,
5.095301e+05,"Ma(d1,d2,d3,d5)",4D,open,3,-2,-3,0,3,,
5.095301e+05,"Ma(d1,d2,d3,d5)",4D,open,3,-2,3,0,-3,,
5.095301e+05,"Ma(d1,d2,d3,d5)",4D,open,3,-2,3,0,-2,,
5.095301e+05,"Ma(d1,d2,d3,d5)",4D,open,3,-2,3,0,-1,,
5.095301e+05,"Ma(d1,d2,d3)",3D,open,3,-2,3,0,0,,
5.095301e+05,"Ma(d1,d2,d3,d5)",4D,open,3,-2,3,0,1,,
5.095301e+05,"Ma(d1,d2,d3,d5)",4D,open,3,-2,3,0,2,,
5.095301e+05,"Ma(d1,d2,d3,d5)",4D,open,3,-2,3,0,3,,
5.095301e+05,"Ma(d1,d2,d3,d5)",4D,open,3,2,-3,0,-3,,
5.095301e+05,"Ma(d1,d2,d3,d5)",4D,open,3,2,-3,0,-2,,
5.095301e+05,"Ma(d1,d2,d3,d5)",4D,open,3,2,-3,0,-1,,
5.095301e+05,"Ma(d1,d2,d3)",3D,open,3,2,-3,0,0,,
5.095301e+05,"Ma(d1,d2,d3,d5)",4D,open,3,2,-3,0,1,,
5.095301e+05,"Ma(d1,d2,d3,d5)",4D,open,3,2,-3,0,2,,
5.095301e+05,"Ma(d1,d2,d3,d5)",4D,open,3,2,-3,0,3,,
5.095301e+05,"Ma(d1,d2,d3,d5)",4D,open,3,2,3,0,-3,,
5.095301e+05,"Ma(d1,d2,d3,d5)",4D,open,3,2,3,0,-2,,
5.095301e+05,"Ma(d1,d2,d3,d5)",4D,open,3,2,3,0,-1,,
5.095301e+05,"Ma(d1,d2,d3)",3D,open,3,2,3,0,0,,
5.095301e+05,"Ma(d1,d2,d3,d5)",4D,open,3,2,3,0,1,,
5.095301e+05,"Ma(d1,d2,d3,d5)",4D,open,3,2,3,0,2,,
5.095301e+05,"Ma(d1,d2,d3,d5)",4D,open,3,2,3,0,3,,
5.095301e+05,"Ma(d1,d2,d3,d4,d5)",5D,open,-3,-2,-3,-1,-3,,
5.095301e+05,"Ma(d1,d2,d3,d4,d5)",5D,open,-3,-2,-3,-1,-2,,
5.095301e+05,"Ma(d1,d2,d3,d4,d5)",5D,open,-3,-2,-3,-1,-1,,
5.095301e+05,"Ma(d1,d2,d3,d4)",4D,open,-3,-2,-3,-1,0,,
5.095301e+05,"Ma(d1,d2,d3,d4,d5)",5D,open,-3,-2,-3,-1,1,,
5.095301e+05,"Ma(d1,d2,d3,d4,d5)",5D,open,-3,-2,-3,-1,2,,
5.095301e+05,"Ma(d1,d2,d3,d4,d5)",5D,open,-3,-2,-3,-1,3,,
5.095301e+05,"Ma(d1,d2,d3,d4,d5)",5D,open,-3,-2,-3,1,-3,,
5.095301e+05,"Ma(d1,d2,d3,d4,d5)",5D,open,-3,-2,-3,1,-2,,
5.095301e+05,"Ma(d1,d2,d3,d4,d5)",5D,open,-3,-2,-3,1,-1,,
5.095301e+05,"Ma(d1,d2,d3,d4)",4D,open,-3,-2,-3,1,0,,
5.095301e+05,"Ma(d1,d2,d3,d4,d5)",5D,open,-3,-2,-3,1,1,,
5.095301e+05,"Ma(d1,d2,d3,d4,d5)",5D,open,-3,-2,-3,1,2,,
5.095301e+05,"Ma(d1,d2,d3,d4,d5)",5D,open,-3,-2,-3,1,3,,
5.095301e+05,"Ma(d1,d2,d3,d4,d5)",5D,open,-3,-2,3,-1,-3,,
5.095301e+05,"Ma(d1,d2,d3,d4,d5)",5D,open,-3,-2,3,-1,-2,,
5.095301e+05,"Ma(d1,d2,d3,d4,d5)",5D,open,-3,-2,3,-1,-1,,
5.095301e+05,"Ma(d1,d2,d3,d4)",4D,open,-3,-2,3,-1,0,,
5.095301e+05,"Ma(d1,d2,d3,d4,d5)",5D,open,-3,-2,3,-1,1,,
5.095301e+05,"Ma(d1,d2,d3,d4,d5)",5D,open,-3,-2,3,-1,2,,
5.095301e+05,"Ma(d1,d2,d3,d4,d5)",5D,open,-3,-2,3,-1,3,,
5.095301e+05,"Ma(d1,d2,d3,d4,d5)",5D,open,-3,-2,3,1,-3,,
5.095301e+05,"Ma(d1,d2,d3,d4,d5)",5D,open,-3,-2,3,1,-2,,
5.095301e+05,"Ma(d1,d2,d3,d4,d5)",5D,open,-3,-2,3,1,-1,,
5.095301e+05,"Ma(d1,d2,d3,d4)",4D,open,-3,-2,3,1,0,,
5.095301e+05,"Ma(d1,d2,d3,d4,d5)",5D,open,-3,-2,3,1,1,,
5.095301e+05,"Ma(d1,d2,d3,d4,d5)",5D,open,-3,-2,3,1,2,,
5.095301e+05,"Ma(d1,d2,d3,d4,d5)",5D,open,-3,-2,3,1,3,,
5.095301e+05,"Ma(d1,d2,d3,d4,d5)",5D,open,-3,2,-3,-1,-3,,
5.095301e+05,"Ma(d1,d2,d3,d4,d5)",5D,open,-3,2,-3,-1,-2,,
5.095301e+05,"Ma(d1,d2,d3,d4,d5)",5D,open,-3,2,-3,-1,-1,,
5.095301e+05,"Ma(d1,d2,d3,d4)",4D,open,-3,2,-3,-1,0,,
5.095301e+05,"Ma(d1,d2,d3,d4,d5)",5D,open,-3,2,-3,-1,1,,
5.095301e+05,"Ma(d1,d2,d3,d4,d5)",5D,open,-3,2,-3,-1,2,,
5.095301e+05,"Ma(d1,d2,d3,d4,d5)",5D,open,-3,2,-3,-1,3,,
5.095301e+05,"Ma(d1,d2,d3,d4,d5)",5D,open,-3,2,-3,1,-3,,
5.095301e+05,"Ma(d1,d2,d3,d4,d5)",5D,open,-3,2,-3,1,-2,,
5.095301e+05,"Ma(d1,d2,d3,d4,d5)",5D,open,-3,2,-3,1,-1,,
5.095301e+05,"Ma(d1,d2,d3,d4)",4D,open,-3,2,-3,1,0,,
5.095301e+05,"Ma(d1,d2,d3,d4,d5)",5D,open,-3,2,-3,1,1,,
5.095301e+05,"Ma(d1,d2,d3,d4,d5)",5D,open,-3,2,-3,1,2,,
5.095301e+05,"Ma(d1,d2,d3,d4,d5)",5D,open,-3,2,-3,1,3,,
5.095301e+05,"Ma(d1,d2,d3,d4,d5)",5D,open,-3,2,3,-1,-3,,
5.095301e+05,"Ma(d1,d2,d3,d4,d5)",5D,open,-3,2,3,-1,-2,,
5.095301e+05,"Ma(d1,d2,d3,d4,d5)",5D,open,-3,2,3,-1,-1,,
5.095301e+05,"Ma(d1,d2,d3,d4)",4D,open,-3,2,3,-1,0,,
5.095301e+05,"Ma(d1,d2,d3,d4,d5)",5D,open,-3,2,3,-1,1,,
5.095301e+05,"Ma(d1,d2,d3,d4,d5)",5D,open,-3,2,3,-1,2,,
5.095301e+05,"Ma(d1,d2,d3,d4,d5)",5D,open,-3,2,3,-1,3,,
5.095301e+05,"Ma(d1,d2,d3,d4,d5)",5D,open,-3,2,3,1,-3,,
5.095301e+05,"Ma(d1,d2,d3,d4,d5)",5D,open,-3,2,3,1,-2,,
5.095301e+05,"Ma(d1,d2,d3,d4,d5)",5D,open,-3,2,3,1,-1,,
5.095301e+05,"Ma(d1,d2,d3,d4)",4D,open,-3,2,3,1,0,,
5.095301e+05,"Ma(d1,d2,d3,d4,d5)",5D,open,-3,2,3,1,1,,
5.095301e+05,"Ma(d1,d2,d3,d4,d5)",5D,open,-3,2,3,1,2,,
5.095301e+05,"Ma(d1,d2,d3,d4,d5)",5D,open,-3,2,3,1,3,,
5.095301e+05,"Ma(d1,d2,d3,d4,d5)",5D,open,3,-2,-3,-1,-3,,
5.095301e+05,"Ma(d1,d2,d3,d4,d5)",5D,open,3,-2,-3,-1,-2,,
5.095301e+05,"Ma(d1,d2,d3,d4,d5)",5D,open,3,-2,-3,-1,-1,,
5.095301e+05,"Ma(d1,d2,d3,d4)",4D,open,3,-2,-3,-1,0,,
5.095301e+05,"Ma(d1,d2,d3,d4,d5)",5D,open,3,-2,-3,-1,1,,
5.095301e+05,"Ma(d1,d2,d3,d4,d5)",5D,open,3,-2,-3,-1,2,,
5.095301e+05,"Ma(d1,d2,d3,d4,d5)",5D,open,3,-2,-3,-1,3,,
5.095301e+05,"Ma(d1,d2,d3,d4,d5)",5D,open,3,-2,-3,1,-3,,
5.095301e+05,"Ma(d1,d2,d3,d4,d5)",5D,open,3,-2,-3,1,-2,,
5.095301e+05,"Ma(d1,d2,d3,d4,d5)",5D,open,3,-2,-3,1,-1,,
5.095301e+05,"Ma(d1,d2,d3,d4)",4D,open,3,-2,-3,1,0,,
5.095301e+05,"Ma(d1,d2,d3,d4,d5)",5D,open,3,-2,-3,1,1,,
5.095301e+05,"Ma(d1,d2,d3,d4,d5)",5D,open,3,-2,-3,1,2,,
5.095301e+05,"Ma(d1,d2,d3,d4,d5)",5D,open,3,-2,-3,1,3,,
5.095301e+05,"Ma(d1,d2,d3,d4,d5)",5D,open,3,-2,3,-1,-3,,
5.095301e+05,"Ma(d1,d2,d3,d4,d5)",5D,open,3,-2,3,-1,-2,,
5.095301e+05,"Ma(d1,d2,d3,d4,d5)",5D,open,3,-2,3,-1,-1,,
5.095301e+05,"Ma(d1,d2,d3,d4)",4D,open,3,-2,3,-1,0,,
5.095301e+05,"Ma(d1,d2,d3,d4,d5)",5D,open,3,-2,3,-1,1,,
5.095301e+05,"Ma(d1,d2,d3,d4,d5)",5D,open,3,-2,3,-1,2,,
5.095301e+05,"Ma(d1,d2,d3,d4,d5)",5D,open,3,-2,3,-1,3,,
5.095301e+05,"Ma(d1,d2,d3,d4,d5)",5D,open,3,-2,3,1,-3,,
5.095301e+05,"Ma(d1,d2,d3,d4,d5)",5D,open,3,-2,3,1,-2,,
5.095301e+05,"Ma(d1,d2,d3,d4,d5)",5D,open,3,-2,3,1,-1,,
5.095301e+05,"Ma(d1,d2,d3,d4)",4D,open,3,-2,3,1,0,,
5.095301e+05,"Ma(d1,d2,d3,d4,d5)",5D,open,3,-2,3,1,1,,
5.095301e+05,"Ma(d1,d2,d3,d4,d5)",5D,open,3,-2,3,1,2,,
5.095301e+05,"Ma(d1,d2,d3,d4,d5)",5D,open,3,-2,3,1,3,,
5.095301e+05,"Ma(d1,d2,d3,d4,d5)",5D,open,3,2,-3,-1,-3,,
5.095301e+05,"Ma(d1,d2,d3,d4,d5)",5D,open,3,2,-3,-1,-2,,
5.095301e+05,"Ma(d1,d2,d3,d4,d5)",5D,open,3,2,-3,-1,-1,,
5.095301e+05,"Ma(d1,d2,d3,d4)",4D,open,3,2,-3,-1,0,,
5.095301e+05,"Ma(d1,d2,d3,d4,d5)",5D,open,3,2,-3,-1,1,,
5.095301e+05,"Ma(d1,d2,d3,d4,d5)",5D,open,3,2,-3,-1,2,,
5.095301e+05,"Ma(d1,d2,d3,d4,d5)",5D,open,3,2,-3,-1,3,,
5.095301e+05,"Ma(d1,d2,d3,d4,d5)",5D,open,3,2,-3,1,-3,,
5.095301e+05,"Ma(d1,d2,d3,d4,d5)",5D,open,3,2,-3,1,-2,,
5.095301e+05,"Ma(d1,d2,d3,d4,d5)",5D,open,3,2,-3,1,-1,,
5.095301e+05,"Ma(d1,d2,d3,d4)",4D,open,3,2,-3,1,0,,
5.095301e+05,"Ma(d1,d2,d3,d4,d5)",5D,open,3,2,-3,1,1,,
5.095301e+05,"Ma(d1,d2,d3,d4,d5)",5D,open,3,2,-3,1,2,,
5.095301e+05,"Ma(d1,d2,d3,d4,d5)",5D,open,3,2,-3,1,3,,
5.095301e+05,"Ma(d1,d2,d3,d4,d5)",5D,open,3,2,3,-1,-3,,
5.095301e+05,"Ma(d1,d2,d3,d4,d5)",5D,open,3,2,3,-1,-2,,
5.095301e+05,"Ma(d1,d2,d3,d4,d5)",5D,open,3,2,3,-1,-1,,
5.095301e+05,"Ma(d1,d2,d3,d4)",4D,open,3,2,3,-1,0,,
5.095301e+05,"Ma(d1,d2,d3,d4,d5)",5D,open,3,2,3,-1,1,,
5.095301e+05,"Ma(d1,d2,d3,d4,d5)",5D,open,3,2,3,-1,2,,
5.095301e+05,"Ma(d1,d2,d3,d4,d5)",5D,open,3,2,3,-1,3,,
5.095301e+05,"Ma(d1,d2,d3,d4,d5)",5D,open,3,2,3,1,-3,,
5.095301e+05,"Ma(d1,d2,d3,d4,d5)",5D,open,3,2,3,1,-2,,
5.095301e+05,"Ma(d1,d2,d3,d4,d5)",5D,open,3,2,3,1,-1,,
5.095301e+05,"Ma(d1,d2,d3,d4)",4D,open,3,2,3,1,0,,
5.095301e+05,"Ma(d1,d2,d3,d4,d5)",5D,open,3,2,3,1,1,,
5.095301e+05,"Ma(d1,d2,d3,d4,d5)",5D,open,3,2,3,1,2,,
5.095301e+05,"Ma(d1,d2,d3,d4,d5)",5D,open,3,2,3,1,3,,
5.095301e+05,"Ma(d1,d2,d3,d4,d5)",5D,open,-3,-2,-3,-2,-3,,
5.095301e+05,"Ma(d1,d2,d3,d4,d5)",5D,open,-3,-2,-3,-2,-2,,
5.095301e+05,"Ma(d1,d2,d3,d4,d5)",5D,open,-3,-2,-3,-2,-1,,
5.095301e+05,"Ma(d1,d2,d3,d4)",4D,open,-3,-2,-3,-2,0,,
5.095301e+05,"Ma(d1,d2,d3,d4,d5)",5D,open,-3,-2,-3,-2,1,,
5.095301e+05,"Ma(d1,d2,d3,d4,d5)",5D,open,-3,-2,-3,-2,2,,
5.095301e+05,"Ma(d1,d2,d3,d4,d5)",5D,open,-3,-2,-3,-2,3,,
5.095301e+05,"Ma(d1,d2,d3,d4,d5)",5D,open,-3,-2,-3,2,-3,,
5.095301e+05,"Ma(d1,d2,d3,d4,d5)",5D,open,-3,-2,-3,2,-2,,
5.095301e+05,"Ma(d1,d2,d3,d4,d5)",5D,open,-3,-2,-3,2,-1,,
5.095301e+05,"Ma(d1,d2,d3,d4)",4D,open,-3,-2,-3,2,0,,
5.095301e+05,"Ma(d1,d2,d3,d4,d5)",5D,open,-3,-2,-3,2,1,,
5.095301e+05,"Ma(d1,d2,d3,d4,d5)",5D,open,-3,-2,-3,2,2,,
5.095301e+05,"Ma(d1,d2,d3,d4,d5)",5D,open,-3,-2,-3,2,3,,
5.095301e+05,"Ma(d1,d2,d3,d4,d5)",5D,open,-3,-2,3,-2,-3,,
5.095301e+05,"Ma(d1,d2,d3,d4,d5)",5D,open,-3,-2,3,-2,-2,,
5.095301e+05,"Ma(d1,d2,d3,d4,d5)",5D,open,-3,-2,3,-2,-1,,
5.095301e+05,"Ma(d1,d2,d3,d4)",4D,open,-3,-2,3,-2,0,,
5.095301e+05,"Ma(d1,d2,d3,d4,d5)",5D,open,-3,-2,3,-2,1,,
5.095301e+05,"Ma(d1,d2,d3,d4,d5)",5D,open,-3,-2,3,-2,2,,
5.095301e+05,"Ma(d1,d2,d3,d4,d5)",5D,open,-3,-2,3,-2,3,,
5.095301e+05,"Ma(d1,d2,d3,d4,d5)",5D,open,-3,-2,3,2,-3,,
5.095301e+05,"Ma(d1,d2,d3,d4,d5)",5D,open,-3,-2,3,2,-2,,
5.095301e+05,"Ma(d1,d2,d3,d4,d5)",5D,open,-3,-2,3,2,-1,,
5.095301e+05,"Ma(d1,d2,d3,d4)",4D,open,-3,-2,3,2,0,,
5.095301e+05,"Ma(d1,d2,d3,d4,d5)",5D,open,-3,-2,3,2,1,,
5.095301e+05,"Ma(d1,d2,d3,d4,d5)",5D,open,-3,-2,3,2,2,,
5.095301e+05,"Ma(d1,d2,d3,d4,d5)",5D,open,-3,-2,3,2,3,,
5.095301e+05,"Ma(d1,d2,d3,d4,d5)",5D,open,-3,2,-3,-2,-3,,
5.095301e+05,"Ma(d1,d2,d3,d4,d5)",5D,open,-3,2,-3,-2,-2,,
5.095301e+05,"Ma(d1,d2,d3,d4,d5)",5D,open,-3,2,-3,-2,-1,,
5.095301e+05,"Ma(d1,d2,d3,d4)",4D,open,-3,2,-3,-2,0,,
5.095301e+05,"Ma(d1,d2,d3,d4,d5)",5D,open,-3,2,-3,-2,1,,
5.095301e+05,"Ma(d1,d2,d3,d4,d5)",5D,open,-3,2,-3,-2,2,,
5.095301e+05,"Ma(d1,d2,d3,d4,d5)",5D,open,-3,2,-3,-2,3,,
5.095301e+05,"Ma(d1,d2,d3,d4,d5)",5D,open,-3,2,-3,2,-3,,
5.095301e+05,"Ma(d1,d2,d3,d4,d5)",5D,open,-3,2,-3,2,-2,,
5.095301e+05,"Ma(d1,d2,d3,d4,d5)",5D,open,-3,2,-3,2,-1,,
5.095301e+05,"Ma(d1,d2,d3,d4)",4D,open,-3,2,-3,2,0,,
5.095301e+05,"Ma(d1,d2,d3,d4,d5)",5D,open,-3,2,-3,2,1,,
5.095301e+05,"Ma(d1,d2,d3,d4,d5)",5D,open,-3,2,-3,2,2,,
5.095301e+05,"Ma(d1,d2,d3,d4,d5)",5D,open,-3,2,-3,2,3,,
5.095301e+05,"Ma(d1,d2,d3,d4,d5)",5D,open,-3,2,3,-2,-3,,
5.095301e+05,"Ma(d1,d2,d3,d4,d5)",5D,open,-3,2,3,-2,-2,,
5.095301e+05,"Ma(d1,d2,d3,d4,d5)",5D,open,-3,2,3,-2,-1,,
5.095301e+05,"Ma(d1,d2,d3,d4)",4D,open,-3,2,3,-2,0,,
5.095301e+05,"Ma(d1,d2,d3,d4,d5)",5D,open,-3,2,3,-2,1,,
5.095301e+05,"Ma(d1,d2,d3,d4,d5)",5D,open,-3,2,3,-2,2,,
5.095301e+05,"Ma(d1,d2,d3,d4,d5)",5D,open,-3,2,3,-2,3,,
5.095301e+05,"Ma(d1,d2,d3,d4,d5)",5D,open,-3,2,3,2,-3,,
5.095301e+05,"Ma(d1,d2,d3,d4,d5)",5D,open,-3,2,3,2,-2,,
5.095301e+05,"Ma(d1,d2,d3,d4,d5)",5D,open,-3,2,3,2,-1,,
5.095301e+05,"Ma(d1,d2,d3,d4)",4D,open,-3,2,3,2,0,,
5.095301e+05,"Ma(d1,d2,d3,d4,d5)",5D,open,-3,2,3,2,1,,
5.095301e+05,"Ma(d1,d2,d3,d4,d5)",5D,open,-3,2,3,2,2,,
5.095301e+05,"Ma(d1,d2,d3,d4,d5)",5D,open,-3,2,3,2,3,,
5.095301e+05,"Ma(d1,d2,d3,d4,d5)",5D,open,3,-2,-3,-2,-3,,
5.095301e+05,"Ma(d1,d2,d3,d4,d5)",5D,open,3,-2,-3,-2,-2,,
5.095301e+05,"Ma(d1,d2,d3,d4,d5)",5D,open,3,-2,-3,-2,-1,,
5.095301e+05,"Ma(d1,d2,d3,d4)",4D,open,3,-2,-3,-2,0,,
5.095301e+05,"Ma(d1,d2,d3,d4,d5)",5D,open,3,-2,-3,-2,1,,
5.095301e+05,"Ma(d1,d2,d3,d4,d5)",5D,open,3,-2,-3,-2,2,,
5.095301e+05,"Ma(d1,d2,d3,d4,d5)",5D,open,3,-2,-3,-2,3,,
5.095301e+05,"Ma(d1,d2,d3,d4,d5)",5D,open,3,-2,-3,2,-3,,
5.095301e+05,"Ma(d1,d2,d3,d4,d5)",5D,open,3,-2,-3,2,-2,,
5.095301e+05,"Ma(d1,d2,d3,d4,d5)",5D,open,3,-2,-3,2,-1,,
5.095301e+05,"Ma(d1,d2,d3,d4)",4D,open,3,-2,-3,2,0,,
5.095301e+05,"Ma(d1,d2,d3,d4,d5)",5D,open,3,-2,-3,2,1,,
5.095301e+05,"Ma(d1,d2,d3,d4,d5)",5D,open,3,-2,-3,2,2,,
5.095301e+05,"Ma(d1,d2,d3,d4,d5)",5D,open,3,-2,-3,2,3,,
5.095301e+05,"Ma(d1,d2,d3,d4,d5)",5D,open,3,-2,3,-2,-3,,
5.095301e+05,"Ma(d1,d2,d3,d4,d5)",5D,open,3,-2,3,-2,-2,,
5.095301e+05,"Ma(d1,d2,d3,d4,d5)",5D,open,3,-2,3,-2,-1,,
5.095301e+05,"Ma(d1,d2,d3,d4)",4D,open,3,-2,3,-2,0,,
5.095301e+05,"Ma(d1,d2,d3,d4,d5)",5D,open,3,-2,3,-2,1,,
5.095301e+05,"Ma(d1,d2,d3,d4,d5)",5D,open,3,-2,3,-2,2,,
5.095301e+05,"Ma(d1,d2,d3,d4,d5)",5D,open,3,-2,3,-2,3,,
5.095301e+05,"Ma(d1,d2,d3,d4,d5)",5D,open,3,-2,3,2,-3,,
5.095301e+05,"Ma(d1,d2,d3,d4,d5)",5D,open,3,-2,3,2,-2,,
5.095301e+05,"Ma(d1,d2,d3,d4,d5)",5D,open,3,-2,3,2,-1,,
5.095301e+05,"Ma(d1,d2,d3,d4)",4D,open,3,-2,3,2,0,,
5.095301e+05,"Ma(d1,d2,d3,d4,d5)",5D,open,3,-2,3,2,1,,
5.095301e+05,"Ma(d1,d2,d3,d4,d5)",5D,open,3,-2,3,2,2,,
5.095301e+05,"Ma(d1,d2,d3,d4,d5)",5D,open,3,-2,3,2,3,,
5.095301e+05,"Ma(d1,d2,d3,d4,d5)",5D,open,3,2,-3,-2,-3,,
5.095301e+05,"Ma(d1,d2,d3,d4,d5)",5D,open,3,2,-3,-2,-2,,
5.095301e+05,"Ma(d1,d2,d3,d4,d5)",5D,open,3,2,-3,-2,-1,,
5.095301e+05,"Ma(d1,d2,d3,d4)",4D,open,3,2,-3,-2,0,,
5.095301e+05,"Ma(d1,d2,d3,d4,d5)",5D,open,3,2,-3,-2,1,,
5.095301e+05,"Ma(d1,d2,d3,d4,d5)",5D,open,3,2,-3,-2,2,,
5.095301e+05,"Ma(d1,d2,d3,d4,d5)",5D,open,3,2,-3,-2,3,,
5.095301e+05,"Ma(d1,d2,d3,d4,d5)",5D,open,3,2,-3,2,-3,,
5.095301e+05,"Ma(d1,d2,d3,d4,d5)",5D,open,3,2,-3,2,-2,,
5.095301e+05,"Ma(d1,d2,d3,d4,d5)",5D,open,3,2,-3,2,-1,,
5.095301e+05,"Ma(d1,d2,d3,d4)",4D,open,3,2,-3,2,0,,
5.095301e+05,"Ma(d1,d2,d3,d4,d5)",5D,open,3,2,-3,2,1,,
5.095301e+05,"Ma(d1,d2,d3,d4,d5)",5D,open,3,2,-3,2,2,,
5.095301e+05,"Ma(d1,d2,d3,d4,d5)",5D,open,3,2,-3,2,3,,
5.095301e+05,"Ma(d1,d2,d3,d4,d5)",5D,open,3,2,3,-2,-3,,
5.095301e+05,"Ma(d1,d2,d3,d4,d5)",5D,open,3,2,3,-2,-2,,
5.095301e+05,"Ma(d1,d2,d3,d4,d5)",5D,open,3,2,3,-2,-1,,
5.095301e+05,"Ma(d1,d2,d3,d4)",4D,open,3,2,3,-2,0,,
5.095301e+05,"Ma(d1,d2,d3,d4,d5)",5D,open,3,2,3,-2,1,,
5.095301e+05,"Ma(d1,d2,d3,d4,d5)",5D,open,3,2,3,-2,2,,
5.095301e+05,"Ma(d1,d2,d3,d4,d5)",5D,open,3,2,3,-2,3,,
5.095301e+05,"Ma(d1,d2,d3,d4,d5)",5D,open,3,2,3,2,-3,,
5.095301e+05,"Ma(d1,d2,d3,d4,d5)",5D,open,3,2,3,2,-2,,
5.095301e+05,"Ma(d1,d2,d3,d4,d5)",5D,open,3,2,3,2,-1,,
5.095301e+05,"Ma(d1,d2,d3,d4)",4D,open,3,2,3,2,0,,
5.095301e+05,"Ma(d1,d2,d3,d4,d5)",5D,open,3,2,3,2,1,,
5.095301e+05,"Ma(d1,d2,d3,d4,d5)",5D,open,3,2,3,2,2,,
5.095301e+05,"Ma(d1,d2,d3,d4,d5)",5D,open,3,2,3,2,3,,
5.095301e+05,"Ma(d1,d2,d3,d4,d5)",5D,open,-3,-2,-3,-3,-3,,
5.095301e+05,"Ma(d1,d2,d3,d4,d5)",5D,open,-3,-2,-3,-3,-2,,
5.095301e+05,"Ma(d1,d2,d3,d4,d5)",5D,open,-3,-2,-3,-3,-1,,
5.095301e+05,"Ma(d1,d2,d3,d4)",4D,open,-3,-2,-3,-3,0,,
5.095301e+05,"Ma(d1,d2,d3,d4,d5)",5D,open,-3,-2,-3,-3,1,,
5.095301e+05,"Ma(d1,d2,d3,d4,d5)",5D,open,-3,-2,-3,-3,2,,
5.095301e+05,"Ma(d1,d2,d3,d4,d5)",5D,open,-3,-2,-3,-3,3,,
5.095301e+05,"Ma(d1,d2,d3,d4,d5)",5D,open,-3,-2,-3,3,-3,,
5.095301e+05,"Ma(d1,d2,d3,d4,d5)",5D,open,-3,-2,-3,3,-2,,
5.095301e+05,"Ma(d1,d2,d3,d4,d5)",5D,open,-3,-2,-3,3,-1,,
5.095301e+05,"Ma(d1,d2,d3,d4)",4D,open,-3,-2,-3,3,0,,
5.095301e+05,"Ma(d1,d2,d3,d4,d5)",5D,open,-3,-2,-3,3,1,,
5.095301e+05,"Ma(d1,d2,d3,d4,d5)",5D,open,-3,-2,-3,3,2,,
5.095301e+05,"Ma(d1,d2,d3,d4,d5)",5D,open,-3,-2,-3,3,3,,
5.095301e+05,"Ma(d1,d2,d3,d4,d5)",5D,open,-3,-2,3,-3,-3,,
5.095301e+05,"Ma(d1,d2,d3,d4,d5)",5D,open,-3,-2,3,-3,-2,,
5.095301e+05,"Ma(d1,d2,d3,d4,d5)",5D,open,-3,-2,3,-3,-1,,
5.095301e+05,"Ma(d1,d2,d3,d4)",4D,open,-3,-2,3,-3,0,,
5.095301e+05,"Ma(d1,d2,d3,d4,d5)",5D,open,-3,-2,3,-3,1,,
5.095301e+05,"Ma(d1,d2,d3,d4,d5)",5D,open,-3,-2,3,-3,2,,
5.095301e+05,"Ma(d1,d2,d3,d4,d5)",5D,open,-3,-2,3,-3,3,,
5.095301e+05,"Ma(d1,d2,d3,d4,d5)",5D,open,-3,-2,3,3,-3,,
5.095301e+05,"Ma(d1,d2,d3,d4,d5)",5D,open,-3,-2,3,3,-2,,
5.095301e+05,"Ma(d1,d2,d3,d4,d5)",5D,open,-3,-2,3,3,-1,,
5.095301e+05,"Ma(d1,d2,d3,d4)",4D,open,-3,-2,3,3,0,,
5.095301e+05,"Ma(d1,d2,d3,d4,d5)",5D,open,-3,-2,3,3,1,,
5.095301e+05,"Ma(d1,d2,d3,d4,d5)",5D,open,-3,-2,3,3,2,,
5.095301e+05,"Ma(d1,d2,d3,d4,d5)",5D,open,-3,-2,3,3,3,,
5.095301e+05,"Ma(d1,d2,d3,d4,d5)",5D,open,-3,2,-3,-3,-3,,
5.095301e+05,"Ma(d1,d2,d3,d4,d5)",5D,open,-3,2,-3,-3,-2,,
5.095301e+05,"Ma(d1,d2,d3,d4,d5)",5D,open,-3,2,-3,-3,-1,,
5.095301e+05,"Ma(d1,d2,d3,d4)",4D,open,-3,2,-3,-3,0,,
5.095301e+05,"Ma(d1,d2,d3,d4,d5)",5D,open,-3,2,-3,-3,1,,
5.095301e+05,"Ma(d1,d2,d3,d4,d5)",5D,open,-3,2,-3,-3,2,,
5.095301e+05,"Ma(d1,d2,d3,d4,d5)",5D,open,-3,2,-3,-3,3,,
5.095301e+05,"Ma(d1,d2,d3,d4,d5)",5D,open,-3,2,-3,3,-3,,
5.095301e+05,"Ma(d1,d2,d3,d4,d5)",5D,open,-3,2,-3,3,-2,,
5.095301e+05,"Ma(d1,d2,d3,d4,d5)",5D,open,-3,2,-3,3,-1,,
5.095301e+05,"Ma(d1,d2,d3,d4)",4D,open,-3,2,-3,3,0,,
5.095301e+05,"Ma(d1,d2,d3,d4,d5)",5D,open,-3,2,-3,3,1,,
5.095301e+05,"Ma(d1,d2,d3,d4,d5)",5D,open,-3,2,-3,3,2,,
5.095301e+05,"Ma(d1,d2,d3,d4,d5)",5D,open,-3,2,-3,3,3,,
5.095301e+05,"Ma(d1,d2,d3,d4,d5)",5D,open,-3,2,3,-3,-3,,
5.095301e+05,"Ma(d1,d2,d3,d4,d5)",5D,open,-3,2,3,-3,-2,,
5.095301e+05,"Ma(d1,d2,d3,d4,d5)",5D,open,-3,2,3,-3,-1,,
5.095301e+05,"Ma(d1,d2,d3,d4)",4D,open,-3,2,3,-3,0,,
5.095301e+05,"Ma(d1,d2,d3,d4,d5)",5D,open,-3,2,3,-3,1,,
5.095301e+05,"Ma(d1,d2,d3,d4,d5)",5D,open,-3,2,3,-3,2,,
5.095301e+05,"Ma(d1,d2,d3,d4,d5)",5D,open,-3,2,3,-3,3,,
5.095301e+05,"Ma(d1,d2,d3,d4,d5)",5D,open,-3,2,3,3,-3,,
5.095301e+05,"Ma(d1,d2,d3,d4,d5)",5D,open,-3,2,3,3,-2,,
5.095301e+05,"Ma(d1,d2,d3,d4,d5)",5D,open,-3,2,3,3,-1,,
5.095301e+05,"Ma(d1,d2,d3,d4)",4D,open,-3,2,3,3,0,,
5.095301e+05,"Ma(d1,d2,d3,d4,d5)",5D,open,-3,2,3,3,1,,
5.095301e+05,"Ma(d1,d2,d3,d4,d5)",5D,open,-3,2,3,3,2,,
5.095301e+05,"Ma(d1,d2,d3,d4,d5)",5D,open,-3,2,3,3,3,,
5.095301e+05,"Ma(d1,d2,d3,d4,d5)",5D,open,3,-2,-3,-3,-3,,
5.095301e+05,"Ma(d1,d2,d3,d4,d5)",5D,open,3,-2,-3,-3,-2,,
5.095301e+05,"Ma(d1,d2,d3,d4,d5)",5D,open,3,-2,-3,-3,-1,,
5.095301e+05,"Ma(d1,d2,d3,d4)",4D,open,3,-2,-3,-3,0,,
5.095301e+05,"Ma(d1,d2,d3,d4,d5)",5D,open,3,-2,-3,-3,1,,
5.095301e+05,"Ma(d1,d2,d3,d4,d5)",5D,open,3,-2,-3,-3,2,,
5.095301e+05,"Ma(d1,d2,d3,d4,d5)",5D,open,3,-2,-3,-3,3,,
5.095301e+05,"Ma(d1,d2,d3,d4,d5)",5D,open,3,-2,-3,3,-3,,
5.095301e+05,"Ma(d1,d2,d3,d4,d5)",5D,open,3,-2,-3,3,-2,,
5.095301e+05,"Ma(d1,d2,d3,d4,d5)",5D,open,3,-2,-3,3,-1,,
5.095301e+05,"Ma(d1,d2,d3,d4)",4D,open,3,-2,-3,3,0,,
5.095301e+05,"Ma(d1,d2,d3,d4,d5)",5D,open,3,-2,-3,3,1,,
5.095301e+05,"Ma(d1,d2,d3,d4,d5)",5D,open,3,-2,-3,3,2,,
5.095301e+05,"Ma(d1,d2,d3,d4,d5)",5D,open,3,-2,-3,3,3,,
5.095301e+05,"Ma(d1,d2,d3,d4,d5)",5D,open,3,-2,3,-3,-3,,
5.095301e+05,"Ma(d1,d2,d3,d4,d5)",5D,open,3,-2,3,-3,-2,,
5.095301e+05,"Ma(d1,d2,d3,d4,d5)",5D,open,3,-2,3,-3,-1,,
5.095301e+05,"Ma(d1,d2,d3,d4)",4D,open,3,-2,3,-3,0,,
5.095301e+05,"Ma(d1,d2,d3,d4,d5)",5D,open,3,-2,3,-3,1,,
5.095301e+05,"Ma(d1,d2,d3,d4,d5)",5D,open,3,-2,3,-3,2,,
5.095301e+05,"Ma(d1,d2,d3,d4,d5)",5D,open,3,-2,3,-3,3,,
5.095301e+05,"Ma(d1,d2,d3,d4,d5)",5D,open,3,-2,3,3,-3,,
5.095301e+05,"Ma(d1,d2,d3,d4,d5)",5D,open,3,-2,3,3,-2,,
5.095301e+05,"Ma(d1,d2,d3,d4,d5)",5D,open,3,-2,3,3,-1,,
5.095301e+05,"Ma(d1,d2,d3,d4)",4D,open,3,-2,3,3,0,,
5.095301e+05,"Ma(d1,d2,d3,d4,d5)",5D,open,3,-2,3,3,1,,
5.095301e+05,"Ma(d1,d2,d3,d4,d5)",5D,open,3,-2,3,3,2,,
5.095301e+05,"Ma(d1,d2,d3,d4,d5)",5D,open,3,-2,3,3,3,,
5.095301e+05,"Ma(d1,d2,d3,d4,d5)",5D,open,3,2,-3,-3,-3,,
5.095301e+05,"Ma(d1,d2,d3,d4,d5)",5D,open,3,2,-3,-3,-2,,
5.095301e+05,"Ma(d1,d2,d3,d4,d5)",5D,open,3,2,-3,-3,-1,,
5.095301e+05,"Ma(d1,d2,d3,d4)",4D,open,3,2,-3,-3,0,,
5.095301e+05,"Ma(d1,d2,d3,d4,d5)",5D,open,3,2,-3,-3,1,,
5.095301e+05,"Ma(d1,d2,d3,d4,d5)",5D,open,3,2,-3,-3,2,,
5.095301e+05,"Ma(d1,d2,d3,d4,d5)",5D,open,3,2,-3,-3,3,,
5.095301e+05,"Ma(d1,d2,d3,d4,d5)",5D,open,3,2,-3,3,-3,,
5.095301e+05,"Ma(d1,d2,d3,d4,d5)",5D,open,3,2,-3,3,-2,,
5.095301e+05,"Ma(d1,d2,d3,d4,d5)",5D,open,3,2,-3,3,-1,,
5.095301e+05,"Ma(d1,d2,d3,d4)",4D,open,3,2,-3,3,0,,
5.095301e+05,"Ma(d1,d2,d3,d4,d5)",5D,open,3,2,-3,3,1,,
5.095301e+05,"Ma(d1,d2,d3,d4,d5)",5D,open,3,2,-3,3,2,,
5.095301e+05,"Ma(d1,d2,d3,d4,d5)",5D,open,3,2,-3,3,3,,
5.095301e+05,"Ma(d1,d2,d3,d4,d5)",5D,open,3,2,3,-3,-3,,
5.095301e+05,"Ma(d1,d2,d3,d4,d5)",5D,open,3,2,3,-3,-2,,
5.095301e+05,"Ma(d1,d2,d3,d4,d5)",5D,open,3,2,3,-3,-1,,
5.095301e+05,"Ma(d1,d2,d3,d4)",4D,open,3,2,3,-3,0,,
5.095301e+05,"Ma(d1,d2,d3,d4,d5)",5D,open,3,2,3,-3,1,,
5.095301e+05,"Ma(d1,d2,d3,d4,d5)",5D,open,3,2,3,-3,2,,
5.095301e+05,"Ma(d1,d2,d3,d4,d5)",5D,open,3,2,3,-3,3,,
5.095301e+05,"Ma(d1,d2,d3,d4,d5)",5D,open,3,2,3,3,-3,,
5.095301e+05,"Ma(d1,d2,d3,d4,d5)",5D,open,3,2,3,3,-2,,
5.095301e+05,"Ma(d1,d2,d3,d4,d5)",5D,open,3,2,3,3,-1,,
5.095301e+05,"Ma(d1,d2,d3,d4)",4D,open,3,2,3,3,0,,
5.095301e+05,"Ma(d1,d2,d3,d4,d5)",5D,open,3,2,3,3,1,,
5.095301e+05,"Ma(d1,d2,d3,d4,d5)",5D,open,3,2,3,3,2,,
5.095301e+05,"Ma(d1,d2,d3,d4,d5)",5D,open,3,2,3,3,3,,
5.095377e+05,"Ma(d1,d2,d5)",3D,open,-3,-3,0,0,-3,,
5.095377e+05,"Ma(d1,d2,d5)",3D,open,-3,-3,0,0,-2,,
5.095377e+05,"Ma(d1,d2,d5)",3D,open,-3,-3,0,0,-1,,
5.095377e+05,"Ma(d1,d2,d5)",3D,open,-3,-3,0,0,1,,
5.095377e+05,"Ma(d1,d2,d5)",3D,open,-3,-3,0,0,2,,
5.095377e+05,"Ma(d1,d2,d5)",3D,open,-3,-3,0,0,3,,
5.095377e+05,"Ma(d1,d2,d5)",3D,open,-3,3,0,0,-3,,
5.095377e+05,"Ma(d1,d2,d5)",3D,open,-3,3,0,0,-2,,
5.095377e+05,"Ma(d1,d2,d5)",3D,open,-3,3,0,0,-1,,
5.095377e+05,"Ma(d1,d2,d5)",3D,open,-3,3,0,0,1,,
5.095377e+05,"Ma(d1,d2,d5)",3D,open,-3,3,0,0,2,,
5.095377e+05,"Ma(d1,d2,d5)",3D,open,-3,3,0,0,3,,
5.095377e+05,"Ma(d1,d2,d5)",3D,open,3,-3,0,0,-3,,
5.095377e+05,"Ma(d1,d2,d5)",3D,open,3,-3,0,0,-2,,
5.095377e+05,"Ma(d1,d2,d5)",3D,open,3,-3,0,0,-1,,
5.095377e+05,"Ma(d1,d2,d5)",3D,open,3,-3,0,0,1,,
5.095377e+05,"Ma(d1,d2,d5)",3D,open,3,-3,0,0,2,,
5.095377e+05,"Ma(d1,d2,d5)",3D,open,3,-3,0,0,3,,
5.095377e+05,"Ma(d1,d2,d5)",3D,open,3,3,0,0,-3,,
5.095377e+05,"Ma(d1,d2,d5)",3D,open,3,3,0,0,-2,,
5.095377e+05,"Ma(d1,d2,d5)",3D,open,3,3,0,0,-1,,
5.095377e+05,"Ma(d1,d2,d5)",3D,open,3,3,0,0,1,,
5.095377e+05,"Ma(d1,d2,d5)",3D,open,3,3,0,0,2,,
5.095377e+05,"Ma(d1,d2,d5)",3D,open,3,3,0,0,3,,
5.095377e+05,"Ma(d1,d2,d4,d5)",4D,open,-3,-3,0,-1,-3,,
5.095377e+05,"Ma(d1,d2,d4,d5)",4D,open,-3,-3,0,-1,-2,,
5.095377e+05,"Ma(d1,d2,d4,d5)",4D,open,-3,-3,0,-1,-1,,
5.095377e+05,"Ma(d1,d2,d4)",3D,open,-3,-3,0,-1,0,,
5.095377e+05,"Ma(d1,d2,d4,d5)",4D,open,-3,-3,0,-1,1,,
5.095377e+05,"Ma(d1,d2,d4,d5)",4D,open,-3,-3,0,-1,2,,
5.095377e+05,"Ma(d1,d2,d4,d5)",4D,open,-3,-3,0,-1,3,,
5.095377e+05,"Ma(d1,d2,d4,d5)",4D,open,-3,-3,0,1,-3,,
5.095377e+05,"Ma(d1,d2,d4,d5)",4D,open,-3,-3,0,1,-2,,
5.095377e+05,"Ma(d1,d2,d4,d5)",4D,open,-3,-3,0,1,-1,,
5.095377e+05,"Ma(d1,d2,d4)",3D,open,-3,-3,0,1,0,,
5.095377e+05,"Ma(d1,d2,d4,d5)",4D,open,-3,-3,0,1,1,,
5.095377e+05,"Ma(d1,d2,d4,d5)",4D,open,-3,-3,0,1,2,,
5.095377e+05,"Ma(d1,d2,d4,d5)",4D,open,-3,-3,0,1,3,,
5.095377e+05,"Ma(d1,d2,d4,d5)",4D,open,-3,3,0,-1,-3,,
5.095377e+05,"Ma(d1,d2,d4,d5)",4D,open,-3,3,0,-1,-2,,
5.095377e+05,"Ma(d1,d2,d4,d5)",4D,open,-3,3,0,-1,-1,,
5.095377e+05,"Ma(d1,d2,d4)",3D,open,-3,3,0,-1,0,,
5.095377e+05,"Ma(d1,d2,d4,d5)",4D,open,-3,3,0,-1,1,,
5.095377e+05,"Ma(d1,d2,d4,d5)",4D,open,-3,3,0,-1,2,,
5.095377e+05,"Ma(d1,d2,d4,d5)",4D,open,-3,3,0,-1,3,,
5.095377e+05,"Ma(d1,d2,d4,d5)",4D,open,-3,3,0,1,-3,,
5.095377e+05,"Ma(d1,d2,d4,d5)",4D,open,-3,3,0,1,-2,,
5.095377e+05,"Ma(d1,d2,d4,d5)",4D,open,-3,3,0,1,-1,,
5.095377e+05,"Ma(d1,d2,d4)",3D,open,-3,3,0,1,0,,
5.095377e+05,"Ma(d1,d2,d4,d5)",4D,open,-3,3,0,1,1,,
5.095377e+05,"Ma(d1,d2,d4,d5)",4D,open,-3,3,0,1,2,,
5.095377e+05,"Ma(d1,d2,d4,d5)",4D,open,-3,3,0,1,3,,
5.095377e+05,"Ma(d1,d2,d4,d5)",4D,open,3,-3,0,-1,-3,,
5.095377e+05,"Ma(d1,d2,d4,d5)",4D,open,3,-3,0,-1,-2,,
5.095377e+05,"Ma(d1,d2,d4,d5)",4D,open,3,-3,0,-1,-1,,
5.095377e+05,"Ma(d1,d2,d4)",3D,open,3,-3,0,-1,0,,
5.095377e+05,"Ma(d1,d2,d4,d5)",4D,open,3,-3,0,-1,1,,
5.095377e+05,"Ma(d1,d2,d4,d5)",4D,open,3,-3,0,-1,2,,
5.095377e+05,"Ma(d1,d2,d4,d5)",4D,open,3,-3,0,-1,3,,
5.095377e+05,"Ma(d1,d2,d4,d5)",4D,open,3,-3,0,1,-3,,
5.095377e+05,"Ma(d1,d2,d4,d5)",4D,open,3,-3,0,1,-2,,
5.095377e+05,"Ma(d1,d2,d4,d5)",4D,open,3,-3,0,1,-1,,
5.095377e+05,"Ma(d1,d2,d4)",3D,open,3,-3,0,1,0,,
5.095377e+05,"Ma(d1,d2,d4,d5)",4D,open,3,-3,0,1,1,,
5.095377e+05,"Ma(d1,d2,d4,d5)",4D,open,3,-3,0,1,2,,
5.095377e+05,"Ma(d1,d2,d4,d5)",4D,open,3,-3,0,1,3,,
5.095377e+05,"Ma(d1,d2,d4,d5)",4D,open,3,3,0,-1,-3,,
5.095377e+05,"Ma(d1,d2,d4,d5)",4D,open,3,3,0,-1,-2,,
5.095377e+05,"Ma(d1,d2,d4,d5)",4D,open,3,3,0,-1,-1,,
5.095377e+05,"Ma(d1,d2,d4)",3D,open,3,3,0,-1,0,,
5.095377e+05,"Ma(d1,d2,d4,d5)",4D,open,3,3,0,-1,1,,
5.095377e+05,"Ma(d1,d2,d4,d5)",4D,open,3,3,0,-1,2,,
5.095377e+05,"Ma(d1,d2,d4,d5)",4D,open,3,3,0,-1,3,,
5.095377e+05,"Ma(d1,d2,d4,d5)",4D,open,3,3,0,1,-3,,
5.095377e+05,"Ma(d1,d2,d4,d5)",4D,open,3,3,0,1,-2,,
5.095377e+05,"Ma(d1,d2,d4,d5)",4D,open,3,3,0,1,-1,,
5.095377e+05,"Ma(d1,d2,d4)",3D,open,3,3,0,1,0,,
5.095377e+05,"Ma(d1,d2,d4,d5)",4D,open,3,3,0,1,1,,
5.095377e+05,"Ma(d1,d2,d4,d5)",4D,open,3,3,0,1,2,,
5.095377e+05,"Ma(d1,d2,d4,d5)",4D,open,3,3,0,1,3,,
5.095377e+05,"Ma(d1,d2,d4,d5)",4D,open,-3,-3,0,-2,-3,,
5.095377e+05,"Ma(d1,d2,d4,d5)",4D,open,-3,-3,0,-2,-2,,
5.095377e+05,"Ma(d1,d2,d4,d5)",4D,open,-3,-3,0,-2,-1,,
5.095377e+05,"Ma(d1,d2,d4)",3D,open,-3,-3,0,-2,0,,
5.095377e+05,"Ma(d1,d2,d4,d5)",4D,open,-3,-3,0,-2,1,,
5.095377e+05,"Ma(d1,d2,d4,d5)",4D,open,-3,-3,0,-2,2,,
5.095377e+05,"Ma(d1,d2,d4,d5)",4D,open,-3,-3,0,-2,3,,
5.095377e+05,"Ma(d1,d2,d4,d5)",4D,open,-3,-3,0,2,-3,,
5.095377e+05,"Ma(d1,d2,d4,d5)",4D,open,-3,-3,0,2,-2,,
5.095377e+05,"Ma(d1,d2,d4,d5)",4D,open,-3,-3,0,2,-1,,
5.095377e+05,"Ma(d1,d2,d4)",3D,open,-3,-3,0,2,0,,
5.095377e+05,"Ma(d1,d2,d4,d5)",4D,open,-3,-3,0,2,1,,
5.095377e+05,"Ma(d1,d2,d4,d5)",4D,open,-3,-3,0,2,2,,
5.095377e+05,"Ma(d1,d2,d4,d5)",4D,open,-3,-3,0,2,3,,
5.095377e+05,"Ma(d1,d2,d4,d5)",4D,open,-3,3,0,-2,-3,,
5.095377e+05,"Ma(d1,d2,d4,d5)",4D,open,-3,3,0,-2,-2,,
5.095377e+05,"Ma(d1,d2,d4,d5)",4D,open,-3,3,0,-2,-1,,
5.095377e+05,"Ma(d1,d2,d4)",3D,open,-3,3,0,-2,0,,
5.095377e+05,"Ma(d1,d2,d4,d5)",4D,open,-3,3,0,-2,1,,
5.095377e+05,"Ma(d1,d2,d4,d5)",4D,open,-3,3,0,-2,2,,
5.095377e+05,"Ma(d1,d2,d4,d5)",4D,open,-3,3,0,-2,3,,
5.095377e+05,"Ma(d1,d2,d4,d5)",4D,open,-3,3,0,2,-3,,
5.095377e+05,"Ma(d1,d2,d4,d5)",4D,open,-3,3,0,2,-2,,
5.095377e+05,"Ma(d1,d2,d4,d5)",4D,open,-3,3,0,2,-1,,
5.095377e+05,"Ma(d1,d2,d4)",3D,open,-3,3,0,2,0,,
5.095377e+05,"Ma(d1,d2,d4,d5)",4D,open,-3,3,0,2,1,,
5.095377e+05,"Ma(d1,d2,d4,d5)",4D,open,-3,3,0,2,2,,
5.095377e+05,"Ma(d1,d2,d4,d5)",4D,open,-3,3,0,2,3,,
5.095377e+05,"Ma(d1,d2,d4,d5)",4D,open,3,-3,0,-2,-3,,
5.095377e+05,"Ma(d1,d2,d4,d5)",4D,open,3,-3,0,-2,-2,,
5.095377e+05,"Ma(d1,d2,d4,d5)",4D,open,3,-3,0,-2,-1,,
5.095377e+05,"Ma(d1,d2,d4)",3D,open,3,-3,0,-2,0,,
5.095377e+05,"Ma(d1,d2,d4,d5)",4D,open,3,-3,0,-2,1,,
5.095377e+05,"Ma(d1,d2,d4,d5)",4D,open,3,-3,0,-2,2,,
5.095377e+05,"Ma(d1,d2,d4,d5)",4D,open,3,-3,0,-2,3,,
5.095377e+05,"Ma(d1,d2,d4,d5)",4D,open,3,-3,0,2,-3,,
5.095377e+05,"Ma(d1,d2,d4,d5)",4D,open,3,-3,0,2,-2,,
5.095377e+05,"Ma(d1,d2,d4,d5)",4D,open,3,-3,0,2,-1,,
5.095377e+05,"Ma(d1,d2,d4)",3D,open,3,-3,0,2,0,,
5.095377e+05,"Ma(d1,d2,d4,d5)",4D,open,3,-3,0,2,1,,
5.095377e+05,"Ma(d1,d2,d4,d5)",4D,open,3,-3,0,2,2,,
5.095377e+05,"Ma(d1,d2,d4,d5)",4D,open,3,-3,0,2,3,,
5.095377e+05,"Ma(d1,d2,d4,d5)",4D,open,3,3,0,-2,-3,,
5.095377e+05,"Ma(d1,d2,d4,d5)",4D,open,3,3,0,-2,-2,,
5.095377e+05,"Ma(d1,d2,d4,d5)",4D,open,3,3,0,-2,-1,,
5.095377e+05,"Ma(d1,d2,d4)",3D,open,3,3,0,-2,0,,
5.095377e+05,"Ma(d1,d2,d4,d5)",4D,open,3,3,0,-2,1,,
5.095377e+05,"Ma(d1,d2,d4,d5)",4D,open,3,3,0,-2,2,,
5.095377e+05,"Ma(d1,d2,d4,d5)",4D,open,3,3,0,-2,3,,
5.095377e+05,"Ma(d1,d2,d4,d5)",4D,open,3,3,0,2,-3,,
5.095377e+05,"Ma(d1,d2,d4,d5)",4D,open,3,3,0,2,-2,,
5.095377e+05,"Ma(d1,d2,d4,d5)",4D,open,3,3,0,2,-1,,
5.095377e+05,"Ma(d1,d2,d4)",3D,open,3,3,0,2,0,,
5.095377e+05,"Ma(d1,d2,d4,d5)",4D,open,3,3,0,2,1,,
5.095377e+05,"Ma(d1,d2,d4,d5)",4D,open,3,3,0,2,2,,
5.095377e+05,"Ma(d1,d2,d4,d5)",4D,open,3,3,0,2,3,,
5.095377e+05,"Ma(d1,d2,d4,d5)",4D,open,-3,-3,0,-3,-3,,
5.095377e+05,"Ma(d1,d2,d4,d5)",4D,open,-3,-3,0,-3,-2,,
5.095377e+05,"Ma(d1,d2,d4,d5)",4D,open,-3,-3,0,-3,-1,,
5.095377e+05,"Ma(d1,d2,d4)",3D,open,-3,-3,0,-3,0,,
5.095377e+05,"Ma(d1,d2,d4,d5)",4D,open,-3,-3,0,-3,1,,
5.095377e+05,"Ma(d1,d2,d4,d5)",4D,open,-3,-3,0,-3,2,,
5.095377e+05,"Ma(d1,d2,d4,d5)",4D,open,-3,-3,0,-3,3,,
5.095377e+05,"Ma(d1,d2,d4,d5)",4D,open,-3,-3,0,3,-3,,
5.095377e+05,"Ma(d1,d2,d4,d5)",4D,open,-3,-3,0,3,-2,,
5.095377e+05,"Ma(d1,d2,d4,d5)",4D,open,-3,-3,0,3,-1,,
5.095377e+05,"Ma(d1,d2,d4)",3D,open,-3,-3,0,3,0,,
5.095377e+05,"Ma(d1,d2,d4,d5)",4D,open,-3,-3,0,3,1,,
5.095377e+05,"Ma(d1,d2,d4,d5)",4D,open,-3,-3,0,3,2,,
5.095377e+05,"Ma(d1,d2,d4,d5)",4D,open,-3,-3,0,3,3,,
5.095377e+05,"Ma(d1,d2,d4,d5)",4D,open,-3,3,0,-3,-3,,
5.095377e+05,"Ma(d1,d2,d4,d5)",4D,open,-3,3,0,-3,-2,,
5.095377e+05,"Ma(d1,d2,d4,d5)",4D,open,-3,3,0,-3,-1,,
5.095377e+05,"Ma(d1,d2,d4)",3D,open,-3,3,0,-3,0,,
5.095377e+05,"Ma(d1,d2,d4,d5)",4D,open,-3,3,0,-3,1,,
5.095377e+05,"Ma(d1,d2,d4,d5)",4D,open,-3,3,0,-3,2,,
5.095377e+05,"Ma(d1,d2,d4,d5)",4D,open,-3,3,0,-3,3,,
5.095377e+05,"Ma(d1,d2,d4,d5)",4D,open,-3,3,0,3,-3,,
5.095377e+05,"Ma(d1,d2,d4,d5)",4D,open,-3,3,0,3,-2,,
5.095377e+05,"Ma(d1,d2,d4,d5)",4D,open,-3,3,0,3,-1,,
5.095377e+05,"Ma(d1,d2,d4)",3D,open,-3,3,0,3,0,,
5.095377e+05,"Ma(d1,d2,d4,d5)",4D,open,-3,3,0,3,1,,
5.095377e+05,"Ma(d1,d2,d4,d5)",4D,open,-3,3,0,3,2,,
5.095377e+05,"Ma(d1,d2,d4,d5)",4D,open,-3,3,0,3,3,,
5.095377e+05,"Ma(d1,d2,d4,d5)",4D,open,3,-3,0,-3,-3,,
5.095377e+05,"Ma(d1,d2,d4,d5)",4D,open,3,-3,0,-3,-2,,
5.095377e+05,"Ma(d1,d2,d4,d5)",4D,open,3,-3,0,-3,-1,,
5.095377e+05,"Ma(d1,d2,d4)",3D,open,3,-3,0,-3,0,,
5.095377e+05,"Ma(d1,d2,d4,d5)",4D,open,3,-3,0,-3,1,,
5.095377e+05,"Ma(d1,d2,d4,d5)",4D,open,3,-3,0,-3,2,,
5.095377e+05,"Ma(d1,d2,d4,d5)",4D,open,3,-3,0,-3,3,,
5.095377e+05,"Ma(d1,d2,d4,d5)",4D,open,3,-3,0,3,-3,,
5.095377e+05,"Ma(d1,d2,d4,d5)",4D,open,3,-3,0,3,-2,,
5.095377e+05,"Ma(d1,d2,d4,d5)",4D,open,3,-3,0,3,-1,,
5.095377e+05,"Ma(d1,d2,d4)",3D,open,3,-3,0,3,0,,
5.095377e+05,"Ma(d1,d2,d4,d5)",4D,open,3,-3,0,3,1,,
5.095377e+05,"Ma(d1,d2,d4,d5)",4D,open,3,-3,0,3,2,,
5.095377e+05,"Ma(d1,d2,d4,d5)",4D,open,3,-3,0,3,3,,
5.095377e+05,"Ma(d1,d2,d4,d5)",4D,open,3,3,0,-3,-3,,
5.095377e+05,"Ma(d1,d2,d4,d5)",4D,open,3,3,0,-3,-2,,
5.095377e+05,"Ma(d1,d2,d4,d5)",4D,open,3,3,0,-3,-1,,
5.095377e+05,"Ma(d1,d2,d4)",3D,open,3,3,0,-3,0,,
5.095377e+05,"Ma(d1,d2,d4,d5)",4D,open,3,3,0,-3,1,,
5.095377e+05,"Ma(d1,d2,d4,d5)",4D,open,3,3,0,-3,2,,
5.095377e+05,"Ma(d1,d2,d4,d5)",4D,open,3,3,0,-3,3,,
5.095377e+05,"Ma(d1,d2,d4,d5)",4D,open,3,3,0,3,-3,,
5.095377e+05,"Ma(d1,d2,d4,d5)",4D,open,3,3,0,3,-2,,
5.095377e+05,"Ma(d1,d2,d4,d5)",4D,open,3,3,0,3,-1,,
5.095377e+05,"Ma(d1,d2,d4)",3D,open,3,3,0,3,0,,
5.095377e+05,"Ma(d1,d2,d4,d5)",4D,open,3,3,0,3,1,,
5.095377e+05,"Ma(d1,d2,d4,d5)",4D,open,3,3,0,3,2,,
5.095377e+05,"Ma(d1,d2,d4,d5)",4D,open,3,3,0,3,3,,
5.095377e+05,"Ma(d1,d2,d3,d5)",4D,open,-3,-3,-1,0,-3,,
5.095377e+05,"Ma(d1,d2,d3,d5)",4D,open,-3,-3,-1,0,-2,,
5.095377e+05,"Ma(d1,d2,d3,d5)",4D,open,-3,-3,-1,0,-1,,
5.095377e+05,"Ma(d1,d2,d3)",3D,open,-3,-3,-1,0,0,,
5.095377e+05,"Ma(d1,d2,d3,d5)",4D,open,-3,-3,-1,0,1,,
5.095377e+05,"Ma(d1,d2,d3,d5)",4D,open,-3,-3,-1,0,2,,
5.095377e+05,"Ma(d1,d2,d3,d5)",4D,open,-3,-3,-1,0,3,,
5.095377e+05,"Ma(d1,d2,d3,d5)",4D,open,-3,-3,1,0,-3,,
5.095377e+05,"Ma(d1,d2,d3,d5)",4D,open,-3,-3,1,0,-2,,
5.095377e+05,"Ma(d1,d2,d3,d5)",4D,open,-3,-3,1,0,-1,,
5.095377e+05,"Ma(d1,d2,d3)",3D,open,-3,-3,1,0,0,,
5.095377e+05,"Ma(d1,d2,d3,d5)",4D,open,-3,-3,1,0,1,,
5.095377e+05,"Ma(d1,d2,d3,d5)",4D,open,-3,-3,1,0,2,,
5.095377e+05,"Ma(d1,d2,d3,d5)",4D,open,-3,-3,1,0,3,,
5.095377e+05,"Ma(d1,d2,d3,d5)",4D,open,-3,3,-1,0,-3,,
5.095377e+05,"Ma(d1,d2,d3,d5)",4D,open,-3,3,-1,0,-2,,
5.095377e+05,"Ma(d1,d2,d3,d5)",4D,open,-3,3,-1,0,-1,,
5.095377e+05,"Ma(d1,d2,d3)",3D,open,-3,3,-1,0,0,,
5.095377e+05,"Ma(d1,d2,d3,d5)",4D,open,-3,3,-1,0,1,,
5.095377e+05,"Ma(d1,d2,d3,d5)",4D,open,-3,3,-1,0,2,,
5.095377e+05,"Ma(d1,d2,d3,d5)",4D,open,-3,3,-1,0,3,,
5.095377e+05,"Ma(d1,d2,d3,d5)",4D,open,-3,3,1,0,-3,,
5.095377e+05,"Ma(d1,d2,d3,d5)",4D,open,-3,3,1,0,-2,,
5.095377e+05,"Ma(d1,d2,d3,d5)",4D,open,-3,3,1,0,-1,,
5.095377e+05,"Ma(d1,d2,d3)",3D,open,-3,3,1,0,0,,
5.095377e+05,"Ma(d1,d2,d3,d5)",4D,open,-3,3,1,0,1,,
5.095377e+05,"Ma(d1,d2,d3,d5)",4D,open,-3,3,1,0,2,,
5.095377e+05,"Ma(d1,d2,d3,d5)",4D,open,-3,3,1,0,3,,
5.095377e+05,"Ma(d1,d2,d3,d5)",4D,open,3,-3,-1,0,-3,,
5.095377e+05,"Ma(d1,d2,d3,d5)",4D,open,3,-3,-1,0,-2,,
5.095377e+05,"Ma(d1,d2,d3,d5)",4D,open,3,-3,-1,0,-1,,
5.095377e+05,"Ma(d1,d2,d3)",3D,open,3,-3,-1,0,0,,
5.095377e+05,"Ma(d1,d2,d3,d5)",4D,open,3,-3,-1,0,1,,
5.095377e+05,"Ma(d1,d2,d3,d5)",4D,open,3,-3,-1,0,2,,
5.095377e+05,"Ma(d1,d2,d3,d5)",4D,open,3,-3,-1,0,3,,
5.095377e+05,"Ma(d1,d2,d3,d5)",4D,open,3,-3,1,0,-3,,
5.095377e+05,"Ma(d1,d2,d3,d5)",4D,open,3,-3,1,0,-2,,
5.095377e+05,"Ma(d1,d2,d3,d5)",4D,open,3,-3,1,0,-1,,
5.095377e+05,"Ma(d1,d2,d3)",3D,open,3,-3,1,0,0,,
5.095377e+05,"Ma(d1,d2,d3,d5)",4D,open,3,-3,1,0,1,,
5.095377e+05,"Ma(d1,d2,d3,d5)",4D,open,3,-3,1,0,2,,
5.095377e+05,"Ma(d1,d2,d3,d5)",4D,open,3,-3,1,0,3,,
5.095377e+05,"Ma(d1,d2,d3,d5)",4D,open,3,3,-1,0,-3,,
5.095377e+05,"Ma(d1,d2,d3,d5)",4D,open,3,3,-1,0,-2,,
5.095377e+05,"Ma(d1,d2,d3,d5)",4D,open,3,3,-1,0,-1,,
5.095377e+05,"Ma(d1,d2,d3)",3D,open,3,3,-1,0,0,,
5.095377e+05,"Ma(d1,d2,d3,d5)",4D,open,3,3,-1,0,1,,
5.095377e+05,"Ma(d1,d2,d3,d5)",4D,open,3,3,-1,0,2,,
5.095377e+05,"Ma(d1,d2,d3,d5)",4D,open,3,3,-1,0,3,,
5.095377e+05,"Ma(d1,d2,d3,d5)",4D,open,3,3,1,0,-3,,
5.095377e+05,"Ma(d1,d2,d3,d5)",4D,open,3,3,1,0,-2,,
5.095377e+05,"Ma(d1,d2,d3,d5)",4D,open,3,3,1,0,-1,,
5.095377e+05,"Ma(d1,d2,d3)",3D,open,3,3,1,0,0,,
5.095377e+05,"Ma(d1,d2,d3,d5)",4D,open,3,3,1,0,1,,
5.095377e+05,"Ma(d1,d2,d3,d5)",4D,open,3,3,1,0,2,,
5.095377e+05,"Ma(d1,d2,d3,d5)",4D,open,3,3,1,0,3,,
5.095377e+05,"Ma(d1,d2,d3,d4,d5)",5D,open,-3,-3,-1,-1,-3,,
5.095377e+05,"Ma(d1,d2,d3,d4,d5)",5D,open,-3,-3,-1,-1,-2,,
5.095377e+05,"Ma(d1,d2,d3,d4,d5)",5D,open,-3,-3,-1,-1,-1,,
5.095377e+05,"Ma(d1,d2,d3,d4)",4D,open,-3,-3,-1,-1,0,,
5.095377e+05,"Ma(d1,d2,d3,d4,d5)",5D,open,-3,-3,-1,-1,1,,
5.095377e+05,"Ma(d1,d2,d3,d4,d5)",5D,open,-3,-3,-1,-1,2,,
5.095377e+05,"Ma(d1,d2,d3,d4,d5)",5D,open,-3,-3,-1,-1,3,,
5.095377e+05,"Ma(d1,d2,d3,d4,d5)",5D,open,-3,-3,-1,1,-3,,
5.095377e+05,"Ma(d1,d2,d3,d4,d5)",5D,open,-3,-3,-1,1,-2,,
5.095377e+05,"Ma(d1,d2,d3,d4,d5)",5D,open,-3,-3,-1,1,-1,,
5.095377e+05,"Ma(d1,d2,d3,d4)",4D,open,-3,-3,-1,1,0,,
5.095377e+05,"Ma(d1,d2,d3,d4,d5)",5D,open,-3,-3,-1,1,1,,
5.095377e+05,"Ma(d1,d2,d3,d4,d5)",5D,open,-3,-3,-1,1,2,,
5.095377e+05,"Ma(d1,d2,d3,d4,d5)",5D,open,-3,-3,-1,1,3,,
5.095377e+05,"Ma(d1,d2,d3,d4,d5)",5D,open,-3,-3,1,-1,-3,,
5.095377e+05,"Ma(d1,d2,d3,d4,d5)",5D,open,-3,-3,1,-1,-2,,
5.095377e+05,"Ma(d1,d2,d3,d4,d5)",5D,open,-3,-3,1,-1,-1,,
5.095377e+05,"Ma(d1,d2,d3,d4)",4D,open,-3,-3,1,-1,0,,
5.095377e+05,"Ma(d1,d2,d3,d4,d5)",5D,open,-3,-3,1,-1,1,,
5.095377e+05,"Ma(d1,d2,d3,d4,d5)",5D,open,-3,-3,1,-1,2,,
5.095377e+05,"Ma(d1,d2,d3,d4,d5)",5D,open,-3,-3,1,-1,3,,
5.095377e+05,"Ma(d1,d2,d3,d4,d5)",5D,open,-3,-3,1,1,-3,,
5.095377e+05,"Ma(d1,d2,d3,d4,d5)",5D,open,-3,-3,1,1,-2,,
5.095377e+05,"Ma(d1,d2,d3,d4,d5)",5D,open,-3,-3,1,1,-1,,
5.095377e+05,"Ma(d1,d2,d3,d4)",4D,open,-3,-3,1,1,0,,
5.095377e+05,"Ma(d1,d2,d3,d4,d5)",5D,open,-3,-3,1,1,1,,
5.095377e+05,"Ma(d1,d2,d3,d4,d5)",5D,open,-3,-3,1,1,2,,
5.095377e+05,"Ma(d1,d2,d3,d4,d5)",5D,open,-3,-3,1,1,3,,
5.095377e+05,"Ma(d1,d2,d3,d4,d5)",5D,open,-3,3,-1,-1,-3,,
5.095377e+05,"Ma(d1,d2,d3,d4,d5)",5D,open,-3,3,-1,-1,-2,,
5.095377e+05,"Ma(d1,d2,d3,d4,d5)",5D,open,-3,3,-1,-1,-1,,
5.095377e+05,"Ma(d1,d2,d3,d4)",4D,open,-3,3,-1,-1,0,,
5.095377e+05,"Ma(d1,d2,d3,d4,d5)",5D,open,-3,3,-1,-1,1,,
5.095377e+05,"Ma(d1,d2,d3,d4,d5)",5D,open,-3,3,-1,-1,2,,
5.095377e+05,"Ma(d1,d2,d3,d4,d5)",5D,open,-3,3,-1,-1,3,,
5.095377e+05,"Ma(d1,d2,d3,d4,d5)",5D,open,-3,3,-1,1,-3,,
5.095377e+05,"Ma(d1,d2,d3,d4,d5)",5D,open,-3,3,-1,1,-2,,
5.095377e+05,"Ma(d1,d2,d3,d4,d5)",5D,open,-3,3,-1,1,-1,,
5.095377e+05,"Ma(d1,d2,d3,d4)",4D,open,-3,3,-1,1,0,,
5.095377e+05,"Ma(d1,d2,d3,d4,d5)",5D,open,-3,3,-1,1,1,,
5.095377e+05,"Ma(d1,d2,d3,d4,d5)",5D,open,-3,3,-1,1,2,,
5.095377e+05,"Ma(d1,d2,d3,d4,d5)",5D,open,-3,3,-1,1,3,,
5.095377e+05,"Ma(d1,d2,d3,d4,d5)",5D,open,-3,3,1,-1,-3,,
5.095377e+05,"Ma(d1,d2,d3,d4,d5)",5D,open,-3,3,1,-1,-2,,
5.095377e+05,"Ma(d1,d2,d3,d4,d5)",5D,open,-3,3,1,-1,-1,,
5.095377e+05,"Ma(d1,d2,d3,d4)",4D,open,-3,3,1,-1,0,,
5.095377e+05,"Ma(d1,d2,d3,d4,d5)",5D,open,-3,3,1,-1,1,,
5.095377e+05,"Ma(d1,d2,d3,d4,d5)",5D,open,-3,3,1,-1,2,,
5.095377e+05,"Ma(d1,d2,d3,d4,d5)",5D,open,-3,3,1,-1,3,,
5.095377e+05,"Ma(d1,d2,d3,d4,d5)",5D,open,-3,3,1,1,-3,,
5.095377e+05,"Ma(d1,d2,d3,d4,d5)",5D,open,-3,3,1,1,-2,,
5.095377e+05,"Ma(d1,d2,d3,d4,d5)",5D,open,-3,3,1,1,-1,,
5.095377e+05,"Ma(d1,d2,d3,d4)",4D,open,-3,3,1,1,0,,
5.095377e+05,"Ma(d1,d2,d3,d4,d5)",5D,open,-3,3,1,1,1,,
5.095377e+05,"Ma(d1,d2,d3,d4,d5)",5D,open,-3,3,1,1,2,,
5.095377e+05,"Ma(d1,d2,d3,d4,d5)",5D,open,-3,3,1,1,3,,
5.095377e+05,"Ma(d1,d2,d3,d4,d5)",5D,open,3,-3,-1,-1,-3,,
5.095377e+05,"Ma(d1,d2,d3,d4,d5)",5D,open,3,-3,-1,-1,-2,,
5.095377e+05,"Ma(d1,d2,d3,d4,d5)",5D,open,3,-3,-1,-1,-1,,
5.095377e+05,"Ma(d1,d2,d3,d4)",4D,open,3,-3,-1,-1,0,,
5.095377e+05,"Ma(d1,d2,d3,d4,d5)",5D,open,3,-3,-1,-1,1,,
5.095377e+05,"Ma(d1,d2,d3,d4,d5)",5D,open,3,-3,-1,-1,2,,
5.095377e+05,"Ma(d1,d2,d3,d4,d5)",5D,open,3,-3,-1,-1,3,,
5.095377e+05,"Ma(d1,d2,d3,d4,d5)",5D,open,3,-3,-1,1,-3,,
5.095377e+05,"Ma(d1,d2,d3,d4,d5)",5D,open,3,-3,-1,1,-2,,
5.095377e+05,"Ma(d1,d2,d3,d4,d5)",5D,open,3,-3,-1,1,-1,,
5.095377e+05,"Ma(d1,d2,d3,d4)",4D,open,3,-3,-1,1,0,,
5.095377e+05,"Ma(d1,d2,d3,d4,d5)",5D,open,3,-3,-1,1,1,,
5.095377e+05,"Ma(d1,d2,d3,d4,d5)",5D,open,3,-3,-1,1,2,,
5.095377e+05,"Ma(d1,d2,d3,d4,d5)",5D,open,3,-3,-1,1,3,,
5.095377e+05,"Ma(d1,d2,d3,d4,d5)",5D,open,3,-3,1,-1,-3,,
5.095377e+05,"Ma(d1,d2,d3,d4,d5)",5D,open,3,-3,1,-1,-2,,
5.095377e+05,"Ma(d1,d2,d3,d4,d5)",5D,open,3,-3,1,-1,-1,,
5.095377e+05,"Ma(d1,d2,d3,d4)",4D,open,3,-3,1,-1,0,,
5.095377e+05,"Ma(d1,d2,d3,d4,d5)",5D,open,3,-3,1,-1,1,,
5.095377e+05,"Ma(d1,d2,d3,d4,d5)",5D,open,3,-3,1,-1,2,,
5.095377e+05,"Ma(d1,d2,d3,d4,d5)",5D,open,3,-3,1,-1,3,,
5.095377e+05,"Ma(d1,d2,d3,d4,d5)",5D,open,3,-3,1,1,-3,,
5.095377e+05,"Ma(d1,d2,d3,d4,d5)",5D,open,3,-3,1,1,-2,,
5.095377e+05,"Ma(d1,d2,d3,d4,d5)",5D,open,3,-3,1,1,-1,,
5.095377e+05,"Ma(d1,d2,d3,d4)",4D,open,3,-3,1,1,0,,
5.095377e+05,"Ma(d1,d2,d3,d4,d5)",5D,open,3,-3,1,1,1,,
5.095377e+05,"Ma(d1,d2,d3,d4,d5)",5D,open,3,-3,1,1,2,,
5.095377e+05,"Ma(d1,d2,d3,d4,d5)",5D,open,3,-3,1,1,3,,
5.095377e+05,"Ma(d1,d2,d3,d4,d5)",5D,open,3,3,-1,-1,-3,,
5.095377e+05,"Ma(d1,d2,d3,d4,d5)",5D,open,3,3,-1,-1,-2,,
5.095377e+05,"Ma(d1,d2,d3,d4,d5)",5D,open,3,3,-1,-1,-1,,
5.095377e+05,"Ma(d1,d2,d3,d4)",4D,open,3,3,-1,-1,0,,
5.095377e+05,"Ma(d1,d2,d3,d4,d5)",5D,open,3,3,-1,-1,1,,
5.095377e+05,"Ma(d1,d2,d3,d4,d5)",5D,open,3,3,-1,-1,2,,
5.095377e+05,"Ma(d1,d2,d3,d4,d5)",5D,open,3,3,-1,-1,3,,
5.095377e+05,"Ma(d1,d2,d3,d4,d5)",5D,open,3,3,-1,1,-3,,
5.095377e+05,"Ma(d1,d2,d3,d4,d5)",5D,open,3,3,-1,1,-2,,
5.095377e+05,"Ma(d1,d2,d3,d4,d5)",5D,open,3,3,-1,1,-1,,
5.095377e+05,"Ma(d1,d2,d3,d4)",4D,open,3,3,-1,1,0,,
5.095377e+05,"Ma(d1,d2,d3,d4,d5)",5D,open,3,3,-1,1,1,,
5.095377e+05,"Ma(d1,d2,d3,d4,d5)",5D,open,3,3,-1,1,2,,
5.095377e+05,"Ma(d1,d2,d3,d4,d5)",5D,open,3,3,-1,1,3,,
5.095377e+05,"Ma(d1,d2,d3,d4,d5)",5D,open,3,3,1,-1,-3,,
5.095377e+05,"Ma(d1,d2,d3,d4,d5)",5D,open,3,3,1,-1,-2,,
5.095377e+05,"Ma(d1,d2,d3,d4,d5)",5D,open,3,3,1,-1,-1,,
5.095377e+05,"Ma(d1,d2,d3,d4)",4D,open,3,3,1,-1,0,,
5.095377e+05,"Ma(d1,d2,d3,d4,d5)",5D,open,3,3,1,-1,1,,
5.095377e+05,"Ma(d1,d2,d3,d4,d5)",5D,open,3,3,1,-1,2,,
5.095377e+05,"Ma(d1,d2,d3,d4,d5)",5D,open,3,3,1,-1,3,,
5.095377e+05,"Ma(d1,d2,d3,d4,d5)",5D,open,3,3,1,1,-3,,
5.095377e+05,"Ma(d1,d2,d3,d4,d5)",5D,open,3,3,1,1,-2,,
5.095377e+05,"Ma(d1,d2,d3,d4,d5)",5D,open,3,3,1,1,-1,,
5.095377e+05,"Ma(d1,d2,d3,d4)",4D,open,3,3,1,1,0,,
5.095377e+05,"Ma(d1,d2,d3,d4,d5)",5D,open,3,3,1,1,1,,
5.095377e+05,"Ma(d1,d2,d3,d4,d5)",5D,open,3,3,1,1,2,,
5.095377e+05,"Ma(d1,d2,d3,d4,d5)",5D,open,3,3,1,1,3,,
5.095377e+05,"Ma(d1,d2,d3,d4,d5)",5D,open,-3,-3,-1,-2,-3,,
5.095377e+05,"Ma(d1,d2,d3,d4,d5)",5D,open,-3,-3,-1,-2,-2,,
5.095377e+05,"Ma(d1,d2,d3,d4,d5)",5D,open,-3,-3,-1,-2,-1,,
5.095377e+05,"Ma(d1,d2,d3,d4)",4D,open,-3,-3,-1,-2,0,,
5.095377e+05,"Ma(d1,d2,d3,d4,d5)",5D,open,-3,-3,-1,-2,1,,
5.095377e+05,"Ma(d1,d2,d3,d4,d5)",5D,open,-3,-3,-1,-2,2,,
5.095377e+05,"Ma(d1,d2,d3,d4,d5)",5D,open,-3,-3,-1,-2,3,,
5.095377e+05,"Ma(d1,d2,d3,d4,d5)",5D,open,-3,-3,-1,2,-3,,
5.095377e+05,"Ma(d1,d2,d3,d4,d5)",5D,open,-3,-3,-1,2,-2,,
5.095377e+05,"Ma(d1,d2,d3,d4,d5)",5D,open,-3,-3,-1,2,-1,,
5.095377e+05,"Ma(d1,d2,d3,d4)",4D,open,-3,-3,-1,2,0,,
5.095377e+05,"Ma(d1,d2,d3,d4,d5)",5D,open,-3,-3,-1,2,1,,
5.095377e+05,"Ma(d1,d2,d3,d4,d5)",5D,open,-3,-3,-1,2,2,,
5.095377e+05,"Ma(d1,d2,d3,d4,d5)",5D,open,-3,-3,-1,2,3,,
5.095377e+05,"Ma(d1,d2,d3,d4,d5)",5D,open,-3,-3,1,-2,-3,,
5.095377e+05,"Ma(d1,d2,d3,d4,d5)",5D,open,-3,-3,1,-2,-2,,
5.095377e+05,"Ma(d1,d2,d3,d4,d5)",5D,open,-3,-3,1,-2,-1,,
5.095377e+05,"Ma(d1,d2,d3,d4)",4D,open,-3,-3,1,-2,0,,
5.095377e+05,"Ma(d1,d2,d3,d4,d5)",5D,open,-3,-3,1,-2,1,,
5.095377e+05,"Ma(d1,d2,d3,d4,d5)",5D,open,-3,-3,1,-2,2,,
5.095377e+05,"Ma(d1,d2,d3,d4,d5)",5D,open,-3,-3,1,-2,3,,
5.095377e+05,"Ma(d1,d2,d3,d4,d5)",5D,open,-3,-3,1,2,-3,,
5.095377e+05,"Ma(d1,d2,d3,d4,d5)",5D,open,-3,-3,1,2,-2,,
5.095377e+05,"Ma(d1,d2,d3,d4,d5)",5D,open,-3,-3,1,2,-1,,
5.095377e+05,"Ma(d1,d2,d3,d4)",4D,open,-3,-3,1,2,0,,
5.095377e+05,"Ma(d1,d2,d3,d4,d5)",5D,open,-3,-3,1,2,1,,
5.095377e+05,"Ma(d1,d2,d3,d4,d5)",5D,open,-3,-3,1,2,2,,
5.095377e+05,"Ma(d1,d2,d3,d4,d5)",5D,open,-3,-3,1,2,3,,
5.095377e+05,"Ma(d1,d2,d3,d4,d5)",5D,open,-3,3,-1,-2,-3,,
5.095377e+05,"Ma(d1,d2,d3,d4,d5)",5D,open,-3,3,-1,-2,-2,,
5.095377e+05,"Ma(d1,d2,d3,d4,d5)",5D,open,-3,3,-1,-2,-1,,
5.095377e+05,"Ma(d1,d2,d3,d4)",4D,open,-3,3,-1,-2,0,,
5.095377e+05,"Ma(d1,d2,d3,d4,d5)",5D,open,-3,3,-1,-2,1,,
5.095377e+05,"Ma(d1,d2,d3,d4,d5)",5D,open,-3,3,-1,-2,2,,
5.095377e+05,"Ma(d1,d2,d3,d4,d5)",5D,open,-3,3,-1,-2,3,,
5.095377e+05,"Ma(d1,d2,d3,d4,d5)",5D,open,-3,3,-1,2,-3,,
5.095377e+05,"Ma(d1,d2,d3,d4,d5)",5D,open,-3,3,-1,2,-2,,
5.095377e+05,"Ma(d1,d2,d3,d4,d5)",5D,open,-3,3,-1,2,-1,,
5.095377e+05,"Ma(d1,d2,d3,d4)",4D,open,-3,3,-1,2,0,,
5.095377e+05,"Ma(d1,d2,d3,d4,d5)",5D,open,-3,3,-1,2,1,,
5.095377e+05,"Ma(d1,d2,d3,d4,d5)",5D,open,-3,3,-1,2,2,,
5.095377e+05,"Ma(d1,d2,d3,d4,d5)",5D,open,-3,3,-1,2,3,,
5.095377e+05,"Ma(d1,d2,d3,d4,d5)",5D,open,-3,3,1,-2,-3,,
5.095377e+05,"Ma(d1,d2,d3,d4,d5)",5D,open,-3,3,1,-2,-2,,
5.095377e+05,"Ma(d1,d2,d3,d4,d5)",5D,open,-3,3,1,-2,-1,,
5.095377e+05,"Ma(d1,d2,d3,d4)",4D,open,-3,3,1,-2,0,,
5.095377e+05,"Ma(d1,d2,d3,d4,d5)",5D,open,-3,3,1,-2,1,,
5.095377e+05,"Ma(d1,d2,d3,d4,d5)",5D,open,-3,3,1,-2,2,,
5.095377e+05,"Ma(d1,d2,d3,d4,d5)",5D,open,-3,3,1,-2,3,,
5.095377e+05,"Ma(d1,d2,d3,d4,d5)",5D,open,-3,3,1,2,-3,,
5.095377e+05,"Ma(d1,d2,d3,d4,d5)",5D,open,-3,3,1,2,-2,,
5.095377e+05,"Ma(d1,d2,d3,d4,d5)",5D,open,-3,3,1,2,-1,,
5.095377e+05,"Ma(d1,d2,d3,d4)",4D,open,-3,3,1,2,0,,
5.095377e+05,"Ma(d1,d2,d3,d4,d5)",5D,open,-3,3,1,2,1,,
5.095377e+05,"Ma(d1,d2,d3,d4,d5)",5D,open,-3,3,1,2,2,,
5.095377e+05,"Ma(d1,d2,d3,d4,d5)",5D,open,-3,3,1,2,3,,
5.095377e+05,"Ma(d1,d2,d3,d4,d5)",5D,open,3,-3,-1,-2,-3,,
5.095377e+05,"Ma(d1,d2,d3,d4,d5)",5D,open,3,-3,-1,-2,-2,,
5.095377e+05,"Ma(d1,d2,d3,d4,d5)",5D,open,3,-3,-1,-2,-1,,
5.095377e+05,"Ma(d1,d2,d3,d4)",4D,open,3,-3,-1,-2,0,,
5.095377e+05,"Ma(d1,d2,d3,d4,d5)",5D,open,3,-3,-1,-2,1,,
5.095377e+05,"Ma(d1,d2,d3,d4,d5)",5D,open,3,-3,-1,-2,2,,
5.095377e+05,"Ma(d1,d2,d3,d4,d5)",5D,open,3,-3,-1,-2,3,,
5.095377e+05,"Ma(d1,d2,d3,d4,d5)",5D,open,3,-3,-1,2,-3,,
5.095377e+05,"Ma(d1,d2,d3,d4,d5)",5D,open,3,-3,-1,2,-2,,
5.095377e+05,"Ma(d1,d2,d3,d4,d5)",5D,open,3,-3,-1,2,-1,,
5.095377e+05,"Ma(d1,d2,d3,d4)",4D,open,3,-3,-1,2,0,,
5.095377e+05,"Ma(d1,d2,d3,d4,d5)",5D,open,3,-3,-1,2,1,,
5.095377e+05,"Ma(d1,d2,d3,d4,d5)",5D,open,3,-3,-1,2,2,,
5.095377e+05,"Ma(d1,d2,d3,d4,d5)",5D,open,3,-3,-1,2,3,,
5.095377e+05,"Ma(d1,d2,d3,d4,d5)",5D,open,3,-3,1,-2,-3,,
5.095377e+05,"Ma(d1,d2,d3,d4,d5)",5D,open,3,-3,1,-2,-2,,
5.095377e+05,"Ma(d1,d2,d3,d4,d5)",5D,open,3,-3,1,-2,-1,,
5.095377e+05,"Ma(d1,d2,d3,d4)",4D,open,3,-3,1,-2,0,,
5.095377e+05,"Ma(d1,d2,d3,d4,d5)",5D,open,3,-3,1,-2,1,,
5.095377e+05,"Ma(d1,d2,d3,d4,d5)",5D,open,3,-3,1,-2,2,,
5.095377e+05,"Ma(d1,d2,d3,d4,d5)",5D,open,3,-3,1,-2,3,,
5.095377e+05,"Ma(d1,d2,d3,d4,d5)",5D,open,3,-3,1,2,-3,,
5.095377e+05,"Ma(d1,d2,d3,d4,d5)",5D,open,3,-3,1,2,-2,,
5.095377e+05,"Ma(d1,d2,d3,d4,d5)",5D,open,3,-3,1,2,-1,,
5.095377e+05,"Ma(d1,d2,d3,d4)",4D,open,3,-3,1,2,0,,
5.095377e+05,"Ma(d1,d2,d3,d4,d5)",5D,open,3,-3,1,2,1,,
5.095377e+05,"Ma(d1,d2,d3,d4,d5)",5D,open,3,-3,1,2,2,,
5.095377e+05,"Ma(d1,d2,d3,d4,d5)",5D,open,3,-3,1,2,3,,
5.095377e+05,"Ma(d1,d2,d3,d4,d5)",5D,open,3,3,-1,-2,-3,,
5.095377e+05,"Ma(d1,d2,d3,d4,d5)",5D,open,3,3,-1,-2,-2,,
5.095377e+05,"Ma(d1,d2,d3,d4,d5)",5D,open,3,3,-1,-2,-1,,
5.095377e+05,"Ma(d1,d2,d3,d4)",4D,open,3,3,-1,-2,0,,
5.095377e+05,"Ma(d1,d2,d3,d4,d5)",5D,open,3,3,-1,-2,1,,
5.095377e+05,"Ma(d1,d2,d3,d4,d5)",5D,open,3,3,-1,-2,2,,
5.095377e+05,"Ma(d1,d2,d3,d4,d5)",5D,open,3,3,-1,-2,3,,
5.095377e+05,"Ma(d1,d2,d3,d4,d5)",5D,open,3,3,-1,2,-3,,
5.095377e+05,"Ma(d1,d2,d3,d4,d5)",5D,open,3,3,-1,2,-2,,
5.095377e+05,"Ma(d1,d2,d3,d4,d5)",5D,open,3,3,-1,2,-1,,
5.095377e+05,"Ma(d1,d2,d3,d4)",4D,open,3,3,-1,2,0,,
5.095377e+05,"Ma(d1,d2,d3,d4,d5)",5D,open,3,3,-1,2,1,,
5.095377e+05,"Ma(d1,d2,d3,d4,d5)",5D,open,3,3,-1,2,2,,
5.095377e+05,"Ma(d1,d2,d3,d4,d5)",5D,open,3,3,-1,2,3,,
5.095377e+05,"Ma(d1,d2,d3,d4,d5)",5D,open,3,3,1,-2,-3,,
5.095377e+05,"Ma(d1,d2,d3,d4,d5)",5D,open,3,3,1,-2,-2,,
5.095377e+05,"Ma(d1,d2,d3,d4,d5)",5D,open,3,3,1,-2,-1,,
5.095377e+05,"Ma(d1,d2,d3,d4)",4D,open,3,3,1,-2,0,,
5.095377e+05,"Ma(d1,d2,d3,d4,d5)",5D,open,3,3,1,-2,1,,
5.095377e+05,"Ma(d1,d2,d3,d4,d5)",5D,open,3,3,1,-2,2,,
5.095377e+05,"Ma(d1,d2,d3,d4,d5)",5D,open,3,3,1,-2,3,,
5.095377e+05,"Ma(d1,d2,d3,d4,d5)",5D,open,3,3,1,2,-3,,
5.095377e+05,"Ma(d1,d2,d3,d4,d5)",5D,open,3,3,1,2,-2,,
5.095377e+05,"Ma(d1,d2,d3,d4,d5)",5D,open,3,3,1,2,-1,,
5.095377e+05,"Ma(d1,d2,d3,d4)",4D,open,3,3,1,2,0,,
5.095377e+05,"Ma(d1,d2,d3,d4,d5)",5D,open,3,3,1,2,1,,
5.095377e+05,"Ma(d1,d2,d3,d4,d5)",5D,open,3,3,1,2,2,,
5.095377e+05,"Ma(d1,d2,d3,d4,d5)",5D,open,3,3,1,2,3,,
5.095377e+05,"Ma(d1,d2,d3,d4,d5)",5D,open,-3,-3,-1,-3,-3,,
5.095377e+05,"Ma(d1,d2,d3,d4,d5)",5D,open,-3,-3,-1,-3,-2,,
5.095377e+05,"Ma(d1,d2,d3,d4,d5)",5D,open,-3,-3,-1,-3,-1,,
5.095377e+05,"Ma(d1,d2,d3,d4)",4D,open,-3,-3,-1,-3,0,,
5.095377e+05,"Ma(d1,d2,d3,d4,d5)",5D,open,-3,-3,-1,-3,1,,
5.095377e+05,"Ma(d1,d2,d3,d4,d5)",5D,open,-3,-3,-1,-3,2,,
5.095377e+05,"Ma(d1,d2,d3,d4,d5)",5D,open,-3,-3,-1,-3,3,,
5.095377e+05,"Ma(d1,d2,d3,d4,d5)",5D,open,-3,-3,-1,3,-3,,
5.095377e+05,"Ma(d1,d2,d3,d4,d5)",5D,open,-3,-3,-1,3,-2,,
5.095377e+05,"Ma(d1,d2,d3,d4,d5)",5D,open,-3,-3,-1,3,-1,,
5.095377e+05,"Ma(d1,d2,d3,d4)",4D,open,-3,-3,-1,3,0,,
5.095377e+05,"Ma(d1,d2,d3,d4,d5)",5D,open,-3,-3,-1,3,1,,
5.095377e+05,"Ma(d1,d2,d3,d4,d5)",5D,open,-3,-3,-1,3,2,,
5.095377e+05,"Ma(d1,d2,d3,d4,d5)",5D,open,-3,-3,-1,3,3,,
5.095377e+05,"Ma(d1,d2,d3,d4,d5)",5D,open,-3,-3,1,-3,-3,,
5.095377e+05,"Ma(d1,d2,d3,d4,d5)",5D,open,-3,-3,1,-3,-2,,
5.095377e+05,"Ma(d1,d2,d3,d4,d5)",5D,open,-3,-3,1,-3,-1,,
5.095377e+05,"Ma(d1,d2,d3,d4)",4D,open,-3,-3,1,-3,0,,
5.095377e+05,"Ma(d1,d2,d3,d4,d5)",5D,open,-3,-3,1,-3,1,,
5.095377e+05,"Ma(d1,d2,d3,d4,d5)",5D,open,-3,-3,1,-3,2,,
5.095377e+05,"Ma(d1,d2,d3,d4,d5)",5D,open,-3,-3,1,-3,3,,
5.095377e+05,"Ma(d1,d2,d3,d4,d5)",5D,open,-3,-3,1,3,-3,,
5.095377e+05,"Ma(d1,d2,d3,d4,d5)",5D,open,-3,-3,1,3,-2,,
5.095377e+05,"Ma(d1,d2,d3,d4,d5)",5D,open,-3,-3,1,3,-1,,
5.095377e+05,"Ma(d1,d2,d3,d4)",4D,open,-3,-3,1,3,0,,
5.095377e+05,"Ma(d1,d2,d3,d4,d5)",5D,open,-3,-3,1,3,1,,
5.095377e+05,"Ma(d1,d2,d3,d4,d5)",5D,open,-3,-3,1,3,2,,
5.095377e+05,"Ma(d1,d2,d3,d4,d5)",5D,open,-3,-3,1,3,3,,
5.095377e+05,"Ma(d1,d2,d3,d4,d5)",5D,open,-3,3,-1,-3,-3,,
5.095377e+05,"Ma(d1,d2,d3,d4,d5)",5D,open,-3,3,-1,-3,-2,,
5.095377e+05,"Ma(d1,d2,d3,d4,d5)",5D,open,-3,3,-1,-3,-1,,
5.095377e+05,"Ma(d1,d2,d3,d4)",4D,open,-3,3,-1,-3,0,,
5.095377e+05,"Ma(d1,d2,d3,d4,d5)",5D,open,-3,3,-1,-3,1,,
5.095377e+05,"Ma(d1,d2,d3,d4,d5)",5D,open,-3,3,-1,-3,2,,
5.095377e+05,"Ma(d1,d2,d3,d4,d5)",5D,open,-3,3,-1,-3,3,,
5.095377e+05,"Ma(d1,d2,d3,d4,d5)",5D,open,-3,3,-1,3,-3,,
5.095377e+05,"Ma(d1,d2,d3,d4,d5)",5D,open,-3,3,-1,3,-2,,
5.095377e+05,"Ma(d1,d2,d3,d4,d5)",5D,open,-3,3,-1,3,-1,,
5.095377e+05,"Ma(d1,d2,d3,d4)",4D,open,-3,3,-1,3,0,,
5.095377e+05,"Ma(d1,d2,d3,d4,d5)",5D,open,-3,3,-1,3,1,,
5.095377e+05,"Ma(d1,d2,d3,d4,d5)",5D,open,-3,3,-1,3,2,,
5.095377e+05,"Ma(d1,d2,d3,d4,d5)",5D,open,-3,3,-1,3,3,,
5.095377e+05,"Ma(d1,d2,d3,d4,d5)",5D,open,-3,3,1,-3,-3,,
5.095377e+05,"Ma(d1,d2,d3,d4,d5)",5D,open,-3,3,1,-3,-2,,
5.095377e+05,"Ma(d1,d2,d3,d4,d5)",5D,open,-3,3,1,-3,-1,,
5.095377e+05,"Ma(d1,d2,d3,d4)",4D,open,-3,3,1,-3,0,,
5.095377e+05,"Ma(d1,d2,d3,d4,d5)",5D,open,-3,3,1,-3,1,,
5.095377e+05,"Ma(d1,d2,d3,d4,d5)",5D,open,-3,3,1,-3,2,,
5.095377e+05,"Ma(d1,d2,d3,d4,d5)",5D,open,-3,3,1,-3,3,,
5.095377e+05,"Ma(d1,d2,d3,d4,d5)",5D,open,-3,3,1,3,-3,,
5.095377e+05,"Ma(d1,d2,d3,d4,d5)",5D,open,-3,3,1,3,-2,,
5.095377e+05,"Ma(d1,d2,d3,d4,d5)",5D,open,-3,3,1,3,-1,,
5.095377e+05,"Ma(d1,d2,d3,d4)",4D,open,-3,3,1,3,0,,
5.095377e+05,"Ma(d1,d2,d3,d4,d5)",5D,open,-3,3,1,3,1,,
5.095377e+05,"Ma(d1,d2,d3,d4,d5)",5D,open,-3,3,1,3,2,,
5.095377e+05,"Ma(d1,d2,d3,d4,d5)",5D,open,-3,3,1,3,3,,
5.095377e+05,"Ma(d1,d2,d3,d4,d5)",5D,open,3,-3,-1,-3,-3,,
5.095377e+05,"Ma(d1,d2,d3,d4,d5)",5D,open,3,-3,-1,-3,-2,,
5.095377e+05,"Ma(d1,d2,d3,d4,d5)",5D,open,3,-3,-1,-3,-1,,
5.095377e+05,"Ma(d1,d2,d3,d4)",4D,open,3,-3,-1,-3,0,,
5.095377e+05,"Ma(d1,d2,d3,d4,d5)",5D,open,3,-3,-1,-3,1,,
5.095377e+05,"Ma(d1,d2,d3,d4,d5)",5D,open,3,-3,-1,-3,2,,
5.095377e+05,"Ma(d1,d2,d3,d4,d5)",5D,open,3,-3,-1,-3,3,,
5.095377e+05,"Ma(d1,d2,d3,d4,d5)",5D,open,3,-3,-1,3,-3,,
5.095377e+05,"Ma(d1,d2,d3,d4,d5)",5D,open,3,-3,-1,3,-2,,
5.095377e+05,"Ma(d1,d2,d3,d4,d5)",5D,open,3,-3,-1,3,-1,,
5.095377e+05,"Ma(d1,d2,d3,d4)",4D,open,3,-3,-1,3,0,,
5.095377e+05,"Ma(d1,d2,d3,d4,d5)",5D,open,3,-3,-1,3,1,,
5.095377e+05,"Ma(d1,d2,d3,d4,d5)",5D,open,3,-3,-1,3,2,,
5.095377e+05,"Ma(d1,d2,d3,d4,d5)",5D,open,3,-3,-1,3,3,,
5.095377e+05,"Ma(d1,d2,d3,d4,d5)",5D,open,3,-3,1,-3,-3,,
5.095377e+05,"Ma(d1,d2,d3,d4,d5)",5D,open,3,-3,1,-3,-2,,
5.095377e+05,"Ma(d1,d2,d3,d4,d5)",5D,open,3,-3,1,-3,-1,,
5.095377e+05,"Ma(d1,d2,d3,d4)",4D,open,3,-3,1,-3,0,,
5.095377e+05,"Ma(d1,d2,d3,d4,d5)",5D,open,3,-3,1,-3,1,,
5.095377e+05,"Ma(d1,d2,d3,d4,d5)",5D,open,3,-3,1,-3,2,,
5.095377e+05,"Ma(d1,d2,d3,d4,d5)",5D,open,3,-3,1,-3,3,,
5.095377e+05,"Ma(d1,d2,d3,d4,d5)",5D,open,3,-3,1,3,-3,,
5.095377e+05,"Ma(d1,d2,d3,d4,d5)",5D,open,3,-3,1,3,-2,,
5.095377e+05,"Ma(d1,d2,d3,d4,d5)",5D,open,3,-3,1,3,-1,,
5.095377e+05,"Ma(d1,d2,d3,d4)",4D,open,3,-3,1,3,0,,
5.095377e+05,"Ma(d1,d2,d3,d4,d5)",5D,open,3,-3,1,3,1,,
5.095377e+05,"Ma(d1,d2,d3,d4,d5)",5D,open,3,-3,1,3,2,,
5.095377e+05,"Ma(d1,d2,d3,d4,d5)",5D,open,3,-3,1,3,3,,
5.095377e+05,"Ma(d1,d2,d3,d4,d5)",5D,open,3,3,-1,-3,-3,,
5.095377e+05,"Ma(d1,d2,d3,d4,d5)",5D,open,3,3,-1,-3,-2,,
5.095377e+05,"Ma(d1,d2,d3,d4,d5)",5D,open,3,3,-1,-3,-1,,
5.095377e+05,"Ma(d1,d2,d3,d4)",4D,open,3,3,-1,-3,0,,
5.095377e+05,"Ma(d1,d2,d3,d4,d5)",5D,open,3,3,-1,-3,1,,
5.095377e+05,"Ma(d1,d2,d3,d4,d5)",5D,open,3,3,-1,-3,2,,
5.095377e+05,"Ma(d1,d2,d3,d4,d5)",5D,open,3,3,-1,-3,3,,
5.095377e+05,"Ma(d1,d2,d3,d4,d5)",5D,open,3,3,-1,3,-3,,
5.095377e+05,"Ma(d1,d2,d3,d4,d5)",5D,open,3,3,-1,3,-2,,
5.095377e+05,"Ma(d1,d2,d3,d4,d5)",5D,open,3,3,-1,3,-1,,
5.095377e+05,"Ma(d1,d2,d3,d4)",4D,open,3,3,-1,3,0,,
5.095377e+05,"Ma(d1,d2,d3,d4,d5)",5D,open,3,3,-1,3,1,,
5.095377e+05,"Ma(d1,d2,d3,d4,d5)",5D,open,3,3,-1,3,2,,
5.095377e+05,"Ma(d1,d2,d3,d4,d5)",5D,open,3,3,-1,3,3,,
5.095377e+05,"Ma(d1,d2,d3,d4,d5)",5D,open,3,3,1,-3,-3,,
5.095377e+05,"Ma(d1,d2,d3,d4,d5)",5D,open,3,3,1,-3,-2,,
5.095377e+05,"Ma(d1,d2,d3,d4,d5)",5D,open,3,3,1,-3,-1,,
5.095377e+05,"Ma(d1,d2,d3,d4)",4D,open,3,3,1,-3,0,,
5.095377e+05,"Ma(d1,d2,d3,d4,d5)",5D,open,3,3,1,-3,1,,
5.095377e+05,"Ma(d1,d2,d3,d4,d5)",5D,open,3,3,1,-3,2,,
5.095377e+05,"Ma(d1,d2,d3,d4,d5)",5D,open,3,3,1,-3,3,,
5.095377e+05,"Ma(d1,d2,d3,d4,d5)",5D,open,3,3,1,3,-3,,
5.095377e+05,"Ma(d1,d2,d3,d4,d5)",5D,open,3,3,1,3,-2,,
5.095377e+05,"Ma(d1,d2,d3,d4,d5)",5D,open,3,3,1,3,-1,,
5.095377e+05,"Ma(d1,d2,d3,d4)",4D,open,3,3,1,3,0,,
5.095377e+05,"Ma(d1,d2,d3,d4,d5)",5D,open,3,3,1,3,1,,
5.095377e+05,"Ma(d1,d2,d3,d4,d5)",5D,open,3,3,1,3,2,,
5.095377e+05,"Ma(d1,d2,d3,d4,d5)",5D,open,3,3,1,3,3,,
5.095377e+05,"Ma(d1,d2,d3,d5)",4D,open,-3,-3,-2,0,-3,,
5.095377e+05,"Ma(d1,d2,d3,d5)",4D,open,-3,-3,-2,0,-2,,
5.095377e+05,"Ma(d1,d2,d3,d5)",4D,open,-3,-3,-2,0,-1,,
5.095377e+05,"Ma(d1,d2,d3)",3D,open,-3,-3,-2,0,0,,
5.095377e+05,"Ma(d1,d2,d3,d5)",4D,open,-3,-3,-2,0,1,,
5.095377e+05,"Ma(d1,d2,d3,d5)",4D,open,-3,-3,-2,0,2,,
5.095377e+05,"Ma(d1,d2,d3,d5)",4D,open,-3,-3,-2,0,3,,
5.095377e+05,"Ma(d1,d2,d3,d5)",4D,open,-3,-3,2,0,-3,,
5.095377e+05,"Ma(d1,d2,d3,d5)",4D,open,-3,-3,2,0,-2,,
5.095377e+05,"Ma(d1,d2,d3,d5)",4D,open,-3,-3,2,0,-1,,
5.095377e+05,"Ma(d1,d2,d3)",3D,open,-3,-3,2,0,0,,
5.095377e+05,"Ma(d1,d2,d3,d5)",4D,open,-3,-3,2,0,1,,
5.095377e+05,"Ma(d1,d2,d3,d5)",4D,open,-3,-3,2,0,2,,
5.095377e+05,"Ma(d1,d2,d3,d5)",4D,open,-3,-3,2,0,3,,
5.095377e+05,"Ma(d1,d2,d3,d5)",4D,open,-3,3,-2,0,-3,,
5.095377e+05,"Ma(d1,d2,d3,d5)",4D,open,-3,3,-2,0,-2,,
5.095377e+05,"Ma(d1,d2,d3,d5)",4D,open,-3,3,-2,0,-1,,
5.095377e+05,"Ma(d1,d2,d3)",3D,open,-3,3,-2,0,0,,
5.095377e+05,"Ma(d1,d2,d3,d5)",4D,open,-3,3,-2,0,1,,
5.095377e+05,"Ma(d1,d2,d3,d5)",4D,open,-3,3,-2,0,2,,
5.095377e+05,"Ma(d1,d2,d3,d5)",4D,open,-3,3,-2,0,3,,
5.095377e+05,"Ma(d1,d2,d3,d5)",4D,open,-3,3,2,0,-3,,
5.095377e+05,"Ma(d1,d2,d3,d5)",4D,open,-3,3,2,0,-2,,
5.095377e+05,"Ma(d1,d2,d3,d5)",4D,open,-3,3,2,0,-1,,
5.095377e+05,"Ma(d1,d2,d3)",3D,open,-3,3,2,0,0,,
5.095377e+05,"Ma(d1,d2,d3,d5)",4D,open,-3,3,2,0,1,,
5.095377e+05,"Ma(d1,d2,d3,d5)",4D,open,-3,3,2,0,2,,
5.095377e+05,"Ma(d1,d2,d3,d5)",4D,open,-3,3,2,0,3,,
5.095377e+05,"Ma(d1,d2,d3,d5)",4D,open,3,-3,-2,0,-3,,
5.095377e+05,"Ma(d1,d2,d3,d5)",4D,open,3,-3,-2,0,-2,,
5.095377e+05,"Ma(d1,d2,d3,d5)",4D,open,3,-3,-2,0,-1,,
5.095377e+05,"Ma(d1,d2,d3)",3D,open,3,-3,-2,0,0,,
5.095377e+05,"Ma(d1,d2,d3,d5)",4D,open,3,-3,-2,0,1,,
5.095377e+05,"Ma(d1,d2,d3,d5)",4D,open,3,-3,-2,0,2,,
5.095377e+05,"Ma(d1,d2,d3,d5)",4D,open,3,-3,-2,0,3,,
5.095377e+05,"Ma(d1,d2,d3,d5)",4D,open,3,-3,2,0,-3,,
5.095377e+05,"Ma(d1,d2,d3,d5)",4D,open,3,-3,2,0,-2,,
5.095377e+05,"Ma(d1,d2,d3,d5)",4D,open,3,-3,2,0,-1,,
5.095377e+05,"Ma(d1,d2,d3)",3D,open,3,-3,2,0,0,,
5.095377e+05,"Ma(d1,d2,d3,d5)",4D,open,3,-3,2,0,1,,
5.095377e+05,"Ma(d1,d2,d3,d5)",4D,open,3,-3,2,0,2,,
5.095377e+05,"Ma(d1,d2,d3,d5)",4D,open,3,-3,2,0,3,,
5.095377e+05,"Ma(d1,d2,d3,d5)",4D,open,3,3,-2,0,-3,,
5.095377e+05,"Ma(d1,d2,d3,d5)",4D,open,3,3,-2,0,-2,,
5.095377e+05,"Ma(d1,d2,d3,d5)",4D,open,3,3,-2,0,-1,,
5.095377e+05,"Ma(d1,d2,d3)",3D,open,3,3,-2,0,0,,
5.095377e+05,"Ma(d1,d2,d3,d5)",4D,open,3,3,-2,0,1,,
5.095377e+05,"Ma(d1,d2,d3,d5)",4D,open,3,3,-2,0,2,,
5.095377e+05,"Ma(d1,d2,d3,d5)",4D,open,3,3,-2,0,3,,
5.095377e+05,"Ma(d1,d2,d3,d5)",4D,open,3,3,2,0,-3,,
5.095377e+05,"Ma(d1,d2,d3,d5)",4D,open,3,3,2,0,-2,,
5.095377e+05,"Ma(d1,d2,d3,d5)",4D,open,3,3,2,0,-1,,
5.095377e+05,"Ma(d1,d2,d3)",3D,open,3,3,2,0,0,,
5.095377e+05,"Ma(d1,d2,d3,d5)",4D,open,3,3,2,0,1,,
5.095377e+05,"Ma(d1,d2,d3,d5)",4D,open,3,3,2,0,2,,
5.095377e+05,"Ma(d1,d2,d3,d5)",4D,open,3,3,2,0,3,,
5.095377e+05,"Ma(d1,d2,d3,d4,d5)",5D,open,-3,-3,-2,-1,-3,,
5.095377e+05,"Ma(d1,d2,d3,d4,d5)",5D,open,-3,-3,-2,-1,-2,,
5.095377e+05,"Ma(d1,d2,d3,d4,d5)",5D,open,-3,-3,-2,-1,-1,,
5.095377e+05,"Ma(d1,d2,d3,d4)",4D,open,-3,-3,-2,-1,0,,
5.095377e+05,"Ma(d1,d2,d3,d4,d5)",5D,open,-3,-3,-2,-1,1,,
5.095377e+05,"Ma(d1,d2,d3,d4,d5)",5D,open,-3,-3,-2,-1,2,,
5.095377e+05,"Ma(d1,d2,d3,d4,d5)",5D,open,-3,-3,-2,-1,3,,
5.095377e+05,"Ma(d1,d2,d3,d4,d5)",5D,open,-3,-3,-2,1,-3,,
5.095377e+05,"Ma(d1,d2,d3,d4,d5)",5D,open,-3,-3,-2,1,-2,,
5.095377e+05,"Ma(d1,d2,d3,d4,d5)",5D,open,-3,-3,-2,1,-1,,
5.095377e+05,"Ma(d1,d2,d3,d4)",4D,open,-3,-3,-2,1,0,,
5.095377e+05,"Ma(d1,d2,d3,d4,d5)",5D,open,-3,-3,-2,1,1,,
5.095377e+05,"Ma(d1,d2,d3,d4,d5)",5D,open,-3,-3,-2,1,2,,
5.095377e+05,"Ma(d1,d2,d3,d4,d5)",5D,open,-3,-3,-2,1,3,,
5.095377e+05,"Ma(d1,d2,d3,d4,d5)",5D,open,-3,-3,2,-1,-3,,
5.095377e+05,"Ma(d1,d2,d3,d4,d5)",5D,open,-3,-3,2,-1,-2,,
5.095377e+05,"Ma(d1,d2,d3,d4,d5)",5D,open,-3,-3,2,-1,-1,,
5.095377e+05,"Ma(d1,d2,d3,d4)",4D,open,-3,-3,2,-1,0,,
5.095377e+05,"Ma(d1,d2,d3,d4,d5)",5D,open,-3,-3,2,-1,1,,
5.095377e+05,"Ma(d1,d2,d3,d4,d5)",5D,open,-3,-3,2,-1,2,,
5.095377e+05,"Ma(d1,d2,d3,d4,d5)",5D,open,-3,-3,2,-1,3,,
5.095377e+05,"Ma(d1,d2,d3,d4,d5)",5D,open,-3,-3,2,1,-3,,
5.095377e+05,"Ma(d1,d2,d3,d4,d5)",5D,open,-3,-3,2,1,-2,,
5.095377e+05,"Ma(d1,d2,d3,d4,d5)",5D,open,-3,-3,2,1,-1,,
5.095377e+05,"Ma(d1,d2,d3,d4)",4D,open,-3,-3,2,1,0,,
5.095377e+05,"Ma(d1,d2,d3,d4,d5)",5D,open,-3,-3,2,1,1,,
5.095377e+05,"Ma(d1,d2,d3,d4,d5)",5D,open,-3,-3,2,1,2,,
5.095377e+05,"Ma(d1,d2,d3,d4,d5)",5D,open,-3,-3,2,1,3,,
5.095377e+05,"Ma(d1,d2,d3,d4,d5)",5D,open,-3,3,-2,-1,-3,,
5.095377e+05,"Ma(d1,d2,d3,d4,d5)",5D,open,-3,3,-2,-1,-2,,
5.095377e+05,"Ma(d1,d2,d3,d4,d5)",5D,open,-3,3,-2,-1,-1,,
5.095377e+05,"Ma(d1,d2,d3,d4)",4D,open,-3,3,-2,-1,0,,
5.095377e+05,"Ma(d1,d2,d3,d4,d5)",5D,open,-3,3,-2,-1,1,,
5.095377e+05,"Ma(d1,d2,d3,d4,d5)",5D,open,-3,3,-2,-1,2,,
5.095377e+05,"Ma(d1,d2,d3,d4,d5)",5D,open,-3,3,-2,-1,3,,
5.095377e+05,"Ma(d1,d2,d3,d4,d5)",5D,open,-3,3,-2,1,-3,,
5.095377e+05,"Ma(d1,d2,d3,d4,d5)",5D,open,-3,3,-2,1,-2,,
5.095377e+05,"Ma(d1,d2,d3,d4,d5)",5D,open,-3,3,-2,1,-1,,
5.095377e+05,"Ma(d1,d2,d3,d4)",4D,open,-3,3,-2,1,0,,
5.095377e+05,"Ma(d1,d2,d3,d4,d5)",5D,open,-3,3,-2,1,1,,
5.095377e+05,"Ma(d1,d2,d3,d4,d5)",5D,open,-3,3,-2,1,2,,
5.095377e+05,"Ma(d1,d2,d3,d4,d5)",5D,open,-3,3,-2,1,3,,
5.095377e+05,"Ma(d1,d2,d3,d4,d5)",5D,open,-3,3,2,-1,-3,,
5.095377e+05,"Ma(d1,d2,d3,d4,d5)",5D,open,-3,3,2,-1,-2,,
5.095377e+05,"Ma(d1,d2,d3,d4,d5)",5D,open,-3,3,2,-1,-1,,
5.095377e+05,"Ma(d1,d2,d3,d4)",4D,open,-3,3,2,-1,0,,
5.095377e+05,"Ma(d1,d2,d3,d4,d5)",5D,open,-3,3,2,-1,1,,
5.095377e+05,"Ma(d1,d2,d3,d4,d5)",5D,open,-3,3,2,-1,2,,
5.095377e+05,"Ma(d1,d2,d3,d4,d5)",5D,open,-3,3,2,-1,3,,
5.095377e+05,"Ma(d1,d2,d3,d4,d5)",5D,open,-3,3,2,1,-3,,
5.095377e+05,"Ma(d1,d2,d3,d4,d5)",5D,open,-3,3,2,1,-2,,
5.095377e+05,"Ma(d1,d2,d3,d4,d5)",5D,open,-3,3,2,1,-1,,
5.095377e+05,"Ma(d1,d2,d3,d4)",4D,open,-3,3,2,1,0,,
5.095377e+05,"Ma(d1,d2,d3,d4,d5)",5D,open,-3,3,2,1,1,,
5.095377e+05,"Ma(d1,d2,d3,d4,d5)",5D,open,-3,3,2,1,2,,
5.095377e+05,"Ma(d1,d2,d3,d4,d5)",5D,open,-3,3,2,1,3,,
5.095377e+05,"Ma(d1,d2,d3,d4,d5)",5D,open,3,-3,-2,-1,-3,,
5.095377e+05,"Ma(d1,d2,d3,d4,d5)",5D,open,3,-3,-2,-1,-2,,
5.095377e+05,"Ma(d1,d2,d3,d4,d5)",5D,open,3,-3,-2,-1,-1,,
5.095377e+05,"Ma(d1,d2,d3,d4)",4D,open,3,-3,-2,-1,0,,
5.095377e+05,"Ma(d1,d2,d3,d4,d5)",5D,open,3,-3,-2,-1,1,,
5.095377e+05,"Ma(d1,d2,d3,d4,d5)",5D,open,3,-3,-2,-1,2,,
5.095377e+05,"Ma(d1,d2,d3,d4,d5)",5D,open,3,-3,-2,-1,3,,
5.095377e+05,"Ma(d1,d2,d3,d4,d5)",5D,open,3,-3,-2,1,-3,,
5.095377e+05,"Ma(d1,d2,d3,d4,d5)",5D,open,3,-3,-2,1,-2,,
5.095377e+05,"Ma(d1,d2,d3,d4,d5)",5D,open,3,-3,-2,1,-1,,
5.095377e+05,"Ma(d1,d2,d3,d4)",4D,open,3,-3,-2,1,0,,
5.095377e+05,"Ma(d1,d2,d3,d4,d5)",5D,open,3,-3,-2,1,1,,
5.095377e+05,"Ma(d1,d2,d3,d4,d5)",5D,open,3,-3,-2,1,2,,
5.095377e+05,"Ma(d1,d2,d3,d4,d5)",5D,open,3,-3,-2,1,3,,
5.095377e+05,"Ma(d1,d2,d3,d4,d5)",5D,open,3,-3,2,-1,-3,,
5.095377e+05,"Ma(d1,d2,d3,d4,d5)",5D,open,3,-3,2,-1,-2,,
5.095377e+05,"Ma(d1,d2,d3,d4,d5)",5D,open,3,-3,2,-1,-1,,
5.095377e+05,"Ma(d1,d2,d3,d4)",4D,open,3,-3,2,-1,0,,
5.095377e+05,"Ma(d1,d2,d3,d4,d5)",5D,open,3,-3,2,-1,1,,
5.095377e+05,"Ma(d1,d2,d3,d4,d5)",5D,open,3,-3,2,-1,2,,
5.095377e+05,"Ma(d1,d2,d3,d4,d5)",5D,open,3,-3,2,-1,3,,
5.095377e+05,"Ma(d1,d2,d3,d4,d5)",5D,open,3,-3,2,1,-3,,
5.095377e+05,"Ma(d1,d2,d3,d4,d5)",5D,open,3,-3,2,1,-2,,
5.095377e+05,"Ma(d1,d2,d3,d4,d5)",5D,open,3,-3,2,1,-1,,
5.095377e+05,"Ma(d1,d2,d3,d4)",4D,open,3,-3,2,1,0,,
5.095377e+05,"Ma(d1,d2,d3,d4,d5)",5D,open,3,-3,2,1,1,,
5.095377e+05,"Ma(d1,d2,d3,d4,d5)",5D,open,3,-3,2,1,2,,
5.095377e+05,"Ma(d1,d2,d3,d4,d5)",5D,open,3,-3,2,1,3,,
5.095377e+05,"Ma(d1,d2,d3,d4,d5)",5D,open,3,3,-2,-1,-3,,
5.095377e+05,"Ma(d1,d2,d3,d4,d5)",5D,open,3,3,-2,-1,-2,,
5.095377e+05,"Ma(d1,d2,d3,d4,d5)",5D,open,3,3,-2,-1,-1,,
5.095377e+05,"Ma(d1,d2,d3,d4)",4D,open,3,3,-2,-1,0,,
5.095377e+05,"Ma(d1,d2,d3,d4,d5)",5D,open,3,3,-2,-1,1,,
5.095377e+05,"Ma(d1,d2,d3,d4,d5)",5D,open,3,3,-2,-1,2,,
5.095377e+05,"Ma(d1,d2,d3,d4,d5)",5D,open,3,3,-2,-1,3,,
5.095377e+05,"Ma(d1,d2,d3,d4,d5)",5D,open,3,3,-2,1,-3,,
5.095377e+05,"Ma(d1,d2,d3,d4,d5)",5D,open,3,3,-2,1,-2,,
5.095377e+05,"Ma(d1,d2,d3,d4,d5)",5D,open,3,3,-2,1,-1,,
5.095377e+05,"Ma(d1,d2,d3,d4)",4D,open,3,3,-2,1,0,,
5.095377e+05,"Ma(d1,d2,d3,d4,d5)",5D,open,3,3,-2,1,1,,
5.095377e+05,"Ma(d1,d2,d3,d4,d5)",5D,open,3,3,-2,1,2,,
5.095377e+05,"Ma(d1,d2,d3,d4,d5)",5D,open,3,3,-2,1,3,,
5.095377e+05,"Ma(d1,d2,d3,d4,d5)",5D,open,3,3,2,-1,-3,,
5.095377e+05,"Ma(d1,d2,d3,d4,d5)",5D,open,3,3,2,-1,-2,,
5.095377e+05,"Ma(d1,d2,d3,d4,d5)",5D,open,3,3,2,-1,-1,,
5.095377e+05,"Ma(d1,d2,d3,d4)",4D,open,3,3,2,-1,0,,
5.095377e+05,"Ma(d1,d2,d3,d4,d5)",5D,open,3,3,2,-1,1,,
5.095377e+05,"Ma(d1,d2,d3,d4,d5)",5D,open,3,3,2,-1,2,,
5.095377e+05,"Ma(d1,d2,d3,d4,d5)",5D,open,3,3,2,-1,3,,
5.095377e+05,"Ma(d1,d2,d3,d4,d5)",5D,open,3,3,2,1,-3,,
5.095377e+05,"Ma(d1,d2,d3,d4,d5)",5D,open,3,3,2,1,-2,,
5.095377e+05,"Ma(d1,d2,d3,d4,d5)",5D,open,3,3,2,1,-1,,
5.095377e+05,"Ma(d1,d2,d3,d4)",4D,open,3,3,2,1,0,,
5.095377e+05,"Ma(d1,d2,d3,d4,d5)",5D,open,3,3,2,1,1,,
5.095377e+05,"Ma(d1,d2,d3,d4,d5)",5D,open,3,3,2,1,2,,
5.095377e+05,"Ma(d1,d2,d3,d4,d5)",5D,open,3,3,2,1,3,,
5.095377e+05,"Ma(d1,d2,d3,d4,d5)",5D,open,-3,-3,-2,-2,-3,,
5.095377e+05,"Ma(d1,d2,d3,d4,d5)",5D,open,-3,-3,-2,-2,-2,,
5.095377e+05,"Ma(d1,d2,d3,d4,d5)",5D,open,-3,-3,-2,-2,-1,,
5.095377e+05,"Ma(d1,d2,d3,d4)",4D,open,-3,-3,-2,-2,0,,
5.095377e+05,"Ma(d1,d2,d3,d4,d5)",5D,open,-3,-3,-2,-2,1,,
5.095377e+05,"Ma(d1,d2,d3,d4,d5)",5D,open,-3,-3,-2,-2,2,,
5.095377e+05,"Ma(d1,d2,d3,d4,d5)",5D,open,-3,-3,-2,-2,3,,
5.095377e+05,"Ma(d1,d2,d3,d4,d5)",5D,open,-3,-3,-2,2,-3,,
5.095377e+05,"Ma(d1,d2,d3,d4,d5)",5D,open,-3,-3,-2,2,-2,,
5.095377e+05,"Ma(d1,d2,d3,d4,d5)",5D,open,-3,-3,-2,2,-1,,
5.095377e+05,"Ma(d1,d2,d3,d4)",4D,open,-3,-3,-2,2,0,,
5.095377e+05,"Ma(d1,d2,d3,d4,d5)",5D,open,-3,-3,-2,2,1,,
5.095377e+05,"Ma(d1,d2,d3,d4,d5)",5D,open,-3,-3,-2,2,2,,
5.095377e+05,"Ma(d1,d2,d3,d4,d5)",5D,open,-3,-3,-2,2,3,,
5.095377e+05,"Ma(d1,d2,d3,d4,d5)",5D,open,-3,-3,2,-2,-3,,
5.095377e+05,"Ma(d1,d2,d3,d4,d5)",5D,open,-3,-3,2,-2,-2,,
5.095377e+05,"Ma(d1,d2,d3,d4,d5)",5D,open,-3,-3,2,-2,-1,,
5.095377e+05,"Ma(d1,d2,d3,d4)",4D,open,-3,-3,2,-2,0,,
5.095377e+05,"Ma(d1,d2,d3,d4,d5)",5D,open,-3,-3,2,-2,1,,
5.095377e+05,"Ma(d1,d2,d3,d4,d5)",5D,open,-3,-3,2,-2,2,,
5.095377e+05,"Ma(d1,d2,d3,d4,d5)",5D,open,-3,-3,2,-2,3,,
5.095377e+05,"Ma(d1,d2,d3,d4,d5)",5D,open,-3,-3,2,2,-3,,
5.095377e+05,"Ma(d1,d2,d3,d4,d5)",5D,open,-3,-3,2,2,-2,,
5.095377e+05,"Ma(d1,d2,d3,d4,d5)",5D,open,-3,-3,2,2,-1,,
5.095377e+05,"Ma(d1,d2,d3,d4)",4D,open,-3,-3,2,2,0,,
5.095377e+05,"Ma(d1,d2,d3,d4,d5)",5D,open,-3,-3,2,2,1,,
5.095377e+05,"Ma(d1,d2,d3,d4,d5)",5D,open,-3,-3,2,2,2,,
5.095377e+05,"Ma(d1,d2,d3,d4,d5)",5D,open,-3,-3,2,2,3,,
5.095377e+05,"Ma(d1,d2,d3,d4,d5)",5D,open,-3,3,-2,-2,-3,,
5.095377e+05,"Ma(d1,d2,d3,d4,d5)",5D,open,-3,3,-2,-2,-2,,
5.095377e+05,"Ma(d1,d2,d3,d4,d5)",5D,open,-3,3,-2,-2,-1,,
5.095377e+05,"Ma(d1,d2,d3,d4)",4D,open,-3,3,-2,-2,0,,
5.095377e+05,"Ma(d1,d2,d3,d4,d5)",5D,open,-3,3,-2,-2,1,,
5.095377e+05,"Ma(d1,d2,d3,d4,d5)",5D,open,-3,3,-2,-2,2,,
5.095377e+05,"Ma(d1,d2,d3,d4,d5)",5D,open,-3,3,-2,-2,3,,
5.095377e+05,"Ma(d1,d2,d3,d4,d5)",5D,open,-3,3,-2,2,-3,,
5.095377e+05,"Ma(d1,d2,d3,d4,d5)",5D,open,-3,3,-2,2,-2,,
5.095377e+05,"Ma(d1,d2,d3,d4,d5)",5D,open,-3,3,-2,2,-1,,
5.095377e+05,"Ma(d1,d2,d3,d4)",4D,open,-3,3,-2,2,0,,
5.095377e+05,"Ma(d1,d2,d3,d4,d5)",5D,open,-3,3,-2,2,1,,
5.095377e+05,"Ma(d1,d2,d3,d4,d5)",5D,open,-3,3,-2,2,2,,
5.095377e+05,"Ma(d1,d2,d3,d4,d5)",5D,open,-3,3,-2,2,3,,
5.095377e+05,"Ma(d1,d2,d3,d4,d5)",5D,open,-3,3,2,-2,-3,,
5.095377e+05,"Ma(d1,d2,d3,d4,d5)",5D,open,-3,3,2,-2,-2,,
5.095377e+05,"Ma(d1,d2,d3,d4,d5)",5D,open,-3,3,2,-2,-1,,
5.095377e+05,"Ma(d1,d2,d3,d4)",4D,open,-3,3,2,-2,0,,
5.095377e+05,"Ma(d1,d2,d3,d4,d5)",5D,open,-3,3,2,-2,1,,
5.095377e+05,"Ma(d1,d2,d3,d4,d5)",5D,open,-3,3,2,-2,2,,
5.095377e+05,"Ma(d1,d2,d3,d4,d5)",5D,open,-3,3,2,-2,3,,
5.095377e+05,"Ma(d1,d2,d3,d4,d5)",5D,open,-3,3,2,2,-3,,
5.095377e+05,"Ma(d1,d2,d3,d4,d5)",5D,open,-3,3,2,2,-2,,
5.095377e+05,"Ma(d1,d2,d3,d4,d5)",5D,open,-3,3,2,2,-1,,
5.095377e+05,"Ma(d1,d2,d3,d4)",4D,open,-3,3,2,2,0,,
5.095377e+05,"Ma(d1,d2,d3,d4,d5)",5D,open,-3,3,2,2,1,,
5.095377e+05,"Ma(d1,d2,d3,d4,d5)",5D,open,-3,3,2,2,2,,
5.095377e+05,"Ma(d1,d2,d3,d4,d5)",5D,open,-3,3,2,2,3,,
5.095377e+05,"Ma(d1,d2,d3,d4,d5)",5D,open,3,-3,-2,-2,-3,,
5.095377e+05,"Ma(d1,d2,d3,d4,d5)",5D,open,3,-3,-2,-2,-2,,
5.095377e+05,"Ma(d1,d2,d3,d4,d5)",5D,open,3,-3,-2,-2,-1,,
5.095377e+05,"Ma(d1,d2,d3,d4)",4D,open,3,-3,-2,-2,0,,
5.095377e+05,"Ma(d1,d2,d3,d4,d5)",5D,open,3,-3,-2,-2,1,,
5.095377e+05,"Ma(d1,d2,d3,d4,d5)",5D,open,3,-3,-2,-2,2,,
5.095377e+05,"Ma(d1,d2,d3,d4,d5)",5D,open,3,-3,-2,-2,3,,
5.095377e+05,"Ma(d1,d2,d3,d4,d5)",5D,open,3,-3,-2,2,-3,,
5.095377e+05,"Ma(d1,d2,d3,d4,d5)",5D,open,3,-3,-2,2,-2,,
5.095377e+05,"Ma(d1,d2,d3,d4,d5)",5D,open,3,-3,-2,2,-1,,
5.095377e+05,"Ma(d1,d2,d3,d4)",4D,open,3,-3,-2,2,0,,
5.095377e+05,"Ma(d1,d2,d3,d4,d5)",5D,open,3,-3,-2,2,1,,
5.095377e+05,"Ma(d1,d2,d3,d4,d5)",5D,open,3,-3,-2,2,2,,
5.095377e+05,"Ma(d1,d2,d3,d4,d5)",5D,open,3,-3,-2,2,3,,
5.095377e+05,"Ma(d1,d2,d3,d4,d5)",5D,open,3,-3,2,-2,-3,,
5.095377e+05,"Ma(d1,d2,d3,d4,d5)",5D,open,3,-3,2,-2,-2,,
5.095377e+05,"Ma(d1,d2,d3,d4,d5)",5D,open,3,-3,2,-2,-1,,
5.095377e+05,"Ma(d1,d2,d3,d4)",4D,open,3,-3,2,-2,0,,
5.095377e+05,"Ma(d1,d2,d3,d4,d5)",5D,open,3,-3,2,-2,1,,
5.095377e+05,"Ma(d1,d2,d3,d4,d5)",5D,open,3,-3,2,-2,2,,
5.095377e+05,"Ma(d1,d2,d3,d4,d5)",5D,open,3,-3,2,-2,3,,
5.095377e+05,"Ma(d1,d2,d3,d4,d5)",5D,open,3,-3,2,2,-3,,
5.095377e+05,"Ma(d1,d2,d3,d4,d5)",5D,open,3,-3,2,2,-2,,
5.095377e+05,"Ma(d1,d2,d3,d4,d5)",5D,open,3,-3,2,2,-1,,
5.095377e+05,"Ma(d1,d2,d3,d4)",4D,open,3,-3,2,2,0,,
5.095377e+05,"Ma(d1,d2,d3,d4,d5)",5D,open,3,-3,2,2,1,,
5.095377e+05,"Ma(d1,d2,d3,d4,d5)",5D,open,3,-3,2,2,2,,
5.095377e+05,"Ma(d1,d2,d3,d4,d5)",5D,open,3,-3,2,2,3,,
5.095377e+05,"Ma(d1,d2,d3,d4,d5)",5D,open,3,3,-2,-2,-3,,
5.095377e+05,"Ma(d1,d2,d3,d4,d5)",5D,open,3,3,-2,-2,-2,,
5.095377e+05,"Ma(d1,d2,d3,d4,d5)",5D,open,3,3,-2,-2,-1,,
5.095377e+05,"Ma(d1,d2,d3,d4)",4D,open,3,3,-2,-2,0,,
5.095377e+05,"Ma(d1,d2,d3,d4,d5)",5D,open,3,3,-2,-2,1,,
5.095377e+05,"Ma(d1,d2,d3,d4,d5)",5D,open,3,3,-2,-2,2,,
5.095377e+05,"Ma(d1,d2,d3,d4,d5)",5D,open,3,3,-2,-2,3,,
5.095377e+05,"Ma(d1,d2,d3,d4,d5)",5D,open,3,3,-2,2,-3,,
5.095377e+05,"Ma(d1,d2,d3,d4,d5)",5D,open,3,3,-2,2,-2,,
5.095377e+05,"Ma(d1,d2,d3,d4,d5)",5D,open,3,3,-2,2,-1,,
5.095377e+05,"Ma(d1,d2,d3,d4)",4D,open,3,3,-2,2,0,,
5.095377e+05,"Ma(d1,d2,d3,d4,d5)",5D,open,3,3,-2,2,1,,
5.095377e+05,"Ma(d1,d2,d3,d4,d5)",5D,open,3,3,-2,2,2,,
5.095377e+05,"Ma(d1,d2,d3,d4,d5)",5D,open,3,3,-2,2,3,,
5.095377e+05,"Ma(d1,d2,d3,d4,d5)",5D,open,3,3,2,-2,-3,,
5.095377e+05,"Ma(d1,d2,d3,d4,d5)",5D,open,3,3,2,-2,-2,,
5.095377e+05,"Ma(d1,d2,d3,d4,d5)",5D,open,3,3,2,-2,-1,,
5.095377e+05,"Ma(d1,d2,d3,d4)",4D,open,3,3,2,-2,0,,
5.095377e+05,"Ma(d1,d2,d3,d4,d5)",5D,open,3,3,2,-2,1,,
5.095377e+05,"Ma(d1,d2,d3,d4,d5)",5D,open,3,3,2,-2,2,,
5.095377e+05,"Ma(d1,d2,d3,d4,d5)",5D,open,3,3,2,-2,3,,
5.095377e+05,"Ma(d1,d2,d3,d4,d5)",5D,open,3,3,2,2,-3,,
5.095377e+05,"Ma(d1,d2,d3,d4,d5)",5D,open,3,3,2,2,-2,,
5.095377e+05,"Ma(d1,d2,d3,d4,d5)",5D,open,3,3,2,2,-1,,
5.095377e+05,"Ma(d1,d2,d3,d4)",4D,open,3,3,2,2,0,,
5.095377e+05,"Ma(d1,d2,d3,d4,d5)",5D,open,3,3,2,2,1,,
5.095377e+05,"Ma(d1,d2,d3,d4,d5)",5D,open,3,3,2,2,2,,
5.095377e+05,"Ma(d1,d2,d3,d4,d5)",5D,open,3,3,2,2,3,,
5.095377e+05,"Ma(d1,d2,d3,d4,d5)",5D,open,-3,-3,-2,-3,-3,,
5.095377e+05,"Ma(d1,d2,d3,d4,d5)",5D,open,-3,-3,-2,-3,-2,,
5.095377e+05,"Ma(d1,d2,d3,d4,d5)",5D,open,-3,-3,-2,-3,-1,,
5.095377e+05,"Ma(d1,d2,d3,d4)",4D,open,-3,-3,-2,-3,0,,
5.095377e+05,"Ma(d1,d2,d3,d4,d5)",5D,open,-3,-3,-2,-3,1,,
5.095377e+05,"Ma(d1,d2,d3,d4,d5)",5D,open,-3,-3,-2,-3,2,,
5.095377e+05,"Ma(d1,d2,d3,d4,d5)",5D,open,-3,-3,-2,-3,3,,
5.095377e+05,"Ma(d1,d2,d3,d4,d5)",5D,open,-3,-3,-2,3,-3,,
5.095377e+05,"Ma(d1,d2,d3,d4,d5)",5D,open,-3,-3,-2,3,-2,,
5.095377e+05,"Ma(d1,d2,d3,d4,d5)",5D,open,-3,-3,-2,3,-1,,
5.095377e+05,"Ma(d1,d2,d3,d4)",4D,open,-3,-3,-2,3,0,,
5.095377e+05,"Ma(d1,d2,d3,d4,d5)",5D,open,-3,-3,-2,3,1,,
5.095377e+05,"Ma(d1,d2,d3,d4,d5)",5D,open,-3,-3,-2,3,2,,
5.095377e+05,"Ma(d1,d2,d3,d4,d5)",5D,open,-3,-3,-2,3,3,,
5.095377e+05,"Ma(d1,d2,d3,d4,d5)",5D,open,-3,-3,2,-3,-3,,
5.095377e+05,"Ma(d1,d2,d3,d4,d5)",5D,open,-3,-3,2,-3,-2,,
5.095377e+05,"Ma(d1,d2,d3,d4,d5)",5D,open,-3,-3,2,-3,-1,,
5.095377e+05,"Ma(d1,d2,d3,d4)",4D,open,-3,-3,2,-3,0,,
5.095377e+05,"Ma(d1,d2,d3,d4,d5)",5D,open,-3,-3,2,-3,1,,
5.095377e+05,"Ma(d1,d2,d3,d4,d5)",5D,open,-3,-3,2,-3,2,,
5.095377e+05,"Ma(d1,d2,d3,d4,d5)",5D,open,-3,-3,2,-3,3,,
5.095377e+05,"Ma(d1,d2,d3,d4,d5)",5D,open,-3,-3,2,3,-3,,
5.095377e+05,"Ma(d1,d2,d3,d4,d5)",5D,open,-3,-3,2,3,-2,,
5.095377e+05,"Ma(d1,d2,d3,d4,d5)",5D,open,-3,-3,2,3,-1,,
5.095377e+05,"Ma(d1,d2,d3,d4)",4D,open,-3,-3,2,3,0,,
5.095377e+05,"Ma(d1,d2,d3,d4,d5)",5D,open,-3,-3,2,3,1,,
5.095377e+05,"Ma(d1,d2,d3,d4,d5)",5D,open,-3,-3,2,3,2,,
5.095377e+05,"Ma(d1,d2,d3,d4,d5)",5D,open,-3,-3,2,3,3,,
5.095377e+05,"Ma(d1,d2,d3,d4,d5)",5D,open,-3,3,-2,-3,-3,,
5.095377e+05,"Ma(d1,d2,d3,d4,d5)",5D,open,-3,3,-2,-3,-2,,
5.095377e+05,"Ma(d1,d2,d3,d4,d5)",5D,open,-3,3,-2,-3,-1,,
5.095377e+05,"Ma(d1,d2,d3,d4)",4D,open,-3,3,-2,-3,0,,
5.095377e+05,"Ma(d1,d2,d3,d4,d5)",5D,open,-3,3,-2,-3,1,,
5.095377e+05,"Ma(d1,d2,d3,d4,d5)",5D,open,-3,3,-2,-3,2,,
5.095377e+05,"Ma(d1,d2,d3,d4,d5)",5D,open,-3,3,-2,-3,3,,
5.095377e+05,"Ma(d1,d2,d3,d4,d5)",5D,open,-3,3,-2,3,-3,,
5.095377e+05,"Ma(d1,d2,d3,d4,d5)",5D,open,-3,3,-2,3,-2,,
5.095377e+05,"Ma(d1,d2,d3,d4,d5)",5D,open,-3,3,-2,3,-1,,
5.095377e+05,"Ma(d1,d2,d3,d4)",4D,open,-3,3,-2,3,0,,
5.095377e+05,"Ma(d1,d2,d3,d4,d5)",5D,open,-3,3,-2,3,1,,
5.095377e+05,"Ma(d1,d2,d3,d4,d5)",5D,open,-3,3,-2,3,2,,
5.095377e+05,"Ma(d1,d2,d3,d4,d5)",5D,open,-3,3,-2,3,3,,
5.095377e+05,"Ma(d1,d2,d3,d4,d5)",5D,open,-3,3,2,-3,-3,,
5.095377e+05,"Ma(d1,d2,d3,d4,d5)",5D,open,-3,3,2,-3,-2,,
5.095377e+05,"Ma(d1,d2,d3,d4,d5)",5D,open,-3,3,2,-3,-1,,
5.095377e+05,"Ma(d1,d2,d3,d4)",4D,open,-3,3,2,-3,0,,
5.095377e+05,"Ma(d1,d2,d3,d4,d5)",5D,open,-3,3,2,-3,1,,
5.095377e+05,"Ma(d1,d2,d3,d4,d5)",5D,open,-3,3,2,-3,2,,
5.095377e+05,"Ma(d1,d2,d3,d4,d5)",5D,open,-3,3,2,-3,3,,
5.095377e+05,"Ma(d1,d2,d3,d4,d5)",5D,open,-3,3,2,3,-3,,
5.095377e+05,"Ma(d1,d2,d3,d4,d5)",5D,open,-3,3,2,3,-2,,
5.095377e+05,"Ma(d1,d2,d3,d4,d5)",5D,open,-3,3,2,3,-1,,
5.095377e+05,"Ma(d1,d2,d3,d4)",4D,open,-3,3,2,3,0,,
5.095377e+05,"Ma(d1,d2,d3,d4,d5)",5D,open,-3,3,2,3,1,,
5.095377e+05,"Ma(d1,d2,d3,d4,d5)",5D,open,-3,3,2,3,2,,
5.095377e+05,"Ma(d1,d2,d3,d4,d5)",5D,open,-3,3,2,3,3,,
5.095377e+05,"Ma(d1,d2,d3,d4,d5)",5D,open,3,-3,-2,-3,-3,,
5.095377e+05,"Ma(d1,d2,d3,d4,d5)",5D,open,3,-3,-2,-3,-2,,
5.095377e+05,"Ma(d1,d2,d3,d4,d5)",5D,open,3,-3,-2,-3,-1,,
5.095377e+05,"Ma(d1,d2,d3,d4)",4D,open,3,-3,-2,-3,0,,
5.095377e+05,"Ma(d1,d2,d3,d4,d5)",5D,open,3,-3,-2,-3,1,,
5.095377e+05,"Ma(d1,d2,d3,d4,d5)",5D,open,3,-3,-2,-3,2,,
5.095377e+05,"Ma(d1,d2,d3,d4,d5)",5D,open,3,-3,-2,-3,3,,
5.095377e+05,"Ma(d1,d2,d3,d4,d5)",5D,open,3,-3,-2,3,-3,,
5.095377e+05,"Ma(d1,d2,d3,d4,d5)",5D,open,3,-3,-2,3,-2,,
5.095377e+05,"Ma(d1,d2,d3,d4,d5)",5D,open,3,-3,-2,3,-1,,
5.095377e+05,"Ma(d1,d2,d3,d4)",4D,open,3,-3,-2,3,0,,
5.095377e+05,"Ma(d1,d2,d3,d4,d5)",5D,open,3,-3,-2,3,1,,
5.095377e+05,"Ma(d1,d2,d3,d4,d5)",5D,open,3,-3,-2,3,2,,
5.095377e+05,"Ma(d1,d2,d3,d4,d5)",5D,open,3,-3,-2,3,3,,
5.095377e+05,"Ma(d1,d2,d3,d4,d5)",5D,open,3,-3,2,-3,-3,,
5.095377e+05,"Ma(d1,d2,d3,d4,d5)",5D,open,3,-3,2,-3,-2,,
5.095377e+05,"Ma(d1,d2,d3,d4,d5)",5D,open,3,-3,2,-3,-1,,
5.095377e+05,"Ma(d1,d2,d3,d4)",4D,open,3,-3,2,-3,0,,
5.095377e+05,"Ma(d1,d2,d3,d4,d5)",5D,open,3,-3,2,-3,1,,
5.095377e+05,"Ma(d1,d2,d3,d4,d5)",5D,open,3,-3,2,-3,2,,
5.095377e+05,"Ma(d1,d2,d3,d4,d5)",5D,open,3,-3,2,-3,3,,
5.095377e+05,"Ma(d1,d2,d3,d4,d5)",5D,open,3,-3,2,3,-3,,
5.095377e+05,"Ma(d1,d2,d3,d4,d5)",5D,open,3,-3,2,3,-2,,
5.095377e+05,"Ma(d1,d2,d3,d4,d5)",5D,open,3,-3,2,3,-1,,
5.095377e+05,"Ma(d1,d2,d3,d4)",4D,open,3,-3,2,3,0,,
5.095377e+05,"Ma(d1,d2,d3,d4,d5)",5D,open,3,-3,2,3,1,,
5.095377e+05,"Ma(d1,d2,d3,d4,d5)",5D,open,3,-3,2,3,2,,
5.095377e+05,"Ma(d1,d2,d3,d4,d5)",5D,open,3,-3,2,3,3,,
5.095377e+05,"Ma(d1,d2,d3,d4,d5)",5D,open,3,3,-2,-3,-3,,
5.095377e+05,"Ma(d1,d2,d3,d4,d5)",5D,open,3,3,-2,-3,-2,,
5.095377e+05,"Ma(d1,d2,d3,d4,d5)",5D,open,3,3,-2,-3,-1,,
5.095377e+05,"Ma(d1,d2,d3,d4)",4D,open,3,3,-2,-3,0,,
5.095377e+05,"Ma(d1,d2,d3,d4,d5)",5D,open,3,3,-2,-3,1,,
5.095377e+05,"Ma(d1,d2,d3,d4,d5)",5D,open,3,3,-2,-3,2,,
5.095377e+05,"Ma(d1,d2,d3,d4,d5)",5D,open,3,3,-2,-3,3,,
5.095377e+05,"Ma(d1,d2,d3,d4,d5)",5D,open,3,3,-2,3,-3,,
5.095377e+05,"Ma(d1,d2,d3,d4,d5)",5D,open,3,3,-2,3,-2,,
5.095377e+05,"Ma(d1,d2,d3,d4,d5)",5D,open,3,3,-2,3,-1,,
5.095377e+05,"Ma(d1,d2,d3,d4)",4D,open,3,3,-2,3,0,,
5.095377e+05,"Ma(d1,d2,d3,d4,d5)",5D,open,3,3,-2,3,1,,
5.095377e+05,"Ma(d1,d2,d3,d4,d5)",5D,open,3,3,-2,3,2,,
5.095377e+05,"Ma(d1,d2,d3,d4,d5)",5D,open,3,3,-2,3,3,,
5.095377e+05,"Ma(d1,d2,d3,d4,d5)",5D,open,3,3,2,-3,-3,,
5.095377e+05,"Ma(d1,d2,d3,d4,d5)",5D,open,3,3,2,-3,-2,,
5.095377e+05,"Ma(d1,d2,d3,d4,d5)",5D,open,3,3,2,-3,-1,,
5.095377e+05,"Ma(d1,d2,d3,d4)",4D,open,3,3,2,-3,0,,
5.095377e+05,"Ma(d1,d2,d3,d4,d5)",5D,open,3,3,2,-3,1,,
5.095377e+05,"Ma(d1,d2,d3,d4,d5)",5D,open,3,3,2,-3,2,,
5.095377e+05,"Ma(d1,d2,d3,d4,d5)",5D,open,3,3,2,-3,3,,
5.095377e+05,"Ma(d1,d2,d3,d4,d5)",5D,open,3,3,2,3,-3,,
5.095377e+05,"Ma(d1,d2,d3,d4,d5)",5D,open,3,3,2,3,-2,,
5.095377e+05,"Ma(d1,d2,d3,d4,d5)",5D,open,3,3,2,3,-1,,
5.095377e+05,"Ma(d1,d2,d3,d4)",4D,open,3,3,2,3,0,,
5.095377e+05,"Ma(d1,d2,d3,d4,d5)",5D,open,3,3,2,3,1,,
5.095377e+05,"Ma(d1,d2,d3,d4,d5)",5D,open,3,3,2,3,2,,
5.095377e+05,"Ma(d1,d2,d3,d4,d5)",5D,open,3,3,2,3,3,,
5.095377e+05,"Ma(d1,d2,d3,d5)",4D,open,-3,-3,-3,0,-3,,
5.095377e+05,"Ma(d1,d2,d3,d5)",4D,open,-3,-3,-3,0,-2,,
5.095377e+05,"Ma(d1,d2,d3,d5)",4D,open,-3,-3,-3,0,-1,,
5.095377e+05,"Ma(d1,d2,d3)",3D,open,-3,-3,-3,0,0,,
5.095377e+05,"Ma(d1,d2,d3,d5)",4D,open,-3,-3,-3,0,1,,
5.095377e+05,"Ma(d1,d2,d3,d5)",4D,open,-3,-3,-3,0,2,,
5.095377e+05,"Ma(d1,d2,d3,d5)",4D,open,-3,-3,-3,0,3,,
5.095377e+05,"Ma(d1,d2,d3,d5)",4D,open,-3,-3,3,0,-3,,
5.095377e+05,"Ma(d1,d2,d3,d5)",4D,open,-3,-3,3,0,-2,,
5.095377e+05,"Ma(d1,d2,d3,d5)",4D,open,-3,-3,3,0,-1,,
5.095377e+05,"Ma(d1,d2,d3)",3D,open,-3,-3,3,0,0,,
5.095377e+05,"Ma(d1,d2,d3,d5)",4D,open,-3,-3,3,0,1,,
5.095377e+05,"Ma(d1,d2,d3,d5)",4D,open,-3,-3,3,0,2,,
5.095377e+05,"Ma(d1,d2,d3,d5)",4D,open,-3,-3,3,0,3,,
5.095377e+05,"Ma(d1,d2,d3,d5)",4D,open,-3,3,-3,0,-3,,
5.095377e+05,"Ma(d1,d2,d3,d5)",4D,open,-3,3,-3,0,-2,,
5.095377e+05,"Ma(d1,d2,d3,d5)",4D,open,-3,3,-3,0,-1,,
5.095377e+05,"Ma(d1,d2,d3)",3D,open,-3,3,-3,0,0,,
5.095377e+05,"Ma(d1,d2,d3,d5)",4D,open,-3,3,-3,0,1,,
5.095377e+05,"Ma(d1,d2,d3,d5)",4D,open,-3,3,-3,0,2,,
5.095377e+05,"Ma(d1,d2,d3,d5)",4D,open,-3,3,-3,0,3,,
5.095377e+05,"Ma(d1,d2,d3,d5)",4D,open,-3,3,3,0,-3,,
5.095377e+05,"Ma(d1,d2,d3,d5)",4D,open,-3,3,3,0,-2,,
5.095377e+05,"Ma(d1,d2,d3,d5)",4D,open,-3,3,3,0,-1,,
5.095377e+05,"Ma(d1,d2,d3)",3D,open,-3,3,3,0,0,,
5.095377e+05,"Ma(d1,d2,d3,d5)",4D,open,-3,3,3,0,1,,
5.095377e+05,"Ma(d1,d2,d3,d5)",4D,open,-3,3,3,0,2,,
5.095377e+05,"Ma(d1,d2,d3,d5)",4D,open,-3,3,3,0,3,,
5.095377e+05,"Ma(d1,d2,d3,d5)",4D,open,3,-3,-3,0,-3,,
5.095377e+05,"Ma(d1,d2,d3,d5)",4D,open,3,-3,-3,0,-2,,
5.095377e+05,"Ma(d1,d2,d3,d5)",4D,open,3,-3,-3,0,-1,,
5.095377e+05,"Ma(d1,d2,d3)",3D,open,3,-3,-3,0,0,,
5.095377e+05,"Ma(d1,d2,d3,d5)",4D,open,3,-3,-3,0,1,,
5.095377e+05,"Ma(d1,d2,d3,d5)",4D,open,3,-3,-3,0,2,,
5.095377e+05,"Ma(d1,d2,d3,d5)",4D,open,3,-3,-3,0,3,,
5.095377e+05,"Ma(d1,d2,d3,d5)",4D,open,3,-3,3,0,-3,,
5.095377e+05,"Ma(d1,d2,d3,d5)",4D,open,3,-3,3,0,-2,,
5.095377e+05,"Ma(d1,d2,d3,d5)",4D,open,3,-3,3,0,-1,,
5.095377e+05,"Ma(d1,d2,d3)",3D,open,3,-3,3,0,0,,
5.095377e+05,"Ma(d1,d2,d3,d5)",4D,open,3,-3,3,0,1,,
5.095377e+05,"Ma(d1,d2,d3,d5)",4D,open,3,-3,3,0,2,,
5.095377e+05,"Ma(d1,d2,d3,d5)",4D,open,3,-3,3,0,3,,
5.095377e+05,"Ma(d1,d2,d3,d5)",4D,open,3,3,-3,0,-3,,
5.095377e+05,"Ma(d1,d2,d3,d5)",4D,open,3,3,-3,0,-2,,
5.095377e+05,"Ma(d1,d2,d3,d5)",4D,open,3,3,-3,0,-1,,
5.095377e+05,"Ma(d1,d2,d3)",3D,open,3,3,-3,0,0,,
5.095377e+05,"Ma(d1,d2,d3,d5)",4D,open,3,3,-3,0,1,,
5.095377e+05,"Ma(d1,d2,d3,d5)",4D,open,3,3,-3,0,2,,
5.095377e+05,"Ma(d1,d2,d3,d5)",4D,open,3,3,-3,0,3,,
5.095377e+05,"Ma(d1,d2,d3,d5)",4D,open,3,3,3,0,-3,,
5.095377e+05,"Ma(d1,d2,d3,d5)",4D,open,3,3,3,0,-2,,
5.095377e+05,"Ma(d1,d2,d3,d5)",4D,open,3,3,3,0,-1,,
5.095377e+05,"Ma(d1,d2,d3)",3D,open,3,3,3,0,0,,
5.095377e+05,"Ma(d1,d2,d3,d5)",4D,open,3,3,3,0,1,,
5.095377e+05,"Ma(d1,d2,d3,d5)",4D,open,3,3,3,0,2,,
5.095377e+05,"Ma(d1,d2,d3,d5)",4D,open,3,3,3,0,3,,
5.095377e+05,"Ma(d1,d2,d3,d4,d5)",5D,open,-3,-3,-3,-1,-3,,
5.095377e+05,"Ma(d1,d2,d3,d4,d5)",5D,open,-3,-3,-3,-1,-2,,
5.095377e+05,"Ma(d1,d2,d3,d4,d5)",5D,open,-3,-3,-3,-1,-1,,
5.095377e+05,"Ma(d1,d2,d3,d4)",4D,open,-3,-3,-3,-1,0,,
5.095377e+05,"Ma(d1,d2,d3,d4,d5)",5D,open,-3,-3,-3,-1,1,,
5.095377e+05,"Ma(d1,d2,d3,d4,d5)",5D,open,-3,-3,-3,-1,2,,
5.095377e+05,"Ma(d1,d2,d3,d4,d5)",5D,open,-3,-3,-3,-1,3,,
5.095377e+05,"Ma(d1,d2,d3,d4,d5)",5D,open,-3,-3,-3,1,-3,,
5.095377e+05,"Ma(d1,d2,d3,d4,d5)",5D,open,-3,-3,-3,1,-2,,
5.095377e+05,"Ma(d1,d2,d3,d4,d5)",5D,open,-3,-3,-3,1,-1,,
5.095377e+05,"Ma(d1,d2,d3,d4)",4D,open,-3,-3,-3,1,0,,
5.095377e+05,"Ma(d1,d2,d3,d4,d5)",5D,open,-3,-3,-3,1,1,,
5.095377e+05,"Ma(d1,d2,d3,d4,d5)",5D,open,-3,-3,-3,1,2,,
5.095377e+05,"Ma(d1,d2,d3,d4,d5)",5D,open,-3,-3,-3,1,3,,
5.095377e+05,"Ma(d1,d2,d3,d4,d5)",5D,open,-3,-3,3,-1,-3,,
5.095377e+05,"Ma(d1,d2,d3,d4,d5)",5D,open,-3,-3,3,-1,-2,,
5.095377e+05,"Ma(d1,d2,d3,d4,d5)",5D,open,-3,-3,3,-1,-1,,
5.095377e+05,"Ma(d1,d2,d3,d4)",4D,open,-3,-3,3,-1,0,,
5.095377e+05,"Ma(d1,d2,d3,d4,d5)",5D,open,-3,-3,3,-1,1,,
5.095377e+05,"Ma(d1,d2,d3,d4,d5)",5D,open,-3,-3,3,-1,2,,
5.095377e+05,"Ma(d1,d2,d3,d4,d5)",5D,open,-3,-3,3,-1,3,,
5.095377e+05,"Ma(d1,d2,d3,d4,d5)",5D,open,-3,-3,3,1,-3,,
5.095377e+05,"Ma(d1,d2,d3,d4,d5)",5D,open,-3,-3,3,1,-2,,
5.095377e+05,"Ma(d1,d2,d3,d4,d5)",5D,open,-3,-3,3,1,-1,,
5.095377e+05,"Ma(d1,d2,d3,d4)",4D,open,-3,-3,3,1,0,,
5.095377e+05,"Ma(d1,d2,d3,d4,d5)",5D,open,-3,-3,3,1,1,,
5.095377e+05,"Ma(d1,d2,d3,d4,d5)",5D,open,-3,-3,3,1,2,,
5.095377e+05,"Ma(d1,d2,d3,d4,d5)",5D,open,-3,-3,3,1,3,,
5.095377e+05,"Ma(d1,d2,d3,d4,d5)",5D,open,-3,3,-3,-1,-3,,
5.095377e+05,"Ma(d1,d2,d3,d4,d5)",5D,open,-3,3,-3,-1,-2,,
5.095377e+05,"Ma(d1,d2,d3,d4,d5)",5D,open,-3,3,-3,-1,-1,,
5.095377e+05,"Ma(d1,d2,d3,d4)",4D,open,-3,3,-3,-1,0,,
5.095377e+05,"Ma(d1,d2,d3,d4,d5)",5D,open,-3,3,-3,-1,1,,
5.095377e+05,"Ma(d1,d2,d3,d4,d5)",5D,open,-3,3,-3,-1,2,,
5.095377e+05,"Ma(d1,d2,d3,d4,d5)",5D,open,-3,3,-3,-1,3,,
5.095377e+05,"Ma(d1,d2,d3,d4,d5)",5D,open,-3,3,-3,1,-3,,
5.095377e+05,"Ma(d1,d2,d3,d4,d5)",5D,open,-3,3,-3,1,-2,,
5.095377e+05,"Ma(d1,d2,d3,d4,d5)",5D,open,-3,3,-3,1,-1,,
5.095377e+05,"Ma(d1,d2,d3,d4)",4D,open,-3,3,-3,1,0,,
5.095377e+05,"Ma(d1,d2,d3,d4,d5)",5D,open,-3,3,-3,1,1,,
5.095377e+05,"Ma(d1,d2,d3,d4,d5)",5D,open,-3,3,-3,1,2,,
5.095377e+05,"Ma(d1,d2,d3,d4,d5)",5D,open,-3,3,-3,1,3,,
5.095377e+05,"Ma(d1,d2,d3,d4,d5)",5D,open,-3,3,3,-1,-3,,
5.095377e+05,"Ma(d1,d2,d3,d4,d5)",5D,open,-3,3,3,-1,-2,,
5.095377e+05,"Ma(d1,d2,d3,d4,d5)",5D,open,-3,3,3,-1,-1,,
5.095377e+05,"Ma(d1,d2,d3,d4)",4D,open,-3,3,3,-1,0,,
5.095377e+05,"Ma(d1,d2,d3,d4,d5)",5D,open,-3,3,3,-1,1,,
5.095377e+05,"Ma(d1,d2,d3,d4,d5)",5D,open,-3,3,3,-1,2,,
5.095377e+05,"Ma(d1,d2,d3,d4,d5)",5D,open,-3,3,3,-1,3,,
5.095377e+05,"Ma(d1,d2,d3,d4,d5)",5D,open,-3,3,3,1,-3,,
5.095377e+05,"Ma(d1,d2,d3,d4,d5)",5D,open,-3,3,3,1,-2,,
5.095377e+05,"Ma(d1,d2,d3,d4,d5)",5D,open,-3,3,3,1,-1,,
5.095377e+05,"Ma(d1,d2,d3,d4)",4D,open,-3,3,3,1,0,,
5.095377e+05,"Ma(d1,d2,d3,d4,d5)",5D,open,-3,3,3,1,1,,
5.095377e+05,"Ma(d1,d2,d3,d4,d5)",5D,open,-3,3,3,1,2,,
5.095377e+05,"Ma(d1,d2,d3,d4,d5)",5D,open,-3,3,3,1,3,,
5.095377e+05,"Ma(d1,d2,d3,d4,d5)",5D,open,3,-3,-3,-1,-3,,
5.095377e+05,"Ma(d1,d2,d3,d4,d5)",5D,open,3,-3,-3,-1,-2,,
5.095377e+05,"Ma(d1,d2,d3,d4,d5)",5D,open,3,-3,-3,-1,-1,,
5.095377e+05,"Ma(d1,d2,d3,d4)",4D,open,3,-3,-3,-1,0,,
5.095377e+05,"Ma(d1,d2,d3,d4,d5)",5D,open,3,-3,-3,-1,1,,
5.095377e+05,"Ma(d1,d2,d3,d4,d5)",5D,open,3,-3,-3,-1,2,,
5.095377e+05,"Ma(d1,d2,d3,d4,d5)",5D,open,3,-3,-3,-1,3,,
5.095377e+05,"Ma(d1,d2,d3,d4,d5)",5D,open,3,-3,-3,1,-3,,
5.095377e+05,"Ma(d1,d2,d3,d4,d5)",5D,open,3,-3,-3,1,-2,,
5.095377e+05,"Ma(d1,d2,d3,d4,d5)",5D,open,3,-3,-3,1,-1,,
5.095377e+05,"Ma(d1,d2,d3,d4)",4D,open,3,-3,-3,1,0,,
5.095377e+05,"Ma(d1,d2,d3,d4,d5)",5D,open,3,-3,-3,1,1,,
5.095377e+05,"Ma(d1,d2,d3,d4,d5)",5D,open,3,-3,-3,1,2,,
5.095377e+05,"Ma(d1,d2,d3,d4,d5)",5D,open,3,-3,-3,1,3,,
5.095377e+05,"Ma(d1,d2,d3,d4,d5)",5D,open,3,-3,3,-1,-3,,
5.095377e+05,"Ma(d1,d2,d3,d4,d5)",5D,open,3,-3,3,-1,-2,,
5.095377e+05,"Ma(d1,d2,d3,d4,d5)",5D,open,3,-3,3,-1,-1,,
5.095377e+05,"Ma(d1,d2,d3,d4)",4D,open,3,-3,3,-1,0,,
5.095377e+05,"Ma(d1,d2,d3,d4,d5)",5D,open,3,-3,3,-1,1,,
5.095377e+05,"Ma(d1,d2,d3,d4,d5)",5D,open,3,-3,3,-1,2,,
5.095377e+05,"Ma(d1,d2,d3,d4,d5)",5D,open,3,-3,3,-1,3,,
5.095377e+05,"Ma(d1,d2,d3,d4,d5)",5D,open,3,-3,3,1,-3,,
5.095377e+05,"Ma(d1,d2,d3,d4,d5)",5D,open,3,-3,3,1,-2,,
5.095377e+05,"Ma(d1,d2,d3,d4,d5)",5D,open,3,-3,3,1,-1,,
5.095377e+05,"Ma(d1,d2,d3,d4)",4D,open,3,-3,3,1,0,,
5.095377e+05,"Ma(d1,d2,d3,d4,d5)",5D,open,3,-3,3,1,1,,
5.095377e+05,"Ma(d1,d2,d3,d4,d5)",5D,open,3,-3,3,1,2,,
5.095377e+05,"Ma(d1,d2,d3,d4,d5)",5D,open,3,-3,3,1,3,,
5.095377e+05,"Ma(d1,d2,d3,d4,d5)",5D,open,3,3,-3,-1,-3,,
5.095377e+05,"Ma(d1,d2,d3,d4,d5)",5D,open,3,3,-3,-1,-2,,
5.095377e+05,"Ma(d1,d2,d3,d4,d5)",5D,open,3,3,-3,-1,-1,,
5.095377e+05,"Ma(d1,d2,d3,d4)",4D,open,3,3,-3,-1,0,,
5.095377e+05,"Ma(d1,d2,d3,d4,d5)",5D,open,3,3,-3,-1,1,,
5.095377e+05,"Ma(d1,d2,d3,d4,d5)",5D,open,3,3,-3,-1,2,,
5.095377e+05,"Ma(d1,d2,d3,d4,d5)",5D,open,3,3,-3,-1,3,,
5.095377e+05,"Ma(d1,d2,d3,d4,d5)",5D,open,3,3,-3,1,-3,,
5.095377e+05,"Ma(d1,d2,d3,d4,d5)",5D,open,3,3,-3,1,-2,,
5.095377e+05,"Ma(d1,d2,d3,d4,d5)",5D,open,3,3,-3,1,-1,,
5.095377e+05,"Ma(d1,d2,d3,d4)",4D,open,3,3,-3,1,0,,
5.095377e+05,"Ma(d1,d2,d3,d4,d5)",5D,open,3,3,-3,1,1,,
5.095377e+05,"Ma(d1,d2,d3,d4,d5)",5D,open,3,3,-3,1,2,,
5.095377e+05,"Ma(d1,d2,d3,d4,d5)",5D,open,3,3,-3,1,3,,
5.095377e+05,"Ma(d1,d2,d3,d4,d5)",5D,open,3,3,3,-1,-3,,
5.095377e+05,"Ma(d1,d2,d3,d4,d5)",5D,open,3,3,3,-1,-2,,
5.095377e+05,"Ma(d1,d2,d3,d4,d5)",5D,open,3,3,3,-1,-1,,
5.095377e+05,"Ma(d1,d2,d3,d4)",4D,open,3,3,3,-1,0,,
5.095377e+05,"Ma(d1,d2,d3,d4,d5)",5D,open,3,3,3,-1,1,,
5.095377e+05,"Ma(d1,d2,d3,d4,d5)",5D,open,3,3,3,-1,2,,
5.095377e+05,"Ma(d1,d2,d3,d4,d5)",5D,open,3,3,3,-1,3,,
5.095377e+05,"Ma(d1,d2,d3,d4,d5)",5D,open,3,3,3,1,-3,,
5.095377e+05,"Ma(d1,d2,d3,d4,d5)",5D,open,3,3,3,1,-2,,
5.095377e+05,"Ma(d1,d2,d3,d4,d5)",5D,open,3,3,3,1,-1,,
5.095377e+05,"Ma(d1,d2,d3,d4)",4D,open,3,3,3,1,0,,
5.095377e+05,"Ma(d1,d2,d3,d4,d5)",5D,open,3,3,3,1,1,,
5.095377e+05,"Ma(d1,d2,d3,d4,d5)",5D,open,3,3,3,1,2,,
5.095377e+05,"Ma(d1,d2,d3,d4,d5)",5D,open,3,3,3,1,3,,
5.095377e+05,"Ma(d1,d2,d3,d4,d5)",5D,open,-3,-3,-3,-2,-3,,
5.095377e+05,"Ma(d1,d2,d3,d4,d5)",5D,open,-3,-3,-3,-2,-2,,
5.095377e+05,"Ma(d1,d2,d3,d4,d5)",5D,open,-3,-3,-3,-2,-1,,
5.095377e+05,"Ma(d1,d2,d3,d4)",4D,open,-3,-3,-3,-2,0,,
5.095377e+05,"Ma(d1,d2,d3,d4,d5)",5D,open,-3,-3,-3,-2,1,,
5.095377e+05,"Ma(d1,d2,d3,d4,d5)",5D,open,-3,-3,-3,-2,2,,
5.095377e+05,"Ma(d1,d2,d3,d4,d5)",5D,open,-3,-3,-3,-2,3,,
5.095377e+05,"Ma(d1,d2,d3,d4,d5)",5D,open,-3,-3,-3,2,-3,,
5.095377e+05,"Ma(d1,d2,d3,d4,d5)",5D,open,-3,-3,-3,2,-2,,
5.095377e+05,"Ma(d1,d2,d3,d4,d5)",5D,open,-3,-3,-3,2,-1,,
5.095377e+05,"Ma(d1,d2,d3,d4)",4D,open,-3,-3,-3,2,0,,
5.095377e+05,"Ma(d1,d2,d3,d4,d5)",5D,open,-3,-3,-3,2,1,,
5.095377e+05,"Ma(d1,d2,d3,d4,d5)",5D,open,-3,-3,-3,2,2,,
5.095377e+05,"Ma(d1,d2,d3,d4,d5)",5D,open,-3,-3,-3,2,3,,
5.095377e+05,"Ma(d1,d2,d3,d4,d5)",5D,open,-3,-3,3,-2,-3,,
5.095377e+05,"Ma(d1,d2,d3,d4,d5)",5D,open,-3,-3,3,-2,-2,,
5.095377e+05,"Ma(d1,d2,d3,d4,d5)",5D,open,-3,-3,3,-2,-1,,
5.095377e+05,"Ma(d1,d2,d3,d4)",4D,open,-3,-3,3,-2,0,,
5.095377e+05,"Ma(d1,d2,d3,d4,d5)",5D,open,-3,-3,3,-2,1,,
5.095377e+05,"Ma(d1,d2,d3,d4,d5)",5D,open,-3,-3,3,-2,2,,
5.095377e+05,"Ma(d1,d2,d3,d4,d5)",5D,open,-3,-3,3,-2,3,,
5.095377e+05,"Ma(d1,d2,d3,d4,d5)",5D,open,-3,-3,3,2,-3,,
5.095377e+05,"Ma(d1,d2,d3,d4,d5)",5D,open,-3,-3,3,2,-2,,
5.095377e+05,"Ma(d1,d2,d3,d4,d5)",5D,open,-3,-3,3,2,-1,,
5.095377e+05,"Ma(d1,d2,d3,d4)",4D,open,-3,-3,3,2,0,,
5.095377e+05,"Ma(d1,d2,d3,d4,d5)",5D,open,-3,-3,3,2,1,,
5.095377e+05,"Ma(d1,d2,d3,d4,d5)",5D,open,-3,-3,3,2,2,,
5.095377e+05,"Ma(d1,d2,d3,d4,d5)",5D,open,-3,-3,3,2,3,,
5.095377e+05,"Ma(d1,d2,d3,d4,d5)",5D,open,-3,3,-3,-2,-3,,
5.095377e+05,"Ma(d1,d2,d3,d4,d5)",5D,open,-3,3,-3,-2,-2,,
5.095377e+05,"Ma(d1,d2,d3,d4,d5)",5D,open,-3,3,-3,-2,-1,,
5.095377e+05,"Ma(d1,d2,d3,d4)",4D,open,-3,3,-3,-2,0,,
5.095377e+05,"Ma(d1,d2,d3,d4,d5)",5D,open,-3,3,-3,-2,1,,
5.095377e+05,"Ma(d1,d2,d3,d4,d5)",5D,open,-3,3,-3,-2,2,,
5.095377e+05,"Ma(d1,d2,d3,d4,d5)",5D,open,-3,3,-3,-2,3,,
5.095377e+05,"Ma(d1,d2,d3,d4,d5)",5D,open,-3,3,-3,2,-3,,
5.095377e+05,"Ma(d1,d2,d3,d4,d5)",5D,open,-3,3,-3,2,-2,,
5.095377e+05,"Ma(d1,d2,d3,d4,d5)",5D,open,-3,3,-3,2,-1,,
5.095377e+05,"Ma(d1,d2,d3,d4)",4D,open,-3,3,-3,2,0,,
5.095377e+05,"Ma(d1,d2,d3,d4,d5)",5D,open,-3,3,-3,2,1,,
5.095377e+05,"Ma(d1,d2,d3,d4,d5)",5D,open,-3,3,-3,2,2,,
5.095377e+05,"Ma(d1,d2,d3,d4,d5)",5D,open,-3,3,-3,2,3,,
5.095377e+05,"Ma(d1,d2,d3,d4,d5)",5D,open,-3,3,3,-2,-3,,
5.095377e+05,"Ma(d1,d2,d3,d4,d5)",5D,open,-3,3,3,-2,-2,,
5.095377e+05,"Ma(d1,d2,d3,d4,d5)",5D,open,-3,3,3,-2,-1,,
5.095377e+05,"Ma(d1,d2,d3,d4)",4D,open,-3,3,3,-2,0,,
5.095377e+05,"Ma(d1,d2,d3,d4,d5)",5D,open,-3,3,3,-2,1,,
5.095377e+05,"Ma(d1,d2,d3,d4,d5)",5D,open,-3,3,3,-2,2,,
5.095377e+05,"Ma(d1,d2,d3,d4,d5)",5D,open,-3,3,3,-2,3,,
5.095377e+05,"Ma(d1,d2,d3,d4,d5)",5D,open,-3,3,3,2,-3,,
5.095377e+05,"Ma(d1,d2,d3,d4,d5)",5D,open,-3,3,3,2,-2,,
5.095377e+05,"Ma(d1,d2,d3,d4,d5)",5D,open,-3,3,3,2,-1,,
5.095377e+05,"Ma(d1,d2,d3,d4)",4D,open,-3,3,3,2,0,,
5.095377e+05,"Ma(d1,d2,d3,d4,d5)",5D,open,-3,3,3,2,1,,
5.095377e+05,"Ma(d1,d2,d3,d4,d5)",5D,open,-3,3,3,2,2,,
5.095377e+05,"Ma(d1,d2,d3,d4,d5)",5D,open,-3,3,3,2,3,,
5.095377e+05,"Ma(d1,d2,d3,d4,d5)",5D,open,3,-3,-3,-2,-3,,
5.095377e+05,"Ma(d1,d2,d3,d4,d5)",5D,open,3,-3,-3,-2,-2,,
5.095377e+05,"Ma(d1,d2,d3,d4,d5)",5D,open,3,-3,-3,-2,-1,,
5.095377e+05,"Ma(d1,d2,d3,d4)",4D,open,3,-3,-3,-2,0,,
5.095377e+05,"Ma(d1,d2,d3,d4,d5)",5D,open,3,-3,-3,-2,1,,
5.095377e+05,"Ma(d1,d2,d3,d4,d5)",5D,open,3,-3,-3,-2,2,,
5.095377e+05,"Ma(d1,d2,d3,d4,d5)",5D,open,3,-3,-3,-2,3,,
5.095377e+05,"Ma(d1,d2,d3,d4,d5)",5D,open,3,-3,-3,2,-3,,
5.095377e+05,"Ma(d1,d2,d3,d4,d5)",5D,open,3,-3,-3,2,-2,,
5.095377e+05,"Ma(d1,d2,d3,d4,d5)",5D,open,3,-3,-3,2,-1,,
5.095377e+05,"Ma(d1,d2,d3,d4)",4D,open,3,-3,-3,2,0,,
5.095377e+05,"Ma(d1,d2,d3,d4,d5)",5D,open,3,-3,-3,2,1,,
5.095377e+05,"Ma(d1,d2,d3,d4,d5)",5D,open,3,-3,-3,2,2,,
5.095377e+05,"Ma(d1,d2,d3,d4,d5)",5D,open,3,-3,-3,2,3,,
5.095377e+05,"Ma(d1,d2,d3,d4,d5)",5D,open,3,-3,3,-2,-3,,
5.095377e+05,"Ma(d1,d2,d3,d4,d5)",5D,open,3,-3,3,-2,-2,,
5.095377e+05,"Ma(d1,d2,d3,d4,d5)",5D,open,3,-3,3,-2,-1,,
5.095377e+05,"Ma(d1,d2,d3,d4)",4D,open,3,-3,3,-2,0,,
5.095377e+05,"Ma(d1,d2,d3,d4,d5)",5D,open,3,-3,3,-2,1,,
5.095377e+05,"Ma(d1,d2,d3,d4,d5)",5D,open,3,-3,3,-2,2,,
5.095377e+05,"Ma(d1,d2,d3,d4,d5)",5D,open,3,-3,3,-2,3,,
5.095377e+05,"Ma(d1,d2,d3,d4,d5)",5D,open,3,-3,3,2,-3,,
5.095377e+05,"Ma(d1,d2,d3,d4,d5)",5D,open,3,-3,3,2,-2,,
5.095377e+05,"Ma(d1,d2,d3,d4,d5)",5D,open,3,-3,3,2,-1,,
5.095377e+05,"Ma(d1,d2,d3,d4)",4D,open,3,-3,3,2,0,,
5.095377e+05,"Ma(d1,d2,d3,d4,d5)",5D,open,3,-3,3,2,1,,
5.095377e+05,"Ma(d1,d2,d3,d4,d5)",5D,open,3,-3,3,2,2,,
5.095377e+05,"Ma(d1,d2,d3,d4,d5)",5D,open,3,-3,3,2,3,,
5.095377e+05,"Ma(d1,d2,d3,d4,d5)",5D,open,3,3,-3,-2,-3,,
5.095377e+05,"Ma(d1,d2,d3,d4,d5)",5D,open,3,3,-3,-2,-2,,
5.095377e+05,"Ma(d1,d2,d3,d4,d5)",5D,open,3,3,-3,-2,-1,,
5.095377e+05,"Ma(d1,d2,d3,d4)",4D,open,3,3,-3,-2,0,,
5.095377e+05,"Ma(d1,d2,d3,d4,d5)",5D,open,3,3,-3,-2,1,,
5.095377e+05,"Ma(d1,d2,d3,d4,d5)",5D,open,3,3,-3,-2,2,,
5.095377e+05,"Ma(d1,d2,d3,d4,d5)",5D,open,3,3,-3,-2,3,,
5.095377e+05,"Ma(d1,d2,d3,d4,d5)",5D,open,3,3,-3,2,-3,,
5.095377e+05,"Ma(d1,d2,d3,d4,d5)",5D,open,3,3,-3,2,-2,,
5.095377e+05,"Ma(d1,d2,d3,d4,d5)",5D,open,3,3,-3,2,-1,,
5.095377e+05,"Ma(d1,d2,d3,d4)",4D,open,3,3,-3,2,0,,
5.095377e+05,"Ma(d1,d2,d3,d4,d5)",5D,open,3,3,-3,2,1,,
5.095377e+05,"Ma(d1,d2,d3,d4,d5)",5D,open,3,3,-3,2,2,,
5.095377e+05,"Ma(d1,d2,d3,d4,d5)",5D,open,3,3,-3,2,3,,
5.095377e+05,"Ma(d1,d2,d3,d4,d5)",5D,open,3,3,3,-2,-3,,
5.095377e+05,"Ma(d1,d2,d3,d4,d5)",5D,open,3,3,3,-2,-2,,
5.095377e+05,"Ma(d1,d2,d3,d4,d5)",5D,open,3,3,3,-2,-1,,
5.095377e+05,"Ma(d1,d2,d3,d4)",4D,open,3,3,3,-2,0,,
5.095377e+05,"Ma(d1,d2,d3,d4,d5)",5D,open,3,3,3,-2,1,,
5.095377e+05,"Ma(d1,d2,d3,d4,d5)",5D,open,3,3,3,-2,2,,
5.095377e+05,"Ma(d1,d2,d3,d4,d5)",5D,open,3,3,3,-2,3,,
5.095377e+05,"Ma(d1,d2,d3,d4,d5)",5D,open,3,3,3,2,-3,,
5.095377e+05,"Ma(d1,d2,d3,d4,d5)",5D,open,3,3,3,2,-2,,
5.095377e+05,"Ma(d1,d2,d3,d4,d5)",5D,open,3,3,3,2,-1,,
5.095377e+05,"Ma(d1,d2,d3,d4)",4D,open,3,3,3,2,0,,
5.095377e+05,"Ma(d1,d2,d3,d4,d5)",5D,open,3,3,3,2,1,,
5.095377e+05,"Ma(d1,d2,d3,d4,d5)",5D,open,3,3,3,2,2,,
5.095377e+05,"Ma(d1,d2,d3,d4,d5)",5D,open,3,3,3,2,3,,
5.095377e+05,"Ma(d1,d2,d3,d4,d5)",5D,open,-3,-3,-3,-3,-3,,
5.095377e+05,"Ma(d1,d2,d3,d4,d5)",5D,open,-3,-3,-3,-3,-2,,
5.095377e+05,"Ma(d1,d2,d3,d4,d5)",5D,open,-3,-3,-3,-3,-1,,
5.095377e+05,"Ma(d1,d2,d3,d4)",4D,open,-3,-3,-3,-3,0,,
5.095377e+05,"Ma(d1,d2,d3,d4,d5)",5D,open,-3,-3,-3,-3,1,,
5.095377e+05,"Ma(d1,d2,d3,d4,d5)",5D,open,-3,-3,-3,-3,2,,
5.095377e+05,"Ma(d1,d2,d3,d4,d5)",5D,open,-3,-3,-3,-3,3,,
5.095377e+05,"Ma(d1,d2,d3,d4,d5)",5D,open,-3,-3,-3,3,-3,,
5.095377e+05,"Ma(d1,d2,d3,d4,d5)",5D,open,-3,-3,-3,3,-2,,
5.095377e+05,"Ma(d1,d2,d3,d4,d5)",5D,open,-3,-3,-3,3,-1,,
5.095377e+05,"Ma(d1,d2,d3,d4)",4D,open,-3,-3,-3,3,0,,
5.095377e+05,"Ma(d1,d2,d3,d4,d5)",5D,open,-3,-3,-3,3,1,,
5.095377e+05,"Ma(d1,d2,d3,d4,d5)",5D,open,-3,-3,-3,3,2,,
5.095377e+05,"Ma(d1,d2,d3,d4,d5)",5D,open,-3,-3,-3,3,3,,
5.095377e+05,"Ma(d1,d2,d3,d4,d5)",5D,open,-3,-3,3,-3,-3,,
5.095377e+05,"Ma(d1,d2,d3,d4,d5)",5D,open,-3,-3,3,-3,-2,,
5.095377e+05,"Ma(d1,d2,d3,d4,d5)",5D,open,-3,-3,3,-3,-1,,
5.095377e+05,"Ma(d1,d2,d3,d4)",4D,open,-3,-3,3,-3,0,,
5.095377e+05,"Ma(d1,d2,d3,d4,d5)",5D,open,-3,-3,3,-3,1,,
5.095377e+05,"Ma(d1,d2,d3,d4,d5)",5D,open,-3,-3,3,-3,2,,
5.095377e+05,"Ma(d1,d2,d3,d4,d5)",5D,open,-3,-3,3,-3,3,,
5.095377e+05,"Ma(d1,d2,d3,d4,d5)",5D,open,-3,-3,3,3,-3,,
5.095377e+05,"Ma(d1,d2,d3,d4,d5)",5D,open,-3,-3,3,3,-2,,
5.095377e+05,"Ma(d1,d2,d3,d4,d5)",5D,open,-3,-3,3,3,-1,,
5.095377e+05,"Ma(d1,d2,d3,d4)",4D,open,-3,-3,3,3,0,,
5.095377e+05,"Ma(d1,d2,d3,d4,d5)",5D,open,-3,-3,3,3,1,,
5.095377e+05,"Ma(d1,d2,d3,d4,d5)",5D,open,-3,-3,3,3,2,,
5.095377e+05,"Ma(d1,d2,d3,d4,d5)",5D,open,-3,-3,3,3,3,,
5.095377e+05,"Ma(d1,d2,d3,d4,d5)",5D,open,-3,3,-3,-3,-3,,
5.095377e+05,"Ma(d1,d2,d3,d4,d5)",5D,open,-3,3,-3,-3,-2,,
5.095377e+05,"Ma(d1,d2,d3,d4,d5)",5D,open,-3,3,-3,-3,-1,,
5.095377e+05,"Ma(d1,d2,d3,d4)",4D,open,-3,3,-3,-3,0,,
5.095377e+05,"Ma(d1,d2,d3,d4,d5)",5D,open,-3,3,-3,-3,1,,
5.095377e+05,"Ma(d1,d2,d3,d4,d5)",5D,open,-3,3,-3,-3,2,,
5.095377e+05,"Ma(d1,d2,d3,d4,d5)",5D,open,-3,3,-3,-3,3,,
5.095377e+05,"Ma(d1,d2,d3,d4,d5)",5D,open,-3,3,-3,3,-3,,
5.095377e+05,"Ma(d1,d2,d3,d4,d5)",5D,open,-3,3,-3,3,-2,,
5.095377e+05,"Ma(d1,d2,d3,d4,d5)",5D,open,-3,3,-3,3,-1,,
5.095377e+05,"Ma(d1,d2,d3,d4)",4D,open,-3,3,-3,3,0,,
5.095377e+05,"Ma(d1,d2,d3,d4,d5)",5D,open,-3,3,-3,3,1,,
5.095377e+05,"Ma(d1,d2,d3,d4,d5)",5D,open,-3,3,-3,3,2,,
5.095377e+05,"Ma(d1,d2,d3,d4,d5)",5D,open,-3,3,-3,3,3,,
5.095377e+05,"Ma(d1,d2,d3,d4,d5)",5D,open,-3,3,3,-3,-3,,
5.095377e+05,"Ma(d1,d2,d3,d4,d5)",5D,open,-3,3,3,-3,-2,,
5.095377e+05,"Ma(d1,d2,d3,d4,d5)",5D,open,-3,3,3,-3,-1,,
5.095377e+05,"Ma(d1,d2,d3,d4)",4D,open,-3,3,3,-3,0,,
5.095377e+05,"Ma(d1,d2,d3,d4,d5)",5D,open,-3,3,3,-3,1,,
5.095377e+05,"Ma(d1,d2,d3,d4,d5)",5D,open,-3,3,3,-3,2,,
5.095377e+05,"Ma(d1,d2,d3,d4,d5)",5D,open,-3,3,3,-3,3,,
5.095377e+05,"Ma(d1,d2,d3,d4,d5)",5D,open,-3,3,3,3,-3,,
5.095377e+05,"Ma(d1,d2,d3,d4,d5)",5D,open,-3,3,3,3,-2,,
5.095377e+05,"Ma(d1,d2,d3,d4,d5)",5D,open,-3,3,3,3,-1,,
5.095377e+05,"Ma(d1,d2,d3,d4)",4D,open,-3,3,3,3,0,,
5.095377e+05,"Ma(d1,d2,d3,d4,d5)",5D,open,-3,3,3,3,1,,
5.095377e+05,"Ma(d1,d2,d3,d4,d5)",5D,open,-3,3,3,3,2,,
5.095377e+05,"Ma(d1,d2,d3,d4,d5)",5D,open,-3,3,3,3,3,,
5.095377e+05,"Ma(d1,d2,d3,d4,d5)",5D,open,3,-3,-3,-3,-3,,
5.095377e+05,"Ma(d1,d2,d3,d4,d5)",5D,open,3,-3,-3,-3,-2,,
5.095377e+05,"Ma(d1,d2,d3,d4,d5)",5D,open,3,-3,-3,-3,-1,,
5.095377e+05,"Ma(d1,d2,d3,d4)",4D,open,3,-3,-3,-3,0,,
5.095377e+05,"Ma(d1,d2,d3,d4,d5)",5D,open,3,-3,-3,-3,1,,
5.095377e+05,"Ma(d1,d2,d3,d4,d5)",5D,open,3,-3,-3,-3,2,,
5.095377e+05,"Ma(d1,d2,d3,d4,d5)",5D,open,3,-3,-3,-3,3,,
5.095377e+05,"Ma(d1,d2,d3,d4,d5)",5D,open,3,-3,-3,3,-3,,
5.095377e+05,"Ma(d1,d2,d3,d4,d5)",5D,open,3,-3,-3,3,-2,,
5.095377e+05,"Ma(d1,d2,d3,d4,d5)",5D,open,3,-3,-3,3,-1,,
5.095377e+05,"Ma(d1,d2,d3,d4)",4D,open,3,-3,-3,3,0,,
5.095377e+05,"Ma(d1,d2,d3,d4,d5)",5D,open,3,-3,-3,3,1,,
5.095377e+05,"Ma(d1,d2,d3,d4,d5)",5D,open,3,-3,-3,3,2,,
5.095377e+05,"Ma(d1,d2,d3,d4,d5)",5D,open,3,-3,-3,3,3,,
5.095377e+05,"Ma(d1,d2,d3,d4,d5)",5D,open,3,-3,3,-3,-3,,
5.095377e+05,"Ma(d1,d2,d3,d4,d5)",5D,open,3,-3,3,-3,-2,,
5.095377e+05,"Ma(d1,d2,d3,d4,d5)",5D,open,3,-3,3,-3,-1,,
5.095377e+05,"Ma(d1,d2,d3,d4)",4D,open,3,-3,3,-3,0,,
5.095377e+05,"Ma(d1,d2,d3,d4,d5)",5D,open,3,-3,3,-3,1,,
5.095377e+05,"Ma(d1,d2,d3,d4,d5)",5D,open,3,-3,3,-3,2,,
5.095377e+05,"Ma(d1,d2,d3,d4,d5)",5D,open,3,-3,3,-3,3,,
5.095377e+05,"Ma(d1,d2,d3,d4,d5)",5D,open,3,-3,3,3,-3,,
5.095377e+05,"Ma(d1,d2,d3,d4,d5)",5D,open,3,-3,3,3,-2,,
5.095377e+05,"Ma(d1,d2,d3,d4,d5)",5D,open,3,-3,3,3,-1,,
5.095377e+05,"Ma(d1,d2,d3,d4)",4D,open,3,-3,3,3,0,,
5.095377e+05,"Ma(d1,d2,d3,d4,d5)",5D,open,3,-3,3,3,1,,
5.095377e+05,"Ma(d1,d2,d3,d4,d5)",5D,open,3,-3,3,3,2,,
5.095377e+05,"Ma(d1,d2,d3,d4,d5)",5D,open,3,-3,3,3,3,,
5.095377e+05,"Ma(d1,d2,d3,d4,d5)",5D,open,3,3,-3,-3,-3,,
5.095377e+05,"Ma(d1,d2,d3,d4,d5)",5D,open,3,3,-3,-3,-2,,
5.095377e+05,"Ma(d1,d2,d3,d4,d5)",5D,open,3,3,-3,-3,-1,,
5.095377e+05,"Ma(d1,d2,d3,d4)",4D,open,3,3,-3,-3,0,,
5.095377e+05,"Ma(d1,d2,d3,d4,d5)",5D,open,3,3,-3,-3,1,,
5.095377e+05,"Ma(d1,d2,d3,d4,d5)",5D,open,3,3,-3,-3,2,,
5.095377e+05,"Ma(d1,d2,d3,d4,d5)",5D,open,3,3,-3,-3,3,,
5.095377e+05,"Ma(d1,d2,d3,d4,d5)",5D,open,3,3,-3,3,-3,,
5.095377e+05,"Ma(d1,d2,d3,d4,d5)",5D,open,3,3,-3,3,-2,,
5.095377e+05,"Ma(d1,d2,d3,d4,d5)",5D,open,3,3,-3,3,-1,,
5.095377e+05,"Ma(d1,d2,d3,d4)",4D,open,3,3,-3,3,0,,
5.095377e+05,"Ma(d1,d2,d3,d4,d5)",5D,open,3,3,-3,3,1,,
5.095377e+05,"Ma(d1,d2,d3,d4,d5)",5D,open,3,3,-3,3,2,,
5.095377e+05,"Ma(d1,d2,d3,d4,d5)",5D,open,3,3,-3,3,3,,
5.095377e+05,"Ma(d1,d2,d3,d4,d5)",5D,open,3,3,3,-3,-3,,
5.095377e+05,"Ma(d1,d2,d3,d4,d5)",5D,open,3,3,3,-3,-2,,
5.095377e+05,"Ma(d1,d2,d3,d4,d5)",5D,open,3,3,3,-3,-1,,
5.095377e+05,"Ma(d1,d2,d3,d4)",4D,open,3,3,3,-3,0,,
5.095377e+05,"Ma(d1,d2,d3,d4,d5)",5D,open,3,3,3,-3,1,,
5.095377e+05,"Ma(d1,d2,d3,d4,d5)",5D,open,3,3,3,-3,2,,
5.095377e+05,"Ma(d1,d2,d3,d4,d5)",5D,open,3,3,3,-3,3,,
5.095377e+05,"Ma(d1,d2,d3,d4,d5)",5D,open,3,3,3,3,-3,,
5.095377e+05,"Ma(d1,d2,d3,d4,d5)",5D,open,3,3,3,3,-2,,
5.095377e+05,"Ma(d1,d2,d3,d4,d5)",5D,open,3,3,3,3,-1,,
5.095377e+05,"Ma(d1,d2,d3,d4)",4D,open,3,3,3,3,0,,
5.095377e+05,"Ma(d1,d2,d3,d4,d5)",5D,open,3,3,3,3,1,,
5.095377e+05,"Ma(d1,d2,d3,d4,d5)",5D,open,3,3,3,3,2,,
5.095377e+05,"Ma(d1,d2,d3,d4,d5)",5D,open,3,3,3,3,3,,
5.095379e+05,"Ma(d1,d2)",2D,closed,-3,-3,0,0,0,d1,2.0075
5.095379e+05,"Ma(d1,d2)",2D,closed,3,3,0,0,0,d1,2.0075
5.096469e+05,"Ma(d1,d2)",2D,closed,-3,3,0,0,0,d1,2.0075
5.096469e+05,"Ma(d1,d2)",2D,closed,3,-3,0,0,0,d1,2.0075
5.107994e+05,"Ma(d1,d2)",2D,closed,-1,1,0,0,0,d2,2.0075
5.107994e+05,"Ma(d1,d2)",2D,closed,1,-1,0,0,0,d2,2.0075
5.133590e+05,"Ma(d1,d2)",2D,closed,-3,-3,0,0,0,d2,2.0075
5.133590e+05,"Ma(d1,d2)",2D,closed,3,3,0,0,0,d2,2.0075
6.753572e+05,"Ma(d1,d3)",2D,closed,-2,0,1,0,0,d3,1.9764
6.753572e+05,"Ma(d1,d3)",2D,closed,2,0,-1,0,0,d3,1.9764
6.792595e+05,"Ma(d1,d4)",2D,closed,-2,0,0,1,0,d4,1.9994
6.792595e+05,"Ma(d1,d4)",2D,closed,2,0,0,-1,0,d4,1.9994
6.793655e+05,"Ma(d1,d5)",2D,closed,-2,0,0,0,1,d5,2.0000
6.793655e+05,"Ma(d1,d5)",2D,closed,2,0,0,0,-1,d5,2.0000
6.806404e+05,"Ma(d1,d2)",2D,closed,-2,1,0,0,0,d2,2.0075
6.806404e+05,"Ma(d1,d2)",2D,closed,2,-1,0,0,0,d2,2.0075
8.451986e+05,"Ma(d1,d3)",2D,closed,-3,0,1,0,0,d3,1.9764
8.451986e+05,"Ma(d1,d3)",2D,closed,3,0,-1,0,0,d3,1.9764
8.491009e+05,"Ma(d1,d4)",2D,closed,-3,0,0,1,0,d4,1.9994
8.491009e+05,"Ma(d1,d4)",2D,closed,3,0,0,-1,0,d4,1.9994
8.492068e+05,"Ma(d1,d5)",2D,closed,-3,0,0,0,1,d5,2.0000
8.492068e+05,"Ma(d1,d5)",2D,closed,3,0,0,0,-1,d5,2.0000
8.504816e+05,"Ma(d1,d2)",2D,closed,-3,1,0,0,0,d2,2.0075
8.504816e+05,"Ma(d1,d2)",2D,closed,3,-1,0,0,0,d2,2.0075
1.011032e+06,"Ma(d1,d3)",2D,closed,-2,0,2,0,0,d3,1.9764
1.011032e+06,"Ma(d1,d3)",2D,closed,2,0,-2,0,0,d3,1.9764
1.018836e+06,"Ma(d1,d4)",2D,closed,-2,0,0,2,0,d4,1.9994
1.018836e+06,"Ma(d1,d4)",2D,closed,2,0,0,-2,0,d4,1.9994
1.019048e+06,"Ma(d1,d5)",2D,closed,-2,0,0,0,2,d5,2.0000
1.019048e+06,"Ma(d1,d5)",2D,closed,2,0,0,0,-2,d5,2.0000
1.021599e+06,"Ma(d1,d2)",2D,closed,-2,2,0,0,0,d2,2.0075
1.021599e+06,"Ma(d1,d2)",2D,closed,2,-2,0,0,0,d2,2.0075
1.516548e+06,"Ma(d1,d3)",2D,closed,-3,0,3,0,0,d3,1.9764
1.516548e+06,"Ma(d1,d3)",2D,closed,3,0,-3,0,0,d3,1.9764
1.528254e+06,"Ma(d1,d4)",2D,closed,-3,0,0,3,0,d4,1.9994
1.528254e+06,"Ma(d1,d4)",2D,closed,3,0,0,-3,0,d4,1.9994
1.528572e+06,"Ma(d1,d5)",2D,closed,-3,0,0,0,3,d5,2.0000
1.528572e+06,"Ma(d1,d5)",2D,closed,3,0,0,0,-3,d5,2.0000
1.532398e+06,"Ma(d1,d2)",2D,closed,-3,3,0,0,0,d2,2.0075
1.532398e+06,"Ma(d1,d2)",2D,closed,3,-3,0,0,0,d2,2.0075
